id,product_id,image_url
1,1,https://cdn2.cellphones.com.vn/media/catalog/product/h/o/honor-x8d-2_2.jpg
2,1,https://cdn2.cellphones.com.vn/x/media/catalog/product/d/i/dien-thoai-honor-x8d_1_1.jpg
3,1,https://cdn2.cellphones.com.vn/x/media/catalog/product/d/i/dien-thoai-honor-x8d-1_1_1.jpg
4,1,https://cdn2.cellphones.com.vn/x/media/catalog/product/d/i/dien-thoai-honor-x8d-2_1_1.jpg
5,1,https://cdn2.cellphones.com.vn/x/media/catalog/product/d/i/dien-thoai-honor-x8d-3_1_1.jpg
6,1,https://cdn2.cellphones.com.vn/x/media/catalog/product/d/i/dien-thoai-honor-x8d-4_1.jpg
7,1,https://cdn2.cellphones.com.vn/x/media/catalog/product/h/o/honor-x8d-2_2.jpg
8,1,https://cdn2.cellphones.com.vn/x/media/catalog/product/h/o/honor-x8d-5_1.jpg
9,1,https://cdn2.cellphones.com.vn/x/media/catalog/product/h/o/honor-x8d-3_1.jpg
10,1,https://cdn2.cellphones.com.vn/x/media/catalog/product/h/o/honor-x8d-6_1.jpg
11,1,https://cdn2.cellphones.com.vn/x/media/catalog/product/h/o/honor-x8d-1_2.jpg
12,1,https://cdn2.cellphones.com.vn/x/media/catalog/product/h/o/honor-x8d-8_1.jpg
13,1,https://cdn2.cellphones.com.vn/x/media/catalog/product/h/o/honor-x8d-9_1.jpg
14,1,https://cdn2.cellphones.com.vn/x/media/catalog/product/h/o/honor-x8d-10_1.jpg
15,1,https://cdn2.cellphones.com.vn/x/media/catalog/product/h/o/honor-x8d-7_1.jpg
16,1,https://cdn2.cellphones.com.vn/x/media/catalog/product/h/o/honor-x8d-11_1.jpg
17,1,https://cdn2.cellphones.com.vn/x/media/catalog/product/h/o/honor-x8d_2.jpg
18,1,https://cdn2.cellphones.com.vn/x/media/catalog/product/h/o/honor-x8d-12_1.jpg
19,1,https://cdn2.cellphones.com.vn/x/media/catalog/product/h/o/honor-x8d-13_1.jpg
20,1,https://cdn2.cellphones.com.vn/x/media/catalog/product/h/o/honor-x8d-14_1.jpg
21,1,https://cellphones.com.vn/media/catalog/product/d/i/dien-thoai-honor-x8d-cu-da-kich-hoat.jpg
22,1,https://cellphones.com.vn/media/catalog/product/h/o/honor-x8d-2_2.jpg
23,1,https://cellphones.com.vn/media/catalog/product/d/i/dien-thoai-honor-x8d_1_1.jpg
24,1,https://cellphones.com.vn/media/catalog/product/d/i/dien-thoai-honor-x8d-1_1_1.jpg
25,1,https://cellphones.com.vn/media/catalog/product/d/i/dien-thoai-honor-x8d-2_1_1.jpg
26,1,https://cellphones.com.vn/media/catalog/product/d/i/dien-thoai-honor-x8d-3_1_1.jpg
27,1,https://cellphones.com.vn/media/catalog/product/d/i/dien-thoai-honor-x8d-4_1.jpg
28,1,https://cellphones.com.vn/media/catalog/product/h/o/honor-x8d-5_1.jpg
29,1,https://cellphones.com.vn/media/catalog/product/h/o/honor-x8d-3_1.jpg
30,1,https://cellphones.com.vn/media/catalog/product/h/o/honor-x8d-6_1.jpg
31,1,https://cellphones.com.vn/media/catalog/product/h/o/honor-x8d-1_2.jpg
32,1,https://cellphones.com.vn/media/catalog/product/h/o/honor-x8d-8_1.jpg
33,1,https://cellphones.com.vn/media/catalog/product/h/o/honor-x8d-9_1.jpg
34,1,https://cellphones.com.vn/media/catalog/product/h/o/honor-x8d-10_1.jpg
35,1,https://cellphones.com.vn/media/catalog/product/h/o/honor-x8d-7_1.jpg
36,1,https://cellphones.com.vn/media/catalog/product/h/o/honor-x8d-11_1.jpg
37,1,https://cellphones.com.vn/media/catalog/product/h/o/honor-x8d_2.jpg
38,1,https://cellphones.com.vn/media/catalog/product/h/o/honor-x8d-12_1.jpg
39,1,https://cellphones.com.vn/media/catalog/product/h/o/honor-x8d-13_1.jpg
40,1,https://cellphones.com.vn/media/catalog/product/h/o/honor-x8d-14_1.jpg
41,2,https://cdn2.cellphones.com.vn/media/catalog/product/x/i/xiaomi-poco-x8-pro-max_2_1.jpg
42,2,https://cdn2.cellphones.com.vn/x/media/catalog/product/d/i/dien-thoai-xiaomi-poco-x8-pro-max_2.jpg
43,2,https://cdn2.cellphones.com.vn/x/media/catalog/product/d/i/dien-thoai-xiaomi-poco-x8-pro-max-1_2.jpg
44,2,https://cdn2.cellphones.com.vn/x/media/catalog/product/d/i/dien-thoai-xiaomi-poco-x8-pro-max-2_2.jpg
45,2,https://cdn2.cellphones.com.vn/x/media/catalog/product/d/i/dien-thoai-xiaomi-poco-x8-pro-max-3_2.jpg
46,2,https://cdn2.cellphones.com.vn/x/media/catalog/product/d/i/dien-thoai-xiaomi-poco-x8-pro-max-4_2.jpg
47,2,https://cdn2.cellphones.com.vn/x/media/catalog/product/x/i/xiaomi-poco-x8-pro-max_2_1.jpg
48,2,https://cdn2.cellphones.com.vn/x/media/catalog/product/x/i/xiaomi-poco-x8-pro-max-1_3.jpg
49,2,https://cdn2.cellphones.com.vn/x/media/catalog/product/x/i/xiaomi-poco-x8-pro-max-4_2.jpg
50,2,https://cdn2.cellphones.com.vn/x/media/catalog/product/x/i/xiaomi-poco-x8-pro-max-5_2.jpg
51,2,https://cdn2.cellphones.com.vn/x/media/catalog/product/x/i/xiaomi-poco-x8-pro-max-2_2.jpg
52,2,https://cdn2.cellphones.com.vn/x/media/catalog/product/x/i/xiaomi-poco-x8-pro-max-3_2.jpg
53,2,https://cellphones.com.vn/media/catalog/product/d/i/dien-thoai-xiaomi-poco-x8-pro-max-cu-da-kich-hoat.jpg
54,2,https://cellphones.com.vn/media/catalog/product/x/i/xiaomi-poco-x8-pro-max_2_1.jpg
55,2,https://cellphones.com.vn/media/catalog/product/d/i/dien-thoai-xiaomi-poco-x8-pro-max_2.jpg
56,2,https://cellphones.com.vn/media/catalog/product/d/i/dien-thoai-xiaomi-poco-x8-pro-max-1_2.jpg
57,2,https://cellphones.com.vn/media/catalog/product/d/i/dien-thoai-xiaomi-poco-x8-pro-max-2_2.jpg
58,2,https://cellphones.com.vn/media/catalog/product/d/i/dien-thoai-xiaomi-poco-x8-pro-max-3_2.jpg
59,2,https://cellphones.com.vn/media/catalog/product/d/i/dien-thoai-xiaomi-poco-x8-pro-max-4_2.jpg
60,2,https://cellphones.com.vn/media/catalog/product/x/i/xiaomi-poco-x8-pro-max-1_3.jpg
61,2,https://cellphones.com.vn/media/catalog/product/x/i/xiaomi-poco-x8-pro-max-4_2.jpg
62,2,https://cellphones.com.vn/media/catalog/product/x/i/xiaomi-poco-x8-pro-max-5_2.jpg
63,2,https://cellphones.com.vn/media/catalog/product/x/i/xiaomi-poco-x8-pro-max-2_2.jpg
64,2,https://cellphones.com.vn/media/catalog/product/x/i/xiaomi-poco-x8-pro-max-3_2.jpg
65,3,https://cdn2.cellphones.com.vn/media/catalog/product/g/i/gia-do-tan-nhiet-ipad-dien-thoai-rain-design-mstand_1_.png
66,3,https://cdn2.cellphones.com.vn/x/media/catalog/product/g/i/gia-do-tan-nhiet-ipad-dien-thoai-rain-design-mstand_2_.png
67,3,https://cdn2.cellphones.com.vn/x/media/catalog/product/g/i/gia-do-tan-nhiet-ipad-dien-thoai-rain-design-mstand_3_.png
68,3,https://cellphones.com.vn/media/catalog/product/g/i/gia-do-tan-nhiet-ipad-dien-thoai-rain-design-mstand_2__1.png
69,3,https://cellphones.com.vn/media/catalog/product/g/i/gia-do-tan-nhiet-ipad-dien-thoai-rain-design-mstand_1_.png
70,3,https://cellphones.com.vn/media/catalog/product/g/i/gia-do-tan-nhiet-ipad-dien-thoai-rain-design-mstand_2_.png
71,3,https://cellphones.com.vn/media/catalog/product/g/i/gia-do-tan-nhiet-ipad-dien-thoai-rain-design-mstand_3_.png
72,4,https://cdn2.cellphones.com.vn/media/catalog/product/g/i/gia-do-tan-nhiet-laptop-macbook-rain-design-mbar-pro-foldable-space_1_.png
73,4,https://cdn2.cellphones.com.vn/x/media/catalog/product/g/i/gia-do-tan-nhiet-laptop-macbook-rain-design-mbar-pro-foldable-space_2_.png
74,4,https://cdn2.cellphones.com.vn/x/media/catalog/product/g/i/gia-do-tan-nhiet-laptop-macbook-rain-design-mbar-pro-foldable-space_6_.png
75,4,https://cdn2.cellphones.com.vn/x/media/catalog/product/g/i/gia-do-tan-nhiet-laptop-macbook-rain-design-mbar-pro-foldable-space_5_.png
76,4,https://cdn2.cellphones.com.vn/x/media/catalog/product/g/i/gia-do-tan-nhiet-laptop-macbook-rain-design-mbar-pro-foldable-space_3_.png
77,4,https://cdn2.cellphones.com.vn/x/media/catalog/product/g/i/gia-do-tan-nhiet-laptop-macbook-rain-design-mbar-pro-foldable-space_4_.png
78,4,https://cdn2.cellphones.com.vn/x/media/catalog/product/g/i/gia-do-tan-nhiet-laptop-macbook-rain-design-mbar-pro-foldable-space_7_.png
79,4,https://cellphones.com.vn/media/catalog/product/g/i/gia-do-tan-nhiet-laptop-macbook-rain-design-mbar-pro-foldable-space_2__1.png
80,4,https://cellphones.com.vn/media/catalog/product/g/i/gia-do-tan-nhiet-laptop-macbook-rain-design-mbar-pro-foldable-space_1_.png
81,4,https://cellphones.com.vn/media/catalog/product/g/i/gia-do-tan-nhiet-laptop-macbook-rain-design-mbar-pro-foldable-space_2_.png
82,4,https://cellphones.com.vn/media/catalog/product/g/i/gia-do-tan-nhiet-laptop-macbook-rain-design-mbar-pro-foldable-space_6_.png
83,4,https://cellphones.com.vn/media/catalog/product/g/i/gia-do-tan-nhiet-laptop-macbook-rain-design-mbar-pro-foldable-space_5_.png
84,4,https://cellphones.com.vn/media/catalog/product/g/i/gia-do-tan-nhiet-laptop-macbook-rain-design-mbar-pro-foldable-space_3_.png
85,4,https://cellphones.com.vn/media/catalog/product/g/i/gia-do-tan-nhiet-laptop-macbook-rain-design-mbar-pro-foldable-space_4_.png
86,4,https://cellphones.com.vn/media/catalog/product/g/i/gia-do-tan-nhiet-laptop-macbook-rain-design-mbar-pro-foldable-space_7_.png
87,5,https://cdn2.cellphones.com.vn/media/catalog/product/g/i/gia-do-tan-nhiet-laptop-macbook-rain-design-mbar-space-grace_1_.png
88,5,https://cdn2.cellphones.com.vn/x/media/catalog/product/g/i/gia-do-tan-nhiet-laptop-macbook-rain-design-mbar-space-grace_2_.png
89,5,https://cdn2.cellphones.com.vn/x/media/catalog/product/g/i/gia-do-tan-nhiet-laptop-macbook-rain-design-mbar-space-grace_3_.png
90,5,https://cdn2.cellphones.com.vn/x/media/catalog/product/g/i/gia-do-tan-nhiet-laptop-macbook-rain-design-mbar-space-grace_4_.png
91,5,https://cellphones.com.vn/media/catalog/product/g/i/gia-do-tan-nhiet-laptop-macbook-rain-design-mbar-space-grace_2__1.png
92,5,https://cellphones.com.vn/media/catalog/product/g/i/gia-do-tan-nhiet-laptop-macbook-rain-design-mbar-space-grace_1_.png
93,5,https://cellphones.com.vn/media/catalog/product/g/i/gia-do-tan-nhiet-laptop-macbook-rain-design-mbar-space-grace_2_.png
94,5,https://cellphones.com.vn/media/catalog/product/g/i/gia-do-tan-nhiet-laptop-macbook-rain-design-mbar-space-grace_3_.png
95,5,https://cellphones.com.vn/media/catalog/product/g/i/gia-do-tan-nhiet-laptop-macbook-rain-design-mbar-space-grace_4_.png
96,6,https://cdn2.cellphones.com.vn/media/catalog/product/l/a/laptop-acer-aspire-lite-15-al15-51m-55nb-nxkrssv001_2_.png
97,6,https://cdn2.cellphones.com.vn/x/media/catalog/product/l/a/laptop-acer-aspire-lite-15-al15-51m-55nb-nxkrssv001_2_.png
98,6,https://cdn2.cellphones.com.vn/x/media/catalog/product/l/a/laptop-acer-aspire-lite-15-al15-51m-55nb-nxkrssv001.png
99,6,https://cdn2.cellphones.com.vn/x/media/catalog/product/l/a/laptop-acer-aspire-lite-15-al15-51m-55nb-nxkrssv001_5_.png
100,6,https://cdn2.cellphones.com.vn/x/media/catalog/product/l/a/laptop-acer-aspire-lite-15-al15-51m-55nb-nxkrssv001_6_.png
101,6,https://cdn2.cellphones.com.vn/x/media/catalog/product/l/a/laptop-acer-aspire-lite-15-al15-51m-55nb-nxkrssv001_4_.png
102,6,https://cdn2.cellphones.com.vn/x/media/catalog/product/l/a/laptop-acer-aspire-lite-15-al15-51m-55nb-nxkrssv001_3_.png
103,6,https://cellphones.com.vn/media/catalog/product/l/a/laptop-acer-aspire-lite-15-al15-51m-55nb-nxkrssv001_1.png
104,6,https://cellphones.com.vn/media/catalog/product/l/a/laptop-acer-aspire-lite-15-al15-51m-55nb-nxkrssv001_2_.png
105,6,https://cellphones.com.vn/media/catalog/product/l/a/laptop-acer-aspire-lite-15-al15-51m-55nb-nxkrssv001.png
106,6,https://cellphones.com.vn/media/catalog/product/l/a/laptop-acer-aspire-lite-15-al15-51m-55nb-nxkrssv001_5_.png
107,6,https://cellphones.com.vn/media/catalog/product/l/a/laptop-acer-aspire-lite-15-al15-51m-55nb-nxkrssv001_6_.png
108,6,https://cellphones.com.vn/media/catalog/product/l/a/laptop-acer-aspire-lite-15-al15-51m-55nb-nxkrssv001_4_.png
109,6,https://cellphones.com.vn/media/catalog/product/l/a/laptop-acer-aspire-lite-15-al15-51m-55nb-nxkrssv001_3_.png
110,7,https://cdn2.cellphones.com.vn/media/catalog/product/l/a/laptop-dell-inspiron-16-5630_7_.png
111,7,https://cdn2.cellphones.com.vn/x/media/catalog/product/l/a/laptop-dell-inspiron-16-5630_7_.png
112,7,https://cdn2.cellphones.com.vn/x/media/catalog/product/l/a/laptop-dell-inspiron-16-5630_3.png
113,7,https://cdn2.cellphones.com.vn/x/media/catalog/product/l/a/laptop-dell-inspiron-16-5630_4__2.png
114,7,https://cdn2.cellphones.com.vn/x/media/catalog/product/l/a/laptop-dell-inspiron-16-5630_5__2.png
115,7,https://cdn2.cellphones.com.vn/x/media/catalog/product/l/a/laptop-dell-inspiron-16-5630_3__2.png
116,7,https://cdn2.cellphones.com.vn/x/media/catalog/product/l/a/laptop-dell-inspiron-16-5630_6_.png
117,7,https://cellphones.com.vn/media/catalog/product/l/a/laptop-dell-inspiron-16-5630_4.png
118,7,https://cellphones.com.vn/media/catalog/product/l/a/laptop-dell-inspiron-16-5630_7_.png
119,7,https://cellphones.com.vn/media/catalog/product/l/a/laptop-dell-inspiron-16-5630_3.png
120,7,https://cellphones.com.vn/media/catalog/product/l/a/laptop-dell-inspiron-16-5630_4__2.png
121,7,https://cellphones.com.vn/media/catalog/product/l/a/laptop-dell-inspiron-16-5630_5__2.png
122,7,https://cellphones.com.vn/media/catalog/product/l/a/laptop-dell-inspiron-16-5630_3__2.png
123,7,https://cellphones.com.vn/media/catalog/product/l/a/laptop-dell-inspiron-16-5630_6_.png
124,8,https://cdn2.cellphones.com.vn/media/catalog/product/l/a/laptop-dell-vostro-3520-v5i5267w1_2_.png
125,8,https://cdn2.cellphones.com.vn/x/media/catalog/product/l/a/laptop-dell-vostro-3520-v5i5267w1_2_.png
126,8,https://cdn2.cellphones.com.vn/x/media/catalog/product/l/a/laptop-dell-vostro-3520-v5i5267w1.png
127,8,https://cdn2.cellphones.com.vn/x/media/catalog/product/l/a/laptop-dell-vostro-3520-v5i5267w1_6_.png
128,8,https://cdn2.cellphones.com.vn/x/media/catalog/product/l/a/laptop-dell-vostro-3520-v5i5267w1_5_.png
129,8,https://cdn2.cellphones.com.vn/x/media/catalog/product/l/a/laptop-dell-vostro-3520-v5i5267w1_4_.png
130,8,https://cdn2.cellphones.com.vn/x/media/catalog/product/l/a/laptop-dell-vostro-3520-v5i5267w1_3_.png
131,8,https://cellphones.com.vn/media/catalog/product/l/a/laptop-dell-vostro-3520-v5i5267w1_1.png
132,8,https://cellphones.com.vn/media/catalog/product/l/a/laptop-dell-vostro-3520-v5i5267w1_2_.png
133,8,https://cellphones.com.vn/media/catalog/product/l/a/laptop-dell-vostro-3520-v5i5267w1.png
134,8,https://cellphones.com.vn/media/catalog/product/l/a/laptop-dell-vostro-3520-v5i5267w1_6_.png
135,8,https://cellphones.com.vn/media/catalog/product/l/a/laptop-dell-vostro-3520-v5i5267w1_5_.png
136,8,https://cellphones.com.vn/media/catalog/product/l/a/laptop-dell-vostro-3520-v5i5267w1_4_.png
137,8,https://cellphones.com.vn/media/catalog/product/l/a/laptop-dell-vostro-3520-v5i5267w1_3_.png
138,9,https://cdn2.cellphones.com.vn/media/catalog/product/l/a/laptop-lenovo-thinkbook-x-g2-iah-21tu0002cd_2_.png
139,9,https://cdn2.cellphones.com.vn/x/media/catalog/product/l/a/laptop-lenovo-thinkbook-x-g2-iah-21tu0002cd_2_.png
140,9,https://cdn2.cellphones.com.vn/x/media/catalog/product/l/a/laptop-lenovo-thinkbook-x-g2-iah-21tu0002cd.png
141,9,https://cdn2.cellphones.com.vn/x/media/catalog/product/l/a/laptop-lenovo-thinkbook-x-g2-iah-21tu0002cd_4_.png
142,9,https://cdn2.cellphones.com.vn/x/media/catalog/product/l/a/laptop-lenovo-thinkbook-x-g2-iah-21tu0002cd_3_.png
143,9,https://cdn2.cellphones.com.vn/x/media/catalog/product/l/a/laptop-lenovo-thinkbook-x-g2-iah-21tu0002cd_5_.png
144,9,https://cdn2.cellphones.com.vn/x/media/catalog/product/l/a/laptop-lenovo-thinkbook-x-g2-iah-21tu0002cd_6_.png
145,9,https://cellphones.com.vn/media/catalog/product/l/a/laptop-lenovo-thinkbook-x-g2-iah-21tu0002cd_1.png
146,9,https://cellphones.com.vn/media/catalog/product/l/a/laptop-lenovo-thinkbook-x-g2-iah-21tu0002cd_2_.png
147,9,https://cellphones.com.vn/media/catalog/product/l/a/laptop-lenovo-thinkbook-x-g2-iah-21tu0002cd.png
148,9,https://cellphones.com.vn/media/catalog/product/l/a/laptop-lenovo-thinkbook-x-g2-iah-21tu0002cd_4_.png
149,9,https://cellphones.com.vn/media/catalog/product/l/a/laptop-lenovo-thinkbook-x-g2-iah-21tu0002cd_3_.png
150,9,https://cellphones.com.vn/media/catalog/product/l/a/laptop-lenovo-thinkbook-x-g2-iah-21tu0002cd_5_.png
151,9,https://cellphones.com.vn/media/catalog/product/l/a/laptop-lenovo-thinkbook-x-g2-iah-21tu0002cd_6_.png
152,10,https://cdn2.cellphones.com.vn/media/catalog/product/l/a/laptop-lenovo-thinkpad-p16v-gen-1-21fc001yus_2_.png
153,10,https://cdn2.cellphones.com.vn/x/media/catalog/product/l/a/laptop-lenovo-thinkpad-p16v-gen-1-21fc001yus_2_.png
154,10,https://cdn2.cellphones.com.vn/x/media/catalog/product/l/a/laptop-lenovo-thinkpad-p16v-gen-1-21fc001yus.png
155,10,https://cdn2.cellphones.com.vn/x/media/catalog/product/l/a/laptop-lenovo-thinkpad-p16v-gen-1-21fc001yus_4_.png
156,10,https://cdn2.cellphones.com.vn/x/media/catalog/product/l/a/laptop-lenovo-thinkpad-p16v-gen-1-21fc001yus_6_.png
157,10,https://cdn2.cellphones.com.vn/x/media/catalog/product/l/a/laptop-lenovo-thinkpad-p16v-gen-1-21fc001yus_7_.png
158,10,https://cdn2.cellphones.com.vn/x/media/catalog/product/l/a/laptop-lenovo-thinkpad-p16v-gen-1-21fc001yus_3_.png
159,10,https://cdn2.cellphones.com.vn/x/media/catalog/product/l/a/laptop-lenovo-thinkpad-p16v-gen-1-21fc001yus_5_.png
160,10,https://cellphones.com.vn/media/catalog/product/l/a/laptop-lenovo-thinkpad-p16v-gen-1-21fc001yus_1.png
161,10,https://cellphones.com.vn/media/catalog/product/l/a/laptop-lenovo-thinkpad-p16v-gen-1-21fc001yus_2_.png
162,10,https://cellphones.com.vn/media/catalog/product/l/a/laptop-lenovo-thinkpad-p16v-gen-1-21fc001yus.png
163,10,https://cellphones.com.vn/media/catalog/product/l/a/laptop-lenovo-thinkpad-p16v-gen-1-21fc001yus_4_.png
164,10,https://cellphones.com.vn/media/catalog/product/l/a/laptop-lenovo-thinkpad-p16v-gen-1-21fc001yus_6_.png
165,10,https://cellphones.com.vn/media/catalog/product/l/a/laptop-lenovo-thinkpad-p16v-gen-1-21fc001yus_7_.png
166,10,https://cellphones.com.vn/media/catalog/product/l/a/laptop-lenovo-thinkpad-p16v-gen-1-21fc001yus_3_.png
167,10,https://cellphones.com.vn/media/catalog/product/l/a/laptop-lenovo-thinkpad-p16v-gen-1-21fc001yus_5_.png
168,11,https://cdn2.cellphones.com.vn/media/catalog/product/l/a/laptop-lenovo-thinkpad-z16-gen-1-21d4000cus_2_.png
169,11,https://cdn2.cellphones.com.vn/x/media/catalog/product/l/a/laptop-lenovo-thinkpad-z16-gen-1-21d4000cus_2_.png
170,11,https://cdn2.cellphones.com.vn/x/media/catalog/product/l/a/laptop-lenovo-thinkpad-z16-gen-1-21d4000cus.png
171,11,https://cdn2.cellphones.com.vn/x/media/catalog/product/l/a/laptop-lenovo-thinkpad-z16-gen-1-21d4000cus_4_.png
172,11,https://cdn2.cellphones.com.vn/x/media/catalog/product/l/a/laptop-lenovo-thinkpad-z16-gen-1-21d4000cus_5_.png
173,11,https://cdn2.cellphones.com.vn/x/media/catalog/product/l/a/laptop-lenovo-thinkpad-z16-gen-1-21d4000cus_6_.png
174,11,https://cdn2.cellphones.com.vn/x/media/catalog/product/l/a/laptop-lenovo-thinkpad-z16-gen-1-21d4000cus_3_.png
175,11,https://cellphones.com.vn/media/catalog/product/l/a/laptop-lenovo-thinkpad-z16-gen-1-21d4000cus_1.png
176,11,https://cellphones.com.vn/media/catalog/product/l/a/laptop-lenovo-thinkpad-z16-gen-1-21d4000cus_2_.png
177,11,https://cellphones.com.vn/media/catalog/product/l/a/laptop-lenovo-thinkpad-z16-gen-1-21d4000cus.png
178,11,https://cellphones.com.vn/media/catalog/product/l/a/laptop-lenovo-thinkpad-z16-gen-1-21d4000cus_4_.png
179,11,https://cellphones.com.vn/media/catalog/product/l/a/laptop-lenovo-thinkpad-z16-gen-1-21d4000cus_5_.png
180,11,https://cellphones.com.vn/media/catalog/product/l/a/laptop-lenovo-thinkpad-z16-gen-1-21d4000cus_6_.png
181,11,https://cellphones.com.vn/media/catalog/product/l/a/laptop-lenovo-thinkpad-z16-gen-1-21d4000cus_3_.png
182,12,https://cdn2.cellphones.com.vn/media/catalog/product/l/a/laptop-msi-gaming-gf63-thin-10sc-813vn_2__4.png
183,12,https://cdn2.cellphones.com.vn/x/media/catalog/product/l/a/laptop-msi-gaming-gf63-thin-10sc-813vn_2__4.png
184,12,https://cdn2.cellphones.com.vn/x/media/catalog/product/l/a/laptop-msi-gaming-gf63-thin-10sc-813vn_2.png
185,12,https://cdn2.cellphones.com.vn/x/media/catalog/product/l/a/laptop-msi-gaming-gf63-thin-10sc-813vn_6__3.png
186,12,https://cdn2.cellphones.com.vn/x/media/catalog/product/l/a/laptop-msi-gaming-gf63-thin-10sc-813vn_5__2.png
187,12,https://cdn2.cellphones.com.vn/x/media/catalog/product/l/a/laptop-msi-gaming-gf63-thin-10sc-813vn_3__2.png
188,12,https://cdn2.cellphones.com.vn/x/media/catalog/product/l/a/laptop-msi-gaming-gf63-thin-10sc-813vn_4__2.png
189,12,https://cellphones.com.vn/media/catalog/product/l/a/laptop-msi-gaming-gf63-thin-10sc-813vn_3.png
190,12,https://cellphones.com.vn/media/catalog/product/l/a/laptop-msi-gaming-gf63-thin-10sc-813vn_2__4.png
191,12,https://cellphones.com.vn/media/catalog/product/l/a/laptop-msi-gaming-gf63-thin-10sc-813vn_2.png
192,12,https://cellphones.com.vn/media/catalog/product/l/a/laptop-msi-gaming-gf63-thin-10sc-813vn_6__3.png
193,12,https://cellphones.com.vn/media/catalog/product/l/a/laptop-msi-gaming-gf63-thin-10sc-813vn_5__2.png
194,12,https://cellphones.com.vn/media/catalog/product/l/a/laptop-msi-gaming-gf63-thin-10sc-813vn_3__2.png
195,12,https://cellphones.com.vn/media/catalog/product/l/a/laptop-msi-gaming-gf63-thin-10sc-813vn_4__2.png
196,13,https://cdn2.cellphones.com.vn/media/catalog/product/h/u/huawei-matepad-pro-12-2-inch_3_3.jpg
197,13,https://cdn2.cellphones.com.vn/x/media/catalog/product/s/l/slider-may-tinh-bang-huawei-pro_3.jpg
198,13,https://cdn2.cellphones.com.vn/x/media/catalog/product/s/l/slider-may-tinh-bang-huawei-pro-2_3.jpg
199,13,https://cdn2.cellphones.com.vn/x/media/catalog/product/s/l/slider-may-tinh-bang-huawei-pro-1_3.jpg
200,13,https://cdn2.cellphones.com.vn/x/media/catalog/product/s/l/slider-may-tinh-bang-huawei-pro-3_3.jpg
201,13,https://cdn2.cellphones.com.vn/x/media/catalog/product/s/l/slider-may-tinh-bang-huawei-pro-4_3.jpg
202,13,https://cdn2.cellphones.com.vn/x/media/catalog/product/h/u/huawei-matepad-pro-12-2-inch_3_3.jpg
203,13,https://cdn2.cellphones.com.vn/x/media/catalog/product/h/u/huawei-matepad-pro-12-2-inch-3_3.jpg
204,13,https://cdn2.cellphones.com.vn/x/media/catalog/product/h/u/huawei-matepad-pro-12-2-inch-4_3.jpg
205,13,https://cdn2.cellphones.com.vn/x/media/catalog/product/h/u/huawei-matepad-pro-12-2-inch-5_3.jpg
206,13,https://cdn2.cellphones.com.vn/x/media/catalog/product/h/u/huawei-matepad-pro-12-2-inch-7_3.jpg
207,13,https://cdn2.cellphones.com.vn/x/media/catalog/product/h/u/huawei-matepad-pro-12-2-inch-6_3.jpg
208,13,https://cdn2.cellphones.com.vn/x/media/catalog/product/h/u/huawei-matepad-pro-12-2-inch-8_3.jpg
209,13,https://cdn2.cellphones.com.vn/x/media/catalog/product/h/u/huawei-matepad-pro-12-2-inch-9_3.jpg
210,13,https://cdn2.cellphones.com.vn/x/media/catalog/product/h/u/huawei-matepad-pro-12-2-inch-10_3.jpg
211,13,https://cdn2.cellphones.com.vn/x/media/catalog/product/h/u/huawei-matepad-pro-12-2-inch-11_3.jpg
212,13,https://cdn2.cellphones.com.vn/x/media/catalog/product/h/u/huawei-matepad-pro-12-2-inch-12_3.jpg
213,13,https://cdn2.cellphones.com.vn/x/media/catalog/product/h/u/huawei-matepad-pro-12-2-inch-13_3.jpg
214,13,https://cdn2.cellphones.com.vn/x/media/catalog/product/h/u/huawei-matepad-pro-12-2-inch-14_3.jpg
215,13,https://cdn2.cellphones.com.vn/x/media/catalog/product/h/u/huawei-matepad-pro-12-2-inch-15_3.jpg
216,13,https://cellphones.com.vn/media/catalog/product/m/a/may-tinh-bang-huawei-matepad-pro-12-2-inch-2025-cu-tray-xuoc.jpg
217,13,https://cellphones.com.vn/media/catalog/product/h/u/huawei-matepad-pro-12-2-inch_3_3.jpg
218,13,https://cellphones.com.vn/media/catalog/product/s/l/slider-may-tinh-bang-huawei-pro_3.jpg
219,13,https://cellphones.com.vn/media/catalog/product/s/l/slider-may-tinh-bang-huawei-pro-2_3.jpg
220,13,https://cellphones.com.vn/media/catalog/product/s/l/slider-may-tinh-bang-huawei-pro-1_3.jpg
221,13,https://cellphones.com.vn/media/catalog/product/s/l/slider-may-tinh-bang-huawei-pro-3_3.jpg
222,13,https://cellphones.com.vn/media/catalog/product/s/l/slider-may-tinh-bang-huawei-pro-4_3.jpg
223,13,https://cellphones.com.vn/media/catalog/product/h/u/huawei-matepad-pro-12-2-inch-3_3.jpg
224,13,https://cellphones.com.vn/media/catalog/product/h/u/huawei-matepad-pro-12-2-inch-4_3.jpg
225,13,https://cellphones.com.vn/media/catalog/product/h/u/huawei-matepad-pro-12-2-inch-5_3.jpg
226,13,https://cellphones.com.vn/media/catalog/product/h/u/huawei-matepad-pro-12-2-inch-7_3.jpg
227,13,https://cellphones.com.vn/media/catalog/product/h/u/huawei-matepad-pro-12-2-inch-6_3.jpg
228,13,https://cellphones.com.vn/media/catalog/product/h/u/huawei-matepad-pro-12-2-inch-8_3.jpg
229,13,https://cellphones.com.vn/media/catalog/product/h/u/huawei-matepad-pro-12-2-inch-9_3.jpg
230,13,https://cellphones.com.vn/media/catalog/product/h/u/huawei-matepad-pro-12-2-inch-10_3.jpg
231,13,https://cellphones.com.vn/media/catalog/product/h/u/huawei-matepad-pro-12-2-inch-11_3.jpg
232,13,https://cellphones.com.vn/media/catalog/product/h/u/huawei-matepad-pro-12-2-inch-12_3.jpg
233,13,https://cellphones.com.vn/media/catalog/product/h/u/huawei-matepad-pro-12-2-inch-13_3.jpg
234,13,https://cellphones.com.vn/media/catalog/product/h/u/huawei-matepad-pro-12-2-inch-14_3.jpg
235,13,https://cellphones.com.vn/media/catalog/product/h/u/huawei-matepad-pro-12-2-inch-15_3.jpg
236,14,https://cdn2.cellphones.com.vn/media/catalog/product/o/p/op-lung-iphone-11-pro-max-likgus-bvc-clear_1_.png
237,14,https://cdn2.cellphones.com.vn/x/media/catalog/product/o/p/op-lung-iphone-11-pro-max-likgus-bvc-clear_2_.png
238,14,https://cellphones.com.vn/media/catalog/product/o/p/op-lung-iphone-11-pro-max-likgus-bvc-clear_2__1.png
239,14,https://cellphones.com.vn/media/catalog/product/o/p/op-lung-iphone-11-pro-max-likgus-bvc-clear_1_.png
240,14,https://cellphones.com.vn/media/catalog/product/o/p/op-lung-iphone-11-pro-max-likgus-bvc-clear_2_.png
241,15,https://cdn2.cellphones.com.vn/media/catalog/product/o/p/op-lung-iphone-12-pro-max-likgus-with-magsafe-clear_1_.png
242,15,https://cdn2.cellphones.com.vn/x/media/catalog/product/o/p/op-lung-iphone-12-pro-max-likgus-with-magsafe-clear_1_.png
243,15,https://cdn2.cellphones.com.vn/x/media/catalog/product/o/p/op-lung-iphone-12-pro-max-likgus-with-magsafe-clear_2_.png
244,15,https://cdn2.cellphones.com.vn/x/media/catalog/product/o/p/op-lung-iphone-12-pro-max-likgus-with-magsafe-clear_3_.png
245,15,https://cdn2.cellphones.com.vn/x/media/catalog/product/o/p/op-lung-iphone-12-pro-max-likgus-with-magsafe-clear_4_.png
246,15,https://cellphones.com.vn/media/catalog/product/o/p/op-lung-iphone-12-pro-max-likgus-with-magsafe-clear_2__1.png
247,15,https://cellphones.com.vn/media/catalog/product/o/p/op-lung-iphone-12-pro-max-likgus-with-magsafe-clear_1_.png
248,15,https://cellphones.com.vn/media/catalog/product/o/p/op-lung-iphone-12-pro-max-likgus-with-magsafe-clear_2_.png
249,15,https://cellphones.com.vn/media/catalog/product/o/p/op-lung-iphone-12-pro-max-likgus-with-magsafe-clear_3_.png
250,15,https://cellphones.com.vn/media/catalog/product/o/p/op-lung-iphone-12-pro-max-likgus-with-magsafe-clear_4_.png
251,16,https://cdn2.cellphones.com.vn/media/catalog/product/o/p/op-lung-iphone-14-pro-esr-air-armor-clear.png
252,16,https://cdn2.cellphones.com.vn/x/media/catalog/product/o/p/op-lung-iphone-14-pro-esr-air-armor-clear.png
253,16,https://cdn2.cellphones.com.vn/x/media/catalog/product/o/p/op-lung-iphone-14-pro-esr-air-armor-clear_2_.png
254,16,https://cdn2.cellphones.com.vn/x/media/catalog/product/o/p/op-lung-iphone-14-pro-esr-air-armor-clear_4_.png
255,16,https://cdn2.cellphones.com.vn/x/media/catalog/product/o/p/op-lung-iphone-14-pro-esr-air-armor-clear_3_.png
256,16,https://cdn2.cellphones.com.vn/x/media/catalog/product/o/p/op-lung-iphone-14-pro-esr-air-armor-clear_5_.png
257,16,https://cdn2.cellphones.com.vn/x/media/catalog/product/o/p/op-lung-iphone-14-pro-esr-air-armor-clear_6_.png
258,16,https://cdn2.cellphones.com.vn/x/media/catalog/product/o/p/op-lung-iphone-14-pro-esr-air-armor-clear_7_.png
259,16,https://cdn2.cellphones.com.vn/x/media/catalog/product/o/p/op-lung-iphone-14-pro-esr-air-armor-clear_8_.png
260,16,https://cdn2.cellphones.com.vn/x/media/catalog/product/o/p/op-lung-iphone-14-pro-esr-air-armor-clear_9_.png
261,16,https://cellphones.com.vn/media/catalog/product/o/p/op-lung-iphone-14-pro-esr-air-armor-clear_2__1.png
262,16,https://cellphones.com.vn/media/catalog/product/o/p/op-lung-iphone-14-pro-esr-air-armor-clear.png
263,16,https://cellphones.com.vn/media/catalog/product/o/p/op-lung-iphone-14-pro-esr-air-armor-clear_2_.png
264,16,https://cellphones.com.vn/media/catalog/product/o/p/op-lung-iphone-14-pro-esr-air-armor-clear_4_.png
265,16,https://cellphones.com.vn/media/catalog/product/o/p/op-lung-iphone-14-pro-esr-air-armor-clear_3_.png
266,16,https://cellphones.com.vn/media/catalog/product/o/p/op-lung-iphone-14-pro-esr-air-armor-clear_5_.png
267,16,https://cellphones.com.vn/media/catalog/product/o/p/op-lung-iphone-14-pro-esr-air-armor-clear_6_.png
268,16,https://cellphones.com.vn/media/catalog/product/o/p/op-lung-iphone-14-pro-esr-air-armor-clear_7_.png
269,16,https://cellphones.com.vn/media/catalog/product/o/p/op-lung-iphone-14-pro-esr-air-armor-clear_8_.png
270,16,https://cellphones.com.vn/media/catalog/product/o/p/op-lung-iphone-14-pro-esr-air-armor-clear_9_.png
271,17,https://cdn2.cellphones.com.vn/media/catalog/product/o/p/op-lung-iphone-14-pro-itskins-ballistic-r-nylon_1_.png
272,17,https://cdn2.cellphones.com.vn/x/media/catalog/product/o/p/op-lung-iphone-14-pro-itskins-ballistic-r-nylon_1_.png
273,17,https://cdn2.cellphones.com.vn/x/media/catalog/product/o/p/op-lung-iphone-14-pro-itskins-ballistic-r-nylon_2_.png
274,17,https://cdn2.cellphones.com.vn/x/media/catalog/product/o/p/op-lung-iphone-14-pro-itskins-ballistic-r-nylon_3_.png
275,17,https://cdn2.cellphones.com.vn/x/media/catalog/product/o/p/op-lung-iphone-14-pro-itskins-ballistic-r-nylon_4_.png
276,17,https://cdn2.cellphones.com.vn/x/media/catalog/product/o/p/op-lung-iphone-14-pro-itskins-ballistic-r-nylon_6_.png
277,17,https://cdn2.cellphones.com.vn/x/media/catalog/product/o/p/op-lung-iphone-14-pro-itskins-ballistic-r-nylon_5_.png
278,17,https://cdn2.cellphones.com.vn/x/media/catalog/product/o/p/op-lung-iphone-14-pro-itskins-ballistic-r-nylon_7_.png
279,17,https://cdn2.cellphones.com.vn/x/media/catalog/product/o/p/op-lung-iphone-14-pro-itskins-ballistic-r-nylon_8_.png
280,17,https://cellphones.com.vn/media/catalog/product/o/p/op-lung-iphone-14-pro-itskins-ballistic-r-nylon_3__1.png
281,17,https://cellphones.com.vn/media/catalog/product/o/p/op-lung-iphone-14-pro-itskins-ballistic-r-nylon_2__1.png
282,17,https://cellphones.com.vn/media/catalog/product/o/p/op-lung-iphone-14-pro-itskins-ballistic-r-nylon_1_.png
283,17,https://cellphones.com.vn/media/catalog/product/o/p/op-lung-iphone-14-pro-itskins-ballistic-r-nylon_2_.png
284,17,https://cellphones.com.vn/media/catalog/product/o/p/op-lung-iphone-14-pro-itskins-ballistic-r-nylon_3_.png
285,17,https://cellphones.com.vn/media/catalog/product/o/p/op-lung-iphone-14-pro-itskins-ballistic-r-nylon_4_.png
286,17,https://cellphones.com.vn/media/catalog/product/o/p/op-lung-iphone-14-pro-itskins-ballistic-r-nylon_6_.png
287,17,https://cellphones.com.vn/media/catalog/product/o/p/op-lung-iphone-14-pro-itskins-ballistic-r-nylon_5_.png
288,17,https://cellphones.com.vn/media/catalog/product/o/p/op-lung-iphone-14-pro-itskins-ballistic-r-nylon_7_.png
289,17,https://cellphones.com.vn/media/catalog/product/o/p/op-lung-iphone-14-pro-itskins-ballistic-r-nylon_8_.png
290,18,https://cdn2.cellphones.com.vn/media/catalog/product/o/p/op-lung-iphone-14-pro-tgvis-space-cool-sky_1_.png
291,18,https://cdn2.cellphones.com.vn/x/media/catalog/product/o/p/op-lung-iphone-14-pro-tgvis-space-cool-sky_1_.png
292,18,https://cdn2.cellphones.com.vn/x/media/catalog/product/o/p/op-lung-iphone-14-pro-tgvis-space-cool-sky_2_.png
293,18,https://cdn2.cellphones.com.vn/x/media/catalog/product/o/p/op-lung-iphone-14-pro-tgvis-space-cool-sky_3_.png
294,18,https://cdn2.cellphones.com.vn/x/media/catalog/product/o/p/op-lung-iphone-14-pro-tgvis-space-cool-sky_4_.png
295,18,https://cdn2.cellphones.com.vn/x/media/catalog/product/o/p/op-lung-iphone-14-pro-tgvis-space-cool-sky_5_.png
296,18,https://cdn2.cellphones.com.vn/x/media/catalog/product/o/p/op-lung-iphone-14-pro-tgvis-space-cool-sky_6_.png
297,18,https://cellphones.com.vn/media/catalog/product/o/p/op-lung-iphone-14-pro-tgvis-space-cool-sky_2__1.png
298,18,https://cellphones.com.vn/media/catalog/product/o/p/op-lung-iphone-14-pro-tgvis-space-cool-sky_1_.png
299,18,https://cellphones.com.vn/media/catalog/product/o/p/op-lung-iphone-14-pro-tgvis-space-cool-sky_2_.png
300,18,https://cellphones.com.vn/media/catalog/product/o/p/op-lung-iphone-14-pro-tgvis-space-cool-sky_3_.png
301,18,https://cellphones.com.vn/media/catalog/product/o/p/op-lung-iphone-14-pro-tgvis-space-cool-sky_4_.png
302,18,https://cellphones.com.vn/media/catalog/product/o/p/op-lung-iphone-14-pro-tgvis-space-cool-sky_5_.png
303,18,https://cellphones.com.vn/media/catalog/product/o/p/op-lung-iphone-14-pro-tgvis-space-cool-sky_6_.png
304,19,https://cdn2.cellphones.com.vn/media/catalog/product/o/p/op-lung-iphone-14-pro-tgvis-space-space-man_1_.png
305,19,https://cdn2.cellphones.com.vn/x/media/catalog/product/o/p/op-lung-iphone-14-pro-tgvis-space-space-man_1_.png
306,19,https://cdn2.cellphones.com.vn/x/media/catalog/product/o/p/op-lung-iphone-14-pro-tgvis-space-space-man_2_.png
307,19,https://cdn2.cellphones.com.vn/x/media/catalog/product/o/p/op-lung-iphone-14-pro-tgvis-space-space-man_3_.png
308,19,https://cdn2.cellphones.com.vn/x/media/catalog/product/o/p/op-lung-iphone-14-pro-tgvis-space-space-man_4_.png
309,19,https://cdn2.cellphones.com.vn/x/media/catalog/product/o/p/op-lung-iphone-14-pro-tgvis-space-space-man_6_.png
310,19,https://cdn2.cellphones.com.vn/x/media/catalog/product/o/p/op-lung-iphone-14-pro-tgvis-space-space-man_5_.png
311,19,https://cdn2.cellphones.com.vn/x/media/catalog/product/o/p/op-lung-iphone-14-pro-tgvis-space-space-man_7_.png
312,19,https://cellphones.com.vn/media/catalog/product/o/p/op-lung-iphone-14-pro-tgvis-space-space-man_2__1.png
313,19,https://cellphones.com.vn/media/catalog/product/o/p/op-lung-iphone-14-pro-tgvis-space-space-man_3__1.png
314,19,https://cellphones.com.vn/media/catalog/product/o/p/op-lung-iphone-14-pro-tgvis-space-space-man_1_.png
315,19,https://cellphones.com.vn/media/catalog/product/o/p/op-lung-iphone-14-pro-tgvis-space-space-man_2_.png
316,19,https://cellphones.com.vn/media/catalog/product/o/p/op-lung-iphone-14-pro-tgvis-space-space-man_3_.png
317,19,https://cellphones.com.vn/media/catalog/product/o/p/op-lung-iphone-14-pro-tgvis-space-space-man_4_.png
318,19,https://cellphones.com.vn/media/catalog/product/o/p/op-lung-iphone-14-pro-tgvis-space-space-man_6_.png
319,19,https://cellphones.com.vn/media/catalog/product/o/p/op-lung-iphone-14-pro-tgvis-space-space-man_5_.png
320,19,https://cellphones.com.vn/media/catalog/product/o/p/op-lung-iphone-14-pro-tgvis-space-space-man_7_.png
321,20,https://cdn2.cellphones.com.vn/media/catalog/product/o/p/op-lung-iphone-15-likgus-with-magsafe-clear_1_.png
322,20,https://cdn2.cellphones.com.vn/x/media/catalog/product/o/p/op-lung-iphone-15-likgus-with-magsafe-clear_1_.png
323,20,https://cdn2.cellphones.com.vn/x/media/catalog/product/o/p/op-lung-iphone-15-likgus-with-magsafe-clear_2_.png
324,20,https://cdn2.cellphones.com.vn/x/media/catalog/product/o/p/op-lung-iphone-15-likgus-with-magsafe-clear_3_.png
325,20,https://cdn2.cellphones.com.vn/x/media/catalog/product/o/p/op-lung-iphone-15-likgus-with-magsafe-clear_4_.png
326,20,https://cellphones.com.vn/media/catalog/product/o/p/op-lung-iphone-15-likgus-with-magsafe-clear_2__1.png
327,20,https://cellphones.com.vn/media/catalog/product/o/p/op-lung-iphone-15-likgus-with-magsafe-clear_1_.png
328,20,https://cellphones.com.vn/media/catalog/product/o/p/op-lung-iphone-15-likgus-with-magsafe-clear_2_.png
329,20,https://cellphones.com.vn/media/catalog/product/o/p/op-lung-iphone-15-likgus-with-magsafe-clear_3_.png
330,20,https://cellphones.com.vn/media/catalog/product/o/p/op-lung-iphone-15-likgus-with-magsafe-clear_4_.png
331,21,https://cdn2.cellphones.com.vn/media/catalog/product/o/p/op-lung-iphone-15-pro-araree-nukin-clear_1_.png
332,21,https://cdn2.cellphones.com.vn/x/media/catalog/product/o/p/op-lung-iphone-15-pro-araree-nukin-clear_1_.png
333,21,https://cdn2.cellphones.com.vn/x/media/catalog/product/o/p/op-lung-iphone-15-pro-araree-nukin-clear_2_.png
334,21,https://cdn2.cellphones.com.vn/x/media/catalog/product/o/p/op-lung-iphone-15-pro-araree-nukin-clear_3_.png
335,21,https://cdn2.cellphones.com.vn/x/media/catalog/product/o/p/op-lung-iphone-15-pro-araree-nukin-clear_4_.png
336,21,https://cdn2.cellphones.com.vn/x/media/catalog/product/o/p/op-lung-iphone-15-pro-araree-nukin-clear_5_.png
337,21,https://cdn2.cellphones.com.vn/x/media/catalog/product/o/p/op-lung-iphone-15-pro-araree-nukin-clear_6_.png
338,21,https://cdn2.cellphones.com.vn/x/media/catalog/product/o/p/op-lung-iphone-15-pro-araree-nukin-clear_7_.png
339,21,https://cdn2.cellphones.com.vn/x/media/catalog/product/o/p/op-lung-iphone-15-pro-araree-nukin-clear_9_.png
340,21,https://cdn2.cellphones.com.vn/x/media/catalog/product/o/p/op-lung-iphone-15-pro-araree-nukin-clear_8_.png
341,21,https://cellphones.com.vn/media/catalog/product/o/p/op-lung-iphone-15-pro-araree-nukin-clear_2__1.png
342,21,https://cellphones.com.vn/media/catalog/product/o/p/op-lung-iphone-15-pro-araree-nukin-clear_1_.png
343,21,https://cellphones.com.vn/media/catalog/product/o/p/op-lung-iphone-15-pro-araree-nukin-clear_2_.png
344,21,https://cellphones.com.vn/media/catalog/product/o/p/op-lung-iphone-15-pro-araree-nukin-clear_3_.png
345,21,https://cellphones.com.vn/media/catalog/product/o/p/op-lung-iphone-15-pro-araree-nukin-clear_4_.png
346,21,https://cellphones.com.vn/media/catalog/product/o/p/op-lung-iphone-15-pro-araree-nukin-clear_5_.png
347,21,https://cellphones.com.vn/media/catalog/product/o/p/op-lung-iphone-15-pro-araree-nukin-clear_6_.png
348,21,https://cellphones.com.vn/media/catalog/product/o/p/op-lung-iphone-15-pro-araree-nukin-clear_7_.png
349,21,https://cellphones.com.vn/media/catalog/product/o/p/op-lung-iphone-15-pro-araree-nukin-clear_9_.png
350,21,https://cellphones.com.vn/media/catalog/product/o/p/op-lung-iphone-15-pro-araree-nukin-clear_8_.png
351,22,https://cdn2.cellphones.com.vn/media/catalog/product/o/p/op-lung-iphone-15-pro-jcpal-dualpro-with-magsafe-clear_1_.png
352,22,https://cdn2.cellphones.com.vn/x/media/catalog/product/o/p/op-lung-iphone-15-pro-jcpal-dualpro-with-magsafe-clear_1_.png
353,22,https://cdn2.cellphones.com.vn/x/media/catalog/product/o/p/op-lung-iphone-15-pro-jcpal-dualpro-with-magsafe-clear_2_.png
354,22,https://cdn2.cellphones.com.vn/x/media/catalog/product/o/p/op-lung-iphone-15-pro-jcpal-dualpro-with-magsafe-clear_3_.png
355,22,https://cdn2.cellphones.com.vn/x/media/catalog/product/o/p/op-lung-iphone-15-pro-jcpal-dualpro-with-magsafe-clear_7_.png
356,22,https://cdn2.cellphones.com.vn/x/media/catalog/product/o/p/op-lung-iphone-15-pro-jcpal-dualpro-with-magsafe-clear_5_.png
357,22,https://cdn2.cellphones.com.vn/x/media/catalog/product/o/p/op-lung-iphone-15-pro-jcpal-dualpro-with-magsafe-clear_6_.png
358,22,https://cdn2.cellphones.com.vn/x/media/catalog/product/o/p/op-lung-iphone-15-pro-jcpal-dualpro-with-magsafe-clear_4_.png
359,22,https://cellphones.com.vn/media/catalog/product/o/p/op-lung-iphone-15-pro-jcpal-dualpro-with-magsafe-clear_2__1.png
360,22,https://cellphones.com.vn/media/catalog/product/o/p/op-lung-iphone-15-pro-jcpal-dualpro-with-magsafe-clear_1_.png
361,22,https://cellphones.com.vn/media/catalog/product/o/p/op-lung-iphone-15-pro-jcpal-dualpro-with-magsafe-clear_2_.png
362,22,https://cellphones.com.vn/media/catalog/product/o/p/op-lung-iphone-15-pro-jcpal-dualpro-with-magsafe-clear_3_.png
363,22,https://cellphones.com.vn/media/catalog/product/o/p/op-lung-iphone-15-pro-jcpal-dualpro-with-magsafe-clear_7_.png
364,22,https://cellphones.com.vn/media/catalog/product/o/p/op-lung-iphone-15-pro-jcpal-dualpro-with-magsafe-clear_5_.png
365,22,https://cellphones.com.vn/media/catalog/product/o/p/op-lung-iphone-15-pro-jcpal-dualpro-with-magsafe-clear_6_.png
366,22,https://cellphones.com.vn/media/catalog/product/o/p/op-lung-iphone-15-pro-jcpal-dualpro-with-magsafe-clear_4_.png
367,23,https://cdn2.cellphones.com.vn/media/catalog/product/o/p/op-lung-iphone-15-pro-jinya-t-stand-with-magsafe-clear_1_.png
368,23,https://cdn2.cellphones.com.vn/x/media/catalog/product/o/p/op-lung-iphone-15-pro-jinya-t-stand-with-magsafe-clear_1_.png
369,23,https://cdn2.cellphones.com.vn/x/media/catalog/product/o/p/op-lung-iphone-15-pro-jinya-t-stand-with-magsafe-clear_2_.png
370,23,https://cdn2.cellphones.com.vn/x/media/catalog/product/o/p/op-lung-iphone-15-pro-jinya-t-stand-with-magsafe-clear_3_.png
371,23,https://cdn2.cellphones.com.vn/x/media/catalog/product/o/p/op-lung-iphone-15-pro-jinya-t-stand-with-magsafe-clear_4_.png
372,23,https://cdn2.cellphones.com.vn/x/media/catalog/product/o/p/op-lung-iphone-15-pro-jinya-t-stand-with-magsafe-clear_5_.png
373,23,https://cdn2.cellphones.com.vn/x/media/catalog/product/o/p/op-lung-iphone-15-pro-jinya-t-stand-with-magsafe-clear_6_.png
374,23,https://cdn2.cellphones.com.vn/x/media/catalog/product/o/p/op-lung-iphone-15-pro-jinya-t-stand-with-magsafe-clear_7_.png
375,23,https://cellphones.com.vn/media/catalog/product/o/p/op-lung-iphone-15-pro-jinya-t-stand-with-magsafe-clear_2__1.png
376,23,https://cellphones.com.vn/media/catalog/product/o/p/op-lung-iphone-15-pro-jinya-t-stand-with-magsafe-clear_1_.png
377,23,https://cellphones.com.vn/media/catalog/product/o/p/op-lung-iphone-15-pro-jinya-t-stand-with-magsafe-clear_2_.png
378,23,https://cellphones.com.vn/media/catalog/product/o/p/op-lung-iphone-15-pro-jinya-t-stand-with-magsafe-clear_3_.png
379,23,https://cellphones.com.vn/media/catalog/product/o/p/op-lung-iphone-15-pro-jinya-t-stand-with-magsafe-clear_4_.png
380,23,https://cellphones.com.vn/media/catalog/product/o/p/op-lung-iphone-15-pro-jinya-t-stand-with-magsafe-clear_5_.png
381,23,https://cellphones.com.vn/media/catalog/product/o/p/op-lung-iphone-15-pro-jinya-t-stand-with-magsafe-clear_6_.png
382,23,https://cellphones.com.vn/media/catalog/product/o/p/op-lung-iphone-15-pro-jinya-t-stand-with-magsafe-clear_7_.png
383,24,https://cdn2.cellphones.com.vn/media/catalog/product/o/p/op-lung-iphone-15-pro-max-araree-duple-clear_1_.png
384,24,https://cdn2.cellphones.com.vn/x/media/catalog/product/o/p/op-lung-iphone-15-pro-max-araree-duple-clear_1_.png
385,24,https://cdn2.cellphones.com.vn/x/media/catalog/product/o/p/op-lung-iphone-15-pro-max-araree-duple-clear_2_.png
386,24,https://cdn2.cellphones.com.vn/x/media/catalog/product/o/p/op-lung-iphone-15-pro-max-araree-duple-clear_3_.png
387,24,https://cdn2.cellphones.com.vn/x/media/catalog/product/o/p/op-lung-iphone-15-pro-max-araree-duple-clear_4_.png
388,24,https://cdn2.cellphones.com.vn/x/media/catalog/product/o/p/op-lung-iphone-15-pro-max-araree-duple-clear_5_.png
389,24,https://cdn2.cellphones.com.vn/x/media/catalog/product/o/p/op-lung-iphone-15-pro-max-araree-duple-clear_6_.png
390,24,https://cdn2.cellphones.com.vn/x/media/catalog/product/o/p/op-lung-iphone-15-pro-max-araree-duple-clear_7_.png
391,24,https://cellphones.com.vn/media/catalog/product/o/p/op-lung-iphone-15-pro-max-araree-duple-clear_2__1.png
392,24,https://cellphones.com.vn/media/catalog/product/o/p/op-lung-iphone-15-pro-max-araree-duple-clear_1_.png
393,24,https://cellphones.com.vn/media/catalog/product/o/p/op-lung-iphone-15-pro-max-araree-duple-clear_2_.png
394,24,https://cellphones.com.vn/media/catalog/product/o/p/op-lung-iphone-15-pro-max-araree-duple-clear_3_.png
395,24,https://cellphones.com.vn/media/catalog/product/o/p/op-lung-iphone-15-pro-max-araree-duple-clear_4_.png
396,24,https://cellphones.com.vn/media/catalog/product/o/p/op-lung-iphone-15-pro-max-araree-duple-clear_5_.png
397,24,https://cellphones.com.vn/media/catalog/product/o/p/op-lung-iphone-15-pro-max-araree-duple-clear_6_.png
398,24,https://cellphones.com.vn/media/catalog/product/o/p/op-lung-iphone-15-pro-max-araree-duple-clear_7_.png
399,25,https://cdn2.cellphones.com.vn/media/catalog/product/o/p/op-lung-iphone-15-pro-max-likgus-with-magsafe_1_.png
400,25,https://cdn2.cellphones.com.vn/x/media/catalog/product/o/p/op-lung-iphone-15-pro-max-likgus-with-magsafe_1_.png
401,25,https://cdn2.cellphones.com.vn/x/media/catalog/product/o/p/op-lung-iphone-15-pro-max-likgus-with-magsafe_2_.png
402,25,https://cdn2.cellphones.com.vn/x/media/catalog/product/o/p/op-lung-iphone-15-pro-max-likgus-with-magsafe_3_.png
403,25,https://cdn2.cellphones.com.vn/x/media/catalog/product/o/p/op-lung-iphone-15-pro-max-likgus-with-magsafe_4_.png
404,25,https://cdn2.cellphones.com.vn/x/media/catalog/product/o/p/op-lung-iphone-15-pro-max-likgus-with-magsafe_5_.png
405,25,https://cdn2.cellphones.com.vn/x/media/catalog/product/o/p/op-lung-iphone-15-pro-max-likgus-with-magsafe_6_.png
406,25,https://cellphones.com.vn/media/catalog/product/o/p/op-lung-iphone-15-pro-max-likgus-with-magsafe_2__1.png
407,25,https://cellphones.com.vn/media/catalog/product/o/p/op-lung-iphone-15-pro-max-likgus-with-magsafe_3__1.png
408,25,https://cellphones.com.vn/media/catalog/product/o/p/op-lung-iphone-15-pro-max-likgus-with-magsafe_1_.png
409,25,https://cellphones.com.vn/media/catalog/product/o/p/op-lung-iphone-15-pro-max-likgus-with-magsafe_2_.png
410,25,https://cellphones.com.vn/media/catalog/product/o/p/op-lung-iphone-15-pro-max-likgus-with-magsafe_3_.png
411,25,https://cellphones.com.vn/media/catalog/product/o/p/op-lung-iphone-15-pro-max-likgus-with-magsafe_4_.png
412,25,https://cellphones.com.vn/media/catalog/product/o/p/op-lung-iphone-15-pro-max-likgus-with-magsafe_5_.png
413,25,https://cellphones.com.vn/media/catalog/product/o/p/op-lung-iphone-15-pro-max-likgus-with-magsafe_6_.png
414,26,https://cdn2.cellphones.com.vn/media/catalog/product/o/p/op-lung-iphone-15-pro-max-tgvis-art-2222222.png
415,26,https://cdn2.cellphones.com.vn/x/media/catalog/product/o/p/op-lung-iphone-15-pro-max-tgvis-art-2222222.png
416,26,https://cdn2.cellphones.com.vn/x/media/catalog/product/o/p/op-lung-iphone-15-pro-max-tgvis-art_3_.png
417,26,https://cdn2.cellphones.com.vn/x/media/catalog/product/o/p/op-lung-iphone-15-pro-max-tgvis-art_2_.png
418,26,https://cdn2.cellphones.com.vn/x/media/catalog/product/o/p/op-lung-iphone-15-pro-max-tgvis-art_4_.png
419,26,https://cellphones.com.vn/media/catalog/product/o/p/op-lung-iphone-15-pro-max-tgvis-art_3__1.png
420,26,https://cellphones.com.vn/media/catalog/product/o/p/op-lung-iphone-15-pro-max-tgvis-art-2222222.png
421,26,https://cellphones.com.vn/media/catalog/product/o/p/op-lung-iphone-15-pro-max-tgvis-art_3_.png
422,26,https://cellphones.com.vn/media/catalog/product/o/p/op-lung-iphone-15-pro-max-tgvis-art_2_.png
423,26,https://cellphones.com.vn/media/catalog/product/o/p/op-lung-iphone-15-pro-max-tgvis-art_4_.png
424,27,https://cdn2.cellphones.com.vn/media/catalog/product/o/p/op-lung-iphone-15-pro-tgvis-art-1111111.png
425,27,https://cdn2.cellphones.com.vn/x/media/catalog/product/o/p/op-lung-iphone-15-pro-tgvis-art-1111111.png
426,27,https://cdn2.cellphones.com.vn/x/media/catalog/product/o/p/op-lung-iphone-15-pro-tgvis-art_3_.png
427,27,https://cdn2.cellphones.com.vn/x/media/catalog/product/o/p/op-lung-iphone-15-pro-tgvis-art_2_.png
428,27,https://cdn2.cellphones.com.vn/x/media/catalog/product/o/p/op-lung-iphone-15-pro-tgvis-art_4_.png
429,27,https://cellphones.com.vn/media/catalog/product/o/p/op-lung-iphone-15-pro-tgvis-art_3__2.png
430,27,https://cellphones.com.vn/media/catalog/product/o/p/op-lung-iphone-15-pro-tgvis-art-1111111.png
431,27,https://cellphones.com.vn/media/catalog/product/o/p/op-lung-iphone-15-pro-tgvis-art_3_.png
432,27,https://cellphones.com.vn/media/catalog/product/o/p/op-lung-iphone-15-pro-tgvis-art_2_.png
433,27,https://cellphones.com.vn/media/catalog/product/o/p/op-lung-iphone-15-pro-tgvis-art_4_.png
434,28,https://cdn2.cellphones.com.vn/media/catalog/product/p/c/pc-rosa-office-amd-r3-3200g_1_.png
435,28,https://cdn2.cellphones.com.vn/x/media/catalog/product/p/c/pc-rosa-office-amd-r3-3200g_2_.png
436,28,https://cdn2.cellphones.com.vn/x/media/catalog/product/p/c/pc-rosa-office-amd-r3-3200g_3_.png
437,28,https://cdn2.cellphones.com.vn/x/media/catalog/product/p/c/pc-rosa-office-amd-r3-3200g_4_.png
438,28,https://cellphones.com.vn/media/catalog/product/p/c/pc-rosa-office-amd-r3-3200g_2__1.png
439,28,https://cellphones.com.vn/media/catalog/product/p/c/pc-rosa-office-amd-r3-3200g_1_.png
440,28,https://cellphones.com.vn/media/catalog/product/p/c/pc-rosa-office-amd-r3-3200g_2_.png
441,28,https://cellphones.com.vn/media/catalog/product/p/c/pc-rosa-office-amd-r3-3200g_3_.png
442,28,https://cellphones.com.vn/media/catalog/product/p/c/pc-rosa-office-amd-r3-3200g_4_.png
443,29,https://cdn2.cellphones.com.vn/media/catalog/product/p/c/pc-rosa-office-amd-r5-5500gt_1_.png
444,29,https://cdn2.cellphones.com.vn/x/media/catalog/product/p/c/pc-rosa-office-amd-r5-5500gt_2_.png
445,29,https://cdn2.cellphones.com.vn/x/media/catalog/product/p/c/pc-rosa-office-amd-r5-5500gt_3_.png
446,29,https://cdn2.cellphones.com.vn/x/media/catalog/product/p/c/pc-rosa-office-amd-r5-5500gt_4_.png
447,29,https://cellphones.com.vn/media/catalog/product/p/c/pc-rosa-office-amd-r5-5500gt_2__1.png
448,29,https://cellphones.com.vn/media/catalog/product/p/c/pc-rosa-office-amd-r5-5500gt_1_.png
449,29,https://cellphones.com.vn/media/catalog/product/p/c/pc-rosa-office-amd-r5-5500gt_2_.png
450,29,https://cellphones.com.vn/media/catalog/product/p/c/pc-rosa-office-amd-r5-5500gt_3_.png
451,29,https://cellphones.com.vn/media/catalog/product/p/c/pc-rosa-office-amd-r5-5500gt_4_.png
452,30,https://cdn2.cellphones.com.vn/media/catalog/product/g/r/group_604_2__2_3_1.png
453,30,https://cdn2.cellphones.com.vn/x/media/catalog/product/t/e/text_ng_n_35__8_3_3_1.png
454,30,https://cdn2.cellphones.com.vn/x/media/catalog/product/t/e/text_ng_n_36__6_4_3_1.png
455,30,https://cdn2.cellphones.com.vn/x/media/catalog/product/a/p/apple-watch-ultra-2-2024_8__1_5_1.png
456,30,https://cdn2.cellphones.com.vn/x/media/catalog/product/a/p/apple-watch-ultra-2-2024_2__1_5_1.png
457,30,https://cdn2.cellphones.com.vn/x/media/catalog/product/a/p/apple-watch-ultra-2-2024_3__1_5_1.png
458,30,https://cdn2.cellphones.com.vn/x/media/catalog/product/a/p/apple-watch-ultra-2-2024_4__1_5_1.png
459,30,https://cdn2.cellphones.com.vn/x/media/catalog/product/a/p/apple-watch-ultra-2-2024_5__1_5_1.png
460,30,https://cdn2.cellphones.com.vn/x/media/catalog/product/a/p/apple-watch-ultra-2-2024_7__1_5_1.png
461,30,https://cdn2.cellphones.com.vn/x/media/catalog/product/a/p/apple-watch-ultra-2-2024_6__1_5_1.png
462,30,https://cellphones.com.vn/media/catalog/product/c/p/cps-25-03_33_.png
463,30,https://cellphones.com.vn/media/catalog/product/g/r/group_604_2__2_3_1.png
464,30,https://cellphones.com.vn/media/catalog/product/t/e/text_ng_n_35__8_3_3_1.png
465,30,https://cellphones.com.vn/media/catalog/product/t/e/text_ng_n_36__6_4_3_1.png
466,30,https://cellphones.com.vn/media/catalog/product/a/p/apple-watch-ultra-2-2024_8__1_5_1.png
467,30,https://cellphones.com.vn/media/catalog/product/a/p/apple-watch-ultra-2-2024_2__1_5_1.png
468,30,https://cellphones.com.vn/media/catalog/product/a/p/apple-watch-ultra-2-2024_3__1_5_1.png
469,30,https://cellphones.com.vn/media/catalog/product/a/p/apple-watch-ultra-2-2024_4__1_5_1.png
470,30,https://cellphones.com.vn/media/catalog/product/a/p/apple-watch-ultra-2-2024_5__1_5_1.png
471,30,https://cellphones.com.vn/media/catalog/product/a/p/apple-watch-ultra-2-2024_7__1_5_1.png
472,30,https://cellphones.com.vn/media/catalog/product/a/p/apple-watch-ultra-2-2024_6__1_5_1.png
473,31,https://cdn2.cellphones.com.vn/media/catalog/product/b/a/ban-di-chuot-asus-rog-strix-edge_1_.png
474,31,https://cdn2.cellphones.com.vn/x/media/catalog/product/b/a/ban-di-chuot-asus-rog-strix-edge_2_.png
475,31,https://cdn2.cellphones.com.vn/x/media/catalog/product/b/a/ban-di-chuot-asus-rog-strix-edge_3_.png
476,31,https://cdn2.cellphones.com.vn/x/media/catalog/product/b/a/ban-di-chuot-asus-rog-strix-edge_4_.png
477,31,https://cdn2.cellphones.com.vn/x/media/catalog/product/b/a/ban-di-chuot-asus-rog-strix-edge_5_.png
478,31,https://cdn2.cellphones.com.vn/x/media/catalog/product/b/a/ban-di-chuot-asus-rog-strix-edge_6_.png
479,31,https://cdn2.cellphones.com.vn/x/media/catalog/product/b/a/ban-di-chuot-asus-rog-strix-edge_7_.png
480,31,https://cdn2.cellphones.com.vn/x/media/catalog/product/b/a/ban-di-chuot-asus-rog-strix-edge_8_.png
481,31,https://cellphones.com.vn/media/catalog/product/b/a/ban-di-chuot-asus-rog-strix-edge_2__1.png
482,31,https://cellphones.com.vn/media/catalog/product/b/a/ban-di-chuot-asus-rog-strix-edge_1_.png
483,31,https://cellphones.com.vn/media/catalog/product/b/a/ban-di-chuot-asus-rog-strix-edge_2_.png
484,31,https://cellphones.com.vn/media/catalog/product/b/a/ban-di-chuot-asus-rog-strix-edge_3_.png
485,31,https://cellphones.com.vn/media/catalog/product/b/a/ban-di-chuot-asus-rog-strix-edge_4_.png
486,31,https://cellphones.com.vn/media/catalog/product/b/a/ban-di-chuot-asus-rog-strix-edge_5_.png
487,31,https://cellphones.com.vn/media/catalog/product/b/a/ban-di-chuot-asus-rog-strix-edge_6_.png
488,31,https://cellphones.com.vn/media/catalog/product/b/a/ban-di-chuot-asus-rog-strix-edge_7_.png
489,31,https://cellphones.com.vn/media/catalog/product/b/a/ban-di-chuot-asus-rog-strix-edge_8_.png
490,32,https://cdn2.cellphones.com.vn/media/catalog/product/b/a/ban-phim-co-co-day-e-dra-ek316-den_1_.png
491,32,https://cdn2.cellphones.com.vn/x/media/catalog/product/b/a/ban-phim-co-co-day-e-dra-ek316-den_2_.png
492,32,https://cdn2.cellphones.com.vn/x/media/catalog/product/b/a/ban-phim-co-co-day-e-dra-ek316-den_3_.png
493,32,https://cdn2.cellphones.com.vn/x/media/catalog/product/b/a/ban-phim-co-co-day-e-dra-ek316-den_4_.png
494,32,https://cdn2.cellphones.com.vn/x/media/catalog/product/b/a/ban-phim-co-co-day-e-dra-ek316-den_5_.png
495,32,https://cdn2.cellphones.com.vn/x/media/catalog/product/b/a/ban-phim-co-co-day-e-dra-ek316-den_6_.png
496,32,https://cellphones.com.vn/media/catalog/product/b/a/ban-phim-co-co-day-e-dra-ek316-den_2__1.png
497,32,https://cellphones.com.vn/media/catalog/product/b/a/ban-phim-co-co-day-e-dra-ek316-den_2__2.png
498,32,https://cellphones.com.vn/media/catalog/product/b/a/ban-phim-co-co-day-e-dra-ek316-den_2__3.png
499,32,https://cellphones.com.vn/media/catalog/product/b/a/ban-phim-co-co-day-e-dra-ek316-den_1_.png
500,32,https://cellphones.com.vn/media/catalog/product/b/a/ban-phim-co-co-day-e-dra-ek316-den_2_.png
501,32,https://cellphones.com.vn/media/catalog/product/b/a/ban-phim-co-co-day-e-dra-ek316-den_3_.png
502,32,https://cellphones.com.vn/media/catalog/product/b/a/ban-phim-co-co-day-e-dra-ek316-den_4_.png
503,32,https://cellphones.com.vn/media/catalog/product/b/a/ban-phim-co-co-day-e-dra-ek316-den_5_.png
504,32,https://cellphones.com.vn/media/catalog/product/b/a/ban-phim-co-co-day-e-dra-ek316-den_6_.png
505,33,https://cdn2.cellphones.com.vn/media/catalog/product/b/a/ban-phim-co-co-day-rapoo-v501-87-den-xam-cam_1_.png
506,33,https://cdn2.cellphones.com.vn/x/media/catalog/product/b/a/ban-phim-co-co-day-rapoo-v501-87-den-xam-cam_2_.png
507,33,https://cdn2.cellphones.com.vn/x/media/catalog/product/b/a/ban-phim-co-co-day-rapoo-v501-87-den-xam-cam_3_.png
508,33,https://cdn2.cellphones.com.vn/x/media/catalog/product/b/a/ban-phim-co-co-day-rapoo-v501-87-den-xam-cam_5_.png
509,33,https://cdn2.cellphones.com.vn/x/media/catalog/product/b/a/ban-phim-co-co-day-rapoo-v501-87-den-xam-cam_4_.png
510,33,https://cellphones.com.vn/media/catalog/product/b/a/ban-phim-co-co-day-rapoo-v501-87-den-xam-cam_2__1.png
511,33,https://cellphones.com.vn/media/catalog/product/b/a/ban-phim-co-co-day-rapoo-v501-87-den-xam-cam_1_.png
512,33,https://cellphones.com.vn/media/catalog/product/b/a/ban-phim-co-co-day-rapoo-v501-87-den-xam-cam_2_.png
513,33,https://cellphones.com.vn/media/catalog/product/b/a/ban-phim-co-co-day-rapoo-v501-87-den-xam-cam_3_.png
514,33,https://cellphones.com.vn/media/catalog/product/b/a/ban-phim-co-co-day-rapoo-v501-87-den-xam-cam_5_.png
515,33,https://cellphones.com.vn/media/catalog/product/b/a/ban-phim-co-co-day-rapoo-v501-87-den-xam-cam_4_.png
516,34,https://cdn2.cellphones.com.vn/media/catalog/product/b/a/ban-phim-co-gaming-e-dra-ek3104k-den_1_.png
517,34,https://cdn2.cellphones.com.vn/x/media/catalog/product/b/a/ban-phim-co-gaming-e-dra-ek3104k-den_3_.png
518,34,https://cdn2.cellphones.com.vn/x/media/catalog/product/b/a/ban-phim-co-gaming-e-dra-ek3104k-den_2_.png
519,34,https://cellphones.com.vn/media/catalog/product/b/a/ban-phim-co-gaming-e-dra-ek3104k-den_2__1.png
520,34,https://cellphones.com.vn/media/catalog/product/b/a/ban-phim-co-gaming-e-dra-ek3104k-den_3__1.png
521,34,https://cellphones.com.vn/media/catalog/product/b/a/ban-phim-co-gaming-e-dra-ek3104k-den_1_.png
522,34,https://cellphones.com.vn/media/catalog/product/b/a/ban-phim-co-gaming-e-dra-ek3104k-den_3_.png
523,34,https://cellphones.com.vn/media/catalog/product/b/a/ban-phim-co-gaming-e-dra-ek3104k-den_2_.png
524,35,https://cdn2.cellphones.com.vn/media/catalog/product/b/a/ban-phim-co-gaming-e-dra-ek315x-den-xam_1_.png
525,35,https://cdn2.cellphones.com.vn/x/media/catalog/product/b/a/ban-phim-co-gaming-e-dra-ek315x-den-xam_2_.png
526,35,https://cellphones.com.vn/media/catalog/product/b/a/ban-phim-co-gaming-e-dra-ek315x-den-xam_2__1.png
527,35,https://cellphones.com.vn/media/catalog/product/b/a/ban-phim-co-gaming-e-dra-ek315x-den-xam_1_.png
528,35,https://cellphones.com.vn/media/catalog/product/b/a/ban-phim-co-gaming-e-dra-ek315x-den-xam_2_.png
529,36,https://cdn2.cellphones.com.vn/media/catalog/product/b/a/ban-phim-co-gaming-e-dra-ek315x-xam-den_1_.png
530,36,https://cdn2.cellphones.com.vn/x/media/catalog/product/b/a/ban-phim-co-gaming-e-dra-ek315x-xam-den_2_.png
531,36,https://cellphones.com.vn/media/catalog/product/b/a/ban-phim-co-gaming-e-dra-ek315x-xam-den_2__1.png
532,36,https://cellphones.com.vn/media/catalog/product/b/a/ban-phim-co-gaming-e-dra-ek315x-xam-den_1_.png
533,36,https://cellphones.com.vn/media/catalog/product/b/a/ban-phim-co-gaming-e-dra-ek315x-xam-den_2_.png
534,37,https://cdn2.cellphones.com.vn/media/catalog/product/b/a/ban-phim-co-gaming-e-dra-ek398prov2-den_1_.png
535,37,https://cdn2.cellphones.com.vn/x/media/catalog/product/b/a/ban-phim-co-gaming-e-dra-ek398prov2-den_2_.png
536,37,https://cdn2.cellphones.com.vn/x/media/catalog/product/b/a/ban-phim-co-gaming-e-dra-ek398prov2-den_4_.png
537,37,https://cdn2.cellphones.com.vn/x/media/catalog/product/b/a/ban-phim-co-gaming-e-dra-ek398prov2-den_5_.png
538,37,https://cdn2.cellphones.com.vn/x/media/catalog/product/b/a/ban-phim-co-gaming-e-dra-ek398prov2-den_3_.png
539,37,https://cellphones.com.vn/media/catalog/product/b/a/ban-phim-co-gaming-e-dra-ek398prov2-den_2__1.png
540,37,https://cellphones.com.vn/media/catalog/product/b/a/ban-phim-co-gaming-e-dra-ek398prov2-den_1_.png
541,37,https://cellphones.com.vn/media/catalog/product/b/a/ban-phim-co-gaming-e-dra-ek398prov2-den_2_.png
542,37,https://cellphones.com.vn/media/catalog/product/b/a/ban-phim-co-gaming-e-dra-ek398prov2-den_4_.png
543,37,https://cellphones.com.vn/media/catalog/product/b/a/ban-phim-co-gaming-e-dra-ek398prov2-den_5_.png
544,37,https://cellphones.com.vn/media/catalog/product/b/a/ban-phim-co-gaming-e-dra-ek398prov2-den_3_.png
545,38,https://cdn2.cellphones.com.vn/media/catalog/product/b/a/ban-phim-co-gaming-e-dra-ek398x-alpha-den-xam_1_.png
546,38,https://cdn2.cellphones.com.vn/x/media/catalog/product/b/a/ban-phim-co-gaming-e-dra-ek398x-alpha-den-xam_2_.png
547,38,https://cdn2.cellphones.com.vn/x/media/catalog/product/b/a/ban-phim-co-gaming-e-dra-ek398x-alpha-den-xam_3_.png
548,38,https://cdn2.cellphones.com.vn/x/media/catalog/product/b/a/ban-phim-co-gaming-e-dra-ek398x-alpha-den-xam_4_.png
549,38,https://cdn2.cellphones.com.vn/x/media/catalog/product/b/a/ban-phim-co-gaming-e-dra-ek398x-alpha-den-xam_5_.png
550,38,https://cellphones.com.vn/media/catalog/product/b/a/ban-phim-co-gaming-e-dra-ek398x-alpha-den-xam_2__1.png
551,38,https://cellphones.com.vn/media/catalog/product/b/a/ban-phim-co-gaming-e-dra-ek398x-alpha-den-xam_1_.png
552,38,https://cellphones.com.vn/media/catalog/product/b/a/ban-phim-co-gaming-e-dra-ek398x-alpha-den-xam_2_.png
553,38,https://cellphones.com.vn/media/catalog/product/b/a/ban-phim-co-gaming-e-dra-ek398x-alpha-den-xam_3_.png
554,38,https://cellphones.com.vn/media/catalog/product/b/a/ban-phim-co-gaming-e-dra-ek398x-alpha-den-xam_4_.png
555,38,https://cellphones.com.vn/media/catalog/product/b/a/ban-phim-co-gaming-e-dra-ek398x-alpha-den-xam_5_.png
556,39,https://cdn2.cellphones.com.vn/media/catalog/product/b/a/ban-phim-co-gaming-e-dra-ek398x-beta-den-xam_1_.png
557,39,https://cdn2.cellphones.com.vn/x/media/catalog/product/b/a/ban-phim-co-gaming-e-dra-ek398x-beta-den-xam_2_.png
558,39,https://cdn2.cellphones.com.vn/x/media/catalog/product/b/a/ban-phim-co-gaming-e-dra-ek398x-beta-den-xam_3_.png
559,39,https://cdn2.cellphones.com.vn/x/media/catalog/product/b/a/ban-phim-co-gaming-e-dra-ek398x-beta-den-xam_4_.png
560,39,https://cdn2.cellphones.com.vn/x/media/catalog/product/b/a/ban-phim-co-gaming-e-dra-ek398x-beta-den-xam_5_.png
561,39,https://cellphones.com.vn/media/catalog/product/b/a/ban-phim-co-gaming-e-dra-ek398x-beta-den-xam_2__1.png
562,39,https://cellphones.com.vn/media/catalog/product/b/a/ban-phim-co-gaming-e-dra-ek398x-beta-den-xam_1_.png
563,39,https://cellphones.com.vn/media/catalog/product/b/a/ban-phim-co-gaming-e-dra-ek398x-beta-den-xam_2_.png
564,39,https://cellphones.com.vn/media/catalog/product/b/a/ban-phim-co-gaming-e-dra-ek398x-beta-den-xam_3_.png
565,39,https://cellphones.com.vn/media/catalog/product/b/a/ban-phim-co-gaming-e-dra-ek398x-beta-den-xam_4_.png
566,39,https://cellphones.com.vn/media/catalog/product/b/a/ban-phim-co-gaming-e-dra-ek398x-beta-den-xam_5_.png
567,40,https://cdn2.cellphones.com.vn/media/catalog/product/c/h/chuot-co-day-e-dra-em6102_1_.png
568,40,https://cdn2.cellphones.com.vn/x/media/catalog/product/c/h/chuot-co-day-e-dra-em6102_2_.png
569,40,https://cdn2.cellphones.com.vn/x/media/catalog/product/c/h/chuot-co-day-e-dra-em6102_3_.png
570,40,https://cdn2.cellphones.com.vn/x/media/catalog/product/c/h/chuot-co-day-e-dra-em6102_4_.png
571,40,https://cdn2.cellphones.com.vn/x/media/catalog/product/c/h/chuot-co-day-e-dra-em6102_6_.png
572,40,https://cdn2.cellphones.com.vn/x/media/catalog/product/c/h/chuot-co-day-e-dra-em6102_5_.png
573,40,https://cdn2.cellphones.com.vn/x/media/catalog/product/c/h/chuot-co-day-e-dra-em6102_7_.png
574,40,https://cellphones.com.vn/media/catalog/product/c/h/chuot-co-day-e-dra-em6102_2__1.png
575,40,https://cellphones.com.vn/media/catalog/product/c/h/chuot-co-day-e-dra-em6102_3__1.png
576,40,https://cellphones.com.vn/media/catalog/product/c/h/chuot-co-day-e-dra-em6102_4__1.png
577,40,https://cellphones.com.vn/media/catalog/product/c/h/chuot-co-day-e-dra-em6102_1_.png
578,40,https://cellphones.com.vn/media/catalog/product/c/h/chuot-co-day-e-dra-em6102_2_.png
579,40,https://cellphones.com.vn/media/catalog/product/c/h/chuot-co-day-e-dra-em6102_3_.png
580,40,https://cellphones.com.vn/media/catalog/product/c/h/chuot-co-day-e-dra-em6102_4_.png
581,40,https://cellphones.com.vn/media/catalog/product/c/h/chuot-co-day-e-dra-em6102_6_.png
582,40,https://cellphones.com.vn/media/catalog/product/c/h/chuot-co-day-e-dra-em6102_5_.png
583,40,https://cellphones.com.vn/media/catalog/product/c/h/chuot-co-day-e-dra-em6102_7_.png
584,41,https://cdn2.cellphones.com.vn/media/catalog/product/c/h/chuot-co-day-e-dra-em6102pro_1_.png
585,41,https://cdn2.cellphones.com.vn/x/media/catalog/product/c/h/chuot-co-day-e-dra-em6102pro_2_.png
586,41,https://cdn2.cellphones.com.vn/x/media/catalog/product/c/h/chuot-co-day-e-dra-em6102pro_3_.png
587,41,https://cellphones.com.vn/media/catalog/product/c/h/chuot-co-day-e-dra-em6102pro_2__1.png
588,41,https://cellphones.com.vn/media/catalog/product/c/h/chuot-co-day-e-dra-em6102pro_1_.png
589,41,https://cellphones.com.vn/media/catalog/product/c/h/chuot-co-day-e-dra-em6102pro_2_.png
590,41,https://cellphones.com.vn/media/catalog/product/c/h/chuot-co-day-e-dra-em6102pro_3_.png
591,42,https://cdn2.cellphones.com.vn/media/catalog/product/c/h/chuot-gaming-khong-day-e-dra-em623w_1_.png
592,42,https://cdn2.cellphones.com.vn/x/media/catalog/product/c/h/chuot-gaming-khong-day-e-dra-em623w_2_.png
593,42,https://cdn2.cellphones.com.vn/x/media/catalog/product/c/h/chuot-gaming-khong-day-e-dra-em623w_7_.png
594,42,https://cdn2.cellphones.com.vn/x/media/catalog/product/c/h/chuot-gaming-khong-day-e-dra-em623w_5_.png
595,42,https://cdn2.cellphones.com.vn/x/media/catalog/product/c/h/chuot-gaming-khong-day-e-dra-em623w_6_.png
596,42,https://cdn2.cellphones.com.vn/x/media/catalog/product/c/h/chuot-gaming-khong-day-e-dra-em623w_4_.png
597,42,https://cdn2.cellphones.com.vn/x/media/catalog/product/c/h/chuot-gaming-khong-day-e-dra-em623w_3_.png
598,42,https://cellphones.com.vn/media/catalog/product/c/h/chuot-gaming-khong-day-e-dra-em623w_2__1.png
599,42,https://cellphones.com.vn/media/catalog/product/c/h/chuot-gaming-khong-day-e-dra-em623w_7__1.png
600,42,https://cellphones.com.vn/media/catalog/product/c/h/chuot-gaming-khong-day-e-dra-em623w_1_.png
601,42,https://cellphones.com.vn/media/catalog/product/c/h/chuot-gaming-khong-day-e-dra-em623w_2_.png
602,42,https://cellphones.com.vn/media/catalog/product/c/h/chuot-gaming-khong-day-e-dra-em623w_7_.png
603,42,https://cellphones.com.vn/media/catalog/product/c/h/chuot-gaming-khong-day-e-dra-em623w_5_.png
604,42,https://cellphones.com.vn/media/catalog/product/c/h/chuot-gaming-khong-day-e-dra-em623w_6_.png
605,42,https://cellphones.com.vn/media/catalog/product/c/h/chuot-gaming-khong-day-e-dra-em623w_4_.png
606,42,https://cellphones.com.vn/media/catalog/product/c/h/chuot-gaming-khong-day-e-dra-em623w_3_.png
607,43,https://cdn2.cellphones.com.vn/media/catalog/product/c/h/chuot-gaming-khong-day-e-dra-em631w_1_.png
608,43,https://cdn2.cellphones.com.vn/x/media/catalog/product/c/h/chuot-gaming-khong-day-e-dra-em631w_2_.png
609,43,https://cdn2.cellphones.com.vn/x/media/catalog/product/c/h/chuot-gaming-khong-day-e-dra-em631w_3_.png
610,43,https://cdn2.cellphones.com.vn/x/media/catalog/product/c/h/chuot-gaming-khong-day-e-dra-em631w_4_.png
611,43,https://cdn2.cellphones.com.vn/x/media/catalog/product/c/h/chuot-gaming-khong-day-e-dra-em631w_5_.png
612,43,https://cdn2.cellphones.com.vn/x/media/catalog/product/c/h/chuot-gaming-khong-day-e-dra-em631w_6_.png
613,43,https://cdn2.cellphones.com.vn/x/media/catalog/product/c/h/chuot-gaming-khong-day-e-dra-em631w_7_.png
614,43,https://cdn2.cellphones.com.vn/x/media/catalog/product/c/h/chuot-gaming-khong-day-e-dra-em631w_8_.png
615,43,https://cellphones.com.vn/media/catalog/product/c/h/chuot-gaming-khong-day-e-dra-em631w_2__1.png
616,43,https://cellphones.com.vn/media/catalog/product/c/h/chuot-gaming-khong-day-e-dra-em631w_3__1.png
617,43,https://cellphones.com.vn/media/catalog/product/c/h/chuot-gaming-khong-day-e-dra-em631w_1_.png
618,43,https://cellphones.com.vn/media/catalog/product/c/h/chuot-gaming-khong-day-e-dra-em631w_2_.png
619,43,https://cellphones.com.vn/media/catalog/product/c/h/chuot-gaming-khong-day-e-dra-em631w_3_.png
620,43,https://cellphones.com.vn/media/catalog/product/c/h/chuot-gaming-khong-day-e-dra-em631w_4_.png
621,43,https://cellphones.com.vn/media/catalog/product/c/h/chuot-gaming-khong-day-e-dra-em631w_5_.png
622,43,https://cellphones.com.vn/media/catalog/product/c/h/chuot-gaming-khong-day-e-dra-em631w_6_.png
623,43,https://cellphones.com.vn/media/catalog/product/c/h/chuot-gaming-khong-day-e-dra-em631w_7_.png
624,43,https://cellphones.com.vn/media/catalog/product/c/h/chuot-gaming-khong-day-e-dra-em631w_8_.png
625,44,https://cdn2.cellphones.com.vn/media/catalog/product/o/p/oppo-a6t_1_1_1_2.jpg
626,44,https://cdn2.cellphones.com.vn/x/media/catalog/product/o/p/oppo-a6t_1_1_1_2.jpg
627,44,https://cdn2.cellphones.com.vn/x/media/catalog/product/o/p/oppo-a6t-9_1_1_1_2.jpg
628,44,https://cdn2.cellphones.com.vn/x/media/catalog/product/o/p/oppo-a6t-1_1_1_1_2.jpg
629,44,https://cdn2.cellphones.com.vn/x/media/catalog/product/o/p/oppo-a6t-2_1_1_1_2.jpg
630,44,https://cdn2.cellphones.com.vn/x/media/catalog/product/o/p/oppo-a6t-3_1_1_1_2.jpg
631,44,https://cdn2.cellphones.com.vn/x/media/catalog/product/o/p/oppo-a6t-5_1_1_1_2.jpg
632,44,https://cdn2.cellphones.com.vn/x/media/catalog/product/o/p/oppo-a6t-4_1_1_1_2.jpg
633,44,https://cdn2.cellphones.com.vn/x/media/catalog/product/o/p/oppo-a6t-6_1_1_1_2.jpg
634,44,https://cdn2.cellphones.com.vn/x/media/catalog/product/o/p/oppo-a6t-8_1_1_1_2.jpg
635,44,https://cdn2.cellphones.com.vn/x/media/catalog/product/o/p/oppo-a6t-7_1_1_1_2.jpg
636,44,https://cdn2.cellphones.com.vn/x/media/catalog/product/o/p/oppo-a6t-10_1_1_1_2.jpg
637,44,https://cdn2.cellphones.com.vn/x/media/catalog/product/o/p/oppo-a6t-11_1_1_1_2.jpg
638,44,https://cdn2.cellphones.com.vn/x/media/catalog/product/o/p/oppo-a6t-12_1_1_1_2.jpg
639,44,https://cdn2.cellphones.com.vn/x/media/catalog/product/o/p/oppo-a6t-13_1_1_1_2.jpg
640,44,https://cdn2.cellphones.com.vn/x/media/catalog/product/o/p/oppo-a6t-14_1_1_1_2.jpg
641,44,https://cdn2.cellphones.com.vn/x/media/catalog/product/o/p/oppo-a6t-15_1_1_1_2.jpg
642,44,https://cdn2.cellphones.com.vn/x/media/catalog/product/o/p/oppo-a6t-16_1_1_1_2.jpg
643,44,https://cdn2.cellphones.com.vn/x/media/catalog/product/o/p/oppo-a6t-17_1_1_1_2.jpg
644,44,https://cellphones.com.vn/media/catalog/product/d/i/dien-thoai-oppo-a6t-6gb-256gb-cu-dep.jpg
645,44,https://cellphones.com.vn/media/catalog/product/o/p/oppo-a6t_1_1_1_2.jpg
646,44,https://cellphones.com.vn/media/catalog/product/o/p/oppo-a6t-9_1_1_1_2.jpg
647,44,https://cellphones.com.vn/media/catalog/product/o/p/oppo-a6t-1_1_1_1_2.jpg
648,44,https://cellphones.com.vn/media/catalog/product/o/p/oppo-a6t-2_1_1_1_2.jpg
649,44,https://cellphones.com.vn/media/catalog/product/o/p/oppo-a6t-3_1_1_1_2.jpg
650,44,https://cellphones.com.vn/media/catalog/product/o/p/oppo-a6t-5_1_1_1_2.jpg
651,44,https://cellphones.com.vn/media/catalog/product/o/p/oppo-a6t-4_1_1_1_2.jpg
652,44,https://cellphones.com.vn/media/catalog/product/o/p/oppo-a6t-6_1_1_1_2.jpg
653,44,https://cellphones.com.vn/media/catalog/product/o/p/oppo-a6t-8_1_1_1_2.jpg
654,44,https://cellphones.com.vn/media/catalog/product/o/p/oppo-a6t-7_1_1_1_2.jpg
655,44,https://cellphones.com.vn/media/catalog/product/o/p/oppo-a6t-10_1_1_1_2.jpg
656,44,https://cellphones.com.vn/media/catalog/product/o/p/oppo-a6t-11_1_1_1_2.jpg
657,44,https://cellphones.com.vn/media/catalog/product/o/p/oppo-a6t-12_1_1_1_2.jpg
658,44,https://cellphones.com.vn/media/catalog/product/o/p/oppo-a6t-13_1_1_1_2.jpg
659,44,https://cellphones.com.vn/media/catalog/product/o/p/oppo-a6t-14_1_1_1_2.jpg
660,44,https://cellphones.com.vn/media/catalog/product/o/p/oppo-a6t-15_1_1_1_2.jpg
661,44,https://cellphones.com.vn/media/catalog/product/o/p/oppo-a6t-16_1_1_1_2.jpg
662,44,https://cellphones.com.vn/media/catalog/product/o/p/oppo-a6t-17_1_1_1_2.jpg
663,45,https://cdn2.cellphones.com.vn/media/catalog/product/s/a/samsung-a57_1_1.jpg
664,45,https://cdn2.cellphones.com.vn/x/media/catalog/product/d/i/dien-thoai-samsung-galaxy-a57-tim_2.jpg
665,45,https://cdn2.cellphones.com.vn/x/media/catalog/product/d/i/dien-thoai-samsung-galaxy-a57-den_2.jpg
666,45,https://cdn2.cellphones.com.vn/x/media/catalog/product/d/i/dien-thoai-samsung-galaxy-a57-nau_1.jpg
667,45,https://cdn2.cellphones.com.vn/x/media/catalog/product/d/i/dien-thoai-samsung-galaxy-a57-trag_1.jpg
668,45,https://cdn2.cellphones.com.vn/x/media/catalog/product/d/i/dien-thoai-samsung-galaxy-a57-tim-1_1.jpg
669,45,https://cdn2.cellphones.com.vn/x/media/catalog/product/d/i/dien-thoai-samsung-galaxy-a57-tim-2_1.jpg
670,45,https://cdn2.cellphones.com.vn/x/media/catalog/product/d/i/dien-thoai-samsung-galaxy-a57-tim-3_1.jpg
671,45,https://cdn2.cellphones.com.vn/x/media/catalog/product/d/i/dien-thoai-samsung-galaxy-a57-tim-4_1.jpg
672,45,https://cdn2.cellphones.com.vn/x/media/catalog/product/d/i/dien-thoai-samsung-galaxy-a57-tim-5_1.jpg
673,45,https://cdn2.cellphones.com.vn/x/media/catalog/product/d/i/dien-thoai-samsung-galaxy-a57-tim-6_1.jpg
674,45,https://cdn2.cellphones.com.vn/x/media/catalog/product/d/i/dien-thoai-samsung-galaxy-a57-tim-7_1.jpg
675,45,https://cdn2.cellphones.com.vn/x/media/catalog/product/d/i/dien-thoai-samsung-galaxy-a57-tim-8_1.jpg
676,45,https://cdn2.cellphones.com.vn/x/media/catalog/product/d/i/dien-thoai-samsung-galaxy-a57-den-1_1.jpg
677,45,https://cdn2.cellphones.com.vn/x/media/catalog/product/d/i/dien-thoai-samsung-galaxy-a57-den-2_1.jpg
678,45,https://cdn2.cellphones.com.vn/x/media/catalog/product/d/i/dien-thoai-samsung-galaxy-a57-den-3_1.jpg
679,45,https://cdn2.cellphones.com.vn/x/media/catalog/product/d/i/dien-thoai-samsung-galaxy-a57-den-4_1.jpg
680,45,https://cdn2.cellphones.com.vn/x/media/catalog/product/d/i/dien-thoai-samsung-galaxy-a57-den-5_1.jpg
681,45,https://cdn2.cellphones.com.vn/x/media/catalog/product/d/i/dien-thoai-samsung-galaxy-a57-den-6_1.jpg
682,45,https://cdn2.cellphones.com.vn/x/media/catalog/product/d/i/dien-thoai-samsung-galaxy-a57-den-7_1.jpg
683,45,https://cdn2.cellphones.com.vn/x/media/catalog/product/d/i/dien-thoai-samsung-galaxy-a57-nau-1_1.jpg
684,45,https://cdn2.cellphones.com.vn/x/media/catalog/product/d/i/dien-thoai-samsung-galaxy-a57-nau-2_1.jpg
685,45,https://cdn2.cellphones.com.vn/x/media/catalog/product/d/i/dien-thoai-samsung-galaxy-a57-nau-3_1.jpg
686,45,https://cdn2.cellphones.com.vn/x/media/catalog/product/d/i/dien-thoai-samsung-galaxy-a57-nau-4_1.jpg
687,45,https://cdn2.cellphones.com.vn/x/media/catalog/product/d/i/dien-thoai-samsung-galaxy-a57-nau-5_1.jpg
688,45,https://cdn2.cellphones.com.vn/x/media/catalog/product/d/i/dien-thoai-samsung-galaxy-a57-nau-6_1.jpg
689,45,https://cdn2.cellphones.com.vn/x/media/catalog/product/d/i/dien-thoai-samsung-galaxy-a57-nau-7_1.jpg
690,45,https://cdn2.cellphones.com.vn/x/media/catalog/product/d/i/dien-thoai-samsung-galaxy-a57-trag-1_1.jpg
691,45,https://cdn2.cellphones.com.vn/x/media/catalog/product/d/i/dien-thoai-samsung-galaxy-a57-trag-2_1.jpg
692,45,https://cdn2.cellphones.com.vn/x/media/catalog/product/d/i/dien-thoai-samsung-galaxy-a57-trag-3_1.jpg
693,45,https://cdn2.cellphones.com.vn/x/media/catalog/product/d/i/dien-thoai-samsung-galaxy-a57-trag-4_1.jpg
694,45,https://cdn2.cellphones.com.vn/x/media/catalog/product/d/i/dien-thoai-samsung-galaxy-a57-trag-5_1.jpg
695,45,https://cdn2.cellphones.com.vn/x/media/catalog/product/d/i/dien-thoai-samsung-galaxy-a57-trag-6_1.jpg
696,45,https://cdn2.cellphones.com.vn/x/media/catalog/product/d/i/dien-thoai-samsung-galaxy-a57-trag-7_1.jpg
697,45,https://cellphones.com.vn/media/catalog/product/d/i/dien-thoai-samsung-galaxy-a57-cu-da-kich-hoat-2.jpg
698,45,https://cellphones.com.vn/media/catalog/product/s/a/samsung-a57_1_1.jpg
699,45,https://cellphones.com.vn/media/catalog/product/d/i/dien-thoai-samsung-galaxy-a57-tim_2.jpg
700,45,https://cellphones.com.vn/media/catalog/product/d/i/dien-thoai-samsung-galaxy-a57-den_2.jpg
701,45,https://cellphones.com.vn/media/catalog/product/d/i/dien-thoai-samsung-galaxy-a57-nau_1.jpg
702,45,https://cellphones.com.vn/media/catalog/product/d/i/dien-thoai-samsung-galaxy-a57-trag_1.jpg
703,45,https://cellphones.com.vn/media/catalog/product/d/i/dien-thoai-samsung-galaxy-a57-tim-1_1.jpg
704,45,https://cellphones.com.vn/media/catalog/product/d/i/dien-thoai-samsung-galaxy-a57-tim-2_1.jpg
705,45,https://cellphones.com.vn/media/catalog/product/d/i/dien-thoai-samsung-galaxy-a57-tim-3_1.jpg
706,45,https://cellphones.com.vn/media/catalog/product/d/i/dien-thoai-samsung-galaxy-a57-tim-4_1.jpg
707,45,https://cellphones.com.vn/media/catalog/product/d/i/dien-thoai-samsung-galaxy-a57-tim-5_1.jpg
708,45,https://cellphones.com.vn/media/catalog/product/d/i/dien-thoai-samsung-galaxy-a57-tim-6_1.jpg
709,45,https://cellphones.com.vn/media/catalog/product/d/i/dien-thoai-samsung-galaxy-a57-tim-7_1.jpg
710,45,https://cellphones.com.vn/media/catalog/product/d/i/dien-thoai-samsung-galaxy-a57-tim-8_1.jpg
711,45,https://cellphones.com.vn/media/catalog/product/d/i/dien-thoai-samsung-galaxy-a57-den-1_1.jpg
712,45,https://cellphones.com.vn/media/catalog/product/d/i/dien-thoai-samsung-galaxy-a57-den-2_1.jpg
713,45,https://cellphones.com.vn/media/catalog/product/d/i/dien-thoai-samsung-galaxy-a57-den-3_1.jpg
714,45,https://cellphones.com.vn/media/catalog/product/d/i/dien-thoai-samsung-galaxy-a57-den-4_1.jpg
715,45,https://cellphones.com.vn/media/catalog/product/d/i/dien-thoai-samsung-galaxy-a57-den-5_1.jpg
716,45,https://cellphones.com.vn/media/catalog/product/d/i/dien-thoai-samsung-galaxy-a57-den-6_1.jpg
717,45,https://cellphones.com.vn/media/catalog/product/d/i/dien-thoai-samsung-galaxy-a57-den-7_1.jpg
718,45,https://cellphones.com.vn/media/catalog/product/d/i/dien-thoai-samsung-galaxy-a57-nau-1_1.jpg
719,45,https://cellphones.com.vn/media/catalog/product/d/i/dien-thoai-samsung-galaxy-a57-nau-2_1.jpg
720,45,https://cellphones.com.vn/media/catalog/product/d/i/dien-thoai-samsung-galaxy-a57-nau-3_1.jpg
721,45,https://cellphones.com.vn/media/catalog/product/d/i/dien-thoai-samsung-galaxy-a57-nau-4_1.jpg
722,45,https://cellphones.com.vn/media/catalog/product/d/i/dien-thoai-samsung-galaxy-a57-nau-5_1.jpg
723,45,https://cellphones.com.vn/media/catalog/product/d/i/dien-thoai-samsung-galaxy-a57-nau-6_1.jpg
724,45,https://cellphones.com.vn/media/catalog/product/d/i/dien-thoai-samsung-galaxy-a57-nau-7_1.jpg
725,45,https://cellphones.com.vn/media/catalog/product/d/i/dien-thoai-samsung-galaxy-a57-trag-1_1.jpg
726,45,https://cellphones.com.vn/media/catalog/product/d/i/dien-thoai-samsung-galaxy-a57-trag-2_1.jpg
727,45,https://cellphones.com.vn/media/catalog/product/d/i/dien-thoai-samsung-galaxy-a57-trag-3_1.jpg
728,45,https://cellphones.com.vn/media/catalog/product/d/i/dien-thoai-samsung-galaxy-a57-trag-4_1.jpg
729,45,https://cellphones.com.vn/media/catalog/product/d/i/dien-thoai-samsung-galaxy-a57-trag-5_1.jpg
730,45,https://cellphones.com.vn/media/catalog/product/d/i/dien-thoai-samsung-galaxy-a57-trag-6_1.jpg
731,45,https://cellphones.com.vn/media/catalog/product/d/i/dien-thoai-samsung-galaxy-a57-trag-7_1.jpg
732,46,https://cdn2.cellphones.com.vn/media/catalog/product/d/i/dien-thoai-xiaomi-redmi-15c-41_1_3_1.jpg
733,46,https://cdn2.cellphones.com.vn/x/media/catalog/product/s/l/slider-xiaomi-redmi-15c-8gb-256gb_1.jpg
734,46,https://cdn2.cellphones.com.vn/x/media/catalog/product/s/l/slider-xiaomi-redmi-15c-8gb-256gb-1_1.jpg
735,46,https://cdn2.cellphones.com.vn/x/media/catalog/product/s/l/slider-xiaomi-redmi-15c-8gb-256gb-2_1.jpg
736,46,https://cdn2.cellphones.com.vn/x/media/catalog/product/s/l/slider-xiaomi-redmi-15c-8gb-256gb-3_1.jpg
737,46,https://cdn2.cellphones.com.vn/x/media/catalog/product/s/l/slider-xiaomi-redmi-15c-8gb-256gb-4_1.jpg
738,46,https://cdn2.cellphones.com.vn/x/media/catalog/product/d/i/dien-thoai-xiaomi-redmi-15c-41_1_3_1.jpg
739,46,https://cdn2.cellphones.com.vn/x/media/catalog/product/d/i/dien-thoai-xiaomi-redmi-15c-40_1_3_1.jpg
740,46,https://cdn2.cellphones.com.vn/x/media/catalog/product/f/r/frame_427320357_1_2_2_1.jpg
741,46,https://cdn2.cellphones.com.vn/x/media/catalog/product/d/i/dien-thoai-xiaomi-redmi-15c-42_1_3_1.jpg
742,46,https://cdn2.cellphones.com.vn/x/media/catalog/product/d/i/dien-thoai-xiaomi-redmi-15c-2_1_3_1.jpg
743,46,https://cdn2.cellphones.com.vn/x/media/catalog/product/d/i/dien-thoai-xiaomi-redmi-15c-1_1_3_1.jpg
744,46,https://cdn2.cellphones.com.vn/x/media/catalog/product/d/i/dien-thoai-xiaomi-redmi-15c_1_3_1.jpg
745,46,https://cdn2.cellphones.com.vn/x/media/catalog/product/d/i/dien-thoai-xiaomi-redmi-15c-3_1_3_1.jpg
746,46,https://cdn2.cellphones.com.vn/x/media/catalog/product/d/i/dien-thoai-xiaomi-redmi-15c-4_1_3_1.jpg
747,46,https://cdn2.cellphones.com.vn/x/media/catalog/product/d/i/dien-thoai-xiaomi-redmi-15c-5_1_3_1.jpg
748,46,https://cdn2.cellphones.com.vn/x/media/catalog/product/d/i/dien-thoai-xiaomi-redmi-15c-6_1_3_1.jpg
749,46,https://cdn2.cellphones.com.vn/x/media/catalog/product/d/i/dien-thoai-xiaomi-redmi-15c-7_1_3_1.jpg
750,46,https://cdn2.cellphones.com.vn/x/media/catalog/product/d/i/dien-thoai-xiaomi-redmi-15c-8_1_3_1.jpg
751,46,https://cdn2.cellphones.com.vn/x/media/catalog/product/d/i/dien-thoai-xiaomi-redmi-15c-9_1_3_1.jpg
752,46,https://cdn2.cellphones.com.vn/x/media/catalog/product/d/i/dien-thoai-xiaomi-redmi-15c-12_1_3_1.jpg
753,46,https://cdn2.cellphones.com.vn/x/media/catalog/product/d/i/dien-thoai-xiaomi-redmi-15c-10_1_3_1.jpg
754,46,https://cdn2.cellphones.com.vn/x/media/catalog/product/d/i/dien-thoai-xiaomi-redmi-15c-11_1_3_1.jpg
755,46,https://cdn2.cellphones.com.vn/x/media/catalog/product/d/i/dien-thoai-xiaomi-redmi-15c-15_1_3_1.jpg
756,46,https://cdn2.cellphones.com.vn/x/media/catalog/product/d/i/dien-thoai-xiaomi-redmi-15c-13_1_3_1.jpg
757,46,https://cdn2.cellphones.com.vn/x/media/catalog/product/d/i/dien-thoai-xiaomi-redmi-15c-14_1_3_1.jpg
758,46,https://cdn2.cellphones.com.vn/x/media/catalog/product/d/i/dien-thoai-xiaomi-redmi-15c-16_1_3_1.jpg
759,46,https://cdn2.cellphones.com.vn/x/media/catalog/product/d/i/dien-thoai-xiaomi-redmi-15c-17_1_3_1.jpg
760,46,https://cdn2.cellphones.com.vn/x/media/catalog/product/d/i/dien-thoai-xiaomi-redmi-15c-19_1_3_1.jpg
761,46,https://cdn2.cellphones.com.vn/x/media/catalog/product/d/i/dien-thoai-xiaomi-redmi-15c-18_1_3_1.jpg
762,46,https://cdn2.cellphones.com.vn/x/media/catalog/product/d/i/dien-thoai-xiaomi-redmi-15c-22_1_3_1.jpg
763,46,https://cdn2.cellphones.com.vn/x/media/catalog/product/d/i/dien-thoai-xiaomi-redmi-15c-21_1_3_1.jpg
764,46,https://cdn2.cellphones.com.vn/x/media/catalog/product/d/i/dien-thoai-xiaomi-redmi-15c-20_1_3_1.jpg
765,46,https://cdn2.cellphones.com.vn/x/media/catalog/product/d/i/dien-thoai-xiaomi-redmi-15c-25_1_3_1.jpg
766,46,https://cdn2.cellphones.com.vn/x/media/catalog/product/d/i/dien-thoai-xiaomi-redmi-15c-23_1_3_1.jpg
767,46,https://cdn2.cellphones.com.vn/x/media/catalog/product/d/i/dien-thoai-xiaomi-redmi-15c-24_1_3_1.jpg
768,46,https://cdn2.cellphones.com.vn/x/media/catalog/product/d/i/dien-thoai-xiaomi-redmi-15c-26_1_3_1.jpg
769,46,https://cdn2.cellphones.com.vn/x/media/catalog/product/d/i/dien-thoai-xiaomi-redmi-15c-27_1_3_1.jpg
770,46,https://cdn2.cellphones.com.vn/x/media/catalog/product/d/i/dien-thoai-xiaomi-redmi-15c-28_1_3_1.jpg
771,46,https://cdn2.cellphones.com.vn/x/media/catalog/product/d/i/dien-thoai-xiaomi-redmi-15c-29_1_3_1.jpg
772,46,https://cdn2.cellphones.com.vn/x/media/catalog/product/d/i/dien-thoai-xiaomi-redmi-15c-32_1_3_1.jpg
773,46,https://cdn2.cellphones.com.vn/x/media/catalog/product/d/i/dien-thoai-xiaomi-redmi-15c-31_1_3_1.jpg
774,46,https://cdn2.cellphones.com.vn/x/media/catalog/product/d/i/dien-thoai-xiaomi-redmi-15c-30_1_3_1.jpg
775,46,https://cdn2.cellphones.com.vn/x/media/catalog/product/d/i/dien-thoai-xiaomi-redmi-15c-33_1_3_1.jpg
776,46,https://cdn2.cellphones.com.vn/x/media/catalog/product/d/i/dien-thoai-xiaomi-redmi-15c-34_1_3_1.jpg
777,46,https://cdn2.cellphones.com.vn/x/media/catalog/product/d/i/dien-thoai-xiaomi-redmi-15c-35_1_3_1.jpg
778,46,https://cdn2.cellphones.com.vn/x/media/catalog/product/d/i/dien-thoai-xiaomi-redmi-15c-36_1_3_1.jpg
779,46,https://cdn2.cellphones.com.vn/x/media/catalog/product/d/i/dien-thoai-xiaomi-redmi-15c-37_1_3_1.jpg
780,46,https://cdn2.cellphones.com.vn/x/media/catalog/product/d/i/dien-thoai-xiaomi-redmi-15c-38_1_3_1.jpg
781,46,https://cdn2.cellphones.com.vn/x/media/catalog/product/d/i/dien-thoai-xiaomi-redmi-15c-39_1_3_1.jpg
782,46,https://cellphones.com.vn/media/catalog/product/d/i/dien-thoai-xiaomi-redmi-15c-8gb-256gb-cu-da-kich-hoat.jpg
783,46,https://cellphones.com.vn/media/catalog/product/d/i/dien-thoai-xiaomi-redmi-15c-41_1_3_1.jpg
784,46,https://cellphones.com.vn/media/catalog/product/s/l/slider-xiaomi-redmi-15c-8gb-256gb_1.jpg
785,46,https://cellphones.com.vn/media/catalog/product/s/l/slider-xiaomi-redmi-15c-8gb-256gb-1_1.jpg
786,46,https://cellphones.com.vn/media/catalog/product/s/l/slider-xiaomi-redmi-15c-8gb-256gb-2_1.jpg
787,46,https://cellphones.com.vn/media/catalog/product/s/l/slider-xiaomi-redmi-15c-8gb-256gb-3_1.jpg
788,46,https://cellphones.com.vn/media/catalog/product/s/l/slider-xiaomi-redmi-15c-8gb-256gb-4_1.jpg
789,46,https://cellphones.com.vn/media/catalog/product/d/i/dien-thoai-xiaomi-redmi-15c-40_1_3_1.jpg
790,46,https://cellphones.com.vn/media/catalog/product/f/r/frame_427320357_1_2_2_1.jpg
791,46,https://cellphones.com.vn/media/catalog/product/d/i/dien-thoai-xiaomi-redmi-15c-42_1_3_1.jpg
792,46,https://cellphones.com.vn/media/catalog/product/d/i/dien-thoai-xiaomi-redmi-15c-2_1_3_1.jpg
793,46,https://cellphones.com.vn/media/catalog/product/d/i/dien-thoai-xiaomi-redmi-15c-1_1_3_1.jpg
794,46,https://cellphones.com.vn/media/catalog/product/d/i/dien-thoai-xiaomi-redmi-15c_1_3_1.jpg
795,46,https://cellphones.com.vn/media/catalog/product/d/i/dien-thoai-xiaomi-redmi-15c-3_1_3_1.jpg
796,46,https://cellphones.com.vn/media/catalog/product/d/i/dien-thoai-xiaomi-redmi-15c-4_1_3_1.jpg
797,46,https://cellphones.com.vn/media/catalog/product/d/i/dien-thoai-xiaomi-redmi-15c-5_1_3_1.jpg
798,46,https://cellphones.com.vn/media/catalog/product/d/i/dien-thoai-xiaomi-redmi-15c-6_1_3_1.jpg
799,46,https://cellphones.com.vn/media/catalog/product/d/i/dien-thoai-xiaomi-redmi-15c-7_1_3_1.jpg
800,46,https://cellphones.com.vn/media/catalog/product/d/i/dien-thoai-xiaomi-redmi-15c-8_1_3_1.jpg
801,46,https://cellphones.com.vn/media/catalog/product/d/i/dien-thoai-xiaomi-redmi-15c-9_1_3_1.jpg
802,46,https://cellphones.com.vn/media/catalog/product/d/i/dien-thoai-xiaomi-redmi-15c-12_1_3_1.jpg
803,46,https://cellphones.com.vn/media/catalog/product/d/i/dien-thoai-xiaomi-redmi-15c-10_1_3_1.jpg
804,46,https://cellphones.com.vn/media/catalog/product/d/i/dien-thoai-xiaomi-redmi-15c-11_1_3_1.jpg
805,46,https://cellphones.com.vn/media/catalog/product/d/i/dien-thoai-xiaomi-redmi-15c-15_1_3_1.jpg
806,46,https://cellphones.com.vn/media/catalog/product/d/i/dien-thoai-xiaomi-redmi-15c-13_1_3_1.jpg
807,46,https://cellphones.com.vn/media/catalog/product/d/i/dien-thoai-xiaomi-redmi-15c-14_1_3_1.jpg
808,46,https://cellphones.com.vn/media/catalog/product/d/i/dien-thoai-xiaomi-redmi-15c-16_1_3_1.jpg
809,46,https://cellphones.com.vn/media/catalog/product/d/i/dien-thoai-xiaomi-redmi-15c-17_1_3_1.jpg
810,46,https://cellphones.com.vn/media/catalog/product/d/i/dien-thoai-xiaomi-redmi-15c-19_1_3_1.jpg
811,46,https://cellphones.com.vn/media/catalog/product/d/i/dien-thoai-xiaomi-redmi-15c-18_1_3_1.jpg
812,46,https://cellphones.com.vn/media/catalog/product/d/i/dien-thoai-xiaomi-redmi-15c-22_1_3_1.jpg
813,46,https://cellphones.com.vn/media/catalog/product/d/i/dien-thoai-xiaomi-redmi-15c-21_1_3_1.jpg
814,46,https://cellphones.com.vn/media/catalog/product/d/i/dien-thoai-xiaomi-redmi-15c-20_1_3_1.jpg
815,46,https://cellphones.com.vn/media/catalog/product/d/i/dien-thoai-xiaomi-redmi-15c-25_1_3_1.jpg
816,46,https://cellphones.com.vn/media/catalog/product/d/i/dien-thoai-xiaomi-redmi-15c-23_1_3_1.jpg
817,46,https://cellphones.com.vn/media/catalog/product/d/i/dien-thoai-xiaomi-redmi-15c-24_1_3_1.jpg
818,46,https://cellphones.com.vn/media/catalog/product/d/i/dien-thoai-xiaomi-redmi-15c-26_1_3_1.jpg
819,46,https://cellphones.com.vn/media/catalog/product/d/i/dien-thoai-xiaomi-redmi-15c-27_1_3_1.jpg
820,46,https://cellphones.com.vn/media/catalog/product/d/i/dien-thoai-xiaomi-redmi-15c-28_1_3_1.jpg
821,46,https://cellphones.com.vn/media/catalog/product/d/i/dien-thoai-xiaomi-redmi-15c-29_1_3_1.jpg
822,46,https://cellphones.com.vn/media/catalog/product/d/i/dien-thoai-xiaomi-redmi-15c-32_1_3_1.jpg
823,46,https://cellphones.com.vn/media/catalog/product/d/i/dien-thoai-xiaomi-redmi-15c-31_1_3_1.jpg
824,46,https://cellphones.com.vn/media/catalog/product/d/i/dien-thoai-xiaomi-redmi-15c-30_1_3_1.jpg
825,46,https://cellphones.com.vn/media/catalog/product/d/i/dien-thoai-xiaomi-redmi-15c-33_1_3_1.jpg
826,46,https://cellphones.com.vn/media/catalog/product/d/i/dien-thoai-xiaomi-redmi-15c-34_1_3_1.jpg
827,46,https://cellphones.com.vn/media/catalog/product/d/i/dien-thoai-xiaomi-redmi-15c-35_1_3_1.jpg
828,46,https://cellphones.com.vn/media/catalog/product/d/i/dien-thoai-xiaomi-redmi-15c-36_1_3_1.jpg
829,46,https://cellphones.com.vn/media/catalog/product/d/i/dien-thoai-xiaomi-redmi-15c-37_1_3_1.jpg
830,46,https://cellphones.com.vn/media/catalog/product/d/i/dien-thoai-xiaomi-redmi-15c-38_1_3_1.jpg
831,46,https://cellphones.com.vn/media/catalog/product/d/i/dien-thoai-xiaomi-redmi-15c-39_1_3_1.jpg
832,47,https://cdn2.cellphones.com.vn/media/catalog/product/j/s/jscnkscmns_1_2_1.jpg
833,47,https://cdn2.cellphones.com.vn/x/media/catalog/product/i/m/image_2019-09-12_16-48-39_3_1_1.png
834,47,https://cdn2.cellphones.com.vn/x/media/catalog/product/f/e/fenix6s-sapphire_hr_2002_2_1_1.png
835,47,https://cdn2.cellphones.com.vn/x/media/catalog/product/i/m/image_2019-09-12_16-50-35_2_1_1.png
836,47,https://cdn2.cellphones.com.vn/x/media/catalog/product/f/e/fenix6s-sapphire_hr_2004_2_1_1.png
837,47,https://cdn2.cellphones.com.vn/x/media/catalog/product/i/m/image_2019-09-12_16-49-11_2_1_1.png
838,47,https://cdn2.cellphones.com.vn/x/media/catalog/product/f/e/fenix6s-sapphire_hr_2005_2_1_1.png
839,47,https://cdn2.cellphones.com.vn/x/media/catalog/product/i/m/image_2019-09-12_16-48-56_2_1_1.png
840,47,https://cdn2.cellphones.com.vn/x/media/catalog/product/j/s/jscnkscmns_1_2_1.jpg
841,47,https://cellphones.com.vn/media/catalog/product/c/p/cps-25-03_26_.png
842,47,https://cellphones.com.vn/media/catalog/product/j/s/jscnkscmns_1_2_1.jpg
843,47,https://cellphones.com.vn/media/catalog/product/i/m/image_2019-09-12_16-48-39_3_1_1.png
844,47,https://cellphones.com.vn/media/catalog/product/f/e/fenix6s-sapphire_hr_2002_2_1_1.png
845,47,https://cellphones.com.vn/media/catalog/product/i/m/image_2019-09-12_16-50-35_2_1_1.png
846,47,https://cellphones.com.vn/media/catalog/product/f/e/fenix6s-sapphire_hr_2004_2_1_1.png
847,47,https://cellphones.com.vn/media/catalog/product/i/m/image_2019-09-12_16-49-11_2_1_1.png
848,47,https://cellphones.com.vn/media/catalog/product/f/e/fenix6s-sapphire_hr_2005_2_1_1.png
849,47,https://cellphones.com.vn/media/catalog/product/i/m/image_2019-09-12_16-48-56_2_1_1.png
850,47,https://cdn2.cellphones.com.vn/200x/media/catalog/productno_selection
851,48,https://cdn2.cellphones.com.vn/media/catalog/product/i/p/ipad-pro-m5_1_1_2_2.jpg
852,48,https://cdn2.cellphones.com.vn/x/media/catalog/product/i/p/ipad-pro-m5-2_1_1_2_2.jpg
853,48,https://cdn2.cellphones.com.vn/x/media/catalog/product/i/p/ipad-pro-m5_1_1_2_2.jpg
854,48,https://cdn2.cellphones.com.vn/x/media/catalog/product/i/p/ipad-pro-m5-9_2_2.png
855,48,https://cdn2.cellphones.com.vn/x/media/catalog/product/i/p/ipad-pro-m5-8_2_2.png
856,48,https://cdn2.cellphones.com.vn/x/media/catalog/product/i/p/ipad-pro-m5-7_2_2.png
857,48,https://cdn2.cellphones.com.vn/x/media/catalog/product/i/p/ipad-pro-m5-6_2_2.png
858,48,https://cdn2.cellphones.com.vn/x/media/catalog/product/i/p/ipad-pro-m5-5_2_2.png
859,48,https://cdn2.cellphones.com.vn/x/media/catalog/product/i/p/ipad-pro-m5-4_2_2.png
860,48,https://cdn2.cellphones.com.vn/x/media/catalog/product/i/p/ipad-pro-m5-3_2_2.png
861,48,https://cellphones.com.vn/media/catalog/product/i/p/ipad-pro-m5-11-inch-5g-512gb-cu-doi-bao-hanh.jpg
862,48,https://cellphones.com.vn/media/catalog/product/i/p/ipad-pro-m5_1_1_2_2.jpg
863,48,https://cellphones.com.vn/media/catalog/product/i/p/ipad-pro-m5-2_1_1_2_2.jpg
864,48,https://cellphones.com.vn/media/catalog/product/i/p/ipad-pro-m5-9_2_2.png
865,48,https://cellphones.com.vn/media/catalog/product/i/p/ipad-pro-m5-8_2_2.png
866,48,https://cellphones.com.vn/media/catalog/product/i/p/ipad-pro-m5-7_2_2.png
867,48,https://cellphones.com.vn/media/catalog/product/i/p/ipad-pro-m5-6_2_2.png
868,48,https://cellphones.com.vn/media/catalog/product/i/p/ipad-pro-m5-5_2_2.png
869,48,https://cellphones.com.vn/media/catalog/product/i/p/ipad-pro-m5-4_2_2.png
870,48,https://cellphones.com.vn/media/catalog/product/i/p/ipad-pro-m5-3_2_2.png
871,49,https://cdn2.cellphones.com.vn/media/catalog/product/g/r/group_744_2__8_2_2.png
872,49,https://cdn2.cellphones.com.vn/x/media/catalog/product/l/a/laptop_acer_aspire_go_14_ai_ag14-71m-57wr_-_1_1_2.png
873,49,https://cdn2.cellphones.com.vn/x/media/catalog/product/l/a/laptop_acer_aspire_go_14_ai_ag14-71m-57wr_-_2_1_2.png
874,49,https://cdn2.cellphones.com.vn/x/media/catalog/product/l/a/laptop_acer_aspire_go_14_ai_ag14-71m-57wr_-_3_1_2.png
875,49,https://cdn2.cellphones.com.vn/x/media/catalog/product/t/e/text_ng_n_12__8_133_2_3.png
876,49,https://cdn2.cellphones.com.vn/x/media/catalog/product/t/e/text_ng_n_10__5_220_2_2.png
877,49,https://cdn2.cellphones.com.vn/x/media/catalog/product/t/e/text_ng_n_11__7_149_2_2.png
878,49,https://cdn2.cellphones.com.vn/x/media/catalog/product/t/e/text_ng_n_4__7_314_2_2.png
879,49,https://cdn2.cellphones.com.vn/x/media/catalog/product/t/e/text_ng_n_3__7_262_2_2.png
880,49,https://cdn2.cellphones.com.vn/x/media/catalog/product/t/e/text_ng_n_8__6_239_2_2.png
881,49,https://cdn2.cellphones.com.vn/x/media/catalog/product/t/e/text_ng_n_9__9_213_2_2.png
882,49,https://cdn2.cellphones.com.vn/x/media/catalog/product/t/e/text_ng_n_5__9_303_2_2.png
883,49,https://cdn2.cellphones.com.vn/x/media/catalog/product/t/e/text_ng_n_6__4_271_2_2.png
884,49,https://cellphones.com.vn/media/catalog/product/c/p/cps-25-03_45_.png
885,49,https://cellphones.com.vn/media/catalog/product/g/r/group_744_2__8_2_2.png
886,49,https://cellphones.com.vn/media/catalog/product/l/a/laptop_acer_aspire_go_14_ai_ag14-71m-57wr_-_1_1_2.png
887,49,https://cellphones.com.vn/media/catalog/product/l/a/laptop_acer_aspire_go_14_ai_ag14-71m-57wr_-_2_1_2.png
888,49,https://cellphones.com.vn/media/catalog/product/l/a/laptop_acer_aspire_go_14_ai_ag14-71m-57wr_-_3_1_2.png
889,49,https://cellphones.com.vn/media/catalog/product/t/e/text_ng_n_12__8_133_2_3.png
890,49,https://cellphones.com.vn/media/catalog/product/t/e/text_ng_n_10__5_220_2_2.png
891,49,https://cellphones.com.vn/media/catalog/product/t/e/text_ng_n_11__7_149_2_2.png
892,49,https://cellphones.com.vn/media/catalog/product/t/e/text_ng_n_4__7_314_2_2.png
893,49,https://cellphones.com.vn/media/catalog/product/t/e/text_ng_n_3__7_262_2_2.png
894,49,https://cellphones.com.vn/media/catalog/product/t/e/text_ng_n_8__6_239_2_2.png
895,49,https://cellphones.com.vn/media/catalog/product/t/e/text_ng_n_9__9_213_2_2.png
896,49,https://cellphones.com.vn/media/catalog/product/t/e/text_ng_n_5__9_303_2_2.png
897,49,https://cellphones.com.vn/media/catalog/product/t/e/text_ng_n_6__4_271_2_2.png
898,50,https://cdn2.cellphones.com.vn/media/catalog/product/t/e/text_d_i_7_118_1.png
899,50,https://cdn2.cellphones.com.vn/x/media/catalog/product/l/a/laptop_acer_gaming_nitro_v_15_anv15-41-r732_-_1_1.png
900,50,https://cdn2.cellphones.com.vn/x/media/catalog/product/l/a/laptop_acer_gaming_nitro_v_15_anv15-41-r732_-_2_1.png
901,50,https://cdn2.cellphones.com.vn/x/media/catalog/product/l/a/laptop_acer_gaming_nitro_v_15_anv15-41-r732_-_3_1.png
902,50,https://cdn2.cellphones.com.vn/x/media/catalog/product/t/e/text_ng_n_2__11_11_1.png
903,50,https://cdn2.cellphones.com.vn/x/media/catalog/product/t/e/text_ng_n_3__9_8_1.png
904,50,https://cdn2.cellphones.com.vn/x/media/catalog/product/t/e/text_ng_n_4__9_11_1.png
905,50,https://cdn2.cellphones.com.vn/x/media/catalog/product/t/e/text_ng_n_5__11_8_1.png
906,50,https://cdn2.cellphones.com.vn/x/media/catalog/product/t/e/text_ng_n_6__6_11_1.png
907,50,https://cdn2.cellphones.com.vn/x/media/catalog/product/t/e/text_ng_n_7__6_8_1.png
908,50,https://cdn2.cellphones.com.vn/x/media/catalog/product/t/e/text_ng_n_8__10_9_1.png
909,50,https://cdn2.cellphones.com.vn/x/media/catalog/product/t/e/text_ng_n_10__6_8_1.png
910,50,https://cdn2.cellphones.com.vn/x/media/catalog/product/t/e/text_ng_n_9__10_7_1.png
911,50,https://cellphones.com.vn/media/catalog/product/c/p/cps-25-03_23_.png
912,50,https://cellphones.com.vn/media/catalog/product/t/e/text_d_i_7_118_1.png
913,50,https://cellphones.com.vn/media/catalog/product/l/a/laptop_acer_gaming_nitro_v_15_anv15-41-r732_-_1_1.png
914,50,https://cellphones.com.vn/media/catalog/product/l/a/laptop_acer_gaming_nitro_v_15_anv15-41-r732_-_2_1.png
915,50,https://cellphones.com.vn/media/catalog/product/l/a/laptop_acer_gaming_nitro_v_15_anv15-41-r732_-_3_1.png
916,50,https://cellphones.com.vn/media/catalog/product/t/e/text_ng_n_2__11_11_1.png
917,50,https://cellphones.com.vn/media/catalog/product/t/e/text_ng_n_3__9_8_1.png
918,50,https://cellphones.com.vn/media/catalog/product/t/e/text_ng_n_4__9_11_1.png
919,50,https://cellphones.com.vn/media/catalog/product/t/e/text_ng_n_5__11_8_1.png
920,50,https://cellphones.com.vn/media/catalog/product/t/e/text_ng_n_6__6_11_1.png
921,50,https://cellphones.com.vn/media/catalog/product/t/e/text_ng_n_7__6_8_1.png
922,50,https://cellphones.com.vn/media/catalog/product/t/e/text_ng_n_8__10_9_1.png
923,50,https://cellphones.com.vn/media/catalog/product/t/e/text_ng_n_10__6_8_1.png
924,50,https://cellphones.com.vn/media/catalog/product/t/e/text_ng_n_9__10_7_1.png
925,51,https://cdn2.cellphones.com.vn/media/catalog/product/t/e/text_d_i_4__2_5_3.png
926,51,https://cdn2.cellphones.com.vn/x/media/catalog/product/t/e/text_ng_n_1__6_130_3.png
927,51,https://cdn2.cellphones.com.vn/x/media/catalog/product/t/e/text_ng_n_2__6_140_3.png
928,51,https://cdn2.cellphones.com.vn/x/media/catalog/product/t/e/text_ng_n_3__5_128_3.png
929,51,https://cdn2.cellphones.com.vn/x/media/catalog/product/t/e/text_ng_n_4__6_123_3.png
930,51,https://cdn2.cellphones.com.vn/x/media/catalog/product/t/e/text_ng_n_7__2_145_3.png
931,51,https://cdn2.cellphones.com.vn/x/media/catalog/product/t/e/text_ng_n_9__4_160_3.png
932,51,https://cdn2.cellphones.com.vn/x/media/catalog/product/t/e/text_ng_n_10__4_117_3.png
933,51,https://cdn2.cellphones.com.vn/x/media/catalog/product/t/e/text_ng_n_11__5_120_3.png
934,51,https://cdn2.cellphones.com.vn/x/media/catalog/product/t/e/text_ng_n_8__4_146_3.png
935,51,https://cellphones.com.vn/media/catalog/product/c/p/cps-25-03_2_.png
936,51,https://cellphones.com.vn/media/catalog/product/t/e/text_d_i_4__2_5_3.png
937,51,https://cellphones.com.vn/media/catalog/product/t/e/text_ng_n_1__6_130_3.png
938,51,https://cellphones.com.vn/media/catalog/product/t/e/text_ng_n_2__6_140_3.png
939,51,https://cellphones.com.vn/media/catalog/product/t/e/text_ng_n_3__5_128_3.png
940,51,https://cellphones.com.vn/media/catalog/product/t/e/text_ng_n_4__6_123_3.png
941,51,https://cellphones.com.vn/media/catalog/product/t/e/text_ng_n_7__2_145_3.png
942,51,https://cellphones.com.vn/media/catalog/product/t/e/text_ng_n_9__4_160_3.png
943,51,https://cellphones.com.vn/media/catalog/product/t/e/text_ng_n_10__4_117_3.png
944,51,https://cellphones.com.vn/media/catalog/product/t/e/text_ng_n_11__5_120_3.png
945,51,https://cellphones.com.vn/media/catalog/product/t/e/text_ng_n_8__4_146_3.png
946,52,https://cdn2.cellphones.com.vn/media/catalog/product/t/e/text_d_i_2__2_23_2.png
947,52,https://cdn2.cellphones.com.vn/x/media/catalog/product/l/a/laptop_asus_rog_strix_g16_g614jv-n4369w_-_1_2.png
948,52,https://cdn2.cellphones.com.vn/x/media/catalog/product/l/a/laptop_asus_rog_strix_g16_g614jv-n4369w_-_2_2.png
949,52,https://cdn2.cellphones.com.vn/x/media/catalog/product/l/a/laptop_asus_rog_strix_g16_g614jv-n4369w_-_3_2.png
950,52,https://cdn2.cellphones.com.vn/x/media/catalog/product/t/e/text_ng_n_1__7_61_1_2.png
951,52,https://cdn2.cellphones.com.vn/x/media/catalog/product/t/e/text_ng_n_2__7_39_1_2.png
952,52,https://cdn2.cellphones.com.vn/x/media/catalog/product/t/e/text_ng_n_3__6_35_1_2.png
953,52,https://cdn2.cellphones.com.vn/x/media/catalog/product/t/e/text_ng_n_4__7_34_1_2.png
954,52,https://cdn2.cellphones.com.vn/x/media/catalog/product/t/e/text_ng_n_8__4_184_1_2.png
955,52,https://cdn2.cellphones.com.vn/x/media/catalog/product/t/e/text_ng_n_9__4_192_1_2.png
956,52,https://cdn2.cellphones.com.vn/x/media/catalog/product/t/e/text_ng_n_11__5_152_1_2.png
957,52,https://cdn2.cellphones.com.vn/x/media/catalog/product/t/e/text_ng_n_10__4_149_1_2.png
958,52,https://cdn2.cellphones.com.vn/x/media/catalog/product/t/e/text_ng_n_14__6_94_1_2.png
959,52,https://cdn2.cellphones.com.vn/x/media/catalog/product/t/e/text_ng_n_12__5_144_1_2.png
960,52,https://cdn2.cellphones.com.vn/x/media/catalog/product/t/e/text_ng_n_13__6_136_1_2.png
961,52,https://cellphones.com.vn/media/catalog/product/c/p/cps-25-03_21_.png
962,52,https://cellphones.com.vn/media/catalog/product/t/e/text_d_i_2__2_23_2.png
963,52,https://cellphones.com.vn/media/catalog/product/l/a/laptop_asus_rog_strix_g16_g614jv-n4369w_-_1_2.png
964,52,https://cellphones.com.vn/media/catalog/product/l/a/laptop_asus_rog_strix_g16_g614jv-n4369w_-_2_2.png
965,52,https://cellphones.com.vn/media/catalog/product/l/a/laptop_asus_rog_strix_g16_g614jv-n4369w_-_3_2.png
966,52,https://cellphones.com.vn/media/catalog/product/t/e/text_ng_n_1__7_61_1_2.png
967,52,https://cellphones.com.vn/media/catalog/product/t/e/text_ng_n_2__7_39_1_2.png
968,52,https://cellphones.com.vn/media/catalog/product/t/e/text_ng_n_3__6_35_1_2.png
969,52,https://cellphones.com.vn/media/catalog/product/t/e/text_ng_n_4__7_34_1_2.png
970,52,https://cellphones.com.vn/media/catalog/product/t/e/text_ng_n_8__4_184_1_2.png
971,52,https://cellphones.com.vn/media/catalog/product/t/e/text_ng_n_9__4_192_1_2.png
972,52,https://cellphones.com.vn/media/catalog/product/t/e/text_ng_n_11__5_152_1_2.png
973,52,https://cellphones.com.vn/media/catalog/product/t/e/text_ng_n_10__4_149_1_2.png
974,52,https://cellphones.com.vn/media/catalog/product/t/e/text_ng_n_14__6_94_1_2.png
975,52,https://cellphones.com.vn/media/catalog/product/t/e/text_ng_n_12__5_144_1_2.png
976,52,https://cellphones.com.vn/media/catalog/product/t/e/text_ng_n_13__6_136_1_2.png
977,53,https://cdn2.cellphones.com.vn/media/catalog/product/t/e/text_d_i_7_34_4_1.png
978,53,https://cdn2.cellphones.com.vn/x/media/catalog/product/l/a/laptop_asus_tuf_gaming_f16_fx608jmr-rv048w_-_1_3_1.png
979,53,https://cdn2.cellphones.com.vn/x/media/catalog/product/l/a/laptop_asus_tuf_gaming_f16_fx608jmr-rv048w_-_3_3_1.png
980,53,https://cdn2.cellphones.com.vn/x/media/catalog/product/l/a/laptop_asus_tuf_gaming_f16_fx608jmr-rv048w_-_2_3_1.png
981,53,https://cdn2.cellphones.com.vn/x/media/catalog/product/t/e/text_ng_n_15_21_4_1.png
982,53,https://cdn2.cellphones.com.vn/x/media/catalog/product/t/e/text_ng_n_2__9_106_4_1.png
983,53,https://cdn2.cellphones.com.vn/x/media/catalog/product/t/e/text_ng_n_7__4_132_4_1.png
984,53,https://cdn2.cellphones.com.vn/x/media/catalog/product/t/e/text_ng_n_1__9_79_4_1.png
985,53,https://cdn2.cellphones.com.vn/x/media/catalog/product/t/e/text_ng_n_3__7_108_4_1.png
986,53,https://cdn2.cellphones.com.vn/x/media/catalog/product/t/e/text_ng_n_4__7_161_4_1.png
987,53,https://cdn2.cellphones.com.vn/x/media/catalog/product/t/e/text_ng_n_6__4_145_4_1.png
988,53,https://cdn2.cellphones.com.vn/x/media/catalog/product/t/e/text_ng_n_8__6_135_4_1.png
989,53,https://cdn2.cellphones.com.vn/x/media/catalog/product/t/e/text_ng_n_5__9_168_4_1.png
990,53,https://cdn2.cellphones.com.vn/x/media/catalog/product/t/e/text_ng_n_9__9_124_4_1.png
991,53,https://cellphones.com.vn/media/catalog/product/c/p/cps-25-03_3_.png
992,53,https://cellphones.com.vn/media/catalog/product/t/e/text_d_i_7_34_4_1.png
993,53,https://cellphones.com.vn/media/catalog/product/l/a/laptop_asus_tuf_gaming_f16_fx608jmr-rv048w_-_1_3_1.png
994,53,https://cellphones.com.vn/media/catalog/product/l/a/laptop_asus_tuf_gaming_f16_fx608jmr-rv048w_-_3_3_1.png
995,53,https://cellphones.com.vn/media/catalog/product/l/a/laptop_asus_tuf_gaming_f16_fx608jmr-rv048w_-_2_3_1.png
996,53,https://cellphones.com.vn/media/catalog/product/t/e/text_ng_n_15_21_4_1.png
997,53,https://cellphones.com.vn/media/catalog/product/t/e/text_ng_n_2__9_106_4_1.png
998,53,https://cellphones.com.vn/media/catalog/product/t/e/text_ng_n_7__4_132_4_1.png
999,53,https://cellphones.com.vn/media/catalog/product/t/e/text_ng_n_1__9_79_4_1.png
1000,53,https://cellphones.com.vn/media/catalog/product/t/e/text_ng_n_3__7_108_4_1.png
1001,53,https://cellphones.com.vn/media/catalog/product/t/e/text_ng_n_4__7_161_4_1.png
1002,53,https://cellphones.com.vn/media/catalog/product/t/e/text_ng_n_6__4_145_4_1.png
1003,53,https://cellphones.com.vn/media/catalog/product/t/e/text_ng_n_8__6_135_4_1.png
1004,53,https://cellphones.com.vn/media/catalog/product/t/e/text_ng_n_5__9_168_4_1.png
1005,53,https://cellphones.com.vn/media/catalog/product/t/e/text_ng_n_9__9_124_4_1.png
1006,54,https://cdn2.cellphones.com.vn/media/catalog/product/t/e/text_d_i_7_13_2_1.png
1007,54,https://cdn2.cellphones.com.vn/x/media/catalog/product/l/a/laptop_asus_v16_k3607vj-rp106w_-_1_1_1.png
1008,54,https://cdn2.cellphones.com.vn/x/media/catalog/product/l/a/laptop_asus_v16_k3607vj-rp106w_-_2_1_1.png
1009,54,https://cdn2.cellphones.com.vn/x/media/catalog/product/l/a/laptop_asus_v16_k3607vj-rp106w_-_3_1_1.png
1010,54,https://cdn2.cellphones.com.vn/x/media/catalog/product/t/e/text_ng_n_10__5_68_2_1.png
1011,54,https://cdn2.cellphones.com.vn/x/media/catalog/product/t/e/text_ng_n_9__9_43_2_1.png
1012,54,https://cdn2.cellphones.com.vn/x/media/catalog/product/t/e/text_ng_n_7__4_46_2_1.png
1013,54,https://cdn2.cellphones.com.vn/x/media/catalog/product/t/e/text_ng_n_8__6_47_2_1.png
1014,54,https://cdn2.cellphones.com.vn/x/media/catalog/product/t/e/text_ng_n_6__4_49_2_1.png
1015,54,https://cdn2.cellphones.com.vn/x/media/catalog/product/t/e/text_ng_n_5__9_54_2_1.png
1016,54,https://cdn2.cellphones.com.vn/x/media/catalog/product/t/e/text_ng_n_11__7_19_2_1.png
1017,54,https://cdn2.cellphones.com.vn/x/media/catalog/product/t/e/text_ng_n_12__8_15_2_1.png
1018,54,https://cdn2.cellphones.com.vn/x/media/catalog/product/t/e/text_ng_n_13__8_16_2_1.png
1019,54,https://cdn2.cellphones.com.vn/x/media/catalog/product/t/e/text_ng_n_14__9_16_2_1.png
1020,54,https://cdn2.cellphones.com.vn/x/media/catalog/product/t/e/text_ng_n_15__7_202_2_1.png
1021,54,https://cdn2.cellphones.com.vn/x/media/catalog/product/t/e/text_ng_n_16__6_157_2_1.png
1022,54,https://cdn2.cellphones.com.vn/x/media/catalog/product/t/e/text_ng_n_17__8_106_2_1.png
1023,54,https://cdn2.cellphones.com.vn/x/media/catalog/product/t/e/text_ng_n_18__7_12_2_1.png
1024,54,https://cdn2.cellphones.com.vn/x/media/catalog/product/t/e/text_ng_n_19__5_11_2_1.png
1025,54,https://cellphones.com.vn/media/catalog/product/c/p/cps-25-03_8_.png
1026,54,https://cellphones.com.vn/media/catalog/product/t/e/text_d_i_7_13_2_1.png
1027,54,https://cellphones.com.vn/media/catalog/product/l/a/laptop_asus_v16_k3607vj-rp106w_-_1_1_1.png
1028,54,https://cellphones.com.vn/media/catalog/product/l/a/laptop_asus_v16_k3607vj-rp106w_-_2_1_1.png
1029,54,https://cellphones.com.vn/media/catalog/product/l/a/laptop_asus_v16_k3607vj-rp106w_-_3_1_1.png
1030,54,https://cellphones.com.vn/media/catalog/product/t/e/text_ng_n_10__5_68_2_1.png
1031,54,https://cellphones.com.vn/media/catalog/product/t/e/text_ng_n_9__9_43_2_1.png
1032,54,https://cellphones.com.vn/media/catalog/product/t/e/text_ng_n_7__4_46_2_1.png
1033,54,https://cellphones.com.vn/media/catalog/product/t/e/text_ng_n_8__6_47_2_1.png
1034,54,https://cellphones.com.vn/media/catalog/product/t/e/text_ng_n_6__4_49_2_1.png
1035,54,https://cellphones.com.vn/media/catalog/product/t/e/text_ng_n_5__9_54_2_1.png
1036,54,https://cellphones.com.vn/media/catalog/product/t/e/text_ng_n_11__7_19_2_1.png
1037,54,https://cellphones.com.vn/media/catalog/product/t/e/text_ng_n_12__8_15_2_1.png
1038,54,https://cellphones.com.vn/media/catalog/product/t/e/text_ng_n_13__8_16_2_1.png
1039,54,https://cellphones.com.vn/media/catalog/product/t/e/text_ng_n_14__9_16_2_1.png
1040,54,https://cellphones.com.vn/media/catalog/product/t/e/text_ng_n_15__7_202_2_1.png
1041,54,https://cellphones.com.vn/media/catalog/product/t/e/text_ng_n_16__6_157_2_1.png
1042,54,https://cellphones.com.vn/media/catalog/product/t/e/text_ng_n_17__8_106_2_1.png
1043,54,https://cellphones.com.vn/media/catalog/product/t/e/text_ng_n_18__7_12_2_1.png
1044,54,https://cellphones.com.vn/media/catalog/product/t/e/text_ng_n_19__5_11_2_1.png
1045,55,https://cdn2.cellphones.com.vn/media/catalog/product/g/r/group_789_2.png
1046,55,https://cdn2.cellphones.com.vn/x/media/catalog/product/l/a/laptop_asus_vivobook_s_14_flip_tp3402va-lz632w_-_1_2.png
1047,55,https://cdn2.cellphones.com.vn/x/media/catalog/product/l/a/laptop_asus_vivobook_s_14_flip_tp3402va-lz632w_-_2_2.png
1048,55,https://cdn2.cellphones.com.vn/x/media/catalog/product/l/a/laptop_asus_vivobook_s_14_flip_tp3402va-lz632w_-_3_2.png
1049,55,https://cdn2.cellphones.com.vn/x/media/catalog/product/t/e/text_ng_n_2__9_31_2.png
1050,55,https://cdn2.cellphones.com.vn/x/media/catalog/product/t/e/text_ng_n_15__7_173_2.png
1051,55,https://cdn2.cellphones.com.vn/x/media/catalog/product/t/e/text_ng_n_26__6_49_2.png
1052,55,https://cdn2.cellphones.com.vn/x/media/catalog/product/t/e/text_ng_n_25__7_45_2.png
1053,55,https://cdn2.cellphones.com.vn/x/media/catalog/product/t/e/text_ng_n_23__3_53_2.png
1054,55,https://cdn2.cellphones.com.vn/x/media/catalog/product/t/e/text_ng_n_24__3_48_2.png
1055,55,https://cdn2.cellphones.com.vn/x/media/catalog/product/t/e/text_ng_n_21__4_60_2.png
1056,55,https://cdn2.cellphones.com.vn/x/media/catalog/product/t/e/text_ng_n_16__6_132_2.png
1057,55,https://cdn2.cellphones.com.vn/x/media/catalog/product/t/e/text_ng_n_18__6_64_2.png
1058,55,https://cdn2.cellphones.com.vn/x/media/catalog/product/t/e/text_ng_n_14__8_27_2.png
1059,55,https://cdn2.cellphones.com.vn/x/media/catalog/product/t/e/text_ng_n_17__8_81_2.png
1060,55,https://cdn2.cellphones.com.vn/x/media/catalog/product/t/e/text_ng_n_13__7_27_2.png
1061,55,https://cdn2.cellphones.com.vn/x/media/catalog/product/t/e/text_ng_n_12__7_18_2.png
1062,55,https://cdn2.cellphones.com.vn/x/media/catalog/product/t/e/text_ng_n_11__6_19_2.png
1063,55,https://cdn2.cellphones.com.vn/x/media/catalog/product/t/e/text_ng_n_10__5_27_2.png
1064,55,https://cdn2.cellphones.com.vn/x/media/catalog/product/t/e/text_ng_n_8__5_21_2.png
1065,55,https://cdn2.cellphones.com.vn/x/media/catalog/product/t/e/text_ng_n_9__7_14_2.png
1066,55,https://cdn2.cellphones.com.vn/x/media/catalog/product/t/e/text_ng_n_3__7_41_2.png
1067,55,https://cdn2.cellphones.com.vn/x/media/catalog/product/t/e/text_ng_n_22__4_58_2.png
1068,55,https://cdn2.cellphones.com.vn/x/media/catalog/product/t/e/text_ng_n_19__4_65_2.png
1069,55,https://cdn2.cellphones.com.vn/x/media/catalog/product/t/e/text_ng_n_20__5_66_2.png
1070,55,https://cdn2.cellphones.com.vn/x/media/catalog/product/t/e/text_ng_n_4__7_95_2.png
1071,55,https://cdn2.cellphones.com.vn/x/media/catalog/product/t/e/text_ng_n_5__8_96_2.png
1072,55,https://cdn2.cellphones.com.vn/x/media/catalog/product/t/e/text_ng_n_27__8_19_2.png
1073,55,https://cdn2.cellphones.com.vn/x/media/catalog/product/t/e/text_ng_n_6__3_26_2.png
1074,55,https://cdn2.cellphones.com.vn/x/media/catalog/product/t/e/text_ng_n_27__9_2_2.png
1075,55,https://cdn2.cellphones.com.vn/x/media/catalog/product/t/e/text_ng_n_28__8_28_2.png
1076,55,https://cdn2.cellphones.com.vn/x/media/catalog/product/t/e/text_ng_n_7__3_21_2.png
1077,55,https://cellphones.com.vn/media/catalog/product/c/p/cps-25-03_46_.png
1078,55,https://cellphones.com.vn/media/catalog/product/g/r/group_789_2.png
1079,55,https://cellphones.com.vn/media/catalog/product/l/a/laptop_asus_vivobook_s_14_flip_tp3402va-lz632w_-_1_2.png
1080,55,https://cellphones.com.vn/media/catalog/product/l/a/laptop_asus_vivobook_s_14_flip_tp3402va-lz632w_-_2_2.png
1081,55,https://cellphones.com.vn/media/catalog/product/l/a/laptop_asus_vivobook_s_14_flip_tp3402va-lz632w_-_3_2.png
1082,55,https://cellphones.com.vn/media/catalog/product/t/e/text_ng_n_2__9_31_2.png
1083,55,https://cellphones.com.vn/media/catalog/product/t/e/text_ng_n_15__7_173_2.png
1084,55,https://cellphones.com.vn/media/catalog/product/t/e/text_ng_n_26__6_49_2.png
1085,55,https://cellphones.com.vn/media/catalog/product/t/e/text_ng_n_25__7_45_2.png
1086,55,https://cellphones.com.vn/media/catalog/product/t/e/text_ng_n_23__3_53_2.png
1087,55,https://cellphones.com.vn/media/catalog/product/t/e/text_ng_n_24__3_48_2.png
1088,55,https://cellphones.com.vn/media/catalog/product/t/e/text_ng_n_21__4_60_2.png
1089,55,https://cellphones.com.vn/media/catalog/product/t/e/text_ng_n_16__6_132_2.png
1090,55,https://cellphones.com.vn/media/catalog/product/t/e/text_ng_n_18__6_64_2.png
1091,55,https://cellphones.com.vn/media/catalog/product/t/e/text_ng_n_14__8_27_2.png
1092,55,https://cellphones.com.vn/media/catalog/product/t/e/text_ng_n_17__8_81_2.png
1093,55,https://cellphones.com.vn/media/catalog/product/t/e/text_ng_n_13__7_27_2.png
1094,55,https://cellphones.com.vn/media/catalog/product/t/e/text_ng_n_12__7_18_2.png
1095,55,https://cellphones.com.vn/media/catalog/product/t/e/text_ng_n_11__6_19_2.png
1096,55,https://cellphones.com.vn/media/catalog/product/t/e/text_ng_n_10__5_27_2.png
1097,55,https://cellphones.com.vn/media/catalog/product/t/e/text_ng_n_8__5_21_2.png
1098,55,https://cellphones.com.vn/media/catalog/product/t/e/text_ng_n_9__7_14_2.png
1099,55,https://cellphones.com.vn/media/catalog/product/t/e/text_ng_n_3__7_41_2.png
1100,55,https://cellphones.com.vn/media/catalog/product/t/e/text_ng_n_22__4_58_2.png
1101,55,https://cellphones.com.vn/media/catalog/product/t/e/text_ng_n_19__4_65_2.png
1102,55,https://cellphones.com.vn/media/catalog/product/t/e/text_ng_n_20__5_66_2.png
1103,55,https://cellphones.com.vn/media/catalog/product/t/e/text_ng_n_4__7_95_2.png
1104,55,https://cellphones.com.vn/media/catalog/product/t/e/text_ng_n_5__8_96_2.png
1105,55,https://cellphones.com.vn/media/catalog/product/t/e/text_ng_n_27__8_19_2.png
1106,55,https://cellphones.com.vn/media/catalog/product/t/e/text_ng_n_6__3_26_2.png
1107,55,https://cellphones.com.vn/media/catalog/product/t/e/text_ng_n_27__9_2_2.png
1108,55,https://cellphones.com.vn/media/catalog/product/t/e/text_ng_n_28__8_28_2.png
1109,55,https://cellphones.com.vn/media/catalog/product/t/e/text_ng_n_7__3_21_2.png
1110,56,https://cdn2.cellphones.com.vn/media/catalog/product/g/r/group_744_1_11_2.png
1111,56,https://cdn2.cellphones.com.vn/x/media/catalog/product/l/a/laptop_asus_vivobook_s14_s3407va-ly053w_-_1_2.png
1112,56,https://cdn2.cellphones.com.vn/x/media/catalog/product/l/a/laptop_asus_vivobook_s14_s3407va-ly053w_-_2_2.png
1113,56,https://cdn2.cellphones.com.vn/x/media/catalog/product/l/a/laptop_asus_vivobook_s14_s3407va-ly053w_-_3_2.png
1114,56,https://cdn2.cellphones.com.vn/x/media/catalog/product/t/e/text_ng_n_2__9_104_2.png
1115,56,https://cdn2.cellphones.com.vn/x/media/catalog/product/t/e/text_ng_n_3__7_107_2.png
1116,56,https://cdn2.cellphones.com.vn/x/media/catalog/product/t/e/text_ng_n_4__7_160_2.png
1117,56,https://cdn2.cellphones.com.vn/x/media/catalog/product/t/e/text_ng_n_5__9_167_2.png
1118,56,https://cdn2.cellphones.com.vn/x/media/catalog/product/t/e/text_ng_n_8__6_134_2.png
1119,56,https://cdn2.cellphones.com.vn/x/media/catalog/product/t/e/text_ng_n_6__4_144_2.png
1120,56,https://cdn2.cellphones.com.vn/x/media/catalog/product/t/e/text_ng_n_7__4_131_2.png
1121,56,https://cdn2.cellphones.com.vn/x/media/catalog/product/t/e/text_ng_n_12__8_76_2.png
1122,56,https://cdn2.cellphones.com.vn/x/media/catalog/product/t/e/text_ng_n_11__7_90_2.png
1123,56,https://cdn2.cellphones.com.vn/x/media/catalog/product/t/e/text_ng_n_15_20_2.png
1124,56,https://cdn2.cellphones.com.vn/x/media/catalog/product/t/e/text_ng_n_1__9_78_2.png
1125,56,https://cdn2.cellphones.com.vn/x/media/catalog/product/t/e/text_ng_n_9__9_123_2.png
1126,56,https://cellphones.com.vn/media/catalog/product/c/p/cps-25-03_7_.png
1127,56,https://cellphones.com.vn/media/catalog/product/g/r/group_744_1_11_2.png
1128,56,https://cellphones.com.vn/media/catalog/product/l/a/laptop_asus_vivobook_s14_s3407va-ly053w_-_1_2.png
1129,56,https://cellphones.com.vn/media/catalog/product/l/a/laptop_asus_vivobook_s14_s3407va-ly053w_-_2_2.png
1130,56,https://cellphones.com.vn/media/catalog/product/l/a/laptop_asus_vivobook_s14_s3407va-ly053w_-_3_2.png
1131,56,https://cellphones.com.vn/media/catalog/product/t/e/text_ng_n_2__9_104_2.png
1132,56,https://cellphones.com.vn/media/catalog/product/t/e/text_ng_n_3__7_107_2.png
1133,56,https://cellphones.com.vn/media/catalog/product/t/e/text_ng_n_4__7_160_2.png
1134,56,https://cellphones.com.vn/media/catalog/product/t/e/text_ng_n_5__9_167_2.png
1135,56,https://cellphones.com.vn/media/catalog/product/t/e/text_ng_n_8__6_134_2.png
1136,56,https://cellphones.com.vn/media/catalog/product/t/e/text_ng_n_6__4_144_2.png
1137,56,https://cellphones.com.vn/media/catalog/product/t/e/text_ng_n_7__4_131_2.png
1138,56,https://cellphones.com.vn/media/catalog/product/t/e/text_ng_n_12__8_76_2.png
1139,56,https://cellphones.com.vn/media/catalog/product/t/e/text_ng_n_11__7_90_2.png
1140,56,https://cellphones.com.vn/media/catalog/product/t/e/text_ng_n_15_20_2.png
1141,56,https://cellphones.com.vn/media/catalog/product/t/e/text_ng_n_1__9_78_2.png
1142,56,https://cellphones.com.vn/media/catalog/product/t/e/text_ng_n_9__9_123_2.png
1143,57,https://cdn2.cellphones.com.vn/media/catalog/product/g/r/group_744_1_31_1.png
1144,57,https://cdn2.cellphones.com.vn/x/media/catalog/product/l/a/laptop_asus_vivobook_s16_s3607ca-sh083ws_-_1_1.png
1145,57,https://cdn2.cellphones.com.vn/x/media/catalog/product/l/a/laptop_asus_vivobook_s16_s3607ca-sh083ws_-_2_1.png
1146,57,https://cdn2.cellphones.com.vn/x/media/catalog/product/l/a/laptop_asus_vivobook_s16_s3607ca-sh083ws_-_3_1.png
1147,57,https://cdn2.cellphones.com.vn/x/media/catalog/product/t/e/text_ng_n_2__9_249_1_1.png
1148,57,https://cdn2.cellphones.com.vn/x/media/catalog/product/t/e/text_ng_n_4__7_293_1_1.png
1149,57,https://cdn2.cellphones.com.vn/x/media/catalog/product/t/e/text_ng_n_5__9_284_1_1.png
1150,57,https://cdn2.cellphones.com.vn/x/media/catalog/product/t/e/text_ng_n_7__4_225_1_1.png
1151,57,https://cdn2.cellphones.com.vn/x/media/catalog/product/t/e/text_ng_n_6__4_253_1_1.png
1152,57,https://cdn2.cellphones.com.vn/x/media/catalog/product/t/e/text_ng_n_3__7_240_1_1.png
1153,57,https://cdn2.cellphones.com.vn/x/media/catalog/product/t/e/text_ng_n_8__6_220_1_1.png
1154,57,https://cdn2.cellphones.com.vn/x/media/catalog/product/t/e/text_ng_n_10__5_200_1_1.png
1155,57,https://cdn2.cellphones.com.vn/x/media/catalog/product/t/e/text_ng_n_9__9_195_1_1.png
1156,57,https://cellphones.com.vn/media/catalog/product/c/p/cps-25-03_22_.png
1157,57,https://cellphones.com.vn/media/catalog/product/g/r/group_744_1_31_1.png
1158,57,https://cellphones.com.vn/media/catalog/product/l/a/laptop_asus_vivobook_s16_s3607ca-sh083ws_-_1_1.png
1159,57,https://cellphones.com.vn/media/catalog/product/l/a/laptop_asus_vivobook_s16_s3607ca-sh083ws_-_2_1.png
1160,57,https://cellphones.com.vn/media/catalog/product/l/a/laptop_asus_vivobook_s16_s3607ca-sh083ws_-_3_1.png
1161,57,https://cellphones.com.vn/media/catalog/product/t/e/text_ng_n_2__9_249_1_1.png
1162,57,https://cellphones.com.vn/media/catalog/product/t/e/text_ng_n_4__7_293_1_1.png
1163,57,https://cellphones.com.vn/media/catalog/product/t/e/text_ng_n_5__9_284_1_1.png
1164,57,https://cellphones.com.vn/media/catalog/product/t/e/text_ng_n_7__4_225_1_1.png
1165,57,https://cellphones.com.vn/media/catalog/product/t/e/text_ng_n_6__4_253_1_1.png
1166,57,https://cellphones.com.vn/media/catalog/product/t/e/text_ng_n_3__7_240_1_1.png
1167,57,https://cellphones.com.vn/media/catalog/product/t/e/text_ng_n_8__6_220_1_1.png
1168,57,https://cellphones.com.vn/media/catalog/product/t/e/text_ng_n_10__5_200_1_1.png
1169,57,https://cellphones.com.vn/media/catalog/product/t/e/text_ng_n_9__9_195_1_1.png
1170,58,https://cdn2.cellphones.com.vn/media/catalog/product/g/r/group_744_1_54_1_1.png
1171,58,https://cdn2.cellphones.com.vn/x/media/catalog/product/l/a/laptop_dell_15_dc15250_79n4m_-_1_1_1.png
1172,58,https://cdn2.cellphones.com.vn/x/media/catalog/product/l/a/laptop_dell_15_dc15250_79n4m_-_2_1_1.png
1173,58,https://cdn2.cellphones.com.vn/x/media/catalog/product/l/a/laptop_dell_15_dc15250_79n4m_-_3_1_1.png
1174,58,https://cdn2.cellphones.com.vn/x/media/catalog/product/t/e/text_ng_n_2__10_104_1_1_1.png
1175,58,https://cdn2.cellphones.com.vn/x/media/catalog/product/t/e/text_ng_n_3__8_87_1_1_1.png
1176,58,https://cdn2.cellphones.com.vn/x/media/catalog/product/t/e/text_ng_n_9__9_276_1_1_1.png
1177,58,https://cdn2.cellphones.com.vn/x/media/catalog/product/t/e/text_ng_n_4__8_93_1_1_1.png
1178,58,https://cdn2.cellphones.com.vn/x/media/catalog/product/t/e/text_ng_n_5__10_82_1_1_1.png
1179,58,https://cdn2.cellphones.com.vn/x/media/catalog/product/t/e/text_ng_n_8__8_60_1_1_1.png
1180,58,https://cdn2.cellphones.com.vn/x/media/catalog/product/t/e/text_ng_n_6__5_76_1_1_1.png
1181,58,https://cdn2.cellphones.com.vn/x/media/catalog/product/t/e/text_ng_n_7__5_63_1_1_1.png
1182,58,https://cellphones.com.vn/media/catalog/product/c/p/cps-25-03_34_.png
1183,58,https://cellphones.com.vn/media/catalog/product/g/r/group_744_1_54_1_1.png
1184,58,https://cellphones.com.vn/media/catalog/product/l/a/laptop_dell_15_dc15250_79n4m_-_1_1_1.png
1185,58,https://cellphones.com.vn/media/catalog/product/l/a/laptop_dell_15_dc15250_79n4m_-_2_1_1.png
1186,58,https://cellphones.com.vn/media/catalog/product/l/a/laptop_dell_15_dc15250_79n4m_-_3_1_1.png
1187,58,https://cellphones.com.vn/media/catalog/product/t/e/text_ng_n_2__10_104_1_1_1.png
1188,58,https://cellphones.com.vn/media/catalog/product/t/e/text_ng_n_3__8_87_1_1_1.png
1189,58,https://cellphones.com.vn/media/catalog/product/t/e/text_ng_n_9__9_276_1_1_1.png
1190,58,https://cellphones.com.vn/media/catalog/product/t/e/text_ng_n_4__8_93_1_1_1.png
1191,58,https://cellphones.com.vn/media/catalog/product/t/e/text_ng_n_5__10_82_1_1_1.png
1192,58,https://cellphones.com.vn/media/catalog/product/t/e/text_ng_n_8__8_60_1_1_1.png
1193,58,https://cellphones.com.vn/media/catalog/product/t/e/text_ng_n_6__5_76_1_1_1.png
1194,58,https://cellphones.com.vn/media/catalog/product/t/e/text_ng_n_7__5_63_1_1_1.png
1195,59,https://cdn2.cellphones.com.vn/media/catalog/product/g/r/group_744_1_56_4.png
1196,59,https://cdn2.cellphones.com.vn/x/media/catalog/product/l/a/laptop_dell_15_dc15250_i5u165w11slu_-_1_4.png
1197,59,https://cdn2.cellphones.com.vn/x/media/catalog/product/l/a/laptop_dell_15_dc15250_i5u165w11slu_-_2_4.png
1198,59,https://cdn2.cellphones.com.vn/x/media/catalog/product/l/a/laptop_dell_15_dc15250_i5u165w11slu_-_3_4.png
1199,59,https://cdn2.cellphones.com.vn/x/media/catalog/product/t/e/text_ng_n_2__10_54_2_5.png
1200,59,https://cdn2.cellphones.com.vn/x/media/catalog/product/t/e/text_ng_n_4__8_43_1_4.png
1201,59,https://cdn2.cellphones.com.vn/x/media/catalog/product/t/e/text_ng_n_3__8_42_1_4.png
1202,59,https://cdn2.cellphones.com.vn/x/media/catalog/product/t/e/text_ng_n_5__10_39_1_4.png
1203,59,https://cdn2.cellphones.com.vn/x/media/catalog/product/t/e/text_ng_n_6__5_42_1_4.png
1204,59,https://cdn2.cellphones.com.vn/x/media/catalog/product/t/e/text_ng_n_7__5_34_1_4.png
1205,59,https://cellphones.com.vn/media/catalog/product/c/p/cps-25-03_37_.png
1206,59,https://cellphones.com.vn/media/catalog/product/g/r/group_744_1_56_4.png
1207,59,https://cellphones.com.vn/media/catalog/product/l/a/laptop_dell_15_dc15250_i5u165w11slu_-_1_4.png
1208,59,https://cellphones.com.vn/media/catalog/product/l/a/laptop_dell_15_dc15250_i5u165w11slu_-_2_4.png
1209,59,https://cellphones.com.vn/media/catalog/product/l/a/laptop_dell_15_dc15250_i5u165w11slu_-_3_4.png
1210,59,https://cellphones.com.vn/media/catalog/product/t/e/text_ng_n_2__10_54_2_5.png
1211,59,https://cellphones.com.vn/media/catalog/product/t/e/text_ng_n_4__8_43_1_4.png
1212,59,https://cellphones.com.vn/media/catalog/product/t/e/text_ng_n_3__8_42_1_4.png
1213,59,https://cellphones.com.vn/media/catalog/product/t/e/text_ng_n_5__10_39_1_4.png
1214,59,https://cellphones.com.vn/media/catalog/product/t/e/text_ng_n_6__5_42_1_4.png
1215,59,https://cellphones.com.vn/media/catalog/product/t/e/text_ng_n_7__5_34_1_4.png
1216,60,https://cdn2.cellphones.com.vn/media/catalog/product/c/p/cps-25-03_39_.png
1217,60,https://cdn2.cellphones.com.vn/x/media/catalog/product/c/p/cps-25-03_39_.png
1218,60,https://cdn2.cellphones.com.vn/x/media/catalog/product/l/a/laptop-dell-latitude-5320-13-3-inch-cu-tray-xuoc-2_3_1.png
1219,60,https://cdn2.cellphones.com.vn/x/media/catalog/product/l/a/laptop-dell-latitude-5320-13-3-inch-cu-tray-xuoc-5_2_1.png
1220,60,https://cdn2.cellphones.com.vn/x/media/catalog/product/l/a/laptop-dell-latitude-5320-13-3-inch-cu-tray-xuoc-7_2_1.png
1221,60,https://cdn2.cellphones.com.vn/x/media/catalog/product/l/a/laptop-dell-latitude-5320-13-3-inch-cu-tray-xuoc-6_2_1.png
1222,60,https://cdn2.cellphones.com.vn/x/media/catalog/product/l/a/laptop-dell-latitude-5320-13-3-inch-cu-tray-xuoc-3_2_1.png
1223,60,https://cdn2.cellphones.com.vn/x/media/catalog/product/l/a/laptop-dell-latitude-5320-13-3-inch-cu-tray-xuoc-4_2_1.png
1224,60,https://cellphones.com.vn/media/catalog/product/c/p/cps-25-03_38_.png
1225,60,https://cellphones.com.vn/media/catalog/product/c/p/cps-25-03_39_.png
1226,60,https://cellphones.com.vn/media/catalog/product/l/a/laptop-dell-latitude-5320-13-3-inch-cu-tray-xuoc-2_3_1.png
1227,60,https://cellphones.com.vn/media/catalog/product/l/a/laptop-dell-latitude-5320-13-3-inch-cu-tray-xuoc-5_2_1.png
1228,60,https://cellphones.com.vn/media/catalog/product/l/a/laptop-dell-latitude-5320-13-3-inch-cu-tray-xuoc-7_2_1.png
1229,60,https://cellphones.com.vn/media/catalog/product/l/a/laptop-dell-latitude-5320-13-3-inch-cu-tray-xuoc-6_2_1.png
1230,60,https://cellphones.com.vn/media/catalog/product/l/a/laptop-dell-latitude-5320-13-3-inch-cu-tray-xuoc-3_2_1.png
1231,60,https://cellphones.com.vn/media/catalog/product/l/a/laptop-dell-latitude-5320-13-3-inch-cu-tray-xuoc-4_2_1.png
1232,61,https://cdn2.cellphones.com.vn/media/catalog/product/l/a/laptop-msi-sword-16-hx-b14vfkg-045vn_27__1.png
1233,61,https://cdn2.cellphones.com.vn/x/media/catalog/product/l/a/laptop-msi-sword-16-hx-b14vfkg-045vn_27__1.png
1234,61,https://cdn2.cellphones.com.vn/x/media/catalog/product/l/a/laptop_dell_vostro_3530_v5i3001w1_2.png
1235,61,https://cdn2.cellphones.com.vn/x/media/catalog/product/l/a/laptop_dell_vostro_3530_v5i3001w1_7__1.png
1236,61,https://cdn2.cellphones.com.vn/x/media/catalog/product/l/a/laptop_dell_vostro_3530_v5i3001w1_6__1.png
1237,61,https://cdn2.cellphones.com.vn/x/media/catalog/product/l/a/laptop_dell_vostro_3530_v5i3001w1_3__1.png
1238,61,https://cdn2.cellphones.com.vn/x/media/catalog/product/l/a/laptop_dell_vostro_3530_v5i3001w1_2__1.png
1239,61,https://cdn2.cellphones.com.vn/x/media/catalog/product/l/a/laptop_dell_vostro_3530_v5i3001w1_1__1.png
1240,61,https://cdn2.cellphones.com.vn/x/media/catalog/product/l/a/laptop_dell_vostro_3530_v5i3001w1_4__1.png
1241,61,https://cdn2.cellphones.com.vn/x/media/catalog/product/l/a/laptop_dell_vostro_3530_v5i3001w1_5__1.png
1242,61,https://cellphones.com.vn/media/catalog/product/c/p/cps-25-03_1_.png
1243,61,https://cellphones.com.vn/media/catalog/product/l/a/laptop-msi-sword-16-hx-b14vfkg-045vn_27__1.png
1244,61,https://cellphones.com.vn/media/catalog/product/l/a/laptop_dell_vostro_3530_v5i3001w1_2.png
1245,61,https://cellphones.com.vn/media/catalog/product/l/a/laptop_dell_vostro_3530_v5i3001w1_7__1.png
1246,61,https://cellphones.com.vn/media/catalog/product/l/a/laptop_dell_vostro_3530_v5i3001w1_6__1.png
1247,61,https://cellphones.com.vn/media/catalog/product/l/a/laptop_dell_vostro_3530_v5i3001w1_3__1.png
1248,61,https://cellphones.com.vn/media/catalog/product/l/a/laptop_dell_vostro_3530_v5i3001w1_2__1.png
1249,61,https://cellphones.com.vn/media/catalog/product/l/a/laptop_dell_vostro_3530_v5i3001w1_1__1.png
1250,61,https://cellphones.com.vn/media/catalog/product/l/a/laptop_dell_vostro_3530_v5i3001w1_4__1.png
1251,61,https://cellphones.com.vn/media/catalog/product/l/a/laptop_dell_vostro_3530_v5i3001w1_5__1.png
1252,62,https://cdn2.cellphones.com.vn/media/catalog/product/t/e/text_d_i_7_48_2.png
1253,62,https://cdn2.cellphones.com.vn/x/media/catalog/product/l/a/laptop_gigabyte_gaming_a16_ga6h-cmhi2vn893sh_-_1_2.png
1254,62,https://cdn2.cellphones.com.vn/x/media/catalog/product/l/a/laptop_gigabyte_gaming_a16_ga6h-cmhi2vn893sh_-_3_2.png
1255,62,https://cdn2.cellphones.com.vn/x/media/catalog/product/l/a/laptop_gigabyte_gaming_a16_ga6h-cmhi2vn893sh_-_2_2.png
1256,62,https://cdn2.cellphones.com.vn/x/media/catalog/product/t/e/text_ng_n_15_93_2.png
1257,62,https://cdn2.cellphones.com.vn/x/media/catalog/product/t/e/text_ng_n_2__9_164_2.png
1258,62,https://cdn2.cellphones.com.vn/x/media/catalog/product/t/e/text_ng_n_1__9_128_2.png
1259,62,https://cdn2.cellphones.com.vn/x/media/catalog/product/t/e/text_ng_n_7__4_164_2.png
1260,62,https://cdn2.cellphones.com.vn/x/media/catalog/product/t/e/text_ng_n_3__7_161_2.png
1261,62,https://cdn2.cellphones.com.vn/x/media/catalog/product/t/e/text_ng_n_8__6_167_2.png
1262,62,https://cdn2.cellphones.com.vn/x/media/catalog/product/t/e/text_ng_n_9__9_149_2.png
1263,62,https://cdn2.cellphones.com.vn/x/media/catalog/product/t/e/text_ng_n_4__7_206_2.png
1264,62,https://cdn2.cellphones.com.vn/x/media/catalog/product/t/e/text_ng_n_5__9_208_2.png
1265,62,https://cdn2.cellphones.com.vn/x/media/catalog/product/t/e/text_ng_n_6__4_183_2.png
1266,62,https://cellphones.com.vn/media/catalog/product/c/p/cps-25-03_10_.png
1267,62,https://cellphones.com.vn/media/catalog/product/t/e/text_d_i_7_48_2.png
1268,62,https://cellphones.com.vn/media/catalog/product/l/a/laptop_gigabyte_gaming_a16_ga6h-cmhi2vn893sh_-_1_2.png
1269,62,https://cellphones.com.vn/media/catalog/product/l/a/laptop_gigabyte_gaming_a16_ga6h-cmhi2vn893sh_-_3_2.png
1270,62,https://cellphones.com.vn/media/catalog/product/l/a/laptop_gigabyte_gaming_a16_ga6h-cmhi2vn893sh_-_2_2.png
1271,62,https://cellphones.com.vn/media/catalog/product/t/e/text_ng_n_15_93_2.png
1272,62,https://cellphones.com.vn/media/catalog/product/t/e/text_ng_n_2__9_164_2.png
1273,62,https://cellphones.com.vn/media/catalog/product/t/e/text_ng_n_1__9_128_2.png
1274,62,https://cellphones.com.vn/media/catalog/product/t/e/text_ng_n_7__4_164_2.png
1275,62,https://cellphones.com.vn/media/catalog/product/t/e/text_ng_n_3__7_161_2.png
1276,62,https://cellphones.com.vn/media/catalog/product/t/e/text_ng_n_8__6_167_2.png
1277,62,https://cellphones.com.vn/media/catalog/product/t/e/text_ng_n_9__9_149_2.png
1278,62,https://cellphones.com.vn/media/catalog/product/t/e/text_ng_n_4__7_206_2.png
1279,62,https://cellphones.com.vn/media/catalog/product/t/e/text_ng_n_5__9_208_2.png
1280,62,https://cellphones.com.vn/media/catalog/product/t/e/text_ng_n_6__4_183_2.png
1281,63,https://cdn2.cellphones.com.vn/media/catalog/product/g/r/group_744_1_7_2.png
1282,63,https://cdn2.cellphones.com.vn/x/media/catalog/product/l/a/laptop_lenovo_ideapad_slim_3_oled_15irh10_83k1002nvn_-_1_1_2.png
1283,63,https://cdn2.cellphones.com.vn/x/media/catalog/product/l/a/laptop_lenovo_ideapad_slim_3_oled_15irh10_83k1002nvn_-_2_2.png
1284,63,https://cdn2.cellphones.com.vn/x/media/catalog/product/l/a/laptop_lenovo_ideapad_slim_3_oled_15irh10_83k1002nvn_-_3_1_2.png
1285,63,https://cdn2.cellphones.com.vn/x/media/catalog/product/t/e/text_ng_n_7__4_43_2.png
1286,63,https://cdn2.cellphones.com.vn/x/media/catalog/product/t/e/text_ng_n_11__7_16_2.png
1287,63,https://cdn2.cellphones.com.vn/x/media/catalog/product/t/e/text_ng_n_12__8_14_2.png
1288,63,https://cdn2.cellphones.com.vn/x/media/catalog/product/t/e/text_ng_n_10__5_66_2.png
1289,63,https://cdn2.cellphones.com.vn/x/media/catalog/product/t/e/text_ng_n_6__4_47_2.png
1290,63,https://cdn2.cellphones.com.vn/x/media/catalog/product/t/e/text_ng_n_9__9_41_2.png
1291,63,https://cdn2.cellphones.com.vn/x/media/catalog/product/t/e/text_ng_n_8__6_45_2.png
1292,63,https://cdn2.cellphones.com.vn/x/media/catalog/product/t/e/text_ng_n_5__9_51_2.png
1293,63,https://cellphones.com.vn/media/catalog/product/c/p/cps-25-03_40_.png
1294,63,https://cellphones.com.vn/media/catalog/product/g/r/group_744_1_7_2.png
1295,63,https://cellphones.com.vn/media/catalog/product/l/a/laptop_lenovo_ideapad_slim_3_oled_15irh10_83k1002nvn_-_1_1_2.png
1296,63,https://cellphones.com.vn/media/catalog/product/l/a/laptop_lenovo_ideapad_slim_3_oled_15irh10_83k1002nvn_-_2_2.png
1297,63,https://cellphones.com.vn/media/catalog/product/l/a/laptop_lenovo_ideapad_slim_3_oled_15irh10_83k1002nvn_-_3_1_2.png
1298,63,https://cellphones.com.vn/media/catalog/product/t/e/text_ng_n_7__4_43_2.png
1299,63,https://cellphones.com.vn/media/catalog/product/t/e/text_ng_n_11__7_16_2.png
1300,63,https://cellphones.com.vn/media/catalog/product/t/e/text_ng_n_12__8_14_2.png
1301,63,https://cellphones.com.vn/media/catalog/product/t/e/text_ng_n_10__5_66_2.png
1302,63,https://cellphones.com.vn/media/catalog/product/t/e/text_ng_n_6__4_47_2.png
1303,63,https://cellphones.com.vn/media/catalog/product/t/e/text_ng_n_9__9_41_2.png
1304,63,https://cellphones.com.vn/media/catalog/product/t/e/text_ng_n_8__6_45_2.png
1305,63,https://cellphones.com.vn/media/catalog/product/t/e/text_ng_n_5__9_51_2.png
1306,64,https://cdn2.cellphones.com.vn/media/catalog/product/g/r/group_659_49_2.png
1307,64,https://cdn2.cellphones.com.vn/x/media/catalog/product/l/a/laptop_lenovo_ideapad_slim_5_14iah10_83nc0016vn_-_1_2.png
1308,64,https://cdn2.cellphones.com.vn/x/media/catalog/product/l/a/laptop_lenovo_ideapad_slim_5_14iah10_83nc0016vn_-_2_2.png
1309,64,https://cdn2.cellphones.com.vn/x/media/catalog/product/l/a/laptop_lenovo_ideapad_slim_5_14iah10_83nc0016vn_-_3_2.png
1310,64,https://cdn2.cellphones.com.vn/x/media/catalog/product/t/e/text_ng_n_3__8_45_2.png
1311,64,https://cdn2.cellphones.com.vn/x/media/catalog/product/t/e/text_ng_n_4__8_46_2.png
1312,64,https://cdn2.cellphones.com.vn/x/media/catalog/product/t/e/text_ng_n_2__10_60_2.png
1313,64,https://cdn2.cellphones.com.vn/x/media/catalog/product/t/e/text_ng_n_5__10_42_2.png
1314,64,https://cdn2.cellphones.com.vn/x/media/catalog/product/t/e/text_ng_n_6__5_45_2.png
1315,64,https://cellphones.com.vn/media/catalog/product/c/p/cps-25-03_15_.png
1316,64,https://cellphones.com.vn/media/catalog/product/g/r/group_659_49_2.png
1317,64,https://cellphones.com.vn/media/catalog/product/l/a/laptop_lenovo_ideapad_slim_5_14iah10_83nc0016vn_-_1_2.png
1318,64,https://cellphones.com.vn/media/catalog/product/l/a/laptop_lenovo_ideapad_slim_5_14iah10_83nc0016vn_-_2_2.png
1319,64,https://cellphones.com.vn/media/catalog/product/l/a/laptop_lenovo_ideapad_slim_5_14iah10_83nc0016vn_-_3_2.png
1320,64,https://cellphones.com.vn/media/catalog/product/t/e/text_ng_n_3__8_45_2.png
1321,64,https://cellphones.com.vn/media/catalog/product/t/e/text_ng_n_4__8_46_2.png
1322,64,https://cellphones.com.vn/media/catalog/product/t/e/text_ng_n_2__10_60_2.png
1323,64,https://cellphones.com.vn/media/catalog/product/t/e/text_ng_n_5__10_42_2.png
1324,64,https://cellphones.com.vn/media/catalog/product/t/e/text_ng_n_6__5_45_2.png
1325,65,https://cdn2.cellphones.com.vn/media/catalog/product/g/r/group_744_1__10_3.png
1326,65,https://cdn2.cellphones.com.vn/x/media/catalog/product/l/a/laptop_lenovo_ideapad_slim_5_14irh10_83hr0000vn_-_1_3.png
1327,65,https://cdn2.cellphones.com.vn/x/media/catalog/product/l/a/laptop_lenovo_ideapad_slim_5_14irh10_83hr0000vn_-_2_3.png
1328,65,https://cdn2.cellphones.com.vn/x/media/catalog/product/l/a/laptop_lenovo_ideapad_slim_5_14irh10_83hr0000vn_-_3_3.png
1329,65,https://cdn2.cellphones.com.vn/x/media/catalog/product/t/e/text_ng_n_9__9_165_3.png
1330,65,https://cdn2.cellphones.com.vn/x/media/catalog/product/t/e/text_ng_n_6__4_204_3.png
1331,65,https://cdn2.cellphones.com.vn/x/media/catalog/product/t/e/text_ng_n_5__9_227_3.png
1332,65,https://cdn2.cellphones.com.vn/x/media/catalog/product/t/e/text_ng_n_8__6_183_3.png
1333,65,https://cdn2.cellphones.com.vn/x/media/catalog/product/t/e/text_ng_n_4__7_227_3.png
1334,65,https://cdn2.cellphones.com.vn/x/media/catalog/product/t/e/text_ng_n_2__9_187_3.png
1335,65,https://cdn2.cellphones.com.vn/x/media/catalog/product/t/e/text_ng_n_7__4_181_3.png
1336,65,https://cdn2.cellphones.com.vn/x/media/catalog/product/t/e/text_ng_n_3__7_182_3.png
1337,65,https://cellphones.com.vn/media/catalog/product/c/p/cps-25-03_6_.png
1338,65,https://cellphones.com.vn/media/catalog/product/g/r/group_744_1__10_3.png
1339,65,https://cellphones.com.vn/media/catalog/product/l/a/laptop_lenovo_ideapad_slim_5_14irh10_83hr0000vn_-_1_3.png
1340,65,https://cellphones.com.vn/media/catalog/product/l/a/laptop_lenovo_ideapad_slim_5_14irh10_83hr0000vn_-_2_3.png
1341,65,https://cellphones.com.vn/media/catalog/product/l/a/laptop_lenovo_ideapad_slim_5_14irh10_83hr0000vn_-_3_3.png
1342,65,https://cellphones.com.vn/media/catalog/product/t/e/text_ng_n_9__9_165_3.png
1343,65,https://cellphones.com.vn/media/catalog/product/t/e/text_ng_n_6__4_204_3.png
1344,65,https://cellphones.com.vn/media/catalog/product/t/e/text_ng_n_5__9_227_3.png
1345,65,https://cellphones.com.vn/media/catalog/product/t/e/text_ng_n_8__6_183_3.png
1346,65,https://cellphones.com.vn/media/catalog/product/t/e/text_ng_n_4__7_227_3.png
1347,65,https://cellphones.com.vn/media/catalog/product/t/e/text_ng_n_2__9_187_3.png
1348,65,https://cellphones.com.vn/media/catalog/product/t/e/text_ng_n_7__4_181_3.png
1349,65,https://cellphones.com.vn/media/catalog/product/t/e/text_ng_n_3__7_182_3.png
1350,66,https://cdn2.cellphones.com.vn/media/catalog/product/g/r/group_659_47_3.png
1351,66,https://cdn2.cellphones.com.vn/x/media/catalog/product/l/a/laptop_lenovo_ideapad_slim_5_15arp10_83j3001dvn_-_1_3.png
1352,66,https://cdn2.cellphones.com.vn/x/media/catalog/product/l/a/laptop_lenovo_ideapad_slim_5_15arp10_83j3001dvn_-_2_3.png
1353,66,https://cdn2.cellphones.com.vn/x/media/catalog/product/l/a/laptop_lenovo_ideapad_slim_5_15arp10_83j3001dvn_-_3_3.png
1354,66,https://cdn2.cellphones.com.vn/x/media/catalog/product/t/e/text_ng_n_16__6_106_1_3.png
1355,66,https://cdn2.cellphones.com.vn/x/media/catalog/product/t/e/text_ng_n_3__7_181_3.png
1356,66,https://cdn2.cellphones.com.vn/x/media/catalog/product/t/e/text_ng_n_2__9_185_3.png
1357,66,https://cdn2.cellphones.com.vn/x/media/catalog/product/t/e/text_ng_n_6__4_203_3.png
1358,66,https://cdn2.cellphones.com.vn/x/media/catalog/product/t/e/text_ng_n_5__9_226_3.png
1359,66,https://cdn2.cellphones.com.vn/x/media/catalog/product/t/e/text_ng_n_4__7_226_3.png
1360,66,https://cdn2.cellphones.com.vn/x/media/catalog/product/t/e/text_ng_n_10__5_174_3.png
1361,66,https://cdn2.cellphones.com.vn/x/media/catalog/product/t/e/text_ng_n_7__4_180_3.png
1362,66,https://cdn2.cellphones.com.vn/x/media/catalog/product/t/e/text_ng_n_8__6_182_3.png
1363,66,https://cdn2.cellphones.com.vn/x/media/catalog/product/t/e/text_ng_n_9__9_164_3.png
1364,66,https://cellphones.com.vn/media/catalog/product/c/p/cps-25-03_18_.png
1365,66,https://cellphones.com.vn/media/catalog/product/g/r/group_659_47_3.png
1366,66,https://cellphones.com.vn/media/catalog/product/l/a/laptop_lenovo_ideapad_slim_5_15arp10_83j3001dvn_-_1_3.png
1367,66,https://cellphones.com.vn/media/catalog/product/l/a/laptop_lenovo_ideapad_slim_5_15arp10_83j3001dvn_-_2_3.png
1368,66,https://cellphones.com.vn/media/catalog/product/l/a/laptop_lenovo_ideapad_slim_5_15arp10_83j3001dvn_-_3_3.png
1369,66,https://cellphones.com.vn/media/catalog/product/t/e/text_ng_n_16__6_106_1_3.png
1370,66,https://cellphones.com.vn/media/catalog/product/t/e/text_ng_n_3__7_181_3.png
1371,66,https://cellphones.com.vn/media/catalog/product/t/e/text_ng_n_2__9_185_3.png
1372,66,https://cellphones.com.vn/media/catalog/product/t/e/text_ng_n_6__4_203_3.png
1373,66,https://cellphones.com.vn/media/catalog/product/t/e/text_ng_n_5__9_226_3.png
1374,66,https://cellphones.com.vn/media/catalog/product/t/e/text_ng_n_4__7_226_3.png
1375,66,https://cellphones.com.vn/media/catalog/product/t/e/text_ng_n_10__5_174_3.png
1376,66,https://cellphones.com.vn/media/catalog/product/t/e/text_ng_n_7__4_180_3.png
1377,66,https://cellphones.com.vn/media/catalog/product/t/e/text_ng_n_8__6_182_3.png
1378,66,https://cellphones.com.vn/media/catalog/product/t/e/text_ng_n_9__9_164_3.png
1379,67,https://cdn2.cellphones.com.vn/media/catalog/product/t/e/text_d_i_1__4_9_2.png
1380,67,https://cdn2.cellphones.com.vn/x/media/catalog/product/l/a/laptop_lenovo_loq_15arp9_83jc00hyvn_-_1_2.png
1381,67,https://cdn2.cellphones.com.vn/x/media/catalog/product/l/a/laptop_lenovo_loq_15arp9_83jc00hyvn_-_2_2.png
1382,67,https://cdn2.cellphones.com.vn/x/media/catalog/product/l/a/laptop_lenovo_loq_15arp9_83jc00hyvn_-_3_2.png
1383,67,https://cdn2.cellphones.com.vn/x/media/catalog/product/t/e/text_ng_n_6__4_96_1_2.png
1384,67,https://cdn2.cellphones.com.vn/x/media/catalog/product/t/e/text_ng_n_5__9_106_1_2.png
1385,67,https://cdn2.cellphones.com.vn/x/media/catalog/product/t/e/text_ng_n_7__4_92_1_2.png
1386,67,https://cdn2.cellphones.com.vn/x/media/catalog/product/t/e/text_ng_n_12__8_49_1_2.png
1387,67,https://cdn2.cellphones.com.vn/x/media/catalog/product/t/e/text_ng_n_14__9_45_1_2.png
1388,67,https://cdn2.cellphones.com.vn/x/media/catalog/product/t/e/text_ng_n_9__9_82_1_2.png
1389,67,https://cdn2.cellphones.com.vn/x/media/catalog/product/t/e/text_ng_n_15__7_227_1_2.png
1390,67,https://cdn2.cellphones.com.vn/x/media/catalog/product/t/e/text_ng_n_11_-_copy_1_2.png
1391,67,https://cdn2.cellphones.com.vn/x/media/catalog/product/t/e/text_ng_n_8_-_copy_1_2.png
1392,67,https://cdn2.cellphones.com.vn/x/media/catalog/product/t/e/text_ng_n_10__5_110_1_2.png
1393,67,https://cdn2.cellphones.com.vn/x/media/catalog/product/t/e/text_ng_n_13__8_42_1_2.png
1394,67,https://cdn2.cellphones.com.vn/x/media/catalog/product/t/e/text_ng_n_16__6_182_1_2.png
1395,67,https://cdn2.cellphones.com.vn/x/media/catalog/product/t/e/text_ng_n_17__8_131_1_2.png
1396,67,https://cdn2.cellphones.com.vn/x/media/catalog/product/t/e/text_ng_n_18__7_34_1_2.png
1397,67,https://cellphones.com.vn/media/catalog/product/c/p/cps-25-03_20_.png
1398,67,https://cellphones.com.vn/media/catalog/product/t/e/text_d_i_1__4_9_2.png
1399,67,https://cellphones.com.vn/media/catalog/product/l/a/laptop_lenovo_loq_15arp9_83jc00hyvn_-_1_2.png
1400,67,https://cellphones.com.vn/media/catalog/product/l/a/laptop_lenovo_loq_15arp9_83jc00hyvn_-_2_2.png
1401,67,https://cellphones.com.vn/media/catalog/product/l/a/laptop_lenovo_loq_15arp9_83jc00hyvn_-_3_2.png
1402,67,https://cellphones.com.vn/media/catalog/product/t/e/text_ng_n_6__4_96_1_2.png
1403,67,https://cellphones.com.vn/media/catalog/product/t/e/text_ng_n_5__9_106_1_2.png
1404,67,https://cellphones.com.vn/media/catalog/product/t/e/text_ng_n_7__4_92_1_2.png
1405,67,https://cellphones.com.vn/media/catalog/product/t/e/text_ng_n_12__8_49_1_2.png
1406,67,https://cellphones.com.vn/media/catalog/product/t/e/text_ng_n_14__9_45_1_2.png
1407,67,https://cellphones.com.vn/media/catalog/product/t/e/text_ng_n_9__9_82_1_2.png
1408,67,https://cellphones.com.vn/media/catalog/product/t/e/text_ng_n_15__7_227_1_2.png
1409,67,https://cellphones.com.vn/media/catalog/product/t/e/text_ng_n_11_-_copy_1_2.png
1410,67,https://cellphones.com.vn/media/catalog/product/t/e/text_ng_n_8_-_copy_1_2.png
1411,67,https://cellphones.com.vn/media/catalog/product/t/e/text_ng_n_10__5_110_1_2.png
1412,67,https://cellphones.com.vn/media/catalog/product/t/e/text_ng_n_13__8_42_1_2.png
1413,67,https://cellphones.com.vn/media/catalog/product/t/e/text_ng_n_16__6_182_1_2.png
1414,67,https://cellphones.com.vn/media/catalog/product/t/e/text_ng_n_17__8_131_1_2.png
1415,67,https://cellphones.com.vn/media/catalog/product/t/e/text_ng_n_18__7_34_1_2.png
1416,68,https://cdn2.cellphones.com.vn/media/catalog/product/t/e/text_d_i_7_10_2.png
1417,68,https://cdn2.cellphones.com.vn/x/media/catalog/product/l/a/laptop_lenovo_loq_15iax9e_83lk0079vn_-_1_2.png
1418,68,https://cdn2.cellphones.com.vn/x/media/catalog/product/l/a/laptop_lenovo_loq_15iax9e_83lk0079vn_-_2_2.png
1419,68,https://cdn2.cellphones.com.vn/x/media/catalog/product/l/a/laptop_lenovo_loq_15iax9e_83lk0079vn_-_3_2.png
1420,68,https://cdn2.cellphones.com.vn/x/media/catalog/product/t/e/text_ng_n_6__4_24_2.png
1421,68,https://cdn2.cellphones.com.vn/x/media/catalog/product/t/e/text_ng_n_7__4_21_2.png
1422,68,https://cdn2.cellphones.com.vn/x/media/catalog/product/t/e/text_ng_n_5__9_27_2.png
1423,68,https://cdn2.cellphones.com.vn/x/media/catalog/product/t/e/text_ng_n_11__6_39_2.png
1424,68,https://cdn2.cellphones.com.vn/x/media/catalog/product/t/e/text_ng_n_13__7_44_2.png
1425,68,https://cdn2.cellphones.com.vn/x/media/catalog/product/t/e/text_ng_n_12__7_35_2.png
1426,68,https://cdn2.cellphones.com.vn/x/media/catalog/product/t/e/text_ng_n_15__7_184_2.png
1427,68,https://cdn2.cellphones.com.vn/x/media/catalog/product/t/e/text_ng_n_10__5_47_2.png
1428,68,https://cdn2.cellphones.com.vn/x/media/catalog/product/t/e/text_ng_n_9__9_21_2.png
1429,68,https://cdn2.cellphones.com.vn/x/media/catalog/product/t/e/text_ng_n_14__8_42_2.png
1430,68,https://cdn2.cellphones.com.vn/x/media/catalog/product/t/e/text_ng_n_8__6_23_2.png
1431,68,https://cdn2.cellphones.com.vn/x/media/catalog/product/t/e/text_ng_n_17__8_89_2.png
1432,68,https://cdn2.cellphones.com.vn/x/media/catalog/product/t/e/text_ng_n_16__6_141_2.png
1433,68,https://cellphones.com.vn/media/catalog/product/c/p/cps-25-03_41_.png
1434,68,https://cellphones.com.vn/media/catalog/product/t/e/text_d_i_7_10_2.png
1435,68,https://cellphones.com.vn/media/catalog/product/l/a/laptop_lenovo_loq_15iax9e_83lk0079vn_-_1_2.png
1436,68,https://cellphones.com.vn/media/catalog/product/l/a/laptop_lenovo_loq_15iax9e_83lk0079vn_-_2_2.png
1437,68,https://cellphones.com.vn/media/catalog/product/l/a/laptop_lenovo_loq_15iax9e_83lk0079vn_-_3_2.png
1438,68,https://cellphones.com.vn/media/catalog/product/t/e/text_ng_n_6__4_24_2.png
1439,68,https://cellphones.com.vn/media/catalog/product/t/e/text_ng_n_7__4_21_2.png
1440,68,https://cellphones.com.vn/media/catalog/product/t/e/text_ng_n_5__9_27_2.png
1441,68,https://cellphones.com.vn/media/catalog/product/t/e/text_ng_n_11__6_39_2.png
1442,68,https://cellphones.com.vn/media/catalog/product/t/e/text_ng_n_13__7_44_2.png
1443,68,https://cellphones.com.vn/media/catalog/product/t/e/text_ng_n_12__7_35_2.png
1444,68,https://cellphones.com.vn/media/catalog/product/t/e/text_ng_n_15__7_184_2.png
1445,68,https://cellphones.com.vn/media/catalog/product/t/e/text_ng_n_10__5_47_2.png
1446,68,https://cellphones.com.vn/media/catalog/product/t/e/text_ng_n_9__9_21_2.png
1447,68,https://cellphones.com.vn/media/catalog/product/t/e/text_ng_n_14__8_42_2.png
1448,68,https://cellphones.com.vn/media/catalog/product/t/e/text_ng_n_8__6_23_2.png
1449,68,https://cellphones.com.vn/media/catalog/product/t/e/text_ng_n_17__8_89_2.png
1450,68,https://cellphones.com.vn/media/catalog/product/t/e/text_ng_n_16__6_141_2.png
1451,69,https://cdn2.cellphones.com.vn/media/catalog/product/g/r/group_744_1_61_1.png
1452,69,https://cdn2.cellphones.com.vn/x/media/catalog/product/l/a/laptop_lenovo_thinkbook_16_g8_irl_21sh0093va_-_1_1.png
1453,69,https://cdn2.cellphones.com.vn/x/media/catalog/product/l/a/laptop_lenovo_thinkbook_16_g8_irl_21sh0093va_-_2_1.png
1454,69,https://cdn2.cellphones.com.vn/x/media/catalog/product/l/a/laptop_lenovo_thinkbook_16_g8_irl_21sh0093va_-_3_1.png
1455,69,https://cdn2.cellphones.com.vn/x/media/catalog/product/t/e/text_ng_n_4__8_130_1.png
1456,69,https://cdn2.cellphones.com.vn/x/media/catalog/product/t/e/text_ng_n_2__10_152_1.png
1457,69,https://cdn2.cellphones.com.vn/x/media/catalog/product/t/e/text_ng_n_3__8_129_1.png
1458,69,https://cdn2.cellphones.com.vn/x/media/catalog/product/t/e/text_ng_n_5__10_117_1.png
1459,69,https://cdn2.cellphones.com.vn/x/media/catalog/product/t/e/text_ng_n_7__5_94_1.png
1460,69,https://cdn2.cellphones.com.vn/x/media/catalog/product/t/e/text_ng_n_6__5_107_1.png
1461,69,https://cdn2.cellphones.com.vn/x/media/catalog/product/t/e/text_ng_n_11__7_212_1.png
1462,69,https://cdn2.cellphones.com.vn/x/media/catalog/product/t/e/text_ng_n_10__5_294_1.png
1463,69,https://cdn2.cellphones.com.vn/x/media/catalog/product/t/e/text_ng_n_9__9_300_1.png
1464,69,https://cdn2.cellphones.com.vn/x/media/catalog/product/t/e/text_ng_n_8__8_89_1.png
1465,69,https://cellphones.com.vn/media/catalog/product/c/p/cps-25-03_5_.png
1466,69,https://cellphones.com.vn/media/catalog/product/g/r/group_744_1_61_1.png
1467,69,https://cellphones.com.vn/media/catalog/product/l/a/laptop_lenovo_thinkbook_16_g8_irl_21sh0093va_-_1_1.png
1468,69,https://cellphones.com.vn/media/catalog/product/l/a/laptop_lenovo_thinkbook_16_g8_irl_21sh0093va_-_2_1.png
1469,69,https://cellphones.com.vn/media/catalog/product/l/a/laptop_lenovo_thinkbook_16_g8_irl_21sh0093va_-_3_1.png
1470,69,https://cellphones.com.vn/media/catalog/product/t/e/text_ng_n_4__8_130_1.png
1471,69,https://cellphones.com.vn/media/catalog/product/t/e/text_ng_n_2__10_152_1.png
1472,69,https://cellphones.com.vn/media/catalog/product/t/e/text_ng_n_3__8_129_1.png
1473,69,https://cellphones.com.vn/media/catalog/product/t/e/text_ng_n_5__10_117_1.png
1474,69,https://cellphones.com.vn/media/catalog/product/t/e/text_ng_n_7__5_94_1.png
1475,69,https://cellphones.com.vn/media/catalog/product/t/e/text_ng_n_6__5_107_1.png
1476,69,https://cellphones.com.vn/media/catalog/product/t/e/text_ng_n_11__7_212_1.png
1477,69,https://cellphones.com.vn/media/catalog/product/t/e/text_ng_n_10__5_294_1.png
1478,69,https://cellphones.com.vn/media/catalog/product/t/e/text_ng_n_9__9_300_1.png
1479,69,https://cellphones.com.vn/media/catalog/product/t/e/text_ng_n_8__8_89_1.png
1480,70,https://cdn2.cellphones.com.vn/media/catalog/product/g/r/group_744_3__4_2.png
1481,70,https://cdn2.cellphones.com.vn/x/media/catalog/product/l/a/laptop_lenovo_yoga_slim_7_14imh9_83cv00d8vn_-_1_1.png
1482,70,https://cdn2.cellphones.com.vn/x/media/catalog/product/l/a/laptop_lenovo_yoga_slim_7_14imh9_83cv00d8vn_-_2_1.png
1483,70,https://cdn2.cellphones.com.vn/x/media/catalog/product/l/a/laptop_lenovo_yoga_slim_7_14imh9_83cv00d8vn_-_3_1.png
1484,70,https://cdn2.cellphones.com.vn/x/media/catalog/product/t/e/text_ng_n_14__9_192_2.png
1485,70,https://cdn2.cellphones.com.vn/x/media/catalog/product/t/e/text_ng_n_13__8_188_2.png
1486,70,https://cdn2.cellphones.com.vn/x/media/catalog/product/t/e/text_ng_n_10__6_18_2.png
1487,70,https://cdn2.cellphones.com.vn/x/media/catalog/product/t/e/text_ng_n_9__10_19_2.png
1488,70,https://cdn2.cellphones.com.vn/x/media/catalog/product/t/e/text_ng_n_2__11_34_2.png
1489,70,https://cdn2.cellphones.com.vn/x/media/catalog/product/t/e/text_ng_n_7__6_17_2.png
1490,70,https://cdn2.cellphones.com.vn/x/media/catalog/product/t/e/text_ng_n_15__7_350_2.png
1491,70,https://cdn2.cellphones.com.vn/x/media/catalog/product/t/e/text_ng_n_8__10_18_2.png
1492,70,https://cdn2.cellphones.com.vn/x/media/catalog/product/t/e/text_ng_n_6__6_20_2.png
1493,70,https://cdn2.cellphones.com.vn/x/media/catalog/product/t/e/text_ng_n_4__9_24_2.png
1494,70,https://cdn2.cellphones.com.vn/x/media/catalog/product/t/e/text_ng_n_5__11_16_2.png
1495,70,https://cdn2.cellphones.com.vn/x/media/catalog/product/t/e/text_ng_n_3__9_28_2.png
1496,70,https://cdn2.cellphones.com.vn/x/media/catalog/product/t/e/text_ng_n_17__9_37_2.png
1497,70,https://cdn2.cellphones.com.vn/x/media/catalog/product/t/e/text_ng_n_16__6_288_2.png
1498,70,https://cdn2.cellphones.com.vn/x/media/catalog/product/t/e/text_ng_n_11__7_253_2.png
1499,70,https://cdn2.cellphones.com.vn/x/media/catalog/product/t/e/text_ng_n_12__8_219_2.png
1500,70,https://cellphones.com.vn/media/catalog/product/c/p/cps-25-03_28_.png
1501,70,https://cellphones.com.vn/media/catalog/product/g/r/group_744_3__4_2.png
1502,70,https://cellphones.com.vn/media/catalog/product/l/a/laptop_lenovo_yoga_slim_7_14imh9_83cv00d8vn_-_1_1.png
1503,70,https://cellphones.com.vn/media/catalog/product/l/a/laptop_lenovo_yoga_slim_7_14imh9_83cv00d8vn_-_2_1.png
1504,70,https://cellphones.com.vn/media/catalog/product/l/a/laptop_lenovo_yoga_slim_7_14imh9_83cv00d8vn_-_3_1.png
1505,70,https://cellphones.com.vn/media/catalog/product/t/e/text_ng_n_14__9_192_2.png
1506,70,https://cellphones.com.vn/media/catalog/product/t/e/text_ng_n_13__8_188_2.png
1507,70,https://cellphones.com.vn/media/catalog/product/t/e/text_ng_n_10__6_18_2.png
1508,70,https://cellphones.com.vn/media/catalog/product/t/e/text_ng_n_9__10_19_2.png
1509,70,https://cellphones.com.vn/media/catalog/product/t/e/text_ng_n_2__11_34_2.png
1510,70,https://cellphones.com.vn/media/catalog/product/t/e/text_ng_n_7__6_17_2.png
1511,70,https://cellphones.com.vn/media/catalog/product/t/e/text_ng_n_15__7_350_2.png
1512,70,https://cellphones.com.vn/media/catalog/product/t/e/text_ng_n_8__10_18_2.png
1513,70,https://cellphones.com.vn/media/catalog/product/t/e/text_ng_n_6__6_20_2.png
1514,70,https://cellphones.com.vn/media/catalog/product/t/e/text_ng_n_4__9_24_2.png
1515,70,https://cellphones.com.vn/media/catalog/product/t/e/text_ng_n_5__11_16_2.png
1516,70,https://cellphones.com.vn/media/catalog/product/t/e/text_ng_n_3__9_28_2.png
1517,70,https://cellphones.com.vn/media/catalog/product/t/e/text_ng_n_17__9_37_2.png
1518,70,https://cellphones.com.vn/media/catalog/product/t/e/text_ng_n_16__6_288_2.png
1519,70,https://cellphones.com.vn/media/catalog/product/t/e/text_ng_n_11__7_253_2.png
1520,70,https://cellphones.com.vn/media/catalog/product/t/e/text_ng_n_12__8_219_2.png
1521,71,https://cdn2.cellphones.com.vn/media/catalog/product/t/e/text_d_i_7_95_2.png
1522,71,https://cdn2.cellphones.com.vn/x/media/catalog/product/l/a/laptop_msi_cyborg_14_a13udx-099vn_-_1_2.png
1523,71,https://cdn2.cellphones.com.vn/x/media/catalog/product/l/a/laptop_msi_cyborg_14_a13udx-099vn_-_3_2.png
1524,71,https://cdn2.cellphones.com.vn/x/media/catalog/product/l/a/laptop_msi_cyborg_14_a13udx-099vn_-_2_2.png
1525,71,https://cdn2.cellphones.com.vn/x/media/catalog/product/t/e/text_ng_n_3__8_58_2.png
1526,71,https://cdn2.cellphones.com.vn/x/media/catalog/product/t/e/text_ng_n_2__10_71_2.png
1527,71,https://cdn2.cellphones.com.vn/x/media/catalog/product/t/e/text_ng_n_4__8_64_2.png
1528,71,https://cdn2.cellphones.com.vn/x/media/catalog/product/t/e/text_ng_n_15__7_315_2.png
1529,71,https://cdn2.cellphones.com.vn/x/media/catalog/product/t/e/text_ng_n_16__6_258_2.png
1530,71,https://cdn2.cellphones.com.vn/x/media/catalog/product/t/e/text_ng_n_22__5_8_2.png
1531,71,https://cdn2.cellphones.com.vn/x/media/catalog/product/t/e/text_ng_n_21__5_9_2.png
1532,71,https://cdn2.cellphones.com.vn/x/media/catalog/product/t/e/text_ng_n_23__4_7_2.png
1533,71,https://cdn2.cellphones.com.vn/x/media/catalog/product/t/e/text_ng_n_18__8_13_2.png
1534,71,https://cdn2.cellphones.com.vn/x/media/catalog/product/t/e/text_ng_n_17__9_14_2.png
1535,71,https://cdn2.cellphones.com.vn/x/media/catalog/product/t/e/text_ng_n_14__9_147_2.png
1536,71,https://cdn2.cellphones.com.vn/x/media/catalog/product/t/e/text_ng_n_12__8_163_2.png
1537,71,https://cdn2.cellphones.com.vn/x/media/catalog/product/t/e/text_ng_n_6__5_56_2.png
1538,71,https://cdn2.cellphones.com.vn/x/media/catalog/product/t/e/text_ng_n_13__8_137_2.png
1539,71,https://cdn2.cellphones.com.vn/x/media/catalog/product/t/e/text_ng_n_7__5_46_2.png
1540,71,https://cdn2.cellphones.com.vn/x/media/catalog/product/t/e/text_ng_n_5__10_56_2.png
1541,71,https://cdn2.cellphones.com.vn/x/media/catalog/product/t/e/text_ng_n_10__5_261_2.png
1542,71,https://cdn2.cellphones.com.vn/x/media/catalog/product/t/e/text_ng_n_11__7_182_2.png
1543,71,https://cdn2.cellphones.com.vn/x/media/catalog/product/t/e/text_ng_n_9__9_265_2.png
1544,71,https://cdn2.cellphones.com.vn/x/media/catalog/product/t/e/text_ng_n_8__8_46_2.png
1545,71,https://cdn2.cellphones.com.vn/x/media/catalog/product/t/e/text_ng_n_20__6_8_2.png
1546,71,https://cdn2.cellphones.com.vn/x/media/catalog/product/t/e/text_ng_n_19__6_12_2.png
1547,71,https://cellphones.com.vn/media/catalog/product/c/p/cps-25-03_24_.png
1548,71,https://cellphones.com.vn/media/catalog/product/t/e/text_d_i_7_95_2.png
1549,71,https://cellphones.com.vn/media/catalog/product/l/a/laptop_msi_cyborg_14_a13udx-099vn_-_1_2.png
1550,71,https://cellphones.com.vn/media/catalog/product/l/a/laptop_msi_cyborg_14_a13udx-099vn_-_3_2.png
1551,71,https://cellphones.com.vn/media/catalog/product/l/a/laptop_msi_cyborg_14_a13udx-099vn_-_2_2.png
1552,71,https://cellphones.com.vn/media/catalog/product/t/e/text_ng_n_3__8_58_2.png
1553,71,https://cellphones.com.vn/media/catalog/product/t/e/text_ng_n_2__10_71_2.png
1554,71,https://cellphones.com.vn/media/catalog/product/t/e/text_ng_n_4__8_64_2.png
1555,71,https://cellphones.com.vn/media/catalog/product/t/e/text_ng_n_15__7_315_2.png
1556,71,https://cellphones.com.vn/media/catalog/product/t/e/text_ng_n_16__6_258_2.png
1557,71,https://cellphones.com.vn/media/catalog/product/t/e/text_ng_n_22__5_8_2.png
1558,71,https://cellphones.com.vn/media/catalog/product/t/e/text_ng_n_21__5_9_2.png
1559,71,https://cellphones.com.vn/media/catalog/product/t/e/text_ng_n_23__4_7_2.png
1560,71,https://cellphones.com.vn/media/catalog/product/t/e/text_ng_n_18__8_13_2.png
1561,71,https://cellphones.com.vn/media/catalog/product/t/e/text_ng_n_17__9_14_2.png
1562,71,https://cellphones.com.vn/media/catalog/product/t/e/text_ng_n_14__9_147_2.png
1563,71,https://cellphones.com.vn/media/catalog/product/t/e/text_ng_n_12__8_163_2.png
1564,71,https://cellphones.com.vn/media/catalog/product/t/e/text_ng_n_6__5_56_2.png
1565,71,https://cellphones.com.vn/media/catalog/product/t/e/text_ng_n_13__8_137_2.png
1566,71,https://cellphones.com.vn/media/catalog/product/t/e/text_ng_n_7__5_46_2.png
1567,71,https://cellphones.com.vn/media/catalog/product/t/e/text_ng_n_5__10_56_2.png
1568,71,https://cellphones.com.vn/media/catalog/product/t/e/text_ng_n_10__5_261_2.png
1569,71,https://cellphones.com.vn/media/catalog/product/t/e/text_ng_n_11__7_182_2.png
1570,71,https://cellphones.com.vn/media/catalog/product/t/e/text_ng_n_9__9_265_2.png
1571,71,https://cellphones.com.vn/media/catalog/product/t/e/text_ng_n_8__8_46_2.png
1572,71,https://cellphones.com.vn/media/catalog/product/t/e/text_ng_n_20__6_8_2.png
1573,71,https://cellphones.com.vn/media/catalog/product/t/e/text_ng_n_19__6_12_2.png
1574,72,https://cdn2.cellphones.com.vn/media/catalog/product/g/r/group_509_15__2.png
1575,72,https://cdn2.cellphones.com.vn/x/media/catalog/product/l/a/laptop_msi_gaming_katana_ai_b8ve-402vn_-_1_1.png
1576,72,https://cdn2.cellphones.com.vn/x/media/catalog/product/l/a/laptop_msi_gaming_katana_ai_b8ve-402vn_-_2_1.png
1577,72,https://cdn2.cellphones.com.vn/x/media/catalog/product/l/a/laptop_msi_gaming_katana_ai_b8ve-402vn_-_3_1.png
1578,72,https://cdn2.cellphones.com.vn/x/media/catalog/product/t/e/text_ng_n_15__7_45_1.png
1579,72,https://cdn2.cellphones.com.vn/x/media/catalog/product/t/e/text_ng_n_18__5_17_1.png
1580,72,https://cdn2.cellphones.com.vn/x/media/catalog/product/t/e/text_ng_n_16__6_20_1.png
1581,72,https://cdn2.cellphones.com.vn/x/media/catalog/product/t/e/text_ng_n_14__6_18_1.png
1582,72,https://cdn2.cellphones.com.vn/x/media/catalog/product/t/e/text_ng_n_17__7_20_1.png
1583,72,https://cellphones.com.vn/media/catalog/product/c/p/cps-25-03_35_.png
1584,72,https://cellphones.com.vn/media/catalog/product/g/r/group_509_15__2.png
1585,72,https://cellphones.com.vn/media/catalog/product/l/a/laptop_msi_gaming_katana_ai_b8ve-402vn_-_1_1.png
1586,72,https://cellphones.com.vn/media/catalog/product/l/a/laptop_msi_gaming_katana_ai_b8ve-402vn_-_2_1.png
1587,72,https://cellphones.com.vn/media/catalog/product/l/a/laptop_msi_gaming_katana_ai_b8ve-402vn_-_3_1.png
1588,72,https://cellphones.com.vn/media/catalog/product/t/e/text_ng_n_15__7_45_1.png
1589,72,https://cellphones.com.vn/media/catalog/product/t/e/text_ng_n_18__5_17_1.png
1590,72,https://cellphones.com.vn/media/catalog/product/t/e/text_ng_n_16__6_20_1.png
1591,72,https://cellphones.com.vn/media/catalog/product/t/e/text_ng_n_14__6_18_1.png
1592,72,https://cellphones.com.vn/media/catalog/product/t/e/text_ng_n_17__7_20_1.png
1593,73,https://cdn2.cellphones.com.vn/media/catalog/product/t/e/text_d_i_4__2_13_3_1_2.png
1594,73,https://cdn2.cellphones.com.vn/x/media/catalog/product/t/e/text_d_i_4__2_13_3_1_2.png
1595,73,https://cdn2.cellphones.com.vn/x/media/catalog/product/l/a/laptop_msi_gaming_thin_15_b12uc-1416vn_-_1_4_1_2.png
1596,73,https://cdn2.cellphones.com.vn/x/media/catalog/product/l/a/laptop_msi_gaming_thin_15_b12uc-1416vn_-_2_6_1_2.png
1597,73,https://cdn2.cellphones.com.vn/x/media/catalog/product/l/a/laptop_msi_gaming_thin_15_b12uc-1416vn_-_3_4_1_2.png
1598,73,https://cdn2.cellphones.com.vn/x/media/catalog/product/t/e/text_ng_n_1__7_32_3_1_2.png
1599,73,https://cdn2.cellphones.com.vn/x/media/catalog/product/t/e/text_ng_n_4__7_17_3_1_2.png
1600,73,https://cdn2.cellphones.com.vn/x/media/catalog/product/t/e/text_ng_n_3__6_18_3_1_2.png
1601,73,https://cdn2.cellphones.com.vn/x/media/catalog/product/t/e/text_ng_n_2__7_21_3_1_2.png
1602,73,https://cdn2.cellphones.com.vn/x/media/catalog/product/t/e/text_ng_n_6__2_182_3_1_2.png
1603,73,https://cdn2.cellphones.com.vn/x/media/catalog/product/t/e/text_ng_n_5__8_17_3_1_2.png
1604,73,https://cellphones.com.vn/media/catalog/product/c/p/cps-25-03.png
1605,73,https://cellphones.com.vn/media/catalog/product/t/e/text_d_i_4__2_13_3_1_2.png
1606,73,https://cellphones.com.vn/media/catalog/product/l/a/laptop_msi_gaming_thin_15_b12uc-1416vn_-_1_4_1_2.png
1607,73,https://cellphones.com.vn/media/catalog/product/l/a/laptop_msi_gaming_thin_15_b12uc-1416vn_-_2_6_1_2.png
1608,73,https://cellphones.com.vn/media/catalog/product/l/a/laptop_msi_gaming_thin_15_b12uc-1416vn_-_3_4_1_2.png
1609,73,https://cellphones.com.vn/media/catalog/product/t/e/text_ng_n_1__7_32_3_1_2.png
1610,73,https://cellphones.com.vn/media/catalog/product/t/e/text_ng_n_4__7_17_3_1_2.png
1611,73,https://cellphones.com.vn/media/catalog/product/t/e/text_ng_n_3__6_18_3_1_2.png
1612,73,https://cellphones.com.vn/media/catalog/product/t/e/text_ng_n_2__7_21_3_1_2.png
1613,73,https://cellphones.com.vn/media/catalog/product/t/e/text_ng_n_6__2_182_3_1_2.png
1614,73,https://cellphones.com.vn/media/catalog/product/t/e/text_ng_n_5__8_17_3_1_2.png
1615,74,https://cdn2.cellphones.com.vn/media/catalog/product/t/e/text_d_i_7_105_2.png
1616,74,https://cdn2.cellphones.com.vn/x/media/catalog/product/l/a/laptop_msi_katana_15_b13udxk-2213vn_-_1_2.png
1617,74,https://cdn2.cellphones.com.vn/x/media/catalog/product/l/a/laptop_msi_katana_15_b13udxk-2213vn_-_2_2.png
1618,74,https://cdn2.cellphones.com.vn/x/media/catalog/product/l/a/laptop_msi_katana_15_b13udxk-2213vn_-_3_2.png
1619,74,https://cdn2.cellphones.com.vn/x/media/catalog/product/t/e/text_ng_n_2__10_125_2.png
1620,74,https://cdn2.cellphones.com.vn/x/media/catalog/product/t/e/text_ng_n_3__8_109_2.png
1621,74,https://cdn2.cellphones.com.vn/x/media/catalog/product/t/e/text_ng_n_4__8_112_2.png
1622,74,https://cdn2.cellphones.com.vn/x/media/catalog/product/t/e/text_ng_n_5__10_99_2.png
1623,74,https://cdn2.cellphones.com.vn/x/media/catalog/product/t/e/text_ng_n_6__5_92_2.png
1624,74,https://cdn2.cellphones.com.vn/x/media/catalog/product/t/e/text_ng_n_7__5_79_2.png
1625,74,https://cdn2.cellphones.com.vn/x/media/catalog/product/t/e/text_ng_n_10__5_284_2.png
1626,74,https://cdn2.cellphones.com.vn/x/media/catalog/product/t/e/text_ng_n_9__9_288_2.png
1627,74,https://cdn2.cellphones.com.vn/x/media/catalog/product/t/e/text_ng_n_11__7_203_2.png
1628,74,https://cdn2.cellphones.com.vn/x/media/catalog/product/t/e/text_ng_n_8__8_74_2.png
1629,74,https://cdn2.cellphones.com.vn/x/media/catalog/product/t/e/text_ng_n_12__8_182_2.png
1630,74,https://cdn2.cellphones.com.vn/x/media/catalog/product/t/e/text_ng_n_14__9_163_2.png
1631,74,https://cdn2.cellphones.com.vn/x/media/catalog/product/t/e/text_ng_n_13__8_154_2.png
1632,74,https://cdn2.cellphones.com.vn/x/media/catalog/product/t/e/text_ng_n_15__7_329_2.png
1633,74,https://cdn2.cellphones.com.vn/x/media/catalog/product/t/e/text_ng_n_18__8_23_2.png
1634,74,https://cdn2.cellphones.com.vn/x/media/catalog/product/t/e/text_ng_n_16__6_271_2.png
1635,74,https://cdn2.cellphones.com.vn/x/media/catalog/product/t/e/text_ng_n_17__9_22_2.png
1636,74,https://cdn2.cellphones.com.vn/x/media/catalog/product/t/e/text_ng_n_19__6_21_2.png
1637,74,https://cdn2.cellphones.com.vn/x/media/catalog/product/t/e/text_ng_n_21__5_13_2.png
1638,74,https://cdn2.cellphones.com.vn/x/media/catalog/product/t/e/text_ng_n_20__6_17_2.png
1639,74,https://cdn2.cellphones.com.vn/x/media/catalog/product/t/e/text_ng_n_22__5_10_2.png
1640,74,https://cdn2.cellphones.com.vn/x/media/catalog/product/t/e/text_ng_n_23__4_9_2.png
1641,74,https://cellphones.com.vn/media/catalog/product/c/p/cps-25-03_44_.png
1642,74,https://cellphones.com.vn/media/catalog/product/t/e/text_d_i_7_105_2.png
1643,74,https://cellphones.com.vn/media/catalog/product/l/a/laptop_msi_katana_15_b13udxk-2213vn_-_1_2.png
1644,74,https://cellphones.com.vn/media/catalog/product/l/a/laptop_msi_katana_15_b13udxk-2213vn_-_2_2.png
1645,74,https://cellphones.com.vn/media/catalog/product/l/a/laptop_msi_katana_15_b13udxk-2213vn_-_3_2.png
1646,74,https://cellphones.com.vn/media/catalog/product/t/e/text_ng_n_2__10_125_2.png
1647,74,https://cellphones.com.vn/media/catalog/product/t/e/text_ng_n_3__8_109_2.png
1648,74,https://cellphones.com.vn/media/catalog/product/t/e/text_ng_n_4__8_112_2.png
1649,74,https://cellphones.com.vn/media/catalog/product/t/e/text_ng_n_5__10_99_2.png
1650,74,https://cellphones.com.vn/media/catalog/product/t/e/text_ng_n_6__5_92_2.png
1651,74,https://cellphones.com.vn/media/catalog/product/t/e/text_ng_n_7__5_79_2.png
1652,74,https://cellphones.com.vn/media/catalog/product/t/e/text_ng_n_10__5_284_2.png
1653,74,https://cellphones.com.vn/media/catalog/product/t/e/text_ng_n_9__9_288_2.png
1654,74,https://cellphones.com.vn/media/catalog/product/t/e/text_ng_n_11__7_203_2.png
1655,74,https://cellphones.com.vn/media/catalog/product/t/e/text_ng_n_8__8_74_2.png
1656,74,https://cellphones.com.vn/media/catalog/product/t/e/text_ng_n_12__8_182_2.png
1657,74,https://cellphones.com.vn/media/catalog/product/t/e/text_ng_n_14__9_163_2.png
1658,74,https://cellphones.com.vn/media/catalog/product/t/e/text_ng_n_13__8_154_2.png
1659,74,https://cellphones.com.vn/media/catalog/product/t/e/text_ng_n_15__7_329_2.png
1660,74,https://cellphones.com.vn/media/catalog/product/t/e/text_ng_n_18__8_23_2.png
1661,74,https://cellphones.com.vn/media/catalog/product/t/e/text_ng_n_16__6_271_2.png
1662,74,https://cellphones.com.vn/media/catalog/product/t/e/text_ng_n_17__9_22_2.png
1663,74,https://cellphones.com.vn/media/catalog/product/t/e/text_ng_n_19__6_21_2.png
1664,74,https://cellphones.com.vn/media/catalog/product/t/e/text_ng_n_21__5_13_2.png
1665,74,https://cellphones.com.vn/media/catalog/product/t/e/text_ng_n_20__6_17_2.png
1666,74,https://cellphones.com.vn/media/catalog/product/t/e/text_ng_n_22__5_10_2.png
1667,74,https://cellphones.com.vn/media/catalog/product/t/e/text_ng_n_23__4_9_2.png
1668,75,https://cdn2.cellphones.com.vn/media/catalog/product/4/5/45622_1_1.png
1669,75,https://cdn2.cellphones.com.vn/x/media/catalog/product/4/5/45622_1_1.png
1670,75,https://cdn2.cellphones.com.vn/x/media/catalog/product/2/_/2_64_21_2_2_1_1_1_1.jpg
1671,75,https://cdn2.cellphones.com.vn/x/media/catalog/product/3/_/3_54_19_2_1_1_1_1_1.jpg
1672,75,https://cdn2.cellphones.com.vn/x/media/catalog/product/6/_/6_22_13_2_1_1_1_1_1.jpg
1673,75,https://cdn2.cellphones.com.vn/x/media/catalog/product/5/_/5_33_16_2_1_1_1_1_1.jpg
1674,75,https://cdn2.cellphones.com.vn/x/media/catalog/product/4/_/4_39_18_2_1_1_1_1_1.jpg
1675,75,https://cellphones.com.vn/media/catalog/product/c/p/cps-25-03_4_.png
1676,75,https://cellphones.com.vn/media/catalog/product/4/5/45622_1_1.png
1677,75,https://cellphones.com.vn/media/catalog/product/2/_/2_64_21_2_2_1_1_1_1.jpg
1678,75,https://cellphones.com.vn/media/catalog/product/3/_/3_54_19_2_1_1_1_1_1.jpg
1679,75,https://cellphones.com.vn/media/catalog/product/6/_/6_22_13_2_1_1_1_1_1.jpg
1680,75,https://cellphones.com.vn/media/catalog/product/5/_/5_33_16_2_1_1_1_1_1.jpg
1681,75,https://cellphones.com.vn/media/catalog/product/4/_/4_39_18_2_1_1_1_1_1.jpg
1682,76,https://cdn2.cellphones.com.vn/media/catalog/product/t/e/text_d_i_1__3_14_2.png
1683,76,https://cdn2.cellphones.com.vn/x/media/catalog/product/l/a/laptop_msi_prestige_14_ai_studio_c1udxg-058vn_-_1_2.png
1684,76,https://cdn2.cellphones.com.vn/x/media/catalog/product/l/a/laptop_msi_prestige_14_ai_studio_c1udxg-058vn_-_2_2.png
1685,76,https://cdn2.cellphones.com.vn/x/media/catalog/product/l/a/laptop_msi_prestige_14_ai_studio_c1udxg-058vn_-_3_2.png
1686,76,https://cdn2.cellphones.com.vn/x/media/catalog/product/t/e/text_ng_n_8__4_126_2.png
1687,76,https://cdn2.cellphones.com.vn/x/media/catalog/product/t/e/text_ng_n_10__4_99_2.png
1688,76,https://cdn2.cellphones.com.vn/x/media/catalog/product/t/e/text_ng_n_9__4_141_2.png
1689,76,https://cdn2.cellphones.com.vn/x/media/catalog/product/t/e/text_ng_n_11__5_107_2.png
1690,76,https://cellphones.com.vn/media/catalog/product/c/p/cps-25-03_11_.png
1691,76,https://cellphones.com.vn/media/catalog/product/t/e/text_d_i_1__3_14_2.png
1692,76,https://cellphones.com.vn/media/catalog/product/l/a/laptop_msi_prestige_14_ai_studio_c1udxg-058vn_-_1_2.png
1693,76,https://cellphones.com.vn/media/catalog/product/l/a/laptop_msi_prestige_14_ai_studio_c1udxg-058vn_-_2_2.png
1694,76,https://cellphones.com.vn/media/catalog/product/l/a/laptop_msi_prestige_14_ai_studio_c1udxg-058vn_-_3_2.png
1695,76,https://cellphones.com.vn/media/catalog/product/t/e/text_ng_n_8__4_126_2.png
1696,76,https://cellphones.com.vn/media/catalog/product/t/e/text_ng_n_10__4_99_2.png
1697,76,https://cellphones.com.vn/media/catalog/product/t/e/text_ng_n_9__4_141_2.png
1698,76,https://cellphones.com.vn/media/catalog/product/t/e/text_ng_n_11__5_107_2.png
1699,77,https://cdn2.cellphones.com.vn/media/catalog/product/t/e/text_d_i_6_55_2.png
1700,77,https://cdn2.cellphones.com.vn/x/media/catalog/product/l/a/laptop_msi_vector_16_hx_ai_a2xwhg-010vn_-_1_1_2.png
1701,77,https://cdn2.cellphones.com.vn/x/media/catalog/product/l/a/laptop_msi_vector_16_hx_ai_a2xwhg-010vn_-_2_1_2.png
1702,77,https://cdn2.cellphones.com.vn/x/media/catalog/product/l/a/laptop_msi_vector_16_hx_ai_a2xwhg-010vn_-_3_2.png
1703,77,https://cdn2.cellphones.com.vn/x/media/catalog/product/t/e/text_ng_n_15__7_160_2.png
1704,77,https://cdn2.cellphones.com.vn/x/media/catalog/product/t/e/text_ng_n_17__8_76_2.png
1705,77,https://cdn2.cellphones.com.vn/x/media/catalog/product/t/e/text_ng_n_18__6_60_2.png
1706,77,https://cdn2.cellphones.com.vn/x/media/catalog/product/t/e/text_ng_n_16__6_121_2.png
1707,77,https://cdn2.cellphones.com.vn/x/media/catalog/product/t/e/text_ng_n_19__4_62_2.png
1708,77,https://cellphones.com.vn/media/catalog/product/c/p/cps-25-03_16_.png
1709,77,https://cellphones.com.vn/media/catalog/product/t/e/text_d_i_6_55_2.png
1710,77,https://cellphones.com.vn/media/catalog/product/l/a/laptop_msi_vector_16_hx_ai_a2xwhg-010vn_-_1_1_2.png
1711,77,https://cellphones.com.vn/media/catalog/product/l/a/laptop_msi_vector_16_hx_ai_a2xwhg-010vn_-_2_1_2.png
1712,77,https://cellphones.com.vn/media/catalog/product/l/a/laptop_msi_vector_16_hx_ai_a2xwhg-010vn_-_3_2.png
1713,77,https://cellphones.com.vn/media/catalog/product/t/e/text_ng_n_15__7_160_2.png
1714,77,https://cellphones.com.vn/media/catalog/product/t/e/text_ng_n_17__8_76_2.png
1715,77,https://cellphones.com.vn/media/catalog/product/t/e/text_ng_n_18__6_60_2.png
1716,77,https://cellphones.com.vn/media/catalog/product/t/e/text_ng_n_16__6_121_2.png
1717,77,https://cellphones.com.vn/media/catalog/product/t/e/text_ng_n_19__4_62_2.png
1718,78,https://cdn2.cellphones.com.vn/media/catalog/product/l/o/loa-bluetooth-goojodoq-ab4092_6_.png
1719,78,https://cdn2.cellphones.com.vn/x/media/catalog/product/l/o/loa-bluetooth-goojodoq-ab4092_2_1.png
1720,78,https://cdn2.cellphones.com.vn/x/media/catalog/product/l/o/loa-bluetooth-goojodoq-ab4092_7_.png
1721,78,https://cdn2.cellphones.com.vn/x/media/catalog/product/l/o/loa-bluetooth-goojodoq-ab4092_8_.png
1722,78,https://cdn2.cellphones.com.vn/x/media/catalog/product/l/o/loa-bluetooth-goojodoq-ab4092.png
1723,78,https://cdn2.cellphones.com.vn/x/media/catalog/product/l/o/loa-bluetooth-goojodoq-ab4092_5_.png
1724,78,https://cdn2.cellphones.com.vn/x/media/catalog/product/l/o/loa-bluetooth-goojodoq-ab4092_4_.png
1725,78,https://cdn2.cellphones.com.vn/x/media/catalog/product/l/o/loa-bluetooth-goojodoq-ab4092_3_.png
1726,78,https://cellphones.com.vn/media/catalog/product/l/o/loa-bluetooth-goojodoq-ab4092-do.png
1727,78,https://cellphones.com.vn/media/catalog/product/l/o/loa-bluetooth-goojodoq-ab4092_1__1.png
1728,78,https://cellphones.com.vn/media/catalog/product/l/o/loa-bluetooth-goojodoq-ab4092_1.png
1729,78,https://cellphones.com.vn/media/catalog/product/l/o/loa-bluetooth-goojodoq-ab4092_6_.png
1730,78,https://cellphones.com.vn/media/catalog/product/l/o/loa-bluetooth-goojodoq-ab4092_2_1.png
1731,78,https://cellphones.com.vn/media/catalog/product/l/o/loa-bluetooth-goojodoq-ab4092_7_.png
1732,78,https://cellphones.com.vn/media/catalog/product/l/o/loa-bluetooth-goojodoq-ab4092_8_.png
1733,78,https://cellphones.com.vn/media/catalog/product/l/o/loa-bluetooth-goojodoq-ab4092.png
1734,78,https://cellphones.com.vn/media/catalog/product/l/o/loa-bluetooth-goojodoq-ab4092_5_.png
1735,78,https://cellphones.com.vn/media/catalog/product/l/o/loa-bluetooth-goojodoq-ab4092_4_.png
1736,78,https://cellphones.com.vn/media/catalog/product/l/o/loa-bluetooth-goojodoq-ab4092_3_.png
1737,79,https://cdn2.cellphones.com.vn/media/catalog/product/l/o/loa-bluetooth-goojodoq-ab4094_2_.png
1738,79,https://cdn2.cellphones.com.vn/x/media/catalog/product/l/o/loa-bluetooth-goojodoq-ab4094_3_.png
1739,79,https://cdn2.cellphones.com.vn/x/media/catalog/product/l/o/loa-bluetooth-goojodoq-ab4094_2_.png
1740,79,https://cdn2.cellphones.com.vn/x/media/catalog/product/l/o/loa-bluetooth-goojodoq-ab4094_1_.png
1741,79,https://cdn2.cellphones.com.vn/x/media/catalog/product/l/o/loa-bluetooth-goojodoq-ab4094.png
1742,79,https://cellphones.com.vn/media/catalog/product/l/o/loa-bluetooth-goojodoq-ab4094_3__1.png
1743,79,https://cellphones.com.vn/media/catalog/product/l/o/loa-bluetooth-goojodoq-ab4094_1.png
1744,79,https://cellphones.com.vn/media/catalog/product/l/o/loa-bluetooth-goojodoq-ab4094_1__1.png
1745,79,https://cellphones.com.vn/media/catalog/product/l/o/loa-bluetooth-goojodoq-ab4094_2__1.png
1746,79,https://cellphones.com.vn/media/catalog/product/l/o/loa-bluetooth-goojodoq-ab4094_2_.png
1747,79,https://cellphones.com.vn/media/catalog/product/l/o/loa-bluetooth-goojodoq-ab4094_3_.png
1748,79,https://cellphones.com.vn/media/catalog/product/l/o/loa-bluetooth-goojodoq-ab4094_1_.png
1749,79,https://cellphones.com.vn/media/catalog/product/l/o/loa-bluetooth-goojodoq-ab4094.png
1750,80,https://cdn2.cellphones.com.vn/media/catalog/product/l/o/loa-bluetooth-goojodoq-ab4095.png
1751,80,https://cdn2.cellphones.com.vn/x/media/catalog/product/l/o/loa-bluetooth-goojodoq-ab4095.png
1752,80,https://cellphones.com.vn/media/catalog/product/l/o/loa-bluetooth-goojodoq-ab4095.png
1753,80,https://cellphones.com.vn/media/catalog/product
1754,81,https://cdn2.cellphones.com.vn/media/catalog/product/l/o/loa-edifier-m60_2.png
1755,81,https://cdn2.cellphones.com.vn/x/media/catalog/product/l/o/loa-edifier-m60_2.png
1756,81,https://cellphones.com.vn/media/catalog/product/l/o/loa-edifier-m60_2.png
1757,81,https://cellphones.com.vn/media/catalog/product
1758,82,https://cdn2.cellphones.com.vn/media/catalog/product/m/a/macbook_1__7_12.png
1759,82,https://cdn2.cellphones.com.vn/x/media/catalog/product/v/n/vn_macbook_pro_14_in_m3_pro_max_silver_pdp_image_position-1_5_1_2.jpg
1760,82,https://cdn2.cellphones.com.vn/x/media/catalog/product/v/n/vn_macbook_pro_14_in_m3_pro_max_silver_pdp_image_position-2_5_1_2.jpg
1761,82,https://cdn2.cellphones.com.vn/x/media/catalog/product/v/n/vn_macbook_pro_14_in_m3_pro_max_silver_pdp_image_position-3_5_1_2.jpg
1762,82,https://cdn2.cellphones.com.vn/x/media/catalog/product/v/n/vn_macbook_pro_14_in_m3_pro_max_silver_pdp_image_position-4_5_1_2.jpg
1763,82,https://cdn2.cellphones.com.vn/x/media/catalog/product/v/n/vn_macbook_pro_14_in_m3_pro_max_silver_pdp_image_position-6_5_1_2.jpg
1764,82,https://cdn2.cellphones.com.vn/x/media/catalog/product/v/n/vn_macbook_pro_14_in_m3_pro_max_silver_pdp_image_position-5_5_1_2.jpg
1765,82,https://cdn2.cellphones.com.vn/x/media/catalog/product/v/n/vn_macbook_pro_14_in_m3_pro_max_silver_pdp_image_position-7_5_1_2.jpg
1766,82,https://cdn2.cellphones.com.vn/x/media/catalog/product/v/n/vn_macbook_pro_14_in_m3_pro_max_silver_pdp_image_position-8_5_1_2.jpg
1767,82,https://cdn2.cellphones.com.vn/x/media/catalog/product/v/n/vn_macbook_pro_14_in_m3_pro_max_silver_pdp_image_position-9_5_1_2.jpg
1768,82,https://cdn2.cellphones.com.vn/x/media/catalog/product/v/n/vn_macbook_pro_14_in_m3_pro_max_silver_pdp_image_position-10_5_1_2.jpg
1769,82,https://cellphones.com.vn/media/catalog/product/t/e/text_ng_n_1__9_177.png
1770,82,https://cellphones.com.vn/media/catalog/product/m/a/macbook_1__7_12.png
1771,82,https://cellphones.com.vn/media/catalog/product/v/n/vn_macbook_pro_14_in_m3_pro_max_silver_pdp_image_position-1_5_1_2.jpg
1772,82,https://cellphones.com.vn/media/catalog/product/v/n/vn_macbook_pro_14_in_m3_pro_max_silver_pdp_image_position-2_5_1_2.jpg
1773,82,https://cellphones.com.vn/media/catalog/product/v/n/vn_macbook_pro_14_in_m3_pro_max_silver_pdp_image_position-3_5_1_2.jpg
1774,82,https://cellphones.com.vn/media/catalog/product/v/n/vn_macbook_pro_14_in_m3_pro_max_silver_pdp_image_position-4_5_1_2.jpg
1775,82,https://cellphones.com.vn/media/catalog/product/v/n/vn_macbook_pro_14_in_m3_pro_max_silver_pdp_image_position-6_5_1_2.jpg
1776,82,https://cellphones.com.vn/media/catalog/product/v/n/vn_macbook_pro_14_in_m3_pro_max_silver_pdp_image_position-5_5_1_2.jpg
1777,82,https://cellphones.com.vn/media/catalog/product/v/n/vn_macbook_pro_14_in_m3_pro_max_silver_pdp_image_position-7_5_1_2.jpg
1778,82,https://cellphones.com.vn/media/catalog/product/v/n/vn_macbook_pro_14_in_m3_pro_max_silver_pdp_image_position-8_5_1_2.jpg
1779,82,https://cellphones.com.vn/media/catalog/product/v/n/vn_macbook_pro_14_in_m3_pro_max_silver_pdp_image_position-9_5_1_2.jpg
1780,82,https://cellphones.com.vn/media/catalog/product/v/n/vn_macbook_pro_14_in_m3_pro_max_silver_pdp_image_position-10_5_1_2.jpg
1781,83,https://cdn2.cellphones.com.vn/media/catalog/product/m/a/man-hinh-gaming-acer-nitro-kg240y-m5-24-inch_2.png
1782,83,https://cdn2.cellphones.com.vn/x/media/catalog/product/m/a/man-hinh-gaming-acer-nitro-kg240y-m5-24-inch-10_2.png
1783,83,https://cdn2.cellphones.com.vn/x/media/catalog/product/m/a/man-hinh-gaming-acer-nitro-kg240y-m5-24-inch_1__3.png
1784,83,https://cdn2.cellphones.com.vn/x/media/catalog/product/m/a/man-hinh-gaming-acer-nitro-kg240y-m5-24-inch_9__3.png
1785,83,https://cdn2.cellphones.com.vn/x/media/catalog/product/m/a/man-hinh-gaming-acer-nitro-kg240y-m5-24-inch_8__3.png
1786,83,https://cdn2.cellphones.com.vn/x/media/catalog/product/m/a/man-hinh-gaming-acer-nitro-kg240y-m5-24-inch_6__3.png
1787,83,https://cdn2.cellphones.com.vn/x/media/catalog/product/m/a/man-hinh-gaming-acer-nitro-kg240y-m5-24-inch_5__3.png
1788,83,https://cdn2.cellphones.com.vn/x/media/catalog/product/m/a/man-hinh-gaming-acer-nitro-kg240y-m5-24-inch_7__3.png
1789,83,https://cellphones.com.vn/media/catalog/product/m/a/man-hinh-gaming-acer-nitro-kg240y-m5-24-inch_2.png
1790,83,https://cellphones.com.vn/media/catalog/product/m/a/man-hinh-gaming-acer-nitro-kg240y-m5-24-inch-10_2.png
1791,83,https://cellphones.com.vn/media/catalog/product/m/a/man-hinh-gaming-acer-nitro-kg240y-m5-24-inch_1__3.png
1792,83,https://cellphones.com.vn/media/catalog/product/m/a/man-hinh-gaming-acer-nitro-kg240y-m5-24-inch_9__3.png
1793,83,https://cellphones.com.vn/media/catalog/product/m/a/man-hinh-gaming-acer-nitro-kg240y-m5-24-inch_8__3.png
1794,83,https://cellphones.com.vn/media/catalog/product/m/a/man-hinh-gaming-acer-nitro-kg240y-m5-24-inch_6__3.png
1795,83,https://cellphones.com.vn/media/catalog/product/m/a/man-hinh-gaming-acer-nitro-kg240y-m5-24-inch_5__3.png
1796,83,https://cellphones.com.vn/media/catalog/product/m/a/man-hinh-gaming-acer-nitro-kg240y-m5-24-inch_7__3.png
1797,84,https://cdn2.cellphones.com.vn/media/catalog/product/g/r/group_635_26_1.png
1798,84,https://cdn2.cellphones.com.vn/x/media/catalog/product/m/_/m_n_h_nh_gaming_msi_mag_274f_27_inch_-_1_1.png
1799,84,https://cdn2.cellphones.com.vn/x/media/catalog/product/m/_/m_n_h_nh_gaming_msi_mag_274f_27_inch_-_2_1.png
1800,84,https://cdn2.cellphones.com.vn/x/media/catalog/product/m/_/m_n_h_nh_gaming_msi_mag_274f_27_inch_-_3_1.png
1801,84,https://cdn2.cellphones.com.vn/x/media/catalog/product/t/e/text_ng_n_10__5_86_1.png
1802,84,https://cdn2.cellphones.com.vn/x/media/catalog/product/t/e/text_ng_n_7__4_63_1.png
1803,84,https://cdn2.cellphones.com.vn/x/media/catalog/product/t/e/text_ng_n_6__4_69_1.png
1804,84,https://cdn2.cellphones.com.vn/x/media/catalog/product/t/e/text_ng_n_5__9_75_1.png
1805,84,https://cdn2.cellphones.com.vn/x/media/catalog/product/t/e/text_ng_n_8__6_64_1.png
1806,84,https://cellphones.com.vn/media/catalog/product/g/r/group_635_26_1.png
1807,84,https://cellphones.com.vn/media/catalog/product/m/_/m_n_h_nh_gaming_msi_mag_274f_27_inch_-_1_1.png
1808,84,https://cellphones.com.vn/media/catalog/product/m/_/m_n_h_nh_gaming_msi_mag_274f_27_inch_-_2_1.png
1809,84,https://cellphones.com.vn/media/catalog/product/m/_/m_n_h_nh_gaming_msi_mag_274f_27_inch_-_3_1.png
1810,84,https://cellphones.com.vn/media/catalog/product/t/e/text_ng_n_10__5_86_1.png
1811,84,https://cellphones.com.vn/media/catalog/product/t/e/text_ng_n_7__4_63_1.png
1812,84,https://cellphones.com.vn/media/catalog/product/t/e/text_ng_n_6__4_69_1.png
1813,84,https://cellphones.com.vn/media/catalog/product/t/e/text_ng_n_5__9_75_1.png
1814,84,https://cellphones.com.vn/media/catalog/product/t/e/text_ng_n_8__6_64_1.png
1815,85,https://cdn2.cellphones.com.vn/media/catalog/product/g/r/group_183_1_15_2.png
1816,85,https://cdn2.cellphones.com.vn/x/media/catalog/product/m/_/m_n_h_nh_gaming_msi_mag_275cqf_e18_27_inch_-_1_2.png
1817,85,https://cdn2.cellphones.com.vn/x/media/catalog/product/m/_/m_n_h_nh_gaming_msi_mag_275cqf_e18_27_inch_-_2_1_2.png
1818,85,https://cdn2.cellphones.com.vn/x/media/catalog/product/m/_/m_n_h_nh_gaming_msi_mag_275cqf_e18_27_inch_-_3_2.png
1819,85,https://cdn2.cellphones.com.vn/x/media/catalog/product/m/h/mhv_9_2.png
1820,85,https://cdn2.cellphones.com.vn/x/media/catalog/product/m/h/mhv_2__9_2.png
1821,85,https://cdn2.cellphones.com.vn/x/media/catalog/product/m/h/mhv_3__9_2.png
1822,85,https://cdn2.cellphones.com.vn/x/media/catalog/product/m/h/mhv_1__9_2.png
1823,85,https://cdn2.cellphones.com.vn/x/media/catalog/product/m/h/mhv_4__9_2.png
1824,85,https://cellphones.com.vn/media/catalog/product/g/r/group_183_1_15_2.png
1825,85,https://cellphones.com.vn/media/catalog/product/m/_/m_n_h_nh_gaming_msi_mag_275cqf_e18_27_inch_-_1_2.png
1826,85,https://cellphones.com.vn/media/catalog/product/m/_/m_n_h_nh_gaming_msi_mag_275cqf_e18_27_inch_-_2_1_2.png
1827,85,https://cellphones.com.vn/media/catalog/product/m/_/m_n_h_nh_gaming_msi_mag_275cqf_e18_27_inch_-_3_2.png
1828,85,https://cellphones.com.vn/media/catalog/product/m/h/mhv_9_2.png
1829,85,https://cellphones.com.vn/media/catalog/product/m/h/mhv_2__9_2.png
1830,85,https://cellphones.com.vn/media/catalog/product/m/h/mhv_3__9_2.png
1831,85,https://cellphones.com.vn/media/catalog/product/m/h/mhv_1__9_2.png
1832,85,https://cellphones.com.vn/media/catalog/product/m/h/mhv_4__9_2.png
1833,86,https://cdn2.cellphones.com.vn/media/catalog/product/g/r/group_179_6_41_3.png
1834,86,https://cdn2.cellphones.com.vn/x/media/catalog/product/m/_/m_n_h_nh_lg_24u411a-b_24_inch_-_1_2.png
1835,86,https://cdn2.cellphones.com.vn/x/media/catalog/product/m/_/m_n_h_nh_lg_24u411a-b_24_inch_-_2_2.png
1836,86,https://cdn2.cellphones.com.vn/x/media/catalog/product/m/_/m_n_h_nh_lg_24u411a-b_24_inch_-_3_2.png
1837,86,https://cdn2.cellphones.com.vn/x/media/catalog/product/t/e/text_ng_n_2__10_73_3.png
1838,86,https://cdn2.cellphones.com.vn/x/media/catalog/product/t/e/text_ng_n_3__8_61_3.png
1839,86,https://cdn2.cellphones.com.vn/x/media/catalog/product/t/e/text_ng_n_4__8_66_3.png
1840,86,https://cdn2.cellphones.com.vn/x/media/catalog/product/t/e/text_ng_n_5__10_58_3.png
1841,86,https://cdn2.cellphones.com.vn/x/media/catalog/product/t/e/text_ng_n_11__7_184_3.png
1842,86,https://cdn2.cellphones.com.vn/x/media/catalog/product/t/e/text_ng_n_13__8_139_3.png
1843,86,https://cdn2.cellphones.com.vn/x/media/catalog/product/t/e/text_ng_n_12__8_165_3.png
1844,86,https://cdn2.cellphones.com.vn/x/media/catalog/product/t/e/text_ng_n_6__5_58_3.png
1845,86,https://cdn2.cellphones.com.vn/x/media/catalog/product/t/e/text_ng_n_7__5_48_3.png
1846,86,https://cdn2.cellphones.com.vn/x/media/catalog/product/t/e/text_ng_n_9__9_267_3.png
1847,86,https://cdn2.cellphones.com.vn/x/media/catalog/product/t/e/text_ng_n_8__8_48_3.png
1848,86,https://cdn2.cellphones.com.vn/x/media/catalog/product/t/e/text_ng_n_10__5_263_3.png
1849,86,https://cdn2.cellphones.com.vn/x/media/catalog/product/t/e/text_ng_n_15__7_317_3.png
1850,86,https://cdn2.cellphones.com.vn/x/media/catalog/product/t/e/text_ng_n_14__9_149_3.png
1851,86,https://cdn2.cellphones.com.vn/x/media/catalog/product/t/e/text_ng_n_16__6_260_3.png
1852,86,https://cellphones.com.vn/media/catalog/product/g/r/group_179_6_41_3.png
1853,86,https://cellphones.com.vn/media/catalog/product/m/_/m_n_h_nh_lg_24u411a-b_24_inch_-_1_2.png
1854,86,https://cellphones.com.vn/media/catalog/product/m/_/m_n_h_nh_lg_24u411a-b_24_inch_-_2_2.png
1855,86,https://cellphones.com.vn/media/catalog/product/m/_/m_n_h_nh_lg_24u411a-b_24_inch_-_3_2.png
1856,86,https://cellphones.com.vn/media/catalog/product/t/e/text_ng_n_2__10_73_3.png
1857,86,https://cellphones.com.vn/media/catalog/product/t/e/text_ng_n_3__8_61_3.png
1858,86,https://cellphones.com.vn/media/catalog/product/t/e/text_ng_n_4__8_66_3.png
1859,86,https://cellphones.com.vn/media/catalog/product/t/e/text_ng_n_5__10_58_3.png
1860,86,https://cellphones.com.vn/media/catalog/product/t/e/text_ng_n_11__7_184_3.png
1861,86,https://cellphones.com.vn/media/catalog/product/t/e/text_ng_n_13__8_139_3.png
1862,86,https://cellphones.com.vn/media/catalog/product/t/e/text_ng_n_12__8_165_3.png
1863,86,https://cellphones.com.vn/media/catalog/product/t/e/text_ng_n_6__5_58_3.png
1864,86,https://cellphones.com.vn/media/catalog/product/t/e/text_ng_n_7__5_48_3.png
1865,86,https://cellphones.com.vn/media/catalog/product/t/e/text_ng_n_9__9_267_3.png
1866,86,https://cellphones.com.vn/media/catalog/product/t/e/text_ng_n_8__8_48_3.png
1867,86,https://cellphones.com.vn/media/catalog/product/t/e/text_ng_n_10__5_263_3.png
1868,86,https://cellphones.com.vn/media/catalog/product/t/e/text_ng_n_15__7_317_3.png
1869,86,https://cellphones.com.vn/media/catalog/product/t/e/text_ng_n_14__9_149_3.png
1870,86,https://cellphones.com.vn/media/catalog/product/t/e/text_ng_n_16__6_260_3.png
1871,87,https://cdn2.cellphones.com.vn/media/catalog/product/g/r/group_182_3_6_1.png
1872,87,https://cdn2.cellphones.com.vn/x/media/catalog/product/m/_/m_n_h_nh_gaming_msi_mag_244f_24_inch_-_1_1.png
1873,87,https://cdn2.cellphones.com.vn/x/media/catalog/product/m/_/m_n_h_nh_gaming_msi_mag_244f_24_inch_-_2_1.png
1874,87,https://cdn2.cellphones.com.vn/x/media/catalog/product/m/_/m_n_h_nh_gaming_msi_mag_244f_24_inch_-_3_1.png
1875,87,https://cdn2.cellphones.com.vn/x/media/catalog/product/t/e/text_ng_n_2__10_162_2.png
1876,87,https://cdn2.cellphones.com.vn/x/media/catalog/product/t/e/text_ng_n_5__10_126_2.png
1877,87,https://cdn2.cellphones.com.vn/x/media/catalog/product/t/e/text_ng_n_6__5_115_2.png
1878,87,https://cdn2.cellphones.com.vn/x/media/catalog/product/t/e/text_ng_n_4__8_143_2.png
1879,87,https://cdn2.cellphones.com.vn/x/media/catalog/product/t/e/text_ng_n_7__5_102_2.png
1880,87,https://cellphones.com.vn/media/catalog/product/g/r/group_182_3_6_1.png
1881,87,https://cellphones.com.vn/media/catalog/product/m/_/m_n_h_nh_gaming_msi_mag_244f_24_inch_-_1_1.png
1882,87,https://cellphones.com.vn/media/catalog/product/m/_/m_n_h_nh_gaming_msi_mag_244f_24_inch_-_2_1.png
1883,87,https://cellphones.com.vn/media/catalog/product/m/_/m_n_h_nh_gaming_msi_mag_244f_24_inch_-_3_1.png
1884,87,https://cellphones.com.vn/media/catalog/product/t/e/text_ng_n_2__10_162_2.png
1885,87,https://cellphones.com.vn/media/catalog/product/t/e/text_ng_n_5__10_126_2.png
1886,87,https://cellphones.com.vn/media/catalog/product/t/e/text_ng_n_6__5_115_2.png
1887,87,https://cellphones.com.vn/media/catalog/product/t/e/text_ng_n_4__8_143_2.png
1888,87,https://cellphones.com.vn/media/catalog/product/t/e/text_ng_n_7__5_102_2.png
1889,88,https://cdn2.cellphones.com.vn/media/catalog/product/g/r/group_179_6_53_2.png
1890,88,https://cdn2.cellphones.com.vn/x/media/catalog/product/m/_/m_n_h_nh_msi_pro_mp243l_e14_24_inch_-_1_1.png
1891,88,https://cdn2.cellphones.com.vn/x/media/catalog/product/m/_/m_n_h_nh_msi_pro_mp243l_e14_24_inch_-_2_1.png
1892,88,https://cdn2.cellphones.com.vn/x/media/catalog/product/m/_/m_n_h_nh_msi_pro_mp243l_e14_24_inch_-_3_1.png
1893,88,https://cdn2.cellphones.com.vn/x/media/catalog/product/m/h/mhv_11_4.png
1894,88,https://cdn2.cellphones.com.vn/x/media/catalog/product/m/h/mhv_2__11_4.png
1895,88,https://cdn2.cellphones.com.vn/x/media/catalog/product/m/h/mhv_1__11_4.png
1896,88,https://cdn2.cellphones.com.vn/x/media/catalog/product/m/h/mhv_3__11_4.png
1897,88,https://cdn2.cellphones.com.vn/x/media/catalog/product/m/h/mhv_4__11_4.png
1898,88,https://cdn2.cellphones.com.vn/x/media/catalog/product/m/h/mhv_5__8_4.png
1899,88,https://cellphones.com.vn/media/catalog/product/g/r/group_179_6_53_2.png
1900,88,https://cellphones.com.vn/media/catalog/product/m/_/m_n_h_nh_msi_pro_mp243l_e14_24_inch_-_1_1.png
1901,88,https://cellphones.com.vn/media/catalog/product/m/_/m_n_h_nh_msi_pro_mp243l_e14_24_inch_-_2_1.png
1902,88,https://cellphones.com.vn/media/catalog/product/m/_/m_n_h_nh_msi_pro_mp243l_e14_24_inch_-_3_1.png
1903,88,https://cellphones.com.vn/media/catalog/product/m/h/mhv_11_4.png
1904,88,https://cellphones.com.vn/media/catalog/product/m/h/mhv_2__11_4.png
1905,88,https://cellphones.com.vn/media/catalog/product/m/h/mhv_1__11_4.png
1906,88,https://cellphones.com.vn/media/catalog/product/m/h/mhv_3__11_4.png
1907,88,https://cellphones.com.vn/media/catalog/product/m/h/mhv_4__11_4.png
1908,88,https://cellphones.com.vn/media/catalog/product/m/h/mhv_5__8_4.png
1909,89,https://cdn2.cellphones.com.vn/media/catalog/product/m/_/m_y_nh_13_70_1.png
1910,89,https://cdn2.cellphones.com.vn/x/media/catalog/product/a/s/as01_28_1.png
1911,89,https://cdn2.cellphones.com.vn/x/media/catalog/product/a/s/as01_1__25_1.png
1912,89,https://cellphones.com.vn/media/catalog/product/m/_/m_y_nh_13_70_1.png
1913,89,https://cellphones.com.vn/media/catalog/product/a/s/as01_28_1.png
1914,89,https://cellphones.com.vn/media/catalog/product/a/s/as01_1__25_1.png
1915,90,https://cdn2.cellphones.com.vn/media/catalog/product/m/_/m_y_nh_13_70.png
1916,90,https://cdn2.cellphones.com.vn/x/media/catalog/product/a/s/as01_28.png
1917,90,https://cdn2.cellphones.com.vn/x/media/catalog/product/a/s/as01_1__25.png
1918,90,https://cellphones.com.vn/media/catalog/product/m/_/m_y_nh_13_70.png
1919,90,https://cellphones.com.vn/media/catalog/product/a/s/as01_28.png
1920,90,https://cellphones.com.vn/media/catalog/product/a/s/as01_1__25.png
1921,91,https://cdn2.cellphones.com.vn/media/catalog/product/m/_/m_y_nh_13_70_1_1_1_1.png
1922,91,https://cdn2.cellphones.com.vn/x/media/catalog/product/a/s/as01_28_1_1_1_1.png
1923,91,https://cdn2.cellphones.com.vn/x/media/catalog/product/a/s/as01_1__25_1_1_1_1.png
1924,91,https://cellphones.com.vn/media/catalog/product/m/_/m_y_nh_13_70_1_1_1_1.png
1925,91,https://cellphones.com.vn/media/catalog/product/a/s/as01_28_1_1_1_1.png
1926,91,https://cellphones.com.vn/media/catalog/product/a/s/as01_1__25_1_1_1_1.png
1927,92,https://cdn2.cellphones.com.vn/media/catalog/product/m/_/m_y_nh_13_70_1_1.png
1928,92,https://cdn2.cellphones.com.vn/x/media/catalog/product/a/s/as01_28_1_1.png
1929,92,https://cdn2.cellphones.com.vn/x/media/catalog/product/a/s/as01_1__25_1_1.png
1930,92,https://cellphones.com.vn/media/catalog/product/m/_/m_y_nh_13_70_1_1.png
1931,92,https://cellphones.com.vn/media/catalog/product/a/s/as01_28_1_1.png
1932,92,https://cellphones.com.vn/media/catalog/product/a/s/as01_1__25_1_1.png
1933,93,https://cdn2.cellphones.com.vn/media/catalog/product/l/e/lenovo-yoga-tab-tb710_6.jpg
1934,93,https://cdn2.cellphones.com.vn/x/media/catalog/product/l/e/lenovo-yoga-tab-tb710-8_1_3.jpg
1935,93,https://cdn2.cellphones.com.vn/x/media/catalog/product/l/e/lenovo-yoga-tab-tb710-7_1_3.jpg
1936,93,https://cdn2.cellphones.com.vn/x/media/catalog/product/l/e/lenovo-yoga-tab-tb710-6_1_3.jpg
1937,93,https://cdn2.cellphones.com.vn/x/media/catalog/product/l/e/lenovo-yoga-tab-tb710-9_1_3.jpg
1938,93,https://cdn2.cellphones.com.vn/x/media/catalog/product/l/e/lenovo-yoga-tab-tb710-11_3.jpg
1939,93,https://cdn2.cellphones.com.vn/x/media/catalog/product/l/e/lenovo-yoga-tab-tb710-10_3.jpg
1940,93,https://cdn2.cellphones.com.vn/x/media/catalog/product/l/e/lenovo-yoga-tab-tb710-12_3.jpg
1941,93,https://cdn2.cellphones.com.vn/x/media/catalog/product/l/e/lenovo-yoga-tab-tb710-13_3.jpg
1942,93,https://cdn2.cellphones.com.vn/x/media/catalog/product/l/e/lenovo-yoga-tab-tb710-14_3.jpg
1943,93,https://cdn2.cellphones.com.vn/x/media/catalog/product/l/e/lenovo-yoga-tab-tb710-15_3.jpg
1944,93,https://cdn2.cellphones.com.vn/x/media/catalog/product/l/e/lenovo-yoga-tab-tb710_6.jpg
1945,93,https://cdn2.cellphones.com.vn/x/media/catalog/product/m/a/may-tinh-bang-asus-yoga-tab-tb710-1_3.jpg
1946,93,https://cdn2.cellphones.com.vn/x/media/catalog/product/m/a/may-tinh-bang-asus-yoga-tab-tb710-6_3.jpg
1947,93,https://cdn2.cellphones.com.vn/x/media/catalog/product/m/a/may-tinh-bang-asus-yoga-tab-tb710-2_3.jpg
1948,93,https://cdn2.cellphones.com.vn/x/media/catalog/product/m/a/may-tinh-bang-asus-yoga-tab-tb710-3_3.jpg
1949,93,https://cdn2.cellphones.com.vn/x/media/catalog/product/m/a/may-tinh-bang-asus-yoga-tab-tb710-5_3.jpg
1950,93,https://cdn2.cellphones.com.vn/x/media/catalog/product/m/a/may-tinh-bang-asus-yoga-tab-tb710-4_3.jpg
1951,93,https://cellphones.com.vn/media/catalog/product/m/a/may-tinh-bang-lenovo-yoga-tab-tb710-cu-da-kich-hoat.jpg
1952,93,https://cellphones.com.vn/media/catalog/product/l/e/lenovo-yoga-tab-tb710_6.jpg
1953,93,https://cellphones.com.vn/media/catalog/product/l/e/lenovo-yoga-tab-tb710-8_1_3.jpg
1954,93,https://cellphones.com.vn/media/catalog/product/l/e/lenovo-yoga-tab-tb710-7_1_3.jpg
1955,93,https://cellphones.com.vn/media/catalog/product/l/e/lenovo-yoga-tab-tb710-6_1_3.jpg
1956,93,https://cellphones.com.vn/media/catalog/product/l/e/lenovo-yoga-tab-tb710-9_1_3.jpg
1957,93,https://cellphones.com.vn/media/catalog/product/l/e/lenovo-yoga-tab-tb710-11_3.jpg
1958,93,https://cellphones.com.vn/media/catalog/product/l/e/lenovo-yoga-tab-tb710-10_3.jpg
1959,93,https://cellphones.com.vn/media/catalog/product/l/e/lenovo-yoga-tab-tb710-12_3.jpg
1960,93,https://cellphones.com.vn/media/catalog/product/l/e/lenovo-yoga-tab-tb710-13_3.jpg
1961,93,https://cellphones.com.vn/media/catalog/product/l/e/lenovo-yoga-tab-tb710-14_3.jpg
1962,93,https://cellphones.com.vn/media/catalog/product/l/e/lenovo-yoga-tab-tb710-15_3.jpg
1963,93,https://cellphones.com.vn/media/catalog/product/m/a/may-tinh-bang-asus-yoga-tab-tb710-1_3.jpg
1964,93,https://cellphones.com.vn/media/catalog/product/m/a/may-tinh-bang-asus-yoga-tab-tb710-6_3.jpg
1965,93,https://cellphones.com.vn/media/catalog/product/m/a/may-tinh-bang-asus-yoga-tab-tb710-2_3.jpg
1966,93,https://cellphones.com.vn/media/catalog/product/m/a/may-tinh-bang-asus-yoga-tab-tb710-3_3.jpg
1967,93,https://cellphones.com.vn/media/catalog/product/m/a/may-tinh-bang-asus-yoga-tab-tb710-5_3.jpg
1968,93,https://cellphones.com.vn/media/catalog/product/m/a/may-tinh-bang-asus-yoga-tab-tb710-4_3.jpg
1969,94,https://cdn2.cellphones.com.vn/media/catalog/product/m/a/may-tinh-bang-xiaomi-pad-8-pro-8gb-128gb_2_1.jpg
1970,94,https://cdn2.cellphones.com.vn/x/media/catalog/product/m/a/may-tinh-bang-xiaomi-pad-8-8gb-128gb_1_1.jpg
1971,94,https://cdn2.cellphones.com.vn/x/media/catalog/product/m/a/may-tinh-bang-xiaomi-pad-8-8gb-128gb-1_1_1.jpg
1972,94,https://cdn2.cellphones.com.vn/x/media/catalog/product/m/a/may-tinh-bang-xiaomi-pad-8-8gb-128gb-3_1_1.jpg
1973,94,https://cdn2.cellphones.com.vn/x/media/catalog/product/m/a/may-tinh-bang-xiaomi-pad-8-8gb-128gb_2_1.jpg
1974,94,https://cdn2.cellphones.com.vn/x/media/catalog/product/m/a/may-tinh-bang-xiaomi-pad-8-8gb-128gb-4_1_1.jpg
1975,94,https://cdn2.cellphones.com.vn/x/media/catalog/product/m/a/may-tinh-bang-xiaomi-pad-8-pro-8gb-128gb_2_1.jpg
1976,94,https://cdn2.cellphones.com.vn/x/media/catalog/product/m/a/may-tinh-bang-xiaomi-pad-8-pro-8gb-128gb-1_2_1.jpg
1977,94,https://cdn2.cellphones.com.vn/x/media/catalog/product/m/a/may-tinh-bang-xiaomi-pad-8-pro-8gb-128gb-2_2_1.jpg
1978,94,https://cdn2.cellphones.com.vn/x/media/catalog/product/m/a/may-tinh-bang-xiaomi-pad-8-8gb-128gb_3.jpg
1979,94,https://cdn2.cellphones.com.vn/x/media/catalog/product/m/a/may-tinh-bang-xiaomi-pad-8-8gb-128gb-1_2.jpg
1980,94,https://cdn2.cellphones.com.vn/x/media/catalog/product/m/a/may-tinh-bang-xiaomi-pad-8-8gb-128gb-2_1.jpg
1981,94,https://cdn2.cellphones.com.vn/x/media/catalog/product/m/a/may-tinh-bang-xiaomi-pad-8-8gb-128gb-3_2.jpg
1982,94,https://cdn2.cellphones.com.vn/x/media/catalog/product/m/a/may-tinh-bang-xiaomi-pad-8-8gb-128gb-4_2.jpg
1983,94,https://cdn2.cellphones.com.vn/x/media/catalog/product/m/a/may-tinh-bang-xiaomi-pad-8-8gb-128gb-5_1.jpg
1984,94,https://cdn2.cellphones.com.vn/x/media/catalog/product/m/a/may-tinh-bang-xiaomi-pad-8-8gb-128gb-6_1.jpg
1985,94,https://cdn2.cellphones.com.vn/x/media/catalog/product/m/a/may-tinh-bang-xiaomi-pad-8-8gb-128gb-7_1.jpg
1986,94,https://cdn2.cellphones.com.vn/x/media/catalog/product/m/a/may-tinh-bang-xiaomi-pad-8-8gb-128gb-8_1.jpg
1987,94,https://cellphones.com.vn/media/catalog/product/m/a/may-tinh-bang-xiaomi-pad-8-8gb-128gb-cu-da-kich-hoat.jpg
1988,94,https://cellphones.com.vn/media/catalog/product/m/a/may-tinh-bang-xiaomi-pad-8-pro-8gb-128gb_2_1.jpg
1989,94,https://cellphones.com.vn/media/catalog/product/m/a/may-tinh-bang-xiaomi-pad-8-8gb-128gb_1_1.jpg
1990,94,https://cellphones.com.vn/media/catalog/product/m/a/may-tinh-bang-xiaomi-pad-8-8gb-128gb-1_1_1.jpg
1991,94,https://cellphones.com.vn/media/catalog/product/m/a/may-tinh-bang-xiaomi-pad-8-8gb-128gb-3_1_1.jpg
1992,94,https://cellphones.com.vn/media/catalog/product/m/a/may-tinh-bang-xiaomi-pad-8-8gb-128gb_2_1.jpg
1993,94,https://cellphones.com.vn/media/catalog/product/m/a/may-tinh-bang-xiaomi-pad-8-8gb-128gb-4_1_1.jpg
1994,94,https://cellphones.com.vn/media/catalog/product/m/a/may-tinh-bang-xiaomi-pad-8-pro-8gb-128gb-1_2_1.jpg
1995,94,https://cellphones.com.vn/media/catalog/product/m/a/may-tinh-bang-xiaomi-pad-8-pro-8gb-128gb-2_2_1.jpg
1996,94,https://cellphones.com.vn/media/catalog/product/m/a/may-tinh-bang-xiaomi-pad-8-8gb-128gb_3.jpg
1997,94,https://cellphones.com.vn/media/catalog/product/m/a/may-tinh-bang-xiaomi-pad-8-8gb-128gb-1_2.jpg
1998,94,https://cellphones.com.vn/media/catalog/product/m/a/may-tinh-bang-xiaomi-pad-8-8gb-128gb-2_1.jpg
1999,94,https://cellphones.com.vn/media/catalog/product/m/a/may-tinh-bang-xiaomi-pad-8-8gb-128gb-3_2.jpg
2000,94,https://cellphones.com.vn/media/catalog/product/m/a/may-tinh-bang-xiaomi-pad-8-8gb-128gb-4_2.jpg
2001,94,https://cellphones.com.vn/media/catalog/product/m/a/may-tinh-bang-xiaomi-pad-8-8gb-128gb-5_1.jpg
2002,94,https://cellphones.com.vn/media/catalog/product/m/a/may-tinh-bang-xiaomi-pad-8-8gb-128gb-6_1.jpg
2003,94,https://cellphones.com.vn/media/catalog/product/m/a/may-tinh-bang-xiaomi-pad-8-8gb-128gb-7_1.jpg
2004,94,https://cellphones.com.vn/media/catalog/product/m/a/may-tinh-bang-xiaomi-pad-8-8gb-128gb-8_1.jpg
2005,95,https://cdn2.cellphones.com.vn/media/catalog/product/m/_/m_y_nh_13_71_1.png
2006,95,https://cdn2.cellphones.com.vn/x/media/catalog/product/a/s/as01_29_1.png
2007,95,https://cdn2.cellphones.com.vn/x/media/catalog/product/a/s/as01_2__26_1.png
2008,95,https://cdn2.cellphones.com.vn/x/media/catalog/product/a/s/as01_1__26_1.png
2009,95,https://cdn2.cellphones.com.vn/x/media/catalog/product/a/s/as01_3__27_1.png
2010,95,https://cdn2.cellphones.com.vn/x/media/catalog/product/a/s/as01_4__19_1.png
2011,95,https://cellphones.com.vn/media/catalog/product/m/_/m_y_nh_13_71_1.png
2012,95,https://cellphones.com.vn/media/catalog/product/a/s/as01_29_1.png
2013,95,https://cellphones.com.vn/media/catalog/product/a/s/as01_2__26_1.png
2014,95,https://cellphones.com.vn/media/catalog/product/a/s/as01_1__26_1.png
2015,95,https://cellphones.com.vn/media/catalog/product/a/s/as01_3__27_1.png
2016,95,https://cellphones.com.vn/media/catalog/product/a/s/as01_4__19_1.png
2017,96,https://cdn2.cellphones.com.vn/media/catalog/product/m/_/m_y_nh_13_71_1_1_1.png
2018,96,https://cdn2.cellphones.com.vn/x/media/catalog/product/a/s/as01_29_1_1_1.png
2019,96,https://cdn2.cellphones.com.vn/x/media/catalog/product/a/s/as01_2__26_1_1_1.png
2020,96,https://cdn2.cellphones.com.vn/x/media/catalog/product/a/s/as01_1__26_1_1_1.png
2021,96,https://cdn2.cellphones.com.vn/x/media/catalog/product/a/s/as01_3__27_1_1_1.png
2022,96,https://cdn2.cellphones.com.vn/x/media/catalog/product/a/s/as01_4__19_1_1_1.png
2023,96,https://cellphones.com.vn/media/catalog/product/m/_/m_y_nh_13_71_1_1_1.png
2024,96,https://cellphones.com.vn/media/catalog/product/a/s/as01_29_1_1_1.png
2025,96,https://cellphones.com.vn/media/catalog/product/a/s/as01_2__26_1_1_1.png
2026,96,https://cellphones.com.vn/media/catalog/product/a/s/as01_1__26_1_1_1.png
2027,96,https://cellphones.com.vn/media/catalog/product/a/s/as01_3__27_1_1_1.png
2028,96,https://cellphones.com.vn/media/catalog/product/a/s/as01_4__19_1_1_1.png
2029,97,https://cdn2.cellphones.com.vn/media/catalog/product/m/_/m_y_nh_13_71_1_1.png
2030,97,https://cdn2.cellphones.com.vn/x/media/catalog/product/a/s/as01_29_1_1.png
2031,97,https://cdn2.cellphones.com.vn/x/media/catalog/product/a/s/as01_2__26_1_1.png
2032,97,https://cdn2.cellphones.com.vn/x/media/catalog/product/a/s/as01_1__26_1_1.png
2033,97,https://cdn2.cellphones.com.vn/x/media/catalog/product/a/s/as01_3__27_1_1.png
2034,97,https://cdn2.cellphones.com.vn/x/media/catalog/product/a/s/as01_4__19_1_1.png
2035,97,https://cellphones.com.vn/media/catalog/product/m/_/m_y_nh_13_71_1_1.png
2036,97,https://cellphones.com.vn/media/catalog/product/a/s/as01_29_1_1.png
2037,97,https://cellphones.com.vn/media/catalog/product/a/s/as01_2__26_1_1.png
2038,97,https://cellphones.com.vn/media/catalog/product/a/s/as01_1__26_1_1.png
2039,97,https://cellphones.com.vn/media/catalog/product/a/s/as01_3__27_1_1.png
2040,97,https://cellphones.com.vn/media/catalog/product/a/s/as01_4__19_1_1.png
2041,98,https://cdn2.cellphones.com.vn/media/catalog/product/m/_/m_y_nh_13_71.png
2042,98,https://cdn2.cellphones.com.vn/x/media/catalog/product/a/s/as01_29.png
2043,98,https://cdn2.cellphones.com.vn/x/media/catalog/product/a/s/as01_2__26.png
2044,98,https://cdn2.cellphones.com.vn/x/media/catalog/product/a/s/as01_1__26.png
2045,98,https://cdn2.cellphones.com.vn/x/media/catalog/product/a/s/as01_3__27.png
2046,98,https://cdn2.cellphones.com.vn/x/media/catalog/product/a/s/as01_4__19.png
2047,98,https://cellphones.com.vn/media/catalog/product/m/_/m_y_nh_13_71.png
2048,98,https://cellphones.com.vn/media/catalog/product/a/s/as01_29.png
2049,98,https://cellphones.com.vn/media/catalog/product/a/s/as01_2__26.png
2050,98,https://cellphones.com.vn/media/catalog/product/a/s/as01_1__26.png
2051,98,https://cellphones.com.vn/media/catalog/product/a/s/as01_3__27.png
2052,98,https://cellphones.com.vn/media/catalog/product/a/s/as01_4__19.png
2053,99,https://cdn2.cellphones.com.vn/media/catalog/product/t/e/text_ng_n_-_2026-03-26t165856.558.png
2054,99,https://cdn2.cellphones.com.vn/x/media/catalog/product/t/e/text_ng_n_-_2026-03-26t165856.558.png
2055,99,https://cdn2.cellphones.com.vn/x/media/catalog/product/t/h/th_m_ti_u_5_.png
2056,99,https://cdn2.cellphones.com.vn/x/media/catalog/product/t/h/th_m_ti_u_6_.png
2057,99,https://cdn2.cellphones.com.vn/x/media/catalog/product/o/p/op-lung-iphone-16-pro-cam-den_69__3.png
2058,99,https://cellphones.com.vn/media/catalog/product/t/h/th_m_ti_u_5__1.png
2059,99,https://cellphones.com.vn/media/catalog/product/t/h/th_m_ti_u_6__1.png
2060,99,https://cellphones.com.vn/media/catalog/product/t/e/text_ng_n_-_2026-03-26t165856.558.png
2061,99,https://cellphones.com.vn/media/catalog/product/t/h/th_m_ti_u_5_.png
2062,99,https://cellphones.com.vn/media/catalog/product/t/h/th_m_ti_u_6_.png
2063,99,https://cellphones.com.vn/media/catalog/product/o/p/op-lung-iphone-16-pro-cam-den_69__3.png
2064,100,https://cdn2.cellphones.com.vn/media/catalog/product/s/a/sansung_lte_1__2.png
2065,100,https://cdn2.cellphones.com.vn/x/media/catalog/product/7/_/7_79_4_2.png
2066,100,https://cdn2.cellphones.com.vn/x/media/catalog/product/s/a/sansung_lte_1__2.png
2067,100,https://cdn2.cellphones.com.vn/x/media/catalog/product/9/_/9_41_4_2.png
2068,100,https://cdn2.cellphones.com.vn/x/media/catalog/product/8/_/8_62_4_2.png
2069,100,https://cdn2.cellphones.com.vn/x/media/catalog/product/1/1/11_22_4_2.png
2070,100,https://cdn2.cellphones.com.vn/x/media/catalog/product/1/0/10_29_4_2.png
2071,100,https://cdn2.cellphones.com.vn/x/media/catalog/product/1/2/12_14_4_2.png
2072,100,https://cellphones.com.vn/media/catalog/product/c/p/cps-25-03_56_.png
2073,100,https://cellphones.com.vn/media/catalog/product/s/a/sansung_lte_1__2.png
2074,100,https://cellphones.com.vn/media/catalog/product/7/_/7_79_4_2.png
2075,100,https://cellphones.com.vn/media/catalog/product/9/_/9_41_4_2.png
2076,100,https://cellphones.com.vn/media/catalog/product/8/_/8_62_4_2.png
2077,100,https://cellphones.com.vn/media/catalog/product/1/1/11_22_4_2.png
2078,100,https://cellphones.com.vn/media/catalog/product/1/0/10_29_4_2.png
2079,100,https://cellphones.com.vn/media/catalog/product/1/2/12_14_4_2.png
2080,101,https://cdn2.cellphones.com.vn/media/catalog/product/f/r/frame_389_1.png
2081,101,https://cdn2.cellphones.com.vn/x/media/catalog/product/v/_/v_ng_eo_tay_th_ng_minh_huawei_band_11_-_1_1.png
2082,101,https://cdn2.cellphones.com.vn/x/media/catalog/product/v/_/v_ng_eo_tay_th_ng_minh_huawei_band_11_-_2_1.png
2083,101,https://cdn2.cellphones.com.vn/x/media/catalog/product/v/_/v_ng_eo_tay_th_ng_minh_huawei_band_11_-_3_1.png
2084,101,https://cdn2.cellphones.com.vn/x/media/catalog/product/h/u/huawei_band_11_3__1_1.png
2085,101,https://cdn2.cellphones.com.vn/x/media/catalog/product/h/u/huawei_band_11_1.png
2086,101,https://cdn2.cellphones.com.vn/x/media/catalog/product/h/u/huawei_band_11_1__1.png
2087,101,https://cdn2.cellphones.com.vn/x/media/catalog/product/h/u/huawei_band_11_5__1.png
2088,101,https://cdn2.cellphones.com.vn/x/media/catalog/product/h/u/huawei_band_11_2__1.png
2089,101,https://cdn2.cellphones.com.vn/x/media/catalog/product/h/u/huawei_band_11_7__1.png
2090,101,https://cdn2.cellphones.com.vn/x/media/catalog/product/h/u/huawei_band_11_4__1.png
2091,101,https://cdn2.cellphones.com.vn/x/media/catalog/product/h/u/huawei_band_11_11__1.png
2092,101,https://cdn2.cellphones.com.vn/x/media/catalog/product/h/u/huawei_band_11_9__2.png
2093,101,https://cdn2.cellphones.com.vn/x/media/catalog/product/h/u/huawei_band_11_8__1.png
2094,101,https://cdn2.cellphones.com.vn/x/media/catalog/product/h/u/huawei_band_11_6__1.png
2095,101,https://cdn2.cellphones.com.vn/x/media/catalog/product/h/u/huawei_band_11_10__1.png
2096,101,https://cdn2.cellphones.com.vn/x/media/catalog/product/h/u/huawei_band_11_15__2.png
2097,101,https://cdn2.cellphones.com.vn/x/media/catalog/product/h/u/huawei_band_11_12__1.png
2098,101,https://cdn2.cellphones.com.vn/x/media/catalog/product/h/u/huawei_band_11_13__1.png
2099,101,https://cdn2.cellphones.com.vn/x/media/catalog/product/h/u/huawei_band_11_17__1.png
2100,101,https://cdn2.cellphones.com.vn/x/media/catalog/product/h/u/huawei_band_11_14__1.png
2101,101,https://cdn2.cellphones.com.vn/x/media/catalog/product/h/u/huawei_band_11_16__1.png
2102,101,https://cdn2.cellphones.com.vn/x/media/catalog/product/h/u/huawei_band_11_21__2.png
2103,101,https://cdn2.cellphones.com.vn/x/media/catalog/product/h/u/huawei_band_11_18__1.png
2104,101,https://cdn2.cellphones.com.vn/x/media/catalog/product/h/u/huawei_band_11_19__1.png
2105,101,https://cdn2.cellphones.com.vn/x/media/catalog/product/h/u/huawei_band_11_23__1.png
2106,101,https://cdn2.cellphones.com.vn/x/media/catalog/product/h/u/huawei_band_11_20__1.png
2107,101,https://cdn2.cellphones.com.vn/x/media/catalog/product/h/u/huawei_band_11_22__1.png
2108,101,https://cdn2.cellphones.com.vn/x/media/catalog/product/h/u/huawei_band_11_33__2.png
2109,101,https://cdn2.cellphones.com.vn/x/media/catalog/product/h/u/huawei_band_11_30__1.png
2110,101,https://cdn2.cellphones.com.vn/x/media/catalog/product/h/u/huawei_band_11_31__1.png
2111,101,https://cdn2.cellphones.com.vn/x/media/catalog/product/h/u/huawei_band_11_35__1.png
2112,101,https://cdn2.cellphones.com.vn/x/media/catalog/product/h/u/huawei_band_11_32__1.png
2113,101,https://cdn2.cellphones.com.vn/x/media/catalog/product/h/u/huawei_band_11_34__1.png
2114,101,https://cellphones.com.vn/media/catalog/product/c/p/cps-25-03_19_.png
2115,101,https://cellphones.com.vn/media/catalog/product/f/r/frame_389_1.png
2116,101,https://cellphones.com.vn/media/catalog/product/v/_/v_ng_eo_tay_th_ng_minh_huawei_band_11_-_1_1.png
2117,101,https://cellphones.com.vn/media/catalog/product/v/_/v_ng_eo_tay_th_ng_minh_huawei_band_11_-_2_1.png
2118,101,https://cellphones.com.vn/media/catalog/product/v/_/v_ng_eo_tay_th_ng_minh_huawei_band_11_-_3_1.png
2119,101,https://cellphones.com.vn/media/catalog/product/h/u/huawei_band_11_3__1_1.png
2120,101,https://cellphones.com.vn/media/catalog/product/h/u/huawei_band_11_1.png
2121,101,https://cellphones.com.vn/media/catalog/product/h/u/huawei_band_11_1__1.png
2122,101,https://cellphones.com.vn/media/catalog/product/h/u/huawei_band_11_5__1.png
2123,101,https://cellphones.com.vn/media/catalog/product/h/u/huawei_band_11_2__1.png
2124,101,https://cellphones.com.vn/media/catalog/product/h/u/huawei_band_11_7__1.png
2125,101,https://cellphones.com.vn/media/catalog/product/h/u/huawei_band_11_4__1.png
2126,101,https://cellphones.com.vn/media/catalog/product/h/u/huawei_band_11_11__1.png
2127,101,https://cellphones.com.vn/media/catalog/product/h/u/huawei_band_11_9__2.png
2128,101,https://cellphones.com.vn/media/catalog/product/h/u/huawei_band_11_8__1.png
2129,101,https://cellphones.com.vn/media/catalog/product/h/u/huawei_band_11_6__1.png
2130,101,https://cellphones.com.vn/media/catalog/product/h/u/huawei_band_11_10__1.png
2131,101,https://cellphones.com.vn/media/catalog/product/h/u/huawei_band_11_15__2.png
2132,101,https://cellphones.com.vn/media/catalog/product/h/u/huawei_band_11_12__1.png
2133,101,https://cellphones.com.vn/media/catalog/product/h/u/huawei_band_11_13__1.png
2134,101,https://cellphones.com.vn/media/catalog/product/h/u/huawei_band_11_17__1.png
2135,101,https://cellphones.com.vn/media/catalog/product/h/u/huawei_band_11_14__1.png
2136,101,https://cellphones.com.vn/media/catalog/product/h/u/huawei_band_11_16__1.png
2137,101,https://cellphones.com.vn/media/catalog/product/h/u/huawei_band_11_21__2.png
2138,101,https://cellphones.com.vn/media/catalog/product/h/u/huawei_band_11_18__1.png
2139,101,https://cellphones.com.vn/media/catalog/product/h/u/huawei_band_11_19__1.png
2140,101,https://cellphones.com.vn/media/catalog/product/h/u/huawei_band_11_23__1.png
2141,101,https://cellphones.com.vn/media/catalog/product/h/u/huawei_band_11_20__1.png
2142,101,https://cellphones.com.vn/media/catalog/product/h/u/huawei_band_11_22__1.png
2143,101,https://cellphones.com.vn/media/catalog/product/h/u/huawei_band_11_33__2.png
2144,101,https://cellphones.com.vn/media/catalog/product/h/u/huawei_band_11_30__1.png
2145,101,https://cellphones.com.vn/media/catalog/product/h/u/huawei_band_11_31__1.png
2146,101,https://cellphones.com.vn/media/catalog/product/h/u/huawei_band_11_35__1.png
2147,101,https://cellphones.com.vn/media/catalog/product/h/u/huawei_band_11_32__1.png
2148,101,https://cellphones.com.vn/media/catalog/product/h/u/huawei_band_11_34__1.png
2149,102,https://cdn2.cellphones.com.vn/media/catalog/product/a/w/aw-series11-gps_1_3.png
2150,102,https://cdn2.cellphones.com.vn/x/media/catalog/product/a/w/aw-series11_1_3.png
2151,102,https://cdn2.cellphones.com.vn/x/media/catalog/product/a/w/aw-series11-1_1_3.png
2152,102,https://cdn2.cellphones.com.vn/x/media/catalog/product/a/w/aw-series11-2_1_3.png
2153,102,https://cdn2.cellphones.com.vn/x/media/catalog/product/a/w/aw-series11-3_1_3.png
2154,102,https://cdn2.cellphones.com.vn/x/media/catalog/product/a/w/aw-series11-4_1_3.png
2155,102,https://cdn2.cellphones.com.vn/x/media/catalog/product/a/w/aw-series11-5_1_3.png
2156,102,https://cdn2.cellphones.com.vn/x/media/catalog/product/a/w/aw-series11-6_1_3.png
2157,102,https://cdn2.cellphones.com.vn/x/media/catalog/product/a/w/aw-series11-7_1_3.png
2158,102,https://cellphones.com.vn/media/catalog/product/c/p/cps-24-03_16_.png
2159,102,https://cellphones.com.vn/media/catalog/product/a/w/aw-series11-gps_1_3.png
2160,102,https://cellphones.com.vn/media/catalog/product/a/w/aw-series11_1_3.png
2161,102,https://cellphones.com.vn/media/catalog/product/a/w/aw-series11-1_1_3.png
2162,102,https://cellphones.com.vn/media/catalog/product/a/w/aw-series11-2_1_3.png
2163,102,https://cellphones.com.vn/media/catalog/product/a/w/aw-series11-3_1_3.png
2164,102,https://cellphones.com.vn/media/catalog/product/a/w/aw-series11-4_1_3.png
2165,102,https://cellphones.com.vn/media/catalog/product/a/w/aw-series11-5_1_3.png
2166,102,https://cellphones.com.vn/media/catalog/product/a/w/aw-series11-6_1_3.png
2167,102,https://cellphones.com.vn/media/catalog/product/a/w/aw-series11-7_1_3.png
2168,103,https://cdn2.cellphones.com.vn/media/catalog/product/g/a/gaming_3_4_37.png
2169,103,https://cdn2.cellphones.com.vn/x/media/catalog/product/m/_/m_y_c_o_r_u_22_51__2.png
2170,103,https://cdn2.cellphones.com.vn/x/media/catalog/product/m/_/m_y_c_o_r_u_22_52__2.png
2171,103,https://cdn2.cellphones.com.vn/x/media/catalog/product/m/_/m_y_c_o_r_u_22_53__2.png
2172,103,https://cdn2.cellphones.com.vn/x/media/catalog/product/m/_/m_y_c_o_r_u_22_54__2.png
2173,103,https://cdn2.cellphones.com.vn/x/media/catalog/product/m/_/m_y_c_o_r_u_22_55__2.png
2174,103,https://cellphones.com.vn/media/catalog/product/m/_/m_y_c_o_r_u_22_51__3.png
2175,103,https://cellphones.com.vn/media/catalog/product/g/a/gaming_3_4_37.png
2176,103,https://cellphones.com.vn/media/catalog/product/m/_/m_y_c_o_r_u_22_51__2.png
2177,103,https://cellphones.com.vn/media/catalog/product/m/_/m_y_c_o_r_u_22_52__2.png
2178,103,https://cellphones.com.vn/media/catalog/product/m/_/m_y_c_o_r_u_22_53__2.png
2179,103,https://cellphones.com.vn/media/catalog/product/m/_/m_y_c_o_r_u_22_54__2.png
2180,103,https://cellphones.com.vn/media/catalog/product/m/_/m_y_c_o_r_u_22_55__2.png
2181,104,https://cdn2.cellphones.com.vn/media/catalog/product/g/a/gaming_3_4_36.png
2182,104,https://cdn2.cellphones.com.vn/x/media/catalog/product/m/_/m_y_c_o_r_u_22_46__3.png
2183,104,https://cdn2.cellphones.com.vn/x/media/catalog/product/m/_/m_y_c_o_r_u_22_48__2.png
2184,104,https://cdn2.cellphones.com.vn/x/media/catalog/product/m/_/m_y_c_o_r_u_22_47__2.png
2185,104,https://cdn2.cellphones.com.vn/x/media/catalog/product/m/_/m_y_c_o_r_u_22_49__2.png
2186,104,https://cdn2.cellphones.com.vn/x/media/catalog/product/m/_/m_y_c_o_r_u_22_50__2.png
2187,104,https://cellphones.com.vn/media/catalog/product/m/_/m_y_c_o_r_u_22_46__2.png
2188,104,https://cellphones.com.vn/media/catalog/product/g/a/gaming_3_4_36.png
2189,104,https://cellphones.com.vn/media/catalog/product/m/_/m_y_c_o_r_u_22_46__3.png
2190,104,https://cellphones.com.vn/media/catalog/product/m/_/m_y_c_o_r_u_22_48__2.png
2191,104,https://cellphones.com.vn/media/catalog/product/m/_/m_y_c_o_r_u_22_47__2.png
2192,104,https://cellphones.com.vn/media/catalog/product/m/_/m_y_c_o_r_u_22_49__2.png
2193,104,https://cellphones.com.vn/media/catalog/product/m/_/m_y_c_o_r_u_22_50__2.png
2194,105,https://cdn2.cellphones.com.vn/media/catalog/product/g/a/gaming_3_4_38.png
2195,105,https://cdn2.cellphones.com.vn/x/media/catalog/product/m/_/m_y_c_o_r_u_22_56__2.png
2196,105,https://cdn2.cellphones.com.vn/x/media/catalog/product/m/_/m_y_c_o_r_u_22_57__2.png
2197,105,https://cdn2.cellphones.com.vn/x/media/catalog/product/m/_/m_y_c_o_r_u_22_58_.png
2198,105,https://cdn2.cellphones.com.vn/x/media/catalog/product/m/_/m_y_c_o_r_u_22_59_.png
2199,105,https://cdn2.cellphones.com.vn/x/media/catalog/product/m/_/m_y_c_o_r_u_22_60_.png
2200,105,https://cellphones.com.vn/media/catalog/product/m/_/m_y_c_o_r_u_22_56__3.png
2201,105,https://cellphones.com.vn/media/catalog/product/g/a/gaming_3_4_38.png
2202,105,https://cellphones.com.vn/media/catalog/product/m/_/m_y_c_o_r_u_22_56__2.png
2203,105,https://cellphones.com.vn/media/catalog/product/m/_/m_y_c_o_r_u_22_57__2.png
2204,105,https://cellphones.com.vn/media/catalog/product/m/_/m_y_c_o_r_u_22_58_.png
2205,105,https://cellphones.com.vn/media/catalog/product/m/_/m_y_c_o_r_u_22_59_.png
2206,105,https://cellphones.com.vn/media/catalog/product/m/_/m_y_c_o_r_u_22_60_.png
2207,106,https://cdn2.cellphones.com.vn/media/catalog/product/g/a/gaming_3_4_43.png
2208,106,https://cdn2.cellphones.com.vn/x/media/catalog/product/m/_/m_y_c_o_r_u_22_76_.png
2209,106,https://cellphones.com.vn/media/catalog/product/m/_/m_y_c_o_r_u_22_76__1.png
2210,106,https://cellphones.com.vn/media/catalog/product/g/a/gaming_3_4_43.png
2211,106,https://cellphones.com.vn/media/catalog/product/m/_/m_y_c_o_r_u_22_76_.png
2212,107,https://cdn2.cellphones.com.vn/media/catalog/product/g/a/gaming_3_4_41.png
2213,107,https://cdn2.cellphones.com.vn/x/media/catalog/product/m/_/m_y_c_o_r_u_22_71_.png
2214,107,https://cdn2.cellphones.com.vn/x/media/catalog/product/m/_/m_y_c_o_r_u_22_72_.png
2215,107,https://cdn2.cellphones.com.vn/x/media/catalog/product/m/_/m_y_c_o_r_u_22_73_.png
2216,107,https://cdn2.cellphones.com.vn/x/media/catalog/product/m/_/m_y_c_o_r_u_22_74_.png
2217,107,https://cdn2.cellphones.com.vn/x/media/catalog/product/m/_/m_y_c_o_r_u_22_75_.png
2218,107,https://cellphones.com.vn/media/catalog/product/m/_/m_y_c_o_r_u_22_71__1.png
2219,107,https://cellphones.com.vn/media/catalog/product/g/a/gaming_3_4_41.png
2220,107,https://cellphones.com.vn/media/catalog/product/m/_/m_y_c_o_r_u_22_71_.png
2221,107,https://cellphones.com.vn/media/catalog/product/m/_/m_y_c_o_r_u_22_72_.png
2222,107,https://cellphones.com.vn/media/catalog/product/m/_/m_y_c_o_r_u_22_73_.png
2223,107,https://cellphones.com.vn/media/catalog/product/m/_/m_y_c_o_r_u_22_74_.png
2224,107,https://cellphones.com.vn/media/catalog/product/m/_/m_y_c_o_r_u_22_75_.png
2225,108,https://cdn2.cellphones.com.vn/media/catalog/product/g/a/gaming_3_4_39.png
2226,108,https://cdn2.cellphones.com.vn/x/media/catalog/product/m/_/m_y_c_o_r_u_22_61_.png
2227,108,https://cdn2.cellphones.com.vn/x/media/catalog/product/m/_/m_y_c_o_r_u_22_62_.png
2228,108,https://cdn2.cellphones.com.vn/x/media/catalog/product/m/_/m_y_c_o_r_u_22_63_.png
2229,108,https://cdn2.cellphones.com.vn/x/media/catalog/product/m/_/m_y_c_o_r_u_22_65_.png
2230,108,https://cdn2.cellphones.com.vn/x/media/catalog/product/m/_/m_y_c_o_r_u_22_64_.png
2231,108,https://cellphones.com.vn/media/catalog/product/m/_/m_y_c_o_r_u_22_61__1.png
2232,108,https://cellphones.com.vn/media/catalog/product/g/a/gaming_3_4_39.png
2233,108,https://cellphones.com.vn/media/catalog/product/m/_/m_y_c_o_r_u_22_61_.png
2234,108,https://cellphones.com.vn/media/catalog/product/m/_/m_y_c_o_r_u_22_62_.png
2235,108,https://cellphones.com.vn/media/catalog/product/m/_/m_y_c_o_r_u_22_63_.png
2236,108,https://cellphones.com.vn/media/catalog/product/m/_/m_y_c_o_r_u_22_65_.png
2237,108,https://cellphones.com.vn/media/catalog/product/m/_/m_y_c_o_r_u_22_64_.png
2238,109,https://cdn2.cellphones.com.vn/media/catalog/product/c/h/chuot-khong-day-aula-am205.png
2239,109,https://cdn2.cellphones.com.vn/x/media/catalog/product/c/h/chuot-khong-day-aula-am205_1_.png
2240,109,https://cdn2.cellphones.com.vn/x/media/catalog/product/c/h/chuot-khong-day-aula-am205_2_.png
2241,109,https://cdn2.cellphones.com.vn/x/media/catalog/product/c/h/chuot-khong-day-aula-am205_3_.png
2242,109,https://cdn2.cellphones.com.vn/x/media/catalog/product/c/h/chuot-khong-day-aula-am205_5_.png
2243,109,https://cdn2.cellphones.com.vn/x/media/catalog/product/c/h/chuot-khong-day-aula-am205_4_.png
2244,109,https://cdn2.cellphones.com.vn/x/media/catalog/product/c/h/chuot-khong-day-aula-am205_6_.png
2245,109,https://cellphones.com.vn/media/catalog/product/c/h/chuot-khong-day-aula-am205_1__1.png
2246,109,https://cellphones.com.vn/media/catalog/product/c/h/chuot-khong-day-aula-am205.png
2247,109,https://cellphones.com.vn/media/catalog/product/c/h/chuot-khong-day-aula-am205_1_.png
2248,109,https://cellphones.com.vn/media/catalog/product/c/h/chuot-khong-day-aula-am205_2_.png
2249,109,https://cellphones.com.vn/media/catalog/product/c/h/chuot-khong-day-aula-am205_3_.png
2250,109,https://cellphones.com.vn/media/catalog/product/c/h/chuot-khong-day-aula-am205_5_.png
2251,109,https://cellphones.com.vn/media/catalog/product/c/h/chuot-khong-day-aula-am205_4_.png
2252,109,https://cellphones.com.vn/media/catalog/product/c/h/chuot-khong-day-aula-am205_6_.png
2253,110,https://cdn2.cellphones.com.vn/media/catalog/product/s/a/samsung-galaxy-a07-5g-2_3_3.jpg
2254,110,https://cdn2.cellphones.com.vn/x/media/catalog/product/s/a/samsung-galaxy-a07-5g-1_3_3.jpg
2255,110,https://cdn2.cellphones.com.vn/x/media/catalog/product/s/a/samsung-galaxy-a07-5g-2_3_3.jpg
2256,110,https://cdn2.cellphones.com.vn/x/media/catalog/product/s/a/samsung-galaxy-a07-5g_3_3.jpg
2257,110,https://cdn2.cellphones.com.vn/x/media/catalog/product/s/a/samsung-galaxy-a07-5g-1_6.jpg
2258,110,https://cdn2.cellphones.com.vn/x/media/catalog/product/s/a/samsung-galaxy-a07-5g_6.jpg
2259,110,https://cdn2.cellphones.com.vn/x/media/catalog/product/s/a/samsung-galaxy-a07-5g-2_6.jpg
2260,110,https://cdn2.cellphones.com.vn/x/media/catalog/product/d/i/dien-thoai-samsung-galaxy-a07-5g-xanh_3.jpg
2261,110,https://cdn2.cellphones.com.vn/x/media/catalog/product/d/i/dien-thoai-samsung-galaxy-a07-5g-xanh-2_3.jpg
2262,110,https://cdn2.cellphones.com.vn/x/media/catalog/product/d/i/dien-thoai-samsung-galaxy-a07-5g-xanh-1_3.jpg
2263,110,https://cdn2.cellphones.com.vn/x/media/catalog/product/d/i/dien-thoai-samsung-galaxy-a07-5g-xanh-3_3.jpg
2264,110,https://cdn2.cellphones.com.vn/x/media/catalog/product/d/i/dien-thoai-samsung-galaxy-a07-5g-xanh-4_3.jpg
2265,110,https://cdn2.cellphones.com.vn/x/media/catalog/product/d/i/dien-thoai-samsung-galaxy-a07-5g-xanh-5_3.jpg
2266,110,https://cdn2.cellphones.com.vn/x/media/catalog/product/d/i/dien-thoai-samsung-galaxy-a07-5g-xanh-6_3.jpg
2267,110,https://cdn2.cellphones.com.vn/x/media/catalog/product/d/i/dien-thoai-samsung-galaxy-a07-5g-xanh-7_3.jpg
2268,110,https://cdn2.cellphones.com.vn/x/media/catalog/product/d/i/dien-thoai-samsung-galaxy-a07-5g-den_3.jpg
2269,110,https://cdn2.cellphones.com.vn/x/media/catalog/product/d/i/dien-thoai-samsung-galaxy-a07-5g-den-2_3.jpg
2270,110,https://cdn2.cellphones.com.vn/x/media/catalog/product/d/i/dien-thoai-samsung-galaxy-a07-5g-den-1_3.jpg
2271,110,https://cdn2.cellphones.com.vn/x/media/catalog/product/d/i/dien-thoai-samsung-galaxy-a07-5g-den-3_3.jpg
2272,110,https://cdn2.cellphones.com.vn/x/media/catalog/product/d/i/dien-thoai-samsung-galaxy-a07-5g-den-4_3.jpg
2273,110,https://cdn2.cellphones.com.vn/x/media/catalog/product/d/i/dien-thoai-samsung-galaxy-a07-5g-den-5_3.jpg
2274,110,https://cdn2.cellphones.com.vn/x/media/catalog/product/d/i/dien-thoai-samsung-galaxy-a07-5g-den-6_3.jpg
2275,110,https://cdn2.cellphones.com.vn/x/media/catalog/product/d/i/dien-thoai-samsung-galaxy-a07-5g-den-7_3.jpg
2276,110,https://cdn2.cellphones.com.vn/x/media/catalog/product/d/i/dien-thoai-samsung-galaxy-a07-5g-tim_3.jpg
2277,110,https://cdn2.cellphones.com.vn/x/media/catalog/product/d/i/dien-thoai-samsung-galaxy-a07-5g-tim-2_3.jpg
2278,110,https://cdn2.cellphones.com.vn/x/media/catalog/product/d/i/dien-thoai-samsung-galaxy-a07-5g-tim-1_3.jpg
2279,110,https://cdn2.cellphones.com.vn/x/media/catalog/product/d/i/dien-thoai-samsung-galaxy-a07-5g-tim-3_3.jpg
2280,110,https://cdn2.cellphones.com.vn/x/media/catalog/product/d/i/dien-thoai-samsung-galaxy-a07-5g-tim-4_3.jpg
2281,110,https://cdn2.cellphones.com.vn/x/media/catalog/product/d/i/dien-thoai-samsung-galaxy-a07-5g-tim-5_3.jpg
2282,110,https://cdn2.cellphones.com.vn/x/media/catalog/product/d/i/dien-thoai-samsung-galaxy-a07-5g-tim-7_3.jpg
2283,110,https://cdn2.cellphones.com.vn/x/media/catalog/product/d/i/dien-thoai-samsung-galaxy-a07-5g-tim-6_3.jpg
2284,110,https://cellphones.com.vn/media/catalog/product/d/i/dien-thoai-samsung-galaxy-a07-5g-cu-tray-xuoc.jpg
2285,110,https://cellphones.com.vn/media/catalog/product/s/a/samsung-galaxy-a07-5g-2_3_3.jpg
2286,110,https://cellphones.com.vn/media/catalog/product/s/a/samsung-galaxy-a07-5g-1_3_3.jpg
2287,110,https://cellphones.com.vn/media/catalog/product/s/a/samsung-galaxy-a07-5g_3_3.jpg
2288,110,https://cellphones.com.vn/media/catalog/product/s/a/samsung-galaxy-a07-5g-1_6.jpg
2289,110,https://cellphones.com.vn/media/catalog/product/s/a/samsung-galaxy-a07-5g_6.jpg
2290,110,https://cellphones.com.vn/media/catalog/product/s/a/samsung-galaxy-a07-5g-2_6.jpg
2291,110,https://cellphones.com.vn/media/catalog/product/d/i/dien-thoai-samsung-galaxy-a07-5g-xanh_3.jpg
2292,110,https://cellphones.com.vn/media/catalog/product/d/i/dien-thoai-samsung-galaxy-a07-5g-xanh-2_3.jpg
2293,110,https://cellphones.com.vn/media/catalog/product/d/i/dien-thoai-samsung-galaxy-a07-5g-xanh-1_3.jpg
2294,110,https://cellphones.com.vn/media/catalog/product/d/i/dien-thoai-samsung-galaxy-a07-5g-xanh-3_3.jpg
2295,110,https://cellphones.com.vn/media/catalog/product/d/i/dien-thoai-samsung-galaxy-a07-5g-xanh-4_3.jpg
2296,110,https://cellphones.com.vn/media/catalog/product/d/i/dien-thoai-samsung-galaxy-a07-5g-xanh-5_3.jpg
2297,110,https://cellphones.com.vn/media/catalog/product/d/i/dien-thoai-samsung-galaxy-a07-5g-xanh-6_3.jpg
2298,110,https://cellphones.com.vn/media/catalog/product/d/i/dien-thoai-samsung-galaxy-a07-5g-xanh-7_3.jpg
2299,110,https://cellphones.com.vn/media/catalog/product/d/i/dien-thoai-samsung-galaxy-a07-5g-den_3.jpg
2300,110,https://cellphones.com.vn/media/catalog/product/d/i/dien-thoai-samsung-galaxy-a07-5g-den-2_3.jpg
2301,110,https://cellphones.com.vn/media/catalog/product/d/i/dien-thoai-samsung-galaxy-a07-5g-den-1_3.jpg
2302,110,https://cellphones.com.vn/media/catalog/product/d/i/dien-thoai-samsung-galaxy-a07-5g-den-3_3.jpg
2303,110,https://cellphones.com.vn/media/catalog/product/d/i/dien-thoai-samsung-galaxy-a07-5g-den-4_3.jpg
2304,110,https://cellphones.com.vn/media/catalog/product/d/i/dien-thoai-samsung-galaxy-a07-5g-den-5_3.jpg
2305,110,https://cellphones.com.vn/media/catalog/product/d/i/dien-thoai-samsung-galaxy-a07-5g-den-6_3.jpg
2306,110,https://cellphones.com.vn/media/catalog/product/d/i/dien-thoai-samsung-galaxy-a07-5g-den-7_3.jpg
2307,110,https://cellphones.com.vn/media/catalog/product/d/i/dien-thoai-samsung-galaxy-a07-5g-tim_3.jpg
2308,110,https://cellphones.com.vn/media/catalog/product/d/i/dien-thoai-samsung-galaxy-a07-5g-tim-2_3.jpg
2309,110,https://cellphones.com.vn/media/catalog/product/d/i/dien-thoai-samsung-galaxy-a07-5g-tim-1_3.jpg
2310,110,https://cellphones.com.vn/media/catalog/product/d/i/dien-thoai-samsung-galaxy-a07-5g-tim-3_3.jpg
2311,110,https://cellphones.com.vn/media/catalog/product/d/i/dien-thoai-samsung-galaxy-a07-5g-tim-4_3.jpg
2312,110,https://cellphones.com.vn/media/catalog/product/d/i/dien-thoai-samsung-galaxy-a07-5g-tim-5_3.jpg
2313,110,https://cellphones.com.vn/media/catalog/product/d/i/dien-thoai-samsung-galaxy-a07-5g-tim-7_3.jpg
2314,110,https://cellphones.com.vn/media/catalog/product/d/i/dien-thoai-samsung-galaxy-a07-5g-tim-6_3.jpg
2315,111,https://cdn2.cellphones.com.vn/media/catalog/product/s/a/samsung-galaxy-s25-fe-1_4_1.jpg
2316,111,https://cdn2.cellphones.com.vn/x/media/catalog/product/s/a/samsung-galaxy-s25-fe-2_4_1.jpg
2317,111,https://cdn2.cellphones.com.vn/x/media/catalog/product/s/a/samsung-galaxy-s25-fe-3_4_1.jpg
2318,111,https://cdn2.cellphones.com.vn/x/media/catalog/product/s/a/samsung-galaxy-s25-fe-1_4_1.jpg
2319,111,https://cdn2.cellphones.com.vn/x/media/catalog/product/s/a/samsung-galaxy-s25-fe_4_1.jpg
2320,111,https://cdn2.cellphones.com.vn/x/media/catalog/product/s/a/samsung-galaxy-s25-fe-navy-1_6_1.jpg
2321,111,https://cdn2.cellphones.com.vn/x/media/catalog/product/s/a/samsung-galaxy-s25-fe-navy-2_4_1.jpg
2322,111,https://cdn2.cellphones.com.vn/x/media/catalog/product/s/a/samsung-galaxy-s25-fe-navy-3_4_1.jpg
2323,111,https://cdn2.cellphones.com.vn/x/media/catalog/product/s/a/samsung-galaxy-s25-fe-navy-4_4_1.jpg
2324,111,https://cdn2.cellphones.com.vn/x/media/catalog/product/s/a/samsung-galaxy-s25-fe-navy-5_4_1.jpg
2325,111,https://cdn2.cellphones.com.vn/x/media/catalog/product/s/a/samsung-galaxy-s25-fe-navy-6_4_1.jpg
2326,111,https://cdn2.cellphones.com.vn/x/media/catalog/product/s/a/samsung-galaxy-s25-fe-navy-7_4_1.jpg
2327,111,https://cdn2.cellphones.com.vn/x/media/catalog/product/s/a/samsung-galaxy-s25-fe-navy-8_4_1.jpg
2328,111,https://cdn2.cellphones.com.vn/x/media/catalog/product/s/a/samsung-galaxy-s25-fe-navy-9_4_1.jpg
2329,111,https://cdn2.cellphones.com.vn/x/media/catalog/product/s/a/samsung-galaxy-s25-fe-jetblack-1_6_1.jpg
2330,111,https://cdn2.cellphones.com.vn/x/media/catalog/product/s/a/samsung-galaxy-s25-fe-jetblack-2_4_1.jpg
2331,111,https://cdn2.cellphones.com.vn/x/media/catalog/product/s/a/samsung-galaxy-s25-fe-jetblack-3_4_1.jpg
2332,111,https://cdn2.cellphones.com.vn/x/media/catalog/product/s/a/samsung-galaxy-s25-fe-jetblack-4_4_1.jpg
2333,111,https://cdn2.cellphones.com.vn/x/media/catalog/product/s/a/samsung-galaxy-s25-fe-jetblack-5_4_1.jpg
2334,111,https://cdn2.cellphones.com.vn/x/media/catalog/product/s/a/samsung-galaxy-s25-fe-jetblack-6_4_1.jpg
2335,111,https://cdn2.cellphones.com.vn/x/media/catalog/product/s/a/samsung-galaxy-s25-fe-jetblack-7_4_1.jpg
2336,111,https://cdn2.cellphones.com.vn/x/media/catalog/product/s/a/samsung-galaxy-s25-fe-jetblack-8_4_1.jpg
2337,111,https://cdn2.cellphones.com.vn/x/media/catalog/product/s/a/samsung-galaxy-s25-fe-jetblack-9_4_1.jpg
2338,111,https://cdn2.cellphones.com.vn/x/media/catalog/product/s/a/samsung-galaxy-s25-fe-white-1_6_1.jpg
2339,111,https://cdn2.cellphones.com.vn/x/media/catalog/product/s/a/samsung-galaxy-s25-fe-white-2_4_1.jpg
2340,111,https://cdn2.cellphones.com.vn/x/media/catalog/product/s/a/samsung-galaxy-s25-fe-white-3_4_1.jpg
2341,111,https://cdn2.cellphones.com.vn/x/media/catalog/product/s/a/samsung-galaxy-s25-fe-white-4_4_1.jpg
2342,111,https://cdn2.cellphones.com.vn/x/media/catalog/product/s/a/samsung-galaxy-s25-fe-white-5_4_1.jpg
2343,111,https://cdn2.cellphones.com.vn/x/media/catalog/product/s/a/samsung-galaxy-s25-fe-white-6_4_1.jpg
2344,111,https://cdn2.cellphones.com.vn/x/media/catalog/product/s/a/samsung-galaxy-s25-fe-white-7_4_1.jpg
2345,111,https://cdn2.cellphones.com.vn/x/media/catalog/product/s/a/samsung-galaxy-s25-fe-white-8_4_1.jpg
2346,111,https://cdn2.cellphones.com.vn/x/media/catalog/product/s/a/samsung-galaxy-s25-fe-white-9_4_1.jpg
2347,111,https://cdn2.cellphones.com.vn/x/media/catalog/product/s/a/samsung-galaxy-s25-fe-icyblue-1_6_1.jpg
2348,111,https://cdn2.cellphones.com.vn/x/media/catalog/product/s/a/samsung-galaxy-s25-fe-icyblue-2_4_1.jpg
2349,111,https://cdn2.cellphones.com.vn/x/media/catalog/product/s/a/samsung-galaxy-s25-fe-icyblue-3_4_1.jpg
2350,111,https://cdn2.cellphones.com.vn/x/media/catalog/product/s/a/samsung-galaxy-s25-fe-icyblue-4_4_1.jpg
2351,111,https://cdn2.cellphones.com.vn/x/media/catalog/product/s/a/samsung-galaxy-s25-fe-icyblue-5_4_1.jpg
2352,111,https://cdn2.cellphones.com.vn/x/media/catalog/product/s/a/samsung-galaxy-s25-fe-icyblue-6_4_1.jpg
2353,111,https://cdn2.cellphones.com.vn/x/media/catalog/product/s/a/samsung-galaxy-s25-fe-icyblue-7_4_1.jpg
2354,111,https://cdn2.cellphones.com.vn/x/media/catalog/product/s/a/samsung-galaxy-s25-fe-icyblue-8_4_1.jpg
2355,111,https://cdn2.cellphones.com.vn/x/media/catalog/product/s/a/samsung-galaxy-s25-fe-icyblue-9_4_1.jpg
2356,111,https://cellphones.com.vn/media/catalog/product/d/i/dien-thoai-samsung-galaxy-s25-fe-5g-8gb-256gb-cu-dep-2.jpg
2357,111,https://cellphones.com.vn/media/catalog/product/d/i/dien-thoai-samsung-galaxy-s25-fe-5g-8gb-256gb-cu-dep.jpg
2358,111,https://cellphones.com.vn/media/catalog/product/s/a/samsung-galaxy-s25-fe-1_4_1.jpg
2359,111,https://cellphones.com.vn/media/catalog/product/s/a/samsung-galaxy-s25-fe-2_4_1.jpg
2360,111,https://cellphones.com.vn/media/catalog/product/s/a/samsung-galaxy-s25-fe-3_4_1.jpg
2361,111,https://cellphones.com.vn/media/catalog/product/s/a/samsung-galaxy-s25-fe_4_1.jpg
2362,111,https://cellphones.com.vn/media/catalog/product/s/a/samsung-galaxy-s25-fe-navy-1_6_1.jpg
2363,111,https://cellphones.com.vn/media/catalog/product/s/a/samsung-galaxy-s25-fe-navy-2_4_1.jpg
2364,111,https://cellphones.com.vn/media/catalog/product/s/a/samsung-galaxy-s25-fe-navy-3_4_1.jpg
2365,111,https://cellphones.com.vn/media/catalog/product/s/a/samsung-galaxy-s25-fe-navy-4_4_1.jpg
2366,111,https://cellphones.com.vn/media/catalog/product/s/a/samsung-galaxy-s25-fe-navy-5_4_1.jpg
2367,111,https://cellphones.com.vn/media/catalog/product/s/a/samsung-galaxy-s25-fe-navy-6_4_1.jpg
2368,111,https://cellphones.com.vn/media/catalog/product/s/a/samsung-galaxy-s25-fe-navy-7_4_1.jpg
2369,111,https://cellphones.com.vn/media/catalog/product/s/a/samsung-galaxy-s25-fe-navy-8_4_1.jpg
2370,111,https://cellphones.com.vn/media/catalog/product/s/a/samsung-galaxy-s25-fe-navy-9_4_1.jpg
2371,111,https://cellphones.com.vn/media/catalog/product/s/a/samsung-galaxy-s25-fe-jetblack-1_6_1.jpg
2372,111,https://cellphones.com.vn/media/catalog/product/s/a/samsung-galaxy-s25-fe-jetblack-2_4_1.jpg
2373,111,https://cellphones.com.vn/media/catalog/product/s/a/samsung-galaxy-s25-fe-jetblack-3_4_1.jpg
2374,111,https://cellphones.com.vn/media/catalog/product/s/a/samsung-galaxy-s25-fe-jetblack-4_4_1.jpg
2375,111,https://cellphones.com.vn/media/catalog/product/s/a/samsung-galaxy-s25-fe-jetblack-5_4_1.jpg
2376,111,https://cellphones.com.vn/media/catalog/product/s/a/samsung-galaxy-s25-fe-jetblack-6_4_1.jpg
2377,111,https://cellphones.com.vn/media/catalog/product/s/a/samsung-galaxy-s25-fe-jetblack-7_4_1.jpg
2378,111,https://cellphones.com.vn/media/catalog/product/s/a/samsung-galaxy-s25-fe-jetblack-8_4_1.jpg
2379,111,https://cellphones.com.vn/media/catalog/product/s/a/samsung-galaxy-s25-fe-jetblack-9_4_1.jpg
2380,111,https://cellphones.com.vn/media/catalog/product/s/a/samsung-galaxy-s25-fe-white-1_6_1.jpg
2381,111,https://cellphones.com.vn/media/catalog/product/s/a/samsung-galaxy-s25-fe-white-2_4_1.jpg
2382,111,https://cellphones.com.vn/media/catalog/product/s/a/samsung-galaxy-s25-fe-white-3_4_1.jpg
2383,111,https://cellphones.com.vn/media/catalog/product/s/a/samsung-galaxy-s25-fe-white-4_4_1.jpg
2384,111,https://cellphones.com.vn/media/catalog/product/s/a/samsung-galaxy-s25-fe-white-5_4_1.jpg
2385,111,https://cellphones.com.vn/media/catalog/product/s/a/samsung-galaxy-s25-fe-white-6_4_1.jpg
2386,111,https://cellphones.com.vn/media/catalog/product/s/a/samsung-galaxy-s25-fe-white-7_4_1.jpg
2387,111,https://cellphones.com.vn/media/catalog/product/s/a/samsung-galaxy-s25-fe-white-8_4_1.jpg
2388,111,https://cellphones.com.vn/media/catalog/product/s/a/samsung-galaxy-s25-fe-white-9_4_1.jpg
2389,111,https://cellphones.com.vn/media/catalog/product/s/a/samsung-galaxy-s25-fe-icyblue-1_6_1.jpg
2390,111,https://cellphones.com.vn/media/catalog/product/s/a/samsung-galaxy-s25-fe-icyblue-2_4_1.jpg
2391,111,https://cellphones.com.vn/media/catalog/product/s/a/samsung-galaxy-s25-fe-icyblue-3_4_1.jpg
2392,111,https://cellphones.com.vn/media/catalog/product/s/a/samsung-galaxy-s25-fe-icyblue-4_4_1.jpg
2393,111,https://cellphones.com.vn/media/catalog/product/s/a/samsung-galaxy-s25-fe-icyblue-5_4_1.jpg
2394,111,https://cellphones.com.vn/media/catalog/product/s/a/samsung-galaxy-s25-fe-icyblue-6_4_1.jpg
2395,111,https://cellphones.com.vn/media/catalog/product/s/a/samsung-galaxy-s25-fe-icyblue-7_4_1.jpg
2396,111,https://cellphones.com.vn/media/catalog/product/s/a/samsung-galaxy-s25-fe-icyblue-8_4_1.jpg
2397,111,https://cellphones.com.vn/media/catalog/product/s/a/samsung-galaxy-s25-fe-icyblue-9_4_1.jpg
2398,112,https://cdn2.cellphones.com.vn/media/catalog/product/d/i/dien-thoai-xiaomi-redmi-note-14-pro-5g-12gb-512gb_1_1.png
2399,112,https://cdn2.cellphones.com.vn/x/media/catalog/product/d/i/dien-thoai-xiaomi-redmi-note-14-pro-5g-12gb-512gb_1_1.png
2400,112,https://cdn2.cellphones.com.vn/x/media/catalog/product/d/i/dien-thoai-xiaomi-redmi-note-14-pro-5g-12gb-512gb_3__1_1.png
2401,112,https://cdn2.cellphones.com.vn/x/media/catalog/product/d/i/dien-thoai-xiaomi-redmi-note-14-pro-5g-12gb-512gb_4__1_1.png
2402,112,https://cdn2.cellphones.com.vn/x/media/catalog/product/d/i/dien-thoai-xiaomi-redmi-note-14-pro-5g-12gb-512gb_2__2_1.png
2403,112,https://cellphones.com.vn/media/catalog/product/d/i/dien-thoai-xiaomi-redmi-note-14-pro-5g-12gb-512gb-cu-xuoc-can-vang.jpg
2404,112,https://cellphones.com.vn/media/catalog/product/d/i/dien-thoai-xiaomi-redmi-note-14-pro-5g-12gb-512gb-cu-xuoc-can.jpg
2405,112,https://cellphones.com.vn/media/catalog/product/d/i/dien-thoai-xiaomi-redmi-note-14-pro-5g-12gb-512gb_1_1.png
2406,112,https://cellphones.com.vn/media/catalog/product/d/i/dien-thoai-xiaomi-redmi-note-14-pro-5g-12gb-512gb_3__1_1.png
2407,112,https://cellphones.com.vn/media/catalog/product/d/i/dien-thoai-xiaomi-redmi-note-14-pro-5g-12gb-512gb_4__1_1.png
2408,112,https://cellphones.com.vn/media/catalog/product/d/i/dien-thoai-xiaomi-redmi-note-14-pro-5g-12gb-512gb_2__2_1.png
2409,113,https://cdn2.cellphones.com.vn/media/catalog/product/g/a/garminnnn_1_2_2.png
2410,113,https://cdn2.cellphones.com.vn/x/media/catalog/product/2/6/265_blue_2_2_2.png
2411,113,https://cdn2.cellphones.com.vn/x/media/catalog/product/2/6/265_white_2_2_2.png
2412,113,https://cdn2.cellphones.com.vn/x/media/catalog/product/2/6/265_3_1_2_2.png
2413,113,https://cdn2.cellphones.com.vn/x/media/catalog/product/g/a/garmin_forerunner_265_46mm_-_1_1_2_2.png
2414,113,https://cdn2.cellphones.com.vn/x/media/catalog/product/g/a/garmin_forerunner_265_46mm_-_3_1_2_2.png
2415,113,https://cdn2.cellphones.com.vn/x/media/catalog/product/g/a/garmin_forerunner_265_46mm_-_4_1_2_2.png
2416,113,https://cdn2.cellphones.com.vn/x/media/catalog/product/g/a/garmin_forerunner_265_46mm_-_2_1_2_2.png
2417,113,https://cdn2.cellphones.com.vn/x/media/catalog/product/g/a/garmin_forerunner_265_46mm_-_5_1_2_2.png
2418,113,https://cdn2.cellphones.com.vn/x/media/catalog/product/g/a/garmin_forerunner_265_46mm_-_6_1_2_2.png
2419,113,https://cdn2.cellphones.com.vn/x/media/catalog/product/g/a/garmin_forerunner_265_46mm_-_7_1_2_2.png
2420,113,https://cdn2.cellphones.com.vn/x/media/catalog/product/g/a/garmin_forerunner_265_46mm_-_8_1_2_2.png
2421,113,https://cellphones.com.vn/media/catalog/product/c/p/cps-24-03_17_.png
2422,113,https://cellphones.com.vn/media/catalog/product/g/a/garminnnn_1_2_2.png
2423,113,https://cellphones.com.vn/media/catalog/product/2/6/265_blue_2_2_2.png
2424,113,https://cellphones.com.vn/media/catalog/product/2/6/265_white_2_2_2.png
2425,113,https://cellphones.com.vn/media/catalog/product/2/6/265_3_1_2_2.png
2426,113,https://cellphones.com.vn/media/catalog/product/g/a/garmin_forerunner_265_46mm_-_1_1_2_2.png
2427,113,https://cellphones.com.vn/media/catalog/product/g/a/garmin_forerunner_265_46mm_-_3_1_2_2.png
2428,113,https://cellphones.com.vn/media/catalog/product/g/a/garmin_forerunner_265_46mm_-_4_1_2_2.png
2429,113,https://cellphones.com.vn/media/catalog/product/g/a/garmin_forerunner_265_46mm_-_2_1_2_2.png
2430,113,https://cellphones.com.vn/media/catalog/product/g/a/garmin_forerunner_265_46mm_-_5_1_2_2.png
2431,113,https://cellphones.com.vn/media/catalog/product/g/a/garmin_forerunner_265_46mm_-_6_1_2_2.png
2432,113,https://cellphones.com.vn/media/catalog/product/g/a/garmin_forerunner_265_46mm_-_7_1_2_2.png
2433,113,https://cellphones.com.vn/media/catalog/product/g/a/garmin_forerunner_265_46mm_-_8_1_2_2.png
2434,114,https://cdn2.cellphones.com.vn/media/catalog/product/g/a/garmin_4__1_6_3.png
2435,114,https://cdn2.cellphones.com.vn/x/media/catalog/product/_/n/_ng_h_5__1_11_3.png
2436,114,https://cdn2.cellphones.com.vn/x/media/catalog/product/_/n/_ng_h_6__1_5_3.png
2437,114,https://cdn2.cellphones.com.vn/x/media/catalog/product/_/n/_ng_h_8__1_5_3.png
2438,114,https://cdn2.cellphones.com.vn/x/media/catalog/product/_/n/_ng_h_7__1_10_3.png
2439,114,https://cdn2.cellphones.com.vn/x/media/catalog/product/t/e/text_ng_n_48__3_24_3.png
2440,114,https://cdn2.cellphones.com.vn/x/media/catalog/product/t/e/text_ng_n_49__3_14_3.png
2441,114,https://cdn2.cellphones.com.vn/x/media/catalog/product/t/e/text_ng_n_50__3_14_3.png
2442,114,https://cdn2.cellphones.com.vn/x/media/catalog/product/t/e/text_ng_n_52__3_16_3.png
2443,114,https://cdn2.cellphones.com.vn/x/media/catalog/product/t/e/text_ng_n_53__3_22_3.png
2444,114,https://cdn2.cellphones.com.vn/x/media/catalog/product/t/e/text_ng_n_51__4_14_3.png
2445,114,https://cdn2.cellphones.com.vn/x/media/catalog/product/t/e/text_ng_n_42__3_33_3.png
2446,114,https://cdn2.cellphones.com.vn/x/media/catalog/product/t/e/text_ng_n_43__4_31_3.png
2447,114,https://cdn2.cellphones.com.vn/x/media/catalog/product/t/e/text_ng_n_44__2_28_3.png
2448,114,https://cdn2.cellphones.com.vn/x/media/catalog/product/t/e/text_ng_n_46__3_26_3.png
2449,114,https://cdn2.cellphones.com.vn/x/media/catalog/product/t/e/text_ng_n_47__3_30_3.png
2450,114,https://cdn2.cellphones.com.vn/x/media/catalog/product/t/e/text_ng_n_45__4_15_3.png
2451,114,https://cellphones.com.vn/media/catalog/product/c/p/cps-24-03_18_.png
2452,114,https://cellphones.com.vn/media/catalog/product/g/a/garmin_4__1_6_3.png
2453,114,https://cellphones.com.vn/media/catalog/product/_/n/_ng_h_5__1_11_3.png
2454,114,https://cellphones.com.vn/media/catalog/product/_/n/_ng_h_6__1_5_3.png
2455,114,https://cellphones.com.vn/media/catalog/product/_/n/_ng_h_8__1_5_3.png
2456,114,https://cellphones.com.vn/media/catalog/product/_/n/_ng_h_7__1_10_3.png
2457,114,https://cellphones.com.vn/media/catalog/product/t/e/text_ng_n_48__3_24_3.png
2458,114,https://cellphones.com.vn/media/catalog/product/t/e/text_ng_n_49__3_14_3.png
2459,114,https://cellphones.com.vn/media/catalog/product/t/e/text_ng_n_50__3_14_3.png
2460,114,https://cellphones.com.vn/media/catalog/product/t/e/text_ng_n_52__3_16_3.png
2461,114,https://cellphones.com.vn/media/catalog/product/t/e/text_ng_n_53__3_22_3.png
2462,114,https://cellphones.com.vn/media/catalog/product/t/e/text_ng_n_51__4_14_3.png
2463,114,https://cellphones.com.vn/media/catalog/product/t/e/text_ng_n_42__3_33_3.png
2464,114,https://cellphones.com.vn/media/catalog/product/t/e/text_ng_n_43__4_31_3.png
2465,114,https://cellphones.com.vn/media/catalog/product/t/e/text_ng_n_44__2_28_3.png
2466,114,https://cellphones.com.vn/media/catalog/product/t/e/text_ng_n_46__3_26_3.png
2467,114,https://cellphones.com.vn/media/catalog/product/t/e/text_ng_n_47__3_30_3.png
2468,114,https://cellphones.com.vn/media/catalog/product/t/e/text_ng_n_45__4_15_3.png
2469,115,https://cdn2.cellphones.com.vn/media/catalog/product/t/e/text_d_i_6_12_1_2.png
2470,115,https://cdn2.cellphones.com.vn/x/media/catalog/product/l/a/laptop_acer_nitro_v_15_propanel_anv15-51-73uu_-_1_1_2.png
2471,115,https://cdn2.cellphones.com.vn/x/media/catalog/product/l/a/laptop_acer_nitro_v_15_propanel_anv15-51-73uu_-_2_1_2.png
2472,115,https://cdn2.cellphones.com.vn/x/media/catalog/product/l/a/laptop_acer_nitro_v_15_propanel_anv15-51-73uu_-_3_1_2.png
2473,115,https://cdn2.cellphones.com.vn/x/media/catalog/product/t/e/text_ng_n_1__6_125_1_2.png
2474,115,https://cdn2.cellphones.com.vn/x/media/catalog/product/t/e/text_ng_n_2__6_138_1_2.png
2475,115,https://cdn2.cellphones.com.vn/x/media/catalog/product/t/e/text_ng_n_3__5_126_1_2.png
2476,115,https://cdn2.cellphones.com.vn/x/media/catalog/product/t/e/text_ng_n_4__6_121_1_2.png
2477,115,https://cdn2.cellphones.com.vn/x/media/catalog/product/t/e/text_ng_n_5__7_115_1_2.png
2478,115,https://cdn2.cellphones.com.vn/x/media/catalog/product/t/e/text_ng_n_6__2_158_1_2.png
2479,115,https://cdn2.cellphones.com.vn/x/media/catalog/product/t/e/text_ng_n_7__2_144_1_2.png
2480,115,https://cdn2.cellphones.com.vn/x/media/catalog/product/t/e/text_ng_n_8__4_145_1_2.png
2481,115,https://cdn2.cellphones.com.vn/x/media/catalog/product/t/e/text_ng_n_9__4_159_1_2.png
2482,115,https://cellphones.com.vn/media/catalog/product/c/p/cps-24-03_25_.png
2483,115,https://cellphones.com.vn/media/catalog/product/t/e/text_d_i_6_12_1_2.png
2484,115,https://cellphones.com.vn/media/catalog/product/l/a/laptop_acer_nitro_v_15_propanel_anv15-51-73uu_-_1_1_2.png
2485,115,https://cellphones.com.vn/media/catalog/product/l/a/laptop_acer_nitro_v_15_propanel_anv15-51-73uu_-_2_1_2.png
2486,115,https://cellphones.com.vn/media/catalog/product/l/a/laptop_acer_nitro_v_15_propanel_anv15-51-73uu_-_3_1_2.png
2487,115,https://cellphones.com.vn/media/catalog/product/t/e/text_ng_n_1__6_125_1_2.png
2488,115,https://cellphones.com.vn/media/catalog/product/t/e/text_ng_n_2__6_138_1_2.png
2489,115,https://cellphones.com.vn/media/catalog/product/t/e/text_ng_n_3__5_126_1_2.png
2490,115,https://cellphones.com.vn/media/catalog/product/t/e/text_ng_n_4__6_121_1_2.png
2491,115,https://cellphones.com.vn/media/catalog/product/t/e/text_ng_n_5__7_115_1_2.png
2492,115,https://cellphones.com.vn/media/catalog/product/t/e/text_ng_n_6__2_158_1_2.png
2493,115,https://cellphones.com.vn/media/catalog/product/t/e/text_ng_n_7__2_144_1_2.png
2494,115,https://cellphones.com.vn/media/catalog/product/t/e/text_ng_n_8__4_145_1_2.png
2495,115,https://cellphones.com.vn/media/catalog/product/t/e/text_ng_n_9__4_159_1_2.png
2496,116,https://cdn2.cellphones.com.vn/media/catalog/product/t/e/text_d_i_1__4_23_4.png
2497,116,https://cdn2.cellphones.com.vn/x/media/catalog/product/l/a/laptop_asus_gaming_v16_v3607vh-rp025w_-_1_4.png
2498,116,https://cdn2.cellphones.com.vn/x/media/catalog/product/l/a/laptop_asus_gaming_v16_v3607vh-rp025w_-_2_4.png
2499,116,https://cdn2.cellphones.com.vn/x/media/catalog/product/l/a/laptop_asus_gaming_v16_v3607vh-rp025w_-_3_4.png
2500,116,https://cdn2.cellphones.com.vn/x/media/catalog/product/t/e/text_ng_n_2__9_216_1_4.png
2501,116,https://cdn2.cellphones.com.vn/x/media/catalog/product/t/e/text_ng_n_3__7_209_1_4.png
2502,116,https://cdn2.cellphones.com.vn/x/media/catalog/product/t/e/text_ng_n_4__7_265_1_4.png
2503,116,https://cdn2.cellphones.com.vn/x/media/catalog/product/t/e/text_ng_n_6__4_231_1_4.png
2504,116,https://cdn2.cellphones.com.vn/x/media/catalog/product/t/e/text_ng_n_5__9_259_1_4.png
2505,116,https://cdn2.cellphones.com.vn/x/media/catalog/product/t/e/text_ng_n_8__6_204_1_4.png
2506,116,https://cdn2.cellphones.com.vn/x/media/catalog/product/t/e/text_ng_n_7__4_207_1_4.png
2507,116,https://cellphones.com.vn/media/catalog/product/c/p/cps-24-03_20_.png
2508,116,https://cellphones.com.vn/media/catalog/product/t/e/text_d_i_1__4_23_4.png
2509,116,https://cellphones.com.vn/media/catalog/product/l/a/laptop_asus_gaming_v16_v3607vh-rp025w_-_1_4.png
2510,116,https://cellphones.com.vn/media/catalog/product/l/a/laptop_asus_gaming_v16_v3607vh-rp025w_-_2_4.png
2511,116,https://cellphones.com.vn/media/catalog/product/l/a/laptop_asus_gaming_v16_v3607vh-rp025w_-_3_4.png
2512,116,https://cellphones.com.vn/media/catalog/product/t/e/text_ng_n_2__9_216_1_4.png
2513,116,https://cellphones.com.vn/media/catalog/product/t/e/text_ng_n_3__7_209_1_4.png
2514,116,https://cellphones.com.vn/media/catalog/product/t/e/text_ng_n_4__7_265_1_4.png
2515,116,https://cellphones.com.vn/media/catalog/product/t/e/text_ng_n_6__4_231_1_4.png
2516,116,https://cellphones.com.vn/media/catalog/product/t/e/text_ng_n_5__9_259_1_4.png
2517,116,https://cellphones.com.vn/media/catalog/product/t/e/text_ng_n_8__6_204_1_4.png
2518,116,https://cellphones.com.vn/media/catalog/product/t/e/text_ng_n_7__4_207_1_4.png
2519,117,https://cdn2.cellphones.com.vn/media/catalog/product/g/r/group_808_2.png
2520,117,https://cdn2.cellphones.com.vn/x/media/catalog/product/l/a/laptop_asus_vivobook_14_x1405va-ly623w_-_1_1_1_2.png
2521,117,https://cdn2.cellphones.com.vn/x/media/catalog/product/l/a/laptop_asus_vivobook_14_x1405va-ly623w_-_2_2_2.png
2522,117,https://cdn2.cellphones.com.vn/x/media/catalog/product/l/a/laptop_asus_vivobook_14_x1405va-ly623w_-_3_1_2.png
2523,117,https://cdn2.cellphones.com.vn/x/media/catalog/product/t/e/text_ng_n_7__4_47_2.png
2524,117,https://cdn2.cellphones.com.vn/x/media/catalog/product/t/e/text_ng_n_6__4_50_2.png
2525,117,https://cdn2.cellphones.com.vn/x/media/catalog/product/t/e/text_ng_n_5__9_55_2.png
2526,117,https://cdn2.cellphones.com.vn/x/media/catalog/product/t/e/text_ng_n_10__5_71_2.png
2527,117,https://cdn2.cellphones.com.vn/x/media/catalog/product/t/e/text_ng_n_8__6_48_2.png
2528,117,https://cdn2.cellphones.com.vn/x/media/catalog/product/t/e/text_ng_n_9__9_44_2.png
2529,117,https://cdn2.cellphones.com.vn/x/media/catalog/product/t/e/text_ng_n_11__7_20_2.png
2530,117,https://cdn2.cellphones.com.vn/x/media/catalog/product/t/e/text_ng_n_12__8_16_2.png
2531,117,https://cellphones.com.vn/media/catalog/product/c/p/cps-24-03_21_.png
2532,117,https://cellphones.com.vn/media/catalog/product/g/r/group_808_2.png
2533,117,https://cellphones.com.vn/media/catalog/product/l/a/laptop_asus_vivobook_14_x1405va-ly623w_-_1_1_1_2.png
2534,117,https://cellphones.com.vn/media/catalog/product/l/a/laptop_asus_vivobook_14_x1405va-ly623w_-_2_2_2.png
2535,117,https://cellphones.com.vn/media/catalog/product/l/a/laptop_asus_vivobook_14_x1405va-ly623w_-_3_1_2.png
2536,117,https://cellphones.com.vn/media/catalog/product/t/e/text_ng_n_7__4_47_2.png
2537,117,https://cellphones.com.vn/media/catalog/product/t/e/text_ng_n_6__4_50_2.png
2538,117,https://cellphones.com.vn/media/catalog/product/t/e/text_ng_n_5__9_55_2.png
2539,117,https://cellphones.com.vn/media/catalog/product/t/e/text_ng_n_10__5_71_2.png
2540,117,https://cellphones.com.vn/media/catalog/product/t/e/text_ng_n_8__6_48_2.png
2541,117,https://cellphones.com.vn/media/catalog/product/t/e/text_ng_n_9__9_44_2.png
2542,117,https://cellphones.com.vn/media/catalog/product/t/e/text_ng_n_11__7_20_2.png
2543,117,https://cellphones.com.vn/media/catalog/product/t/e/text_ng_n_12__8_16_2.png
2544,118,https://cdn2.cellphones.com.vn/media/catalog/product/g/r/group_659_48_2.png
2545,118,https://cdn2.cellphones.com.vn/x/media/catalog/product/l/a/laptop_asus_vivobook_s16_s5606ca-ri171ws_-_1_2.png
2546,118,https://cdn2.cellphones.com.vn/x/media/catalog/product/l/a/laptop_asus_vivobook_s16_s5606ca-ri171ws_-_2_2.png
2547,118,https://cdn2.cellphones.com.vn/x/media/catalog/product/l/a/laptop_asus_vivobook_s16_s5606ca-ri171ws_-_3_2.png
2548,118,https://cdn2.cellphones.com.vn/x/media/catalog/product/t/e/text_ng_n_4__7_256_2.png
2549,118,https://cdn2.cellphones.com.vn/x/media/catalog/product/t/e/text_ng_n_5__9_252_2.png
2550,118,https://cdn2.cellphones.com.vn/x/media/catalog/product/t/e/text_ng_n_7__4_203_2.png
2551,118,https://cdn2.cellphones.com.vn/x/media/catalog/product/t/e/text_ng_n_6__4_227_2.png
2552,118,https://cdn2.cellphones.com.vn/x/media/catalog/product/t/e/text_ng_n_11__7_123_2.png
2553,118,https://cdn2.cellphones.com.vn/x/media/catalog/product/t/e/text_ng_n_10__5_184_2.png
2554,118,https://cdn2.cellphones.com.vn/x/media/catalog/product/t/e/text_ng_n_8__6_200_2.png
2555,118,https://cdn2.cellphones.com.vn/x/media/catalog/product/t/e/text_ng_n_9__9_178_2.png
2556,118,https://cdn2.cellphones.com.vn/x/media/catalog/product/t/e/text_ng_n_12__8_110_2.png
2557,118,https://cdn2.cellphones.com.vn/x/media/catalog/product/t/e/text_ng_n_2__9_212_2.png
2558,118,https://cdn2.cellphones.com.vn/x/media/catalog/product/t/e/text_ng_n_3__7_205_2.png
2559,118,https://cellphones.com.vn/media/catalog/product/c/p/cps-24-03_22_.png
2560,118,https://cellphones.com.vn/media/catalog/product/g/r/group_659_48_2.png
2561,118,https://cellphones.com.vn/media/catalog/product/l/a/laptop_asus_vivobook_s16_s5606ca-ri171ws_-_1_2.png
2562,118,https://cellphones.com.vn/media/catalog/product/l/a/laptop_asus_vivobook_s16_s5606ca-ri171ws_-_2_2.png
2563,118,https://cellphones.com.vn/media/catalog/product/l/a/laptop_asus_vivobook_s16_s5606ca-ri171ws_-_3_2.png
2564,118,https://cellphones.com.vn/media/catalog/product/t/e/text_ng_n_4__7_256_2.png
2565,118,https://cellphones.com.vn/media/catalog/product/t/e/text_ng_n_5__9_252_2.png
2566,118,https://cellphones.com.vn/media/catalog/product/t/e/text_ng_n_7__4_203_2.png
2567,118,https://cellphones.com.vn/media/catalog/product/t/e/text_ng_n_6__4_227_2.png
2568,118,https://cellphones.com.vn/media/catalog/product/t/e/text_ng_n_11__7_123_2.png
2569,118,https://cellphones.com.vn/media/catalog/product/t/e/text_ng_n_10__5_184_2.png
2570,118,https://cellphones.com.vn/media/catalog/product/t/e/text_ng_n_8__6_200_2.png
2571,118,https://cellphones.com.vn/media/catalog/product/t/e/text_ng_n_9__9_178_2.png
2572,118,https://cellphones.com.vn/media/catalog/product/t/e/text_ng_n_12__8_110_2.png
2573,118,https://cellphones.com.vn/media/catalog/product/t/e/text_ng_n_2__9_212_2.png
2574,118,https://cellphones.com.vn/media/catalog/product/t/e/text_ng_n_3__7_205_2.png
2575,119,https://cdn2.cellphones.com.vn/media/catalog/product/g/r/group_744_1_29_3.png
2576,119,https://cdn2.cellphones.com.vn/x/media/catalog/product/l/a/laptop_dell_inspiron_14_5440_d0f3w_-_1_3.png
2577,119,https://cdn2.cellphones.com.vn/x/media/catalog/product/l/a/laptop_dell_inspiron_14_5440_d0f3w_-_2_3.png
2578,119,https://cdn2.cellphones.com.vn/x/media/catalog/product/l/a/laptop_dell_inspiron_14_5440_d0f3w_-_3_3.png
2579,119,https://cdn2.cellphones.com.vn/x/media/catalog/product/t/e/text_ng_n_3__7_221_3.png
2580,119,https://cdn2.cellphones.com.vn/x/media/catalog/product/t/e/text_ng_n_4__7_276_3.png
2581,119,https://cdn2.cellphones.com.vn/x/media/catalog/product/t/e/text_ng_n_6__4_240_3.png
2582,119,https://cdn2.cellphones.com.vn/x/media/catalog/product/t/e/text_ng_n_5__9_270_3.png
2583,119,https://cellphones.com.vn/media/catalog/product/c/p/cps-24-03_23_.png
2584,119,https://cellphones.com.vn/media/catalog/product/g/r/group_744_1_29_3.png
2585,119,https://cellphones.com.vn/media/catalog/product/l/a/laptop_dell_inspiron_14_5440_d0f3w_-_1_3.png
2586,119,https://cellphones.com.vn/media/catalog/product/l/a/laptop_dell_inspiron_14_5440_d0f3w_-_2_3.png
2587,119,https://cellphones.com.vn/media/catalog/product/l/a/laptop_dell_inspiron_14_5440_d0f3w_-_3_3.png
2588,119,https://cellphones.com.vn/media/catalog/product/t/e/text_ng_n_3__7_221_3.png
2589,119,https://cellphones.com.vn/media/catalog/product/t/e/text_ng_n_4__7_276_3.png
2590,119,https://cellphones.com.vn/media/catalog/product/t/e/text_ng_n_6__4_240_3.png
2591,119,https://cellphones.com.vn/media/catalog/product/t/e/text_ng_n_5__9_270_3.png
2592,120,https://cdn2.cellphones.com.vn/media/catalog/product/l/a/laptop-acer-swift-go-14-ai-sfg14-73-71zx_32__2_1_1.png
2593,120,https://cdn2.cellphones.com.vn/x/media/catalog/product/l/a/laptop-acer-swift-go-14-ai-sfg14-73-71zx_32__2_1_1.png
2594,120,https://cdn2.cellphones.com.vn/x/media/catalog/product/l/a/laptop-dell-vostro-3520-f0v0v_5__2_1_1_1.png
2595,120,https://cdn2.cellphones.com.vn/x/media/catalog/product/l/a/laptop-dell-vostro-3520-f0v0v_1__1_1_1_1.png
2596,120,https://cdn2.cellphones.com.vn/x/media/catalog/product/l/a/laptop-dell-vostro-3520-f0v0v_3__1_1_1_1.png
2597,120,https://cdn2.cellphones.com.vn/x/media/catalog/product/l/a/laptop-dell-vostro-3520-f0v0v_2__1_1_1_1.png
2598,120,https://cdn2.cellphones.com.vn/x/media/catalog/product/l/a/laptop-dell-vostro-3520-f0v0v_4__1_1_1_1.png
2599,120,https://cellphones.com.vn/media/catalog/product/c/p/cps-24-03_24_.png
2600,120,https://cellphones.com.vn/media/catalog/product/l/a/laptop-acer-swift-go-14-ai-sfg14-73-71zx_32__2_1_1.png
2601,120,https://cellphones.com.vn/media/catalog/product/l/a/laptop-dell-vostro-3520-f0v0v_5__2_1_1_1.png
2602,120,https://cellphones.com.vn/media/catalog/product/l/a/laptop-dell-vostro-3520-f0v0v_1__1_1_1_1.png
2603,120,https://cellphones.com.vn/media/catalog/product/l/a/laptop-dell-vostro-3520-f0v0v_3__1_1_1_1.png
2604,120,https://cellphones.com.vn/media/catalog/product/l/a/laptop-dell-vostro-3520-f0v0v_2__1_1_1_1.png
2605,120,https://cellphones.com.vn/media/catalog/product/l/a/laptop-dell-vostro-3520-f0v0v_4__1_1_1_1.png
2606,121,https://cdn2.cellphones.com.vn/media/catalog/product/g/a/gaming_003_1__4_1.png
2607,121,https://cdn2.cellphones.com.vn/x/media/catalog/product/_/0/_0003_20540_laptop_hp_pavilion_15_eg05_4__4_1.jpg
2608,121,https://cdn2.cellphones.com.vn/x/media/catalog/product/_/0/_0002_20540_laptop_hp_pavilion_15_eg05_3__4_1.jpg
2609,121,https://cdn2.cellphones.com.vn/x/media/catalog/product/_/0/_0004_20540_laptop_hp_pavilion_15_eg05_7_1.jpg
2610,121,https://cdn2.cellphones.com.vn/x/media/catalog/product/_/0/_0001_20540_laptop_hp_pavilion_15_eg05_2__4_1.jpg
2611,121,https://cdn2.cellphones.com.vn/x/media/catalog/product/_/0/_0000_20540_laptop_hp_pavilion_15_eg05_1__4_1.jpg
2612,121,https://cdn2.cellphones.com.vn/x/media/catalog/product/g/a/gaming_003_1__4_1.png
2613,121,https://cellphones.com.vn/media/catalog/product/c/p/cps-24-03_26_.png
2614,121,https://cellphones.com.vn/media/catalog/product/g/a/gaming_003_1__4_1.png
2615,121,https://cellphones.com.vn/media/catalog/product/_/0/_0003_20540_laptop_hp_pavilion_15_eg05_4__4_1.jpg
2616,121,https://cellphones.com.vn/media/catalog/product/_/0/_0002_20540_laptop_hp_pavilion_15_eg05_3__4_1.jpg
2617,121,https://cellphones.com.vn/media/catalog/product/_/0/_0004_20540_laptop_hp_pavilion_15_eg05_7_1.jpg
2618,121,https://cellphones.com.vn/media/catalog/product/_/0/_0001_20540_laptop_hp_pavilion_15_eg05_2__4_1.jpg
2619,121,https://cellphones.com.vn/media/catalog/product/_/0/_0000_20540_laptop_hp_pavilion_15_eg05_1__4_1.jpg
2620,122,https://cdn2.cellphones.com.vn/media/catalog/product/t/e/text_d_i_7_78_3.png
2621,122,https://cdn2.cellphones.com.vn/x/media/catalog/product/l/a/laptop_hp_victus_15-fa2731tx_b85lnpa_-_1_2.png
2622,122,https://cdn2.cellphones.com.vn/x/media/catalog/product/l/a/laptop_hp_victus_15-fa2731tx_b85lnpa_-_3_2.png
2623,122,https://cdn2.cellphones.com.vn/x/media/catalog/product/l/a/laptop_hp_victus_15-fa2731tx_b85lnpa_-_2_2.png
2624,122,https://cdn2.cellphones.com.vn/x/media/catalog/product/t/e/text_ng_n_6__5_18_3.png
2625,122,https://cdn2.cellphones.com.vn/x/media/catalog/product/t/e/text_ng_n_7__5_16_3.png
2626,122,https://cdn2.cellphones.com.vn/x/media/catalog/product/t/e/text_ng_n_8__8_15_3.png
2627,122,https://cdn2.cellphones.com.vn/x/media/catalog/product/t/e/text_ng_n_9__9_233_3.png
2628,122,https://cdn2.cellphones.com.vn/x/media/catalog/product/t/e/text_ng_n_10__5_239_3.png
2629,122,https://cellphones.com.vn/media/catalog/product/c/p/cps-24-03_27_.png
2630,122,https://cellphones.com.vn/media/catalog/product/t/e/text_d_i_7_78_3.png
2631,122,https://cellphones.com.vn/media/catalog/product/l/a/laptop_hp_victus_15-fa2731tx_b85lnpa_-_1_2.png
2632,122,https://cellphones.com.vn/media/catalog/product/l/a/laptop_hp_victus_15-fa2731tx_b85lnpa_-_3_2.png
2633,122,https://cellphones.com.vn/media/catalog/product/l/a/laptop_hp_victus_15-fa2731tx_b85lnpa_-_2_2.png
2634,122,https://cellphones.com.vn/media/catalog/product/t/e/text_ng_n_6__5_18_3.png
2635,122,https://cellphones.com.vn/media/catalog/product/t/e/text_ng_n_7__5_16_3.png
2636,122,https://cellphones.com.vn/media/catalog/product/t/e/text_ng_n_8__8_15_3.png
2637,122,https://cellphones.com.vn/media/catalog/product/t/e/text_ng_n_9__9_233_3.png
2638,122,https://cellphones.com.vn/media/catalog/product/t/e/text_ng_n_10__5_239_3.png
2639,123,https://cdn2.cellphones.com.vn/media/catalog/product/g/r/group_659_2__7_3.png
2640,123,https://cdn2.cellphones.com.vn/x/media/catalog/product/l/a/laptop_lenovo_ideapad_slim_3_15irh10_83k1000gvn_-_1_2.png
2641,123,https://cdn2.cellphones.com.vn/x/media/catalog/product/l/a/laptop_lenovo_ideapad_slim_3_15irh10_83k1000gvn_-_2_2.png
2642,123,https://cdn2.cellphones.com.vn/x/media/catalog/product/l/a/laptop_lenovo_ideapad_slim_3_15irh10_83k1000gvn_-_3_2.png
2643,123,https://cdn2.cellphones.com.vn/x/media/catalog/product/t/e/text_ng_n_15__7_140_3.png
2644,123,https://cdn2.cellphones.com.vn/x/media/catalog/product/t/e/text_ng_n_19__4_54_3.png
2645,123,https://cdn2.cellphones.com.vn/x/media/catalog/product/t/e/text_ng_n_20__5_50_3.png
2646,123,https://cdn2.cellphones.com.vn/x/media/catalog/product/t/e/text_ng_n_18__6_52_3.png
2647,123,https://cdn2.cellphones.com.vn/x/media/catalog/product/t/e/text_ng_n_14__6_114_3.png
2648,123,https://cdn2.cellphones.com.vn/x/media/catalog/product/t/e/text_ng_n_13__6_158_3.png
2649,123,https://cdn2.cellphones.com.vn/x/media/catalog/product/t/e/text_ng_n_17__8_62_3.png
2650,123,https://cdn2.cellphones.com.vn/x/media/catalog/product/t/e/text_ng_n_16__6_109_3.png
2651,123,https://cellphones.com.vn/media/catalog/product/c/p/cps-24-03_28_.png
2652,123,https://cellphones.com.vn/media/catalog/product/g/r/group_659_2__7_3.png
2653,123,https://cellphones.com.vn/media/catalog/product/l/a/laptop_lenovo_ideapad_slim_3_15irh10_83k1000gvn_-_1_2.png
2654,123,https://cellphones.com.vn/media/catalog/product/l/a/laptop_lenovo_ideapad_slim_3_15irh10_83k1000gvn_-_2_2.png
2655,123,https://cellphones.com.vn/media/catalog/product/l/a/laptop_lenovo_ideapad_slim_3_15irh10_83k1000gvn_-_3_2.png
2656,123,https://cellphones.com.vn/media/catalog/product/t/e/text_ng_n_15__7_140_3.png
2657,123,https://cellphones.com.vn/media/catalog/product/t/e/text_ng_n_19__4_54_3.png
2658,123,https://cellphones.com.vn/media/catalog/product/t/e/text_ng_n_20__5_50_3.png
2659,123,https://cellphones.com.vn/media/catalog/product/t/e/text_ng_n_18__6_52_3.png
2660,123,https://cellphones.com.vn/media/catalog/product/t/e/text_ng_n_14__6_114_3.png
2661,123,https://cellphones.com.vn/media/catalog/product/t/e/text_ng_n_13__6_158_3.png
2662,123,https://cellphones.com.vn/media/catalog/product/t/e/text_ng_n_17__8_62_3.png
2663,123,https://cellphones.com.vn/media/catalog/product/t/e/text_ng_n_16__6_109_3.png
2664,124,https://cdn2.cellphones.com.vn/media/catalog/product/g/r/group_659_27_3.png
2665,124,https://cdn2.cellphones.com.vn/x/media/catalog/product/l/a/laptop_lenovo_ideapad_slim_3_16irh10_83k20001vn_-_1_2.png
2666,124,https://cdn2.cellphones.com.vn/x/media/catalog/product/l/a/laptop_lenovo_ideapad_slim_3_16irh10_83k20001vn_-_2_2.png
2667,124,https://cdn2.cellphones.com.vn/x/media/catalog/product/l/a/laptop_lenovo_ideapad_slim_3_16irh10_83k20001vn_-_3_2.png
2668,124,https://cdn2.cellphones.com.vn/x/media/catalog/product/t/e/text_ng_n_20__5_63_3.png
2669,124,https://cdn2.cellphones.com.vn/x/media/catalog/product/t/e/text_ng_n_16__6_130_3.png
2670,124,https://cdn2.cellphones.com.vn/x/media/catalog/product/t/e/text_ng_n_19__4_64_3.png
2671,124,https://cdn2.cellphones.com.vn/x/media/catalog/product/t/e/text_ng_n_18__6_62_3.png
2672,124,https://cdn2.cellphones.com.vn/x/media/catalog/product/t/e/text_ng_n_17__8_79_3.png
2673,124,https://cdn2.cellphones.com.vn/x/media/catalog/product/t/e/text_ng_n_15__7_171_3.png
2674,124,https://cellphones.com.vn/media/catalog/product/c/p/cps-24-03_29_.png
2675,124,https://cellphones.com.vn/media/catalog/product/g/r/group_659_27_3.png
2676,124,https://cellphones.com.vn/media/catalog/product/l/a/laptop_lenovo_ideapad_slim_3_16irh10_83k20001vn_-_1_2.png
2677,124,https://cellphones.com.vn/media/catalog/product/l/a/laptop_lenovo_ideapad_slim_3_16irh10_83k20001vn_-_2_2.png
2678,124,https://cellphones.com.vn/media/catalog/product/l/a/laptop_lenovo_ideapad_slim_3_16irh10_83k20001vn_-_3_2.png
2679,124,https://cellphones.com.vn/media/catalog/product/t/e/text_ng_n_20__5_63_3.png
2680,124,https://cellphones.com.vn/media/catalog/product/t/e/text_ng_n_16__6_130_3.png
2681,124,https://cellphones.com.vn/media/catalog/product/t/e/text_ng_n_19__4_64_3.png
2682,124,https://cellphones.com.vn/media/catalog/product/t/e/text_ng_n_18__6_62_3.png
2683,124,https://cellphones.com.vn/media/catalog/product/t/e/text_ng_n_17__8_79_3.png
2684,124,https://cellphones.com.vn/media/catalog/product/t/e/text_ng_n_15__7_171_3.png
2685,125,https://cdn2.cellphones.com.vn/media/catalog/product/t/e/text_d_i_7_125_2.png
2686,125,https://cdn2.cellphones.com.vn/x/media/catalog/product/l/a/laptop_lenovo_ideapad_slim_5_14q8x9_83hl005avn_-_1_2.png
2687,125,https://cdn2.cellphones.com.vn/x/media/catalog/product/l/a/laptop_lenovo_ideapad_slim_5_14q8x9_83hl005avn_-_2_2.png
2688,125,https://cdn2.cellphones.com.vn/x/media/catalog/product/l/a/laptop_lenovo_ideapad_slim_5_14q8x9_83hl005avn_-_3_2.png
2689,125,https://cdn2.cellphones.com.vn/x/media/catalog/product/t/e/text_ng_n_10__6_15_2.png
2690,125,https://cdn2.cellphones.com.vn/x/media/catalog/product/t/e/text_ng_n_2__11_32_2.png
2691,125,https://cdn2.cellphones.com.vn/x/media/catalog/product/t/e/text_ng_n_3__9_25_2.png
2692,125,https://cdn2.cellphones.com.vn/x/media/catalog/product/t/e/text_ng_n_4__9_22_2.png
2693,125,https://cdn2.cellphones.com.vn/x/media/catalog/product/t/e/text_ng_n_5__11_15_2.png
2694,125,https://cdn2.cellphones.com.vn/x/media/catalog/product/t/e/text_ng_n_8__10_16_2.png
2695,125,https://cdn2.cellphones.com.vn/x/media/catalog/product/t/e/text_ng_n_9__10_17_2.png
2696,125,https://cdn2.cellphones.com.vn/x/media/catalog/product/t/e/text_ng_n_7__6_15_2.png
2697,125,https://cdn2.cellphones.com.vn/x/media/catalog/product/t/e/text_ng_n_6__6_18_2.png
2698,125,https://cellphones.com.vn/media/catalog/product/c/p/cps-24-03_30_.png
2699,125,https://cellphones.com.vn/media/catalog/product/t/e/text_d_i_7_125_2.png
2700,125,https://cellphones.com.vn/media/catalog/product/l/a/laptop_lenovo_ideapad_slim_5_14q8x9_83hl005avn_-_1_2.png
2701,125,https://cellphones.com.vn/media/catalog/product/l/a/laptop_lenovo_ideapad_slim_5_14q8x9_83hl005avn_-_2_2.png
2702,125,https://cellphones.com.vn/media/catalog/product/l/a/laptop_lenovo_ideapad_slim_5_14q8x9_83hl005avn_-_3_2.png
2703,125,https://cellphones.com.vn/media/catalog/product/t/e/text_ng_n_10__6_15_2.png
2704,125,https://cellphones.com.vn/media/catalog/product/t/e/text_ng_n_2__11_32_2.png
2705,125,https://cellphones.com.vn/media/catalog/product/t/e/text_ng_n_3__9_25_2.png
2706,125,https://cellphones.com.vn/media/catalog/product/t/e/text_ng_n_4__9_22_2.png
2707,125,https://cellphones.com.vn/media/catalog/product/t/e/text_ng_n_5__11_15_2.png
2708,125,https://cellphones.com.vn/media/catalog/product/t/e/text_ng_n_8__10_16_2.png
2709,125,https://cellphones.com.vn/media/catalog/product/t/e/text_ng_n_9__10_17_2.png
2710,125,https://cellphones.com.vn/media/catalog/product/t/e/text_ng_n_7__6_15_2.png
2711,125,https://cellphones.com.vn/media/catalog/product/t/e/text_ng_n_6__6_18_2.png
2712,126,https://cdn2.cellphones.com.vn/media/catalog/product/t/e/text_d_i_8_22_2.png
2713,126,https://cdn2.cellphones.com.vn/x/media/catalog/product/l/a/laptop_lenovo_loq_15arp10e_83s0004fvn_-_1_2.png
2714,126,https://cdn2.cellphones.com.vn/x/media/catalog/product/l/a/laptop_lenovo_loq_15arp10e_83s0004fvn_-_2_2.png
2715,126,https://cdn2.cellphones.com.vn/x/media/catalog/product/l/a/laptop_lenovo_loq_15arp10e_83s0004fvn_-_3_2.png
2716,126,https://cdn2.cellphones.com.vn/x/media/catalog/product/s/s/ssss_13__8_2_2.png
2717,126,https://cdn2.cellphones.com.vn/x/media/catalog/product/s/s/ssss_1_40_2_2.png
2718,126,https://cdn2.cellphones.com.vn/x/media/catalog/product/s/s/ssss_1__39_2_2.png
2719,126,https://cdn2.cellphones.com.vn/x/media/catalog/product/s/s/ssss_8__22_2_2.png
2720,126,https://cdn2.cellphones.com.vn/x/media/catalog/product/s/s/ssss_4__35_2_2.png
2721,126,https://cdn2.cellphones.com.vn/x/media/catalog/product/s/s/ssss_3__36_2_2.png
2722,126,https://cdn2.cellphones.com.vn/x/media/catalog/product/s/s/ssss_7__23_2_2.png
2723,126,https://cdn2.cellphones.com.vn/x/media/catalog/product/s/s/ssss_6__27_2_2.png
2724,126,https://cdn2.cellphones.com.vn/x/media/catalog/product/s/s/ssss_5__33_2_2.png
2725,126,https://cdn2.cellphones.com.vn/x/media/catalog/product/s/s/ssss_9__20_2_2.png
2726,126,https://cdn2.cellphones.com.vn/x/media/catalog/product/s/s/ssss_12__12_2_2.png
2727,126,https://cdn2.cellphones.com.vn/x/media/catalog/product/s/s/ssss_11__15_2_2.png
2728,126,https://cdn2.cellphones.com.vn/x/media/catalog/product/s/s/ssss_10__18_2_2.png
2729,126,https://cellphones.com.vn/media/catalog/product/c/p/cps-24-03_31_.png
2730,126,https://cellphones.com.vn/media/catalog/product/t/e/text_d_i_8_22_2.png
2731,126,https://cellphones.com.vn/media/catalog/product/l/a/laptop_lenovo_loq_15arp10e_83s0004fvn_-_1_2.png
2732,126,https://cellphones.com.vn/media/catalog/product/l/a/laptop_lenovo_loq_15arp10e_83s0004fvn_-_2_2.png
2733,126,https://cellphones.com.vn/media/catalog/product/l/a/laptop_lenovo_loq_15arp10e_83s0004fvn_-_3_2.png
2734,126,https://cellphones.com.vn/media/catalog/product/s/s/ssss_13__8_2_2.png
2735,126,https://cellphones.com.vn/media/catalog/product/s/s/ssss_1_40_2_2.png
2736,126,https://cellphones.com.vn/media/catalog/product/s/s/ssss_1__39_2_2.png
2737,126,https://cellphones.com.vn/media/catalog/product/s/s/ssss_8__22_2_2.png
2738,126,https://cellphones.com.vn/media/catalog/product/s/s/ssss_4__35_2_2.png
2739,126,https://cellphones.com.vn/media/catalog/product/s/s/ssss_3__36_2_2.png
2740,126,https://cellphones.com.vn/media/catalog/product/s/s/ssss_7__23_2_2.png
2741,126,https://cellphones.com.vn/media/catalog/product/s/s/ssss_6__27_2_2.png
2742,126,https://cellphones.com.vn/media/catalog/product/s/s/ssss_5__33_2_2.png
2743,126,https://cellphones.com.vn/media/catalog/product/s/s/ssss_9__20_2_2.png
2744,126,https://cellphones.com.vn/media/catalog/product/s/s/ssss_12__12_2_2.png
2745,126,https://cellphones.com.vn/media/catalog/product/s/s/ssss_11__15_2_2.png
2746,126,https://cellphones.com.vn/media/catalog/product/s/s/ssss_10__18_2_2.png
2747,127,https://cdn2.cellphones.com.vn/media/catalog/product/g/r/group_744_1_49_2.png
2748,127,https://cdn2.cellphones.com.vn/x/media/catalog/product/l/a/laptop_lenovo_thinkbook_16_g8_irl_-_1_2.png
2749,127,https://cdn2.cellphones.com.vn/x/media/catalog/product/l/a/laptop_lenovo_thinkbook_16_g6_irl_21kh00w8vn_-_5_2.png
2750,127,https://cdn2.cellphones.com.vn/x/media/catalog/product/l/a/laptop_lenovo_thinkbook_16_g6_irl_21kh00w8vn_-_6_2.png
2751,127,https://cdn2.cellphones.com.vn/x/media/catalog/product/t/e/text_ng_n_4__8_59_2.png
2752,127,https://cdn2.cellphones.com.vn/x/media/catalog/product/t/e/text_ng_n_3__8_56_2.png
2753,127,https://cdn2.cellphones.com.vn/x/media/catalog/product/t/e/text_ng_n_2__10_69_2.png
2754,127,https://cdn2.cellphones.com.vn/x/media/catalog/product/t/e/text_ng_n_5__10_54_2.png
2755,127,https://cdn2.cellphones.com.vn/x/media/catalog/product/t/e/text_ng_n_6__5_54_2.png
2756,127,https://cdn2.cellphones.com.vn/x/media/catalog/product/t/e/text_ng_n_7__5_44_2.png
2757,127,https://cdn2.cellphones.com.vn/x/media/catalog/product/t/e/text_ng_n_11__7_180_2.png
2758,127,https://cdn2.cellphones.com.vn/x/media/catalog/product/t/e/text_ng_n_10__5_259_2.png
2759,127,https://cdn2.cellphones.com.vn/x/media/catalog/product/t/e/text_ng_n_9__9_263_2.png
2760,127,https://cdn2.cellphones.com.vn/x/media/catalog/product/t/e/text_ng_n_8__8_44_2.png
2761,127,https://cellphones.com.vn/media/catalog/product/c/p/cps-24-03_32_.png
2762,127,https://cellphones.com.vn/media/catalog/product/g/r/group_744_1_49_2.png
2763,127,https://cellphones.com.vn/media/catalog/product/l/a/laptop_lenovo_thinkbook_16_g8_irl_-_1_2.png
2764,127,https://cellphones.com.vn/media/catalog/product/l/a/laptop_lenovo_thinkbook_16_g6_irl_21kh00w8vn_-_5_2.png
2765,127,https://cellphones.com.vn/media/catalog/product/l/a/laptop_lenovo_thinkbook_16_g6_irl_21kh00w8vn_-_6_2.png
2766,127,https://cellphones.com.vn/media/catalog/product/t/e/text_ng_n_4__8_59_2.png
2767,127,https://cellphones.com.vn/media/catalog/product/t/e/text_ng_n_3__8_56_2.png
2768,127,https://cellphones.com.vn/media/catalog/product/t/e/text_ng_n_2__10_69_2.png
2769,127,https://cellphones.com.vn/media/catalog/product/t/e/text_ng_n_5__10_54_2.png
2770,127,https://cellphones.com.vn/media/catalog/product/t/e/text_ng_n_6__5_54_2.png
2771,127,https://cellphones.com.vn/media/catalog/product/t/e/text_ng_n_7__5_44_2.png
2772,127,https://cellphones.com.vn/media/catalog/product/t/e/text_ng_n_11__7_180_2.png
2773,127,https://cellphones.com.vn/media/catalog/product/t/e/text_ng_n_10__5_259_2.png
2774,127,https://cellphones.com.vn/media/catalog/product/t/e/text_ng_n_9__9_263_2.png
2775,127,https://cellphones.com.vn/media/catalog/product/t/e/text_ng_n_8__8_44_2.png
2776,128,https://cdn2.cellphones.com.vn/media/catalog/product/l/o/loa-bluetooth-goojodoq-ab4085_5_.png
2777,128,https://cdn2.cellphones.com.vn/x/media/catalog/product/l/o/loa-bluetooth-goojodoq-ab4085_6_.png
2778,128,https://cdn2.cellphones.com.vn/x/media/catalog/product/l/o/loa-bluetooth-goojodoq-ab4085_4_.png
2779,128,https://cdn2.cellphones.com.vn/x/media/catalog/product/l/o/loa-bluetooth-goojodoq-ab4085_3_.png
2780,128,https://cdn2.cellphones.com.vn/x/media/catalog/product/l/o/loa-bluetooth-goojodoq-ab4085_1_.png
2781,128,https://cdn2.cellphones.com.vn/x/media/catalog/product/l/o/loa-bluetooth-goojodoq-ab4085_2_.png
2782,128,https://cellphones.com.vn/media/catalog/product/l/o/loa-bluetooth-goojodoq-ab4085_1__1.png
2783,128,https://cellphones.com.vn/media/catalog/product/l/o/loa-bluetooth-goojodoq-ab4085_4__1.png
2784,128,https://cellphones.com.vn/media/catalog/product/l/o/loa-bluetooth-goojodoq-ab4085_2__1.png
2785,128,https://cellphones.com.vn/media/catalog/product/l/o/loa-bluetooth-goojodoq-ab4085_3__1.png
2786,128,https://cellphones.com.vn/media/catalog/product/l/o/loa-bluetooth-goojodoq-ab4085_5_.png
2787,128,https://cellphones.com.vn/media/catalog/product/l/o/loa-bluetooth-goojodoq-ab4085_6_.png
2788,128,https://cellphones.com.vn/media/catalog/product/l/o/loa-bluetooth-goojodoq-ab4085_4_.png
2789,128,https://cellphones.com.vn/media/catalog/product/l/o/loa-bluetooth-goojodoq-ab4085_3_.png
2790,128,https://cellphones.com.vn/media/catalog/product/l/o/loa-bluetooth-goojodoq-ab4085_1_.png
2791,128,https://cellphones.com.vn/media/catalog/product/l/o/loa-bluetooth-goojodoq-ab4085_2_.png
2792,129,https://cdn2.cellphones.com.vn/media/catalog/product/l/o/loa-bluetooth-goojodoq-ab4088_3_.png
2793,129,https://cdn2.cellphones.com.vn/x/media/catalog/product/l/o/loa-bluetooth-goojodoq-ab4088_6_.png
2794,129,https://cdn2.cellphones.com.vn/x/media/catalog/product/l/o/loa-bluetooth-goojodoq-ab4088_1_.png
2795,129,https://cdn2.cellphones.com.vn/x/media/catalog/product/l/o/loa-bluetooth-goojodoq-ab4088_5_.png
2796,129,https://cdn2.cellphones.com.vn/x/media/catalog/product/l/o/loa-bluetooth-goojodoq-ab4088_4_.png
2797,129,https://cellphones.com.vn/media/catalog/product/l/o/loa-bluetooth-goojodoq-ab4088_3_.png
2798,129,https://cellphones.com.vn/media/catalog/product/l/o/loa-bluetooth-goojodoq-ab4088_6_.png
2799,129,https://cellphones.com.vn/media/catalog/product/l/o/loa-bluetooth-goojodoq-ab4088_1_.png
2800,129,https://cellphones.com.vn/media/catalog/product/l/o/loa-bluetooth-goojodoq-ab4088_5_.png
2801,129,https://cellphones.com.vn/media/catalog/product/l/o/loa-bluetooth-goojodoq-ab4088_4_.png
2802,129,https://cellphones.com.vn/media/catalog/product
2803,130,https://cdn2.cellphones.com.vn/media/catalog/product/m/_/m_y_nh_13_43_1.png
2804,130,https://cdn2.cellphones.com.vn/x/media/catalog/product/m/a/may-anh-canon-eos-r100_3_1.png
2805,130,https://cdn2.cellphones.com.vn/x/media/catalog/product/m/a/may-anh-canon-eos-r100_1__3_1.png
2806,130,https://cdn2.cellphones.com.vn/x/media/catalog/product/m/a/may-anh-canon-eos-r100_2__3_1.png
2807,130,https://cdn2.cellphones.com.vn/x/media/catalog/product/m/a/may-anh-canon-eos-r100_3__3_1.png
2808,130,https://cdn2.cellphones.com.vn/x/media/catalog/product/a/s/as0_4__14_1.png
2809,130,https://cdn2.cellphones.com.vn/x/media/catalog/product/a/s/as0_16_1.png
2810,130,https://cdn2.cellphones.com.vn/x/media/catalog/product/a/s/as0_2__15_1.png
2811,130,https://cdn2.cellphones.com.vn/x/media/catalog/product/a/s/as0_3__14_1.png
2812,130,https://cdn2.cellphones.com.vn/x/media/catalog/product/a/s/as0_1__16_1.png
2813,130,https://cdn2.cellphones.com.vn/x/media/catalog/product/a/s/as0_5__14_1.png
2814,130,https://cellphones.com.vn/media/catalog/product/i/m/image_1774322893605.png
2815,130,https://cellphones.com.vn/media/catalog/product/m/_/m_y_nh_13_43_1.png
2816,130,https://cellphones.com.vn/media/catalog/product/m/a/may-anh-canon-eos-r100_3_1.png
2817,130,https://cellphones.com.vn/media/catalog/product/m/a/may-anh-canon-eos-r100_1__3_1.png
2818,130,https://cellphones.com.vn/media/catalog/product/m/a/may-anh-canon-eos-r100_2__3_1.png
2819,130,https://cellphones.com.vn/media/catalog/product/m/a/may-anh-canon-eos-r100_3__3_1.png
2820,130,https://cellphones.com.vn/media/catalog/product/a/s/as0_4__14_1.png
2821,130,https://cellphones.com.vn/media/catalog/product/a/s/as0_16_1.png
2822,130,https://cellphones.com.vn/media/catalog/product/a/s/as0_2__15_1.png
2823,130,https://cellphones.com.vn/media/catalog/product/a/s/as0_3__14_1.png
2824,130,https://cellphones.com.vn/media/catalog/product/a/s/as0_1__16_1.png
2825,130,https://cellphones.com.vn/media/catalog/product/a/s/as0_5__14_1.png
2826,131,https://cdn2.cellphones.com.vn/media/catalog/product/m/_/m_y_nh_13_43_1_1_1.png
2827,131,https://cdn2.cellphones.com.vn/x/media/catalog/product/m/a/may-anh-canon-eos-r100_3_1_1_1.png
2828,131,https://cdn2.cellphones.com.vn/x/media/catalog/product/m/a/may-anh-canon-eos-r100_1__3_1_1_1.png
2829,131,https://cdn2.cellphones.com.vn/x/media/catalog/product/m/a/may-anh-canon-eos-r100_2__3_1_1_1.png
2830,131,https://cdn2.cellphones.com.vn/x/media/catalog/product/m/a/may-anh-canon-eos-r100_3__3_1_1_1.png
2831,131,https://cdn2.cellphones.com.vn/x/media/catalog/product/a/s/as0_4__14_1_1_1.png
2832,131,https://cdn2.cellphones.com.vn/x/media/catalog/product/a/s/as0_16_1_1_1.png
2833,131,https://cdn2.cellphones.com.vn/x/media/catalog/product/a/s/as0_2__15_1_1_1.png
2834,131,https://cdn2.cellphones.com.vn/x/media/catalog/product/a/s/as0_3__14_1_1_1.png
2835,131,https://cdn2.cellphones.com.vn/x/media/catalog/product/a/s/as0_1__16_1_1_1.png
2836,131,https://cdn2.cellphones.com.vn/x/media/catalog/product/a/s/as0_5__14_1_1_1.png
2837,131,https://cellphones.com.vn/media/catalog/product/i/m/image_1774322893605_2.png
2838,131,https://cellphones.com.vn/media/catalog/product/m/_/m_y_nh_13_43_1_1_1.png
2839,131,https://cellphones.com.vn/media/catalog/product/m/a/may-anh-canon-eos-r100_3_1_1_1.png
2840,131,https://cellphones.com.vn/media/catalog/product/m/a/may-anh-canon-eos-r100_1__3_1_1_1.png
2841,131,https://cellphones.com.vn/media/catalog/product/m/a/may-anh-canon-eos-r100_2__3_1_1_1.png
2842,131,https://cellphones.com.vn/media/catalog/product/m/a/may-anh-canon-eos-r100_3__3_1_1_1.png
2843,131,https://cellphones.com.vn/media/catalog/product/a/s/as0_4__14_1_1_1.png
2844,131,https://cellphones.com.vn/media/catalog/product/a/s/as0_16_1_1_1.png
2845,131,https://cellphones.com.vn/media/catalog/product/a/s/as0_2__15_1_1_1.png
2846,131,https://cellphones.com.vn/media/catalog/product/a/s/as0_3__14_1_1_1.png
2847,131,https://cellphones.com.vn/media/catalog/product/a/s/as0_1__16_1_1_1.png
2848,131,https://cellphones.com.vn/media/catalog/product/a/s/as0_5__14_1_1_1.png
2849,132,https://cdn2.cellphones.com.vn/media/catalog/product/m/_/m_y_nh_13_43_1_1_1_1.png
2850,132,https://cdn2.cellphones.com.vn/x/media/catalog/product/m/a/may-anh-canon-eos-r100_3_1_1_1_1.png
2851,132,https://cdn2.cellphones.com.vn/x/media/catalog/product/m/a/may-anh-canon-eos-r100_1__3_1_1_1_1.png
2852,132,https://cdn2.cellphones.com.vn/x/media/catalog/product/m/a/may-anh-canon-eos-r100_2__3_1_1_1_1.png
2853,132,https://cdn2.cellphones.com.vn/x/media/catalog/product/m/a/may-anh-canon-eos-r100_3__3_1_1_1_1.png
2854,132,https://cdn2.cellphones.com.vn/x/media/catalog/product/a/s/as0_4__14_1_1_1_1.png
2855,132,https://cdn2.cellphones.com.vn/x/media/catalog/product/a/s/as0_16_1_1_1_1.png
2856,132,https://cdn2.cellphones.com.vn/x/media/catalog/product/a/s/as0_2__15_1_1_1_1.png
2857,132,https://cdn2.cellphones.com.vn/x/media/catalog/product/a/s/as0_3__14_1_1_1_1.png
2858,132,https://cdn2.cellphones.com.vn/x/media/catalog/product/a/s/as0_1__16_1_1_1_1.png
2859,132,https://cdn2.cellphones.com.vn/x/media/catalog/product/a/s/as0_5__14_1_1_1_1.png
2860,132,https://cellphones.com.vn/media/catalog/product/i/m/image_1774322893605_3.png
2861,132,https://cellphones.com.vn/media/catalog/product/m/_/m_y_nh_13_43_1_1_1_1.png
2862,132,https://cellphones.com.vn/media/catalog/product/m/a/may-anh-canon-eos-r100_3_1_1_1_1.png
2863,132,https://cellphones.com.vn/media/catalog/product/m/a/may-anh-canon-eos-r100_1__3_1_1_1_1.png
2864,132,https://cellphones.com.vn/media/catalog/product/m/a/may-anh-canon-eos-r100_2__3_1_1_1_1.png
2865,132,https://cellphones.com.vn/media/catalog/product/m/a/may-anh-canon-eos-r100_3__3_1_1_1_1.png
2866,132,https://cellphones.com.vn/media/catalog/product/a/s/as0_4__14_1_1_1_1.png
2867,132,https://cellphones.com.vn/media/catalog/product/a/s/as0_16_1_1_1_1.png
2868,132,https://cellphones.com.vn/media/catalog/product/a/s/as0_2__15_1_1_1_1.png
2869,132,https://cellphones.com.vn/media/catalog/product/a/s/as0_3__14_1_1_1_1.png
2870,132,https://cellphones.com.vn/media/catalog/product/a/s/as0_1__16_1_1_1_1.png
2871,132,https://cellphones.com.vn/media/catalog/product/a/s/as0_5__14_1_1_1_1.png
2872,133,https://cdn2.cellphones.com.vn/media/catalog/product/m/_/m_y_nh_13_43_1_1.png
2873,133,https://cdn2.cellphones.com.vn/x/media/catalog/product/m/a/may-anh-canon-eos-r100_3_1_1.png
2874,133,https://cdn2.cellphones.com.vn/x/media/catalog/product/m/a/may-anh-canon-eos-r100_1__3_1_1.png
2875,133,https://cdn2.cellphones.com.vn/x/media/catalog/product/m/a/may-anh-canon-eos-r100_2__3_1_1.png
2876,133,https://cdn2.cellphones.com.vn/x/media/catalog/product/m/a/may-anh-canon-eos-r100_3__3_1_1.png
2877,133,https://cdn2.cellphones.com.vn/x/media/catalog/product/a/s/as0_4__14_1_1.png
2878,133,https://cdn2.cellphones.com.vn/x/media/catalog/product/a/s/as0_16_1_1.png
2879,133,https://cdn2.cellphones.com.vn/x/media/catalog/product/a/s/as0_2__15_1_1.png
2880,133,https://cdn2.cellphones.com.vn/x/media/catalog/product/a/s/as0_3__14_1_1.png
2881,133,https://cdn2.cellphones.com.vn/x/media/catalog/product/a/s/as0_1__16_1_1.png
2882,133,https://cdn2.cellphones.com.vn/x/media/catalog/product/a/s/as0_5__14_1_1.png
2883,133,https://cellphones.com.vn/media/catalog/product/i/m/image_1774322893605_1.png
2884,133,https://cellphones.com.vn/media/catalog/product/m/_/m_y_nh_13_43_1_1.png
2885,133,https://cellphones.com.vn/media/catalog/product/m/a/may-anh-canon-eos-r100_3_1_1.png
2886,133,https://cellphones.com.vn/media/catalog/product/m/a/may-anh-canon-eos-r100_1__3_1_1.png
2887,133,https://cellphones.com.vn/media/catalog/product/m/a/may-anh-canon-eos-r100_2__3_1_1.png
2888,133,https://cellphones.com.vn/media/catalog/product/m/a/may-anh-canon-eos-r100_3__3_1_1.png
2889,133,https://cellphones.com.vn/media/catalog/product/a/s/as0_4__14_1_1.png
2890,133,https://cellphones.com.vn/media/catalog/product/a/s/as0_16_1_1.png
2891,133,https://cellphones.com.vn/media/catalog/product/a/s/as0_2__15_1_1.png
2892,133,https://cellphones.com.vn/media/catalog/product/a/s/as0_3__14_1_1.png
2893,133,https://cellphones.com.vn/media/catalog/product/a/s/as0_1__16_1_1.png
2894,133,https://cellphones.com.vn/media/catalog/product/a/s/as0_5__14_1_1.png
2895,134,https://cdn2.cellphones.com.vn/media/catalog/product/m/_/m_y_nh_13_45_1.png
2896,134,https://cdn2.cellphones.com.vn/x/media/catalog/product/a/s/as0_19_1.png
2897,134,https://cdn2.cellphones.com.vn/x/media/catalog/product/a/s/as0_3__15_1.png
2898,134,https://cdn2.cellphones.com.vn/x/media/catalog/product/a/s/as0_2__16_1.png
2899,134,https://cdn2.cellphones.com.vn/x/media/catalog/product/a/s/as0_1__18_1.png
2900,134,https://cdn2.cellphones.com.vn/x/media/catalog/product/t/e/text_ng_n_6__7_37_1.png
2901,134,https://cdn2.cellphones.com.vn/x/media/catalog/product/t/e/text_ng_n_7__7_32_1.png
2902,134,https://cdn2.cellphones.com.vn/x/media/catalog/product/t/e/text_ng_n_8__11_26_1.png
2903,134,https://cdn2.cellphones.com.vn/x/media/catalog/product/t/e/text_ng_n_5__12_46_1.png
2904,134,https://cdn2.cellphones.com.vn/x/media/catalog/product/t/e/text_ng_n_4__10_51_1.png
2905,134,https://cdn2.cellphones.com.vn/x/media/catalog/product/t/e/text_ng_n_3__10_58_1.png
2906,134,https://cdn2.cellphones.com.vn/x/media/catalog/product/t/e/text_ng_n_2__13_79_1.png
2907,134,https://cdn2.cellphones.com.vn/x/media/catalog/product/t/e/text_ng_n_1__9_171_1.png
2908,134,https://cdn2.cellphones.com.vn/x/media/catalog/product/t/e/text_ng_n_16_15_1.png
2909,134,https://cellphones.com.vn/media/catalog/product/i/m/image_1774323509580.png
2910,134,https://cellphones.com.vn/media/catalog/product/m/_/m_y_nh_13_45_1.png
2911,134,https://cellphones.com.vn/media/catalog/product/a/s/as0_19_1.png
2912,134,https://cellphones.com.vn/media/catalog/product/a/s/as0_3__15_1.png
2913,134,https://cellphones.com.vn/media/catalog/product/a/s/as0_2__16_1.png
2914,134,https://cellphones.com.vn/media/catalog/product/a/s/as0_1__18_1.png
2915,134,https://cellphones.com.vn/media/catalog/product/t/e/text_ng_n_6__7_37_1.png
2916,134,https://cellphones.com.vn/media/catalog/product/t/e/text_ng_n_7__7_32_1.png
2917,134,https://cellphones.com.vn/media/catalog/product/t/e/text_ng_n_8__11_26_1.png
2918,134,https://cellphones.com.vn/media/catalog/product/t/e/text_ng_n_5__12_46_1.png
2919,134,https://cellphones.com.vn/media/catalog/product/t/e/text_ng_n_4__10_51_1.png
2920,134,https://cellphones.com.vn/media/catalog/product/t/e/text_ng_n_3__10_58_1.png
2921,134,https://cellphones.com.vn/media/catalog/product/t/e/text_ng_n_2__13_79_1.png
2922,134,https://cellphones.com.vn/media/catalog/product/t/e/text_ng_n_1__9_171_1.png
2923,134,https://cellphones.com.vn/media/catalog/product/t/e/text_ng_n_16_15_1.png
2924,135,https://cdn2.cellphones.com.vn/media/catalog/product/m/_/m_y_nh_13_45_1_1_1_1.png
2925,135,https://cdn2.cellphones.com.vn/x/media/catalog/product/a/s/as0_19_1_1_1_1.png
2926,135,https://cdn2.cellphones.com.vn/x/media/catalog/product/a/s/as0_3__15_1_1_1_1.png
2927,135,https://cdn2.cellphones.com.vn/x/media/catalog/product/a/s/as0_2__16_1_1_1_1.png
2928,135,https://cdn2.cellphones.com.vn/x/media/catalog/product/a/s/as0_1__18_1_1_1_1.png
2929,135,https://cdn2.cellphones.com.vn/x/media/catalog/product/t/e/text_ng_n_6__7_37_1_1_1_1.png
2930,135,https://cdn2.cellphones.com.vn/x/media/catalog/product/t/e/text_ng_n_7__7_32_1_1_1_1.png
2931,135,https://cdn2.cellphones.com.vn/x/media/catalog/product/t/e/text_ng_n_8__11_26_1_1_1_1.png
2932,135,https://cdn2.cellphones.com.vn/x/media/catalog/product/t/e/text_ng_n_5__12_46_1_1_1_1.png
2933,135,https://cdn2.cellphones.com.vn/x/media/catalog/product/t/e/text_ng_n_4__10_51_1_1_1_1.png
2934,135,https://cdn2.cellphones.com.vn/x/media/catalog/product/t/e/text_ng_n_3__10_58_1_1_1_1.png
2935,135,https://cdn2.cellphones.com.vn/x/media/catalog/product/t/e/text_ng_n_2__13_79_1_1_1_1.png
2936,135,https://cdn2.cellphones.com.vn/x/media/catalog/product/t/e/text_ng_n_1__9_171_1_1_1_1.png
2937,135,https://cdn2.cellphones.com.vn/x/media/catalog/product/t/e/text_ng_n_16_15_1_1_1_1.png
2938,135,https://cellphones.com.vn/media/catalog/product/i/m/image_1774323509580_3.png
2939,135,https://cellphones.com.vn/media/catalog/product/m/_/m_y_nh_13_45_1_1_1_1.png
2940,135,https://cellphones.com.vn/media/catalog/product/a/s/as0_19_1_1_1_1.png
2941,135,https://cellphones.com.vn/media/catalog/product/a/s/as0_3__15_1_1_1_1.png
2942,135,https://cellphones.com.vn/media/catalog/product/a/s/as0_2__16_1_1_1_1.png
2943,135,https://cellphones.com.vn/media/catalog/product/a/s/as0_1__18_1_1_1_1.png
2944,135,https://cellphones.com.vn/media/catalog/product/t/e/text_ng_n_6__7_37_1_1_1_1.png
2945,135,https://cellphones.com.vn/media/catalog/product/t/e/text_ng_n_7__7_32_1_1_1_1.png
2946,135,https://cellphones.com.vn/media/catalog/product/t/e/text_ng_n_8__11_26_1_1_1_1.png
2947,135,https://cellphones.com.vn/media/catalog/product/t/e/text_ng_n_5__12_46_1_1_1_1.png
2948,135,https://cellphones.com.vn/media/catalog/product/t/e/text_ng_n_4__10_51_1_1_1_1.png
2949,135,https://cellphones.com.vn/media/catalog/product/t/e/text_ng_n_3__10_58_1_1_1_1.png
2950,135,https://cellphones.com.vn/media/catalog/product/t/e/text_ng_n_2__13_79_1_1_1_1.png
2951,135,https://cellphones.com.vn/media/catalog/product/t/e/text_ng_n_1__9_171_1_1_1_1.png
2952,135,https://cellphones.com.vn/media/catalog/product/t/e/text_ng_n_16_15_1_1_1_1.png
2953,136,https://cdn2.cellphones.com.vn/media/catalog/product/m/_/m_y_nh_13_45_1_1.png
2954,136,https://cdn2.cellphones.com.vn/x/media/catalog/product/a/s/as0_19_1_1.png
2955,136,https://cdn2.cellphones.com.vn/x/media/catalog/product/a/s/as0_3__15_1_1.png
2956,136,https://cdn2.cellphones.com.vn/x/media/catalog/product/a/s/as0_2__16_1_1.png
2957,136,https://cdn2.cellphones.com.vn/x/media/catalog/product/a/s/as0_1__18_1_1.png
2958,136,https://cdn2.cellphones.com.vn/x/media/catalog/product/t/e/text_ng_n_6__7_37_1_1.png
2959,136,https://cdn2.cellphones.com.vn/x/media/catalog/product/t/e/text_ng_n_7__7_32_1_1.png
2960,136,https://cdn2.cellphones.com.vn/x/media/catalog/product/t/e/text_ng_n_8__11_26_1_1.png
2961,136,https://cdn2.cellphones.com.vn/x/media/catalog/product/t/e/text_ng_n_5__12_46_1_1.png
2962,136,https://cdn2.cellphones.com.vn/x/media/catalog/product/t/e/text_ng_n_4__10_51_1_1.png
2963,136,https://cdn2.cellphones.com.vn/x/media/catalog/product/t/e/text_ng_n_3__10_58_1_1.png
2964,136,https://cdn2.cellphones.com.vn/x/media/catalog/product/t/e/text_ng_n_2__13_79_1_1.png
2965,136,https://cdn2.cellphones.com.vn/x/media/catalog/product/t/e/text_ng_n_1__9_171_1_1.png
2966,136,https://cdn2.cellphones.com.vn/x/media/catalog/product/t/e/text_ng_n_16_15_1_1.png
2967,136,https://cellphones.com.vn/media/catalog/product/i/m/image_1774323509580_1.png
2968,136,https://cellphones.com.vn/media/catalog/product/m/_/m_y_nh_13_45_1_1.png
2969,136,https://cellphones.com.vn/media/catalog/product/a/s/as0_19_1_1.png
2970,136,https://cellphones.com.vn/media/catalog/product/a/s/as0_3__15_1_1.png
2971,136,https://cellphones.com.vn/media/catalog/product/a/s/as0_2__16_1_1.png
2972,136,https://cellphones.com.vn/media/catalog/product/a/s/as0_1__18_1_1.png
2973,136,https://cellphones.com.vn/media/catalog/product/t/e/text_ng_n_6__7_37_1_1.png
2974,136,https://cellphones.com.vn/media/catalog/product/t/e/text_ng_n_7__7_32_1_1.png
2975,136,https://cellphones.com.vn/media/catalog/product/t/e/text_ng_n_8__11_26_1_1.png
2976,136,https://cellphones.com.vn/media/catalog/product/t/e/text_ng_n_5__12_46_1_1.png
2977,136,https://cellphones.com.vn/media/catalog/product/t/e/text_ng_n_4__10_51_1_1.png
2978,136,https://cellphones.com.vn/media/catalog/product/t/e/text_ng_n_3__10_58_1_1.png
2979,136,https://cellphones.com.vn/media/catalog/product/t/e/text_ng_n_2__13_79_1_1.png
2980,136,https://cellphones.com.vn/media/catalog/product/t/e/text_ng_n_1__9_171_1_1.png
2981,136,https://cellphones.com.vn/media/catalog/product/t/e/text_ng_n_16_15_1_1.png
2982,137,https://cdn2.cellphones.com.vn/media/catalog/product/m/a/may-lanh-panasonic-2-5-hp-cu-cs-n24akh-8.png
2983,137,https://cdn2.cellphones.com.vn/x/media/catalog/product/m/a/may-lanh-panasonic-2-5-hp-cu-cs-n24akh-8_1_.png
2984,137,https://cdn2.cellphones.com.vn/x/media/catalog/product/m/a/may-lanh-panasonic-2-5-hp-cu-cs-n24akh-8_2_.png
2985,137,https://cdn2.cellphones.com.vn/x/media/catalog/product/m/a/may-lanh-panasonic-2-5-hp-cu-cs-n24akh-8_7_.png
2986,137,https://cdn2.cellphones.com.vn/x/media/catalog/product/m/a/may-lanh-panasonic-2-5-hp-cu-cs-n24akh-8_6_.png
2987,137,https://cdn2.cellphones.com.vn/x/media/catalog/product/m/a/may-lanh-panasonic-2-5-hp-cu-cs-n24akh-8_5_.png
2988,137,https://cdn2.cellphones.com.vn/x/media/catalog/product/m/a/may-lanh-panasonic-2-5-hp-cu-cs-n24akh-8_4_.png
2989,137,https://cdn2.cellphones.com.vn/x/media/catalog/product/m/a/may-lanh-panasonic-2-5-hp-cu-cs-n24akh-8_3_.png
2990,137,https://cellphones.com.vn/media/catalog/product/m/a/may-lanh-panasonic-2-5-hp-cu-cs-n24akh-8.png
2991,137,https://cellphones.com.vn/media/catalog/product/m/a/may-lanh-panasonic-2-5-hp-cu-cs-n24akh-8_1_.png
2992,137,https://cellphones.com.vn/media/catalog/product/m/a/may-lanh-panasonic-2-5-hp-cu-cs-n24akh-8_2_.png
2993,137,https://cellphones.com.vn/media/catalog/product/m/a/may-lanh-panasonic-2-5-hp-cu-cs-n24akh-8_7_.png
2994,137,https://cellphones.com.vn/media/catalog/product/m/a/may-lanh-panasonic-2-5-hp-cu-cs-n24akh-8_6_.png
2995,137,https://cellphones.com.vn/media/catalog/product/m/a/may-lanh-panasonic-2-5-hp-cu-cs-n24akh-8_5_.png
2996,137,https://cellphones.com.vn/media/catalog/product/m/a/may-lanh-panasonic-2-5-hp-cu-cs-n24akh-8_4_.png
2997,137,https://cellphones.com.vn/media/catalog/product/m/a/may-lanh-panasonic-2-5-hp-cu-cs-n24akh-8_3_.png
2998,138,https://cdn2.cellphones.com.vn/media/catalog/product/m/a/may-lanh-panasonic-2-hp-cu-cs-n18akh-8.png
2999,138,https://cdn2.cellphones.com.vn/x/media/catalog/product/m/a/may-lanh-panasonic-2-hp-cu-cs-n18akh-8_1_.png
3000,138,https://cdn2.cellphones.com.vn/x/media/catalog/product/m/a/may-lanh-panasonic-2-hp-cu-cs-n18akh-8_2_.png
3001,138,https://cdn2.cellphones.com.vn/x/media/catalog/product/m/a/may-lanh-panasonic-inverter-2-hp-cu-cs-u18bkh-8_11_.png
3002,138,https://cdn2.cellphones.com.vn/x/media/catalog/product/m/a/may-lanh-panasonic-inverter-2-hp-cu-cs-u18bkh-8_12_.png
3003,138,https://cdn2.cellphones.com.vn/x/media/catalog/product/m/a/may-lanh-panasonic-inverter-2-hp-cu-cs-u18bkh-8_13_.png
3004,138,https://cdn2.cellphones.com.vn/x/media/catalog/product/m/a/may-lanh-panasonic-inverter-2-hp-cu-cs-u18bkh-8_14_.png
3005,138,https://cdn2.cellphones.com.vn/x/media/catalog/product/m/a/may-lanh-panasonic-inverter-2-hp-cu-cs-u18bkh-8_10_.png
3006,138,https://cellphones.com.vn/media/catalog/product/m/a/may-lanh-panasonic-2-hp-cu-cs-n18akh-8.png
3007,138,https://cellphones.com.vn/media/catalog/product/m/a/may-lanh-panasonic-2-hp-cu-cs-n18akh-8_1_.png
3008,138,https://cellphones.com.vn/media/catalog/product/m/a/may-lanh-panasonic-2-hp-cu-cs-n18akh-8_2_.png
3009,138,https://cellphones.com.vn/media/catalog/product/m/a/may-lanh-panasonic-inverter-2-hp-cu-cs-u18bkh-8_11_.png
3010,138,https://cellphones.com.vn/media/catalog/product/m/a/may-lanh-panasonic-inverter-2-hp-cu-cs-u18bkh-8_12_.png
3011,138,https://cellphones.com.vn/media/catalog/product/m/a/may-lanh-panasonic-inverter-2-hp-cu-cs-u18bkh-8_13_.png
3012,138,https://cellphones.com.vn/media/catalog/product/m/a/may-lanh-panasonic-inverter-2-hp-cu-cs-u18bkh-8_14_.png
3013,138,https://cellphones.com.vn/media/catalog/product/m/a/may-lanh-panasonic-inverter-2-hp-cu-cs-u18bkh-8_10_.png
3014,139,https://cdn2.cellphones.com.vn/media/catalog/product/m/a/may-lanh-panasonic-inverter-1-5-hp-cu-cs-yz12akh-8.png
3015,139,https://cdn2.cellphones.com.vn/x/media/catalog/product/m/a/may-lanh-panasonic-inverter-1-5-hp-cu-cs-yz12akh-8_1_.png
3016,139,https://cdn2.cellphones.com.vn/x/media/catalog/product/m/a/may-lanh-panasonic-inverter-1-5-hp-cu-cs-yz12akh-8_2_.png
3017,139,https://cdn2.cellphones.com.vn/x/media/catalog/product/m/a/may-lanh-panasonic-inverter-1-5-hp-cu-cs-yz12akh-8_3_.png
3018,139,https://cdn2.cellphones.com.vn/x/media/catalog/product/m/a/may-lanh-panasonic-inverter-1-5-hp-cu-cs-yz12akh-8_4_.png
3019,139,https://cdn2.cellphones.com.vn/x/media/catalog/product/m/a/may-lanh-panasonic-inverter-1-5-hp-cu-cs-yz12akh-8_7_.png
3020,139,https://cdn2.cellphones.com.vn/x/media/catalog/product/m/a/may-lanh-panasonic-inverter-1-5-hp-cu-cs-yz12akh-8_5_.png
3021,139,https://cdn2.cellphones.com.vn/x/media/catalog/product/m/a/may-lanh-panasonic-inverter-1-5-hp-cu-cs-yz12akh-8_8_.png
3022,139,https://cellphones.com.vn/media/catalog/product/m/a/may-lanh-panasonic-inverter-1-5-hp-cu-cs-yz12akh-8.png
3023,139,https://cellphones.com.vn/media/catalog/product/m/a/may-lanh-panasonic-inverter-1-5-hp-cu-cs-yz12akh-8_1_.png
3024,139,https://cellphones.com.vn/media/catalog/product/m/a/may-lanh-panasonic-inverter-1-5-hp-cu-cs-yz12akh-8_2_.png
3025,139,https://cellphones.com.vn/media/catalog/product/m/a/may-lanh-panasonic-inverter-1-5-hp-cu-cs-yz12akh-8_3_.png
3026,139,https://cellphones.com.vn/media/catalog/product/m/a/may-lanh-panasonic-inverter-1-5-hp-cu-cs-yz12akh-8_4_.png
3027,139,https://cellphones.com.vn/media/catalog/product/m/a/may-lanh-panasonic-inverter-1-5-hp-cu-cs-yz12akh-8_7_.png
3028,139,https://cellphones.com.vn/media/catalog/product/m/a/may-lanh-panasonic-inverter-1-5-hp-cu-cs-yz12akh-8_5_.png
3029,139,https://cellphones.com.vn/media/catalog/product/m/a/may-lanh-panasonic-inverter-1-5-hp-cu-cs-yz12akh-8_8_.png
3030,140,https://cdn2.cellphones.com.vn/media/catalog/product/m/a/may-lanh-panasonic-inverter-2-5-hp-cu-cs-u24bkh-8.png
3031,140,https://cdn2.cellphones.com.vn/x/media/catalog/product/m/a/may-lanh-panasonic-inverter-2-5-hp-cu-cs-u24bkh-8_2_.png
3032,140,https://cdn2.cellphones.com.vn/x/media/catalog/product/m/a/may-lanh-panasonic-inverter-2-5-hp-cu-cs-u24bkh-8_1_.png
3033,140,https://cdn2.cellphones.com.vn/x/media/catalog/product/m/a/may-lanh-panasonic-inverter-2-5-hp-cu-cs-u24bkh-8_3_.png
3034,140,https://cdn2.cellphones.com.vn/x/media/catalog/product/m/a/may-lanh-panasonic-inverter-2-5-hp-cu-cs-u24bkh-8_7_.png
3035,140,https://cdn2.cellphones.com.vn/x/media/catalog/product/m/a/may-lanh-panasonic-inverter-2-5-hp-cu-cs-u24bkh-8_6_.png
3036,140,https://cdn2.cellphones.com.vn/x/media/catalog/product/m/a/may-lanh-panasonic-inverter-2-5-hp-cu-cs-u24bkh-8_5_.png
3037,140,https://cdn2.cellphones.com.vn/x/media/catalog/product/m/a/may-lanh-panasonic-inverter-2-5-hp-cu-cs-u24bkh-8_4_.png
3038,140,https://cdn2.cellphones.com.vn/x/media/catalog/product/m/a/may-lanh-panasonic-inverter-2-5-hp-cu-cs-u24bkh-8_8_.png
3039,140,https://cdn2.cellphones.com.vn/x/media/catalog/product/m/a/may-lanh-panasonic-inverter-2-5-hp-cu-cs-u24bkh-8_9_.png
3040,140,https://cellphones.com.vn/media/catalog/product/m/a/may-lanh-panasonic-inverter-2-5-hp-cu-cs-u24bkh-8.png
3041,140,https://cellphones.com.vn/media/catalog/product/m/a/may-lanh-panasonic-inverter-2-5-hp-cu-cs-u24bkh-8_2_.png
3042,140,https://cellphones.com.vn/media/catalog/product/m/a/may-lanh-panasonic-inverter-2-5-hp-cu-cs-u24bkh-8_1_.png
3043,140,https://cellphones.com.vn/media/catalog/product/m/a/may-lanh-panasonic-inverter-2-5-hp-cu-cs-u24bkh-8_3_.png
3044,140,https://cellphones.com.vn/media/catalog/product/m/a/may-lanh-panasonic-inverter-2-5-hp-cu-cs-u24bkh-8_7_.png
3045,140,https://cellphones.com.vn/media/catalog/product/m/a/may-lanh-panasonic-inverter-2-5-hp-cu-cs-u24bkh-8_6_.png
3046,140,https://cellphones.com.vn/media/catalog/product/m/a/may-lanh-panasonic-inverter-2-5-hp-cu-cs-u24bkh-8_5_.png
3047,140,https://cellphones.com.vn/media/catalog/product/m/a/may-lanh-panasonic-inverter-2-5-hp-cu-cs-u24bkh-8_4_.png
3048,140,https://cellphones.com.vn/media/catalog/product/m/a/may-lanh-panasonic-inverter-2-5-hp-cu-cs-u24bkh-8_8_.png
3049,140,https://cellphones.com.vn/media/catalog/product/m/a/may-lanh-panasonic-inverter-2-5-hp-cu-cs-u24bkh-8_9_.png
3050,141,https://cdn2.cellphones.com.vn/media/catalog/product/m/a/may-lanh-panasonic-inverter-2-5-hp-cu-cs-yz24bkh-8_2_.png
3051,141,https://cdn2.cellphones.com.vn/x/media/catalog/product/m/a/may-lanh-panasonic-inverter-2-5-hp-cu-cs-yz24bkh-8.png
3052,141,https://cdn2.cellphones.com.vn/x/media/catalog/product/m/a/may-lanh-panasonic-inverter-2-5-hp-cu-cs-yz24bkh-8_1_.png
3053,141,https://cdn2.cellphones.com.vn/x/media/catalog/product/m/a/may-lanh-panasonic-2-5-hp-cu-cs-n24akh-8_15_.png
3054,141,https://cdn2.cellphones.com.vn/x/media/catalog/product/m/a/may-lanh-panasonic-2-5-hp-cu-cs-n24akh-8_14_.png
3055,141,https://cdn2.cellphones.com.vn/x/media/catalog/product/m/a/may-lanh-panasonic-2-5-hp-cu-cs-n24akh-8_20_.png
3056,141,https://cdn2.cellphones.com.vn/x/media/catalog/product/m/a/may-lanh-panasonic-2-5-hp-cu-cs-n24akh-8_16_.png
3057,141,https://cdn2.cellphones.com.vn/x/media/catalog/product/m/a/may-lanh-panasonic-2-5-hp-cu-cs-n24akh-8_18_.png
3058,141,https://cdn2.cellphones.com.vn/x/media/catalog/product/m/a/may-lanh-panasonic-2-5-hp-cu-cs-n24akh-8_17_.png
3059,141,https://cdn2.cellphones.com.vn/x/media/catalog/product/m/a/may-lanh-panasonic-2-5-hp-cu-cs-n24akh-8_19_.png
3060,141,https://cellphones.com.vn/media/catalog/product/m/a/may-lanh-panasonic-inverter-2-5-hp-cu-cs-yz24bkh-8_2_.png
3061,141,https://cellphones.com.vn/media/catalog/product/m/a/may-lanh-panasonic-inverter-2-5-hp-cu-cs-yz24bkh-8.png
3062,141,https://cellphones.com.vn/media/catalog/product/m/a/may-lanh-panasonic-inverter-2-5-hp-cu-cs-yz24bkh-8_1_.png
3063,141,https://cellphones.com.vn/media/catalog/product/m/a/may-lanh-panasonic-2-5-hp-cu-cs-n24akh-8_15_.png
3064,141,https://cellphones.com.vn/media/catalog/product/m/a/may-lanh-panasonic-2-5-hp-cu-cs-n24akh-8_14_.png
3065,141,https://cellphones.com.vn/media/catalog/product/m/a/may-lanh-panasonic-2-5-hp-cu-cs-n24akh-8_20_.png
3066,141,https://cellphones.com.vn/media/catalog/product/m/a/may-lanh-panasonic-2-5-hp-cu-cs-n24akh-8_16_.png
3067,141,https://cellphones.com.vn/media/catalog/product/m/a/may-lanh-panasonic-2-5-hp-cu-cs-n24akh-8_18_.png
3068,141,https://cellphones.com.vn/media/catalog/product/m/a/may-lanh-panasonic-2-5-hp-cu-cs-n24akh-8_17_.png
3069,141,https://cellphones.com.vn/media/catalog/product/m/a/may-lanh-panasonic-2-5-hp-cu-cs-n24akh-8_19_.png
3070,142,https://cdn2.cellphones.com.vn/media/catalog/product/m/a/may-lanh-panasonic-inverter-2-hp-cu-cs-u18bkh-8.png
3071,142,https://cdn2.cellphones.com.vn/x/media/catalog/product/m/a/may-lanh-panasonic-inverter-2-hp-cu-cs-u18bkh-8_1_.png
3072,142,https://cdn2.cellphones.com.vn/x/media/catalog/product/m/a/may-lanh-panasonic-inverter-2-hp-cu-cs-u18bkh-8_2_.png
3073,142,https://cdn2.cellphones.com.vn/x/media/catalog/product/m/a/may-lanh-panasonic-inverter-2-hp-cu-cs-u18bkh-8_4_.png
3074,142,https://cdn2.cellphones.com.vn/x/media/catalog/product/m/a/may-lanh-panasonic-inverter-2-hp-cu-cs-u18bkh-8_6_.png
3075,142,https://cdn2.cellphones.com.vn/x/media/catalog/product/m/a/may-lanh-panasonic-inverter-2-hp-cu-cs-u18bkh-8_5_.png
3076,142,https://cdn2.cellphones.com.vn/x/media/catalog/product/m/a/may-lanh-panasonic-inverter-2-hp-cu-cs-u18bkh-8_7_.png
3077,142,https://cdn2.cellphones.com.vn/x/media/catalog/product/m/a/may-lanh-panasonic-inverter-2-hp-cu-cs-u18bkh-8_9_.png
3078,142,https://cdn2.cellphones.com.vn/x/media/catalog/product/m/a/may-lanh-panasonic-inverter-2-hp-cu-cs-u18bkh-8_8_.png
3079,142,https://cdn2.cellphones.com.vn/x/media/catalog/product/m/a/may-lanh-panasonic-inverter-2-hp-cu-cs-u18bkh-8_3_.png
3080,142,https://cellphones.com.vn/media/catalog/product/m/a/may-lanh-panasonic-inverter-2-hp-cu-cs-u18bkh-8.png
3081,142,https://cellphones.com.vn/media/catalog/product/m/a/may-lanh-panasonic-inverter-2-hp-cu-cs-u18bkh-8_1_.png
3082,142,https://cellphones.com.vn/media/catalog/product/m/a/may-lanh-panasonic-inverter-2-hp-cu-cs-u18bkh-8_2_.png
3083,142,https://cellphones.com.vn/media/catalog/product/m/a/may-lanh-panasonic-inverter-2-hp-cu-cs-u18bkh-8_4_.png
3084,142,https://cellphones.com.vn/media/catalog/product/m/a/may-lanh-panasonic-inverter-2-hp-cu-cs-u18bkh-8_6_.png
3085,142,https://cellphones.com.vn/media/catalog/product/m/a/may-lanh-panasonic-inverter-2-hp-cu-cs-u18bkh-8_5_.png
3086,142,https://cellphones.com.vn/media/catalog/product/m/a/may-lanh-panasonic-inverter-2-hp-cu-cs-u18bkh-8_7_.png
3087,142,https://cellphones.com.vn/media/catalog/product/m/a/may-lanh-panasonic-inverter-2-hp-cu-cs-u18bkh-8_9_.png
3088,142,https://cellphones.com.vn/media/catalog/product/m/a/may-lanh-panasonic-inverter-2-hp-cu-cs-u18bkh-8_8_.png
3089,142,https://cellphones.com.vn/media/catalog/product/m/a/may-lanh-panasonic-inverter-2-hp-cu-cs-u18bkh-8_3_.png
3090,143,https://cdn2.cellphones.com.vn/media/catalog/product/m/a/may-lanh-panasonic-inverter-2-hp-cu-cs-yz18akh-8.png
3091,143,https://cdn2.cellphones.com.vn/x/media/catalog/product/m/a/may-lanh-panasonic-inverter-2-hp-cu-cs-yz18akh-8_1_.png
3092,143,https://cdn2.cellphones.com.vn/x/media/catalog/product/m/a/may-lanh-panasonic-inverter-2-hp-cu-cs-yz18akh-8_2_.png
3093,143,https://cdn2.cellphones.com.vn/x/media/catalog/product/m/a/may-lanh-panasonic-2-5-hp-cu-cs-n24akh-8_9_.png
3094,143,https://cdn2.cellphones.com.vn/x/media/catalog/product/m/a/may-lanh-panasonic-2-5-hp-cu-cs-n24akh-8_8_.png
3095,143,https://cdn2.cellphones.com.vn/x/media/catalog/product/m/a/may-lanh-panasonic-inverter-2-hp-cu-cs-yz18akh-8_3_.png
3096,143,https://cdn2.cellphones.com.vn/x/media/catalog/product/m/a/may-lanh-panasonic-2-5-hp-cu-cs-n24akh-8_10_.png
3097,143,https://cdn2.cellphones.com.vn/x/media/catalog/product/m/a/may-lanh-panasonic-2-5-hp-cu-cs-n24akh-8_12_.png
3098,143,https://cdn2.cellphones.com.vn/x/media/catalog/product/m/a/may-lanh-panasonic-2-5-hp-cu-cs-n24akh-8_11_.png
3099,143,https://cdn2.cellphones.com.vn/x/media/catalog/product/m/a/may-lanh-panasonic-2-5-hp-cu-cs-n24akh-8_13_.png
3100,143,https://cellphones.com.vn/media/catalog/product/m/a/may-lanh-panasonic-inverter-2-hp-cu-cs-yz18akh-8.png
3101,143,https://cellphones.com.vn/media/catalog/product/m/a/may-lanh-panasonic-inverter-2-hp-cu-cs-yz18akh-8_1_.png
3102,143,https://cellphones.com.vn/media/catalog/product/m/a/may-lanh-panasonic-inverter-2-hp-cu-cs-yz18akh-8_2_.png
3103,143,https://cellphones.com.vn/media/catalog/product/m/a/may-lanh-panasonic-2-5-hp-cu-cs-n24akh-8_9_.png
3104,143,https://cellphones.com.vn/media/catalog/product/m/a/may-lanh-panasonic-2-5-hp-cu-cs-n24akh-8_8_.png
3105,143,https://cellphones.com.vn/media/catalog/product/m/a/may-lanh-panasonic-inverter-2-hp-cu-cs-yz18akh-8_3_.png
3106,143,https://cellphones.com.vn/media/catalog/product/m/a/may-lanh-panasonic-2-5-hp-cu-cs-n24akh-8_10_.png
3107,143,https://cellphones.com.vn/media/catalog/product/m/a/may-lanh-panasonic-2-5-hp-cu-cs-n24akh-8_12_.png
3108,143,https://cellphones.com.vn/media/catalog/product/m/a/may-lanh-panasonic-2-5-hp-cu-cs-n24akh-8_11_.png
3109,143,https://cellphones.com.vn/media/catalog/product/m/a/may-lanh-panasonic-2-5-hp-cu-cs-n24akh-8_13_.png
3110,144,https://cdn2.cellphones.com.vn/media/catalog/product/m/a/may-triet-long-halio-silkglow-ipl-sapphire-cooling-hair-removal-device_1__1.png
3111,144,https://cdn2.cellphones.com.vn/x/media/catalog/product/m/a/may-triet-long-halio-silkglow-ipl-sapphire-cooling-hair-removal-device_2__2.png
3112,144,https://cdn2.cellphones.com.vn/x/media/catalog/product/m/a/may-triet-long-halio-silkglow-ipl-sapphire-cooling-hair-removal-device_3__1.png
3113,144,https://cdn2.cellphones.com.vn/x/media/catalog/product/m/a/may-triet-long-halio-silkglow-ipl-sapphire-cooling-hair-removal-device_4__1.png
3114,144,https://cdn2.cellphones.com.vn/x/media/catalog/product/m/a/may-triet-long-halio-silkglow-ipl-sapphire-cooling-hair-removal-device_5__1.png
3115,144,https://cdn2.cellphones.com.vn/x/media/catalog/product/m/a/may-triet-long-halio-silkglow-ipl-sapphire-cooling-hair-removal-device_7__1.png
3116,144,https://cdn2.cellphones.com.vn/x/media/catalog/product/m/a/may-triet-long-halio-silkglow-ipl-sapphire-cooling-hair-removal-device_8__1.png
3117,144,https://cdn2.cellphones.com.vn/x/media/catalog/product/m/a/may-triet-long-halio-silkglow-ipl-sapphire-cooling-hair-removal-device_6__1.png
3118,144,https://cellphones.com.vn/media/catalog/product/c/p/cps-24-03_15_.png
3119,144,https://cellphones.com.vn/media/catalog/product/m/a/may-triet-long-halio-silkglow-ipl-sapphire-cooling-hair-removal-device_1__1.png
3120,144,https://cellphones.com.vn/media/catalog/product/m/a/may-triet-long-halio-silkglow-ipl-sapphire-cooling-hair-removal-device_2__2.png
3121,144,https://cellphones.com.vn/media/catalog/product/m/a/may-triet-long-halio-silkglow-ipl-sapphire-cooling-hair-removal-device_3__1.png
3122,144,https://cellphones.com.vn/media/catalog/product/m/a/may-triet-long-halio-silkglow-ipl-sapphire-cooling-hair-removal-device_4__1.png
3123,144,https://cellphones.com.vn/media/catalog/product/m/a/may-triet-long-halio-silkglow-ipl-sapphire-cooling-hair-removal-device_5__1.png
3124,144,https://cellphones.com.vn/media/catalog/product/m/a/may-triet-long-halio-silkglow-ipl-sapphire-cooling-hair-removal-device_7__1.png
3125,144,https://cellphones.com.vn/media/catalog/product/m/a/may-triet-long-halio-silkglow-ipl-sapphire-cooling-hair-removal-device_8__1.png
3126,144,https://cellphones.com.vn/media/catalog/product/m/a/may-triet-long-halio-silkglow-ipl-sapphire-cooling-hair-removal-device_6__1.png
3127,145,https://cdn2.cellphones.com.vn/media/catalog/product/m/i/microphone-saramonic-air-se-2tx-1rx_2_.png
3128,145,https://cdn2.cellphones.com.vn/x/media/catalog/product/m/i/microphone-saramonic-air-se-2tx-1rx_1_.png
3129,145,https://cellphones.com.vn/media/catalog/product/m/i/microphone-saramonic-air-se-2tx-1rx_1__1.png
3130,145,https://cellphones.com.vn/media/catalog/product/m/i/microphone-saramonic-air-se-2tx-1rx_2_.png
3131,145,https://cellphones.com.vn/media/catalog/product/m/i/microphone-saramonic-air-se-2tx-1rx_1_.png
3132,146,https://cdn2.cellphones.com.vn/media/catalog/product/m/_/m_y_nh_13_46_3_1.png
3133,146,https://cdn2.cellphones.com.vn/x/media/catalog/product/a/s/as0_21_3_1.png
3134,146,https://cdn2.cellphones.com.vn/x/media/catalog/product/a/s/as0_3__16_3_1.png
3135,146,https://cdn2.cellphones.com.vn/x/media/catalog/product/a/s/as0_4__16_3_1.png
3136,146,https://cdn2.cellphones.com.vn/x/media/catalog/product/a/s/as0_2__17_3_1.png
3137,146,https://cdn2.cellphones.com.vn/x/media/catalog/product/a/s/as0_1__19_3_1.png
3138,146,https://cellphones.com.vn/media/catalog/product/m/_/m_y_nh_13_46_3_1.png
3139,146,https://cellphones.com.vn/media/catalog/product/a/s/as0_21_3_1.png
3140,146,https://cellphones.com.vn/media/catalog/product/a/s/as0_3__16_3_1.png
3141,146,https://cellphones.com.vn/media/catalog/product/a/s/as0_4__16_3_1.png
3142,146,https://cellphones.com.vn/media/catalog/product/a/s/as0_2__17_3_1.png
3143,146,https://cellphones.com.vn/media/catalog/product/a/s/as0_1__19_3_1.png
3144,147,https://cdn2.cellphones.com.vn/media/catalog/product/r/e/realme-15t-5g-8gb-256gb-cu-tray-xuoc_2.jpg
3145,147,https://cdn2.cellphones.com.vn/x/media/catalog/product/r/e/realme-15t-5g-8gb-256gb-cu-tray-xuoc_2.jpg
3146,147,https://cellphones.com.vn/media/catalog/product/r/e/realme-15t-5g-8gb-256gb-cu-dep.jpg
3147,147,https://cellphones.com.vn/media/catalog/product/r/e/realme-15t-5g-8gb-256gb-cu-tray-xuoc_2.jpg
3148,148,https://cdn2.cellphones.com.vn/media/catalog/product/t/u/tu-chong-am-may-anh-nikatei-nc-20c.jpg
3149,148,https://cdn2.cellphones.com.vn/x/media/catalog/product/t/u/tu-chong-am-may-anh-nikatei-nc-20c-1.jpg
3150,148,https://cdn2.cellphones.com.vn/x/media/catalog/product/t/u/tu-chong-am-may-anh-nikatei-nc-20c-2.jpg
3151,148,https://cdn2.cellphones.com.vn/x/media/catalog/product/t/u/tu-chong-am-may-anh-nikatei-nc-20c-3.jpg
3152,148,https://cdn2.cellphones.com.vn/x/media/catalog/product/t/u/tu-chong-am-may-anh-nikatei-nc-20c-4.jpg
3153,148,https://cdn2.cellphones.com.vn/x/media/catalog/product/t/u/tu-chong-am-may-anh-nikatei-nc-20c-5.jpg
3154,148,https://cdn2.cellphones.com.vn/x/media/catalog/product/t/u/tu-chong-am-may-anh-nikatei-nc-20c-6.jpg
3155,148,https://cdn2.cellphones.com.vn/x/media/catalog/product/t/u/tu-chong-am-may-anh-nikatei-nc-20c-7.jpg
3156,148,https://cellphones.com.vn/media/catalog/product/t/u/tu-chong-am-may-anh-nikatei-nc-20c-1_1.jpg
3157,148,https://cellphones.com.vn/media/catalog/product/t/u/tu-chong-am-may-anh-nikatei-nc-20c.jpg
3158,148,https://cellphones.com.vn/media/catalog/product/t/u/tu-chong-am-may-anh-nikatei-nc-20c-1.jpg
3159,148,https://cellphones.com.vn/media/catalog/product/t/u/tu-chong-am-may-anh-nikatei-nc-20c-2.jpg
3160,148,https://cellphones.com.vn/media/catalog/product/t/u/tu-chong-am-may-anh-nikatei-nc-20c-3.jpg
3161,148,https://cellphones.com.vn/media/catalog/product/t/u/tu-chong-am-may-anh-nikatei-nc-20c-4.jpg
3162,148,https://cellphones.com.vn/media/catalog/product/t/u/tu-chong-am-may-anh-nikatei-nc-20c-5.jpg
3163,148,https://cellphones.com.vn/media/catalog/product/t/u/tu-chong-am-may-anh-nikatei-nc-20c-6.jpg
3164,148,https://cellphones.com.vn/media/catalog/product/t/u/tu-chong-am-may-anh-nikatei-nc-20c-7.jpg
3165,149,https://cdn2.cellphones.com.vn/media/catalog/product/t/u/tu-chong-am-may-anh-nikatei-nc-30c.jpg
3166,149,https://cdn2.cellphones.com.vn/x/media/catalog/product/t/u/tu-chong-am-may-anh-nikatei-nc-30c-1.jpg
3167,149,https://cdn2.cellphones.com.vn/x/media/catalog/product/t/u/tu-chong-am-may-anh-nikatei-nc-30c-2.jpg
3168,149,https://cdn2.cellphones.com.vn/x/media/catalog/product/t/u/tu-chong-am-may-anh-nikatei-nc-30c-3.jpg
3169,149,https://cdn2.cellphones.com.vn/x/media/catalog/product/t/u/tu-chong-am-may-anh-nikatei-nc-30c-4.jpg
3170,149,https://cdn2.cellphones.com.vn/x/media/catalog/product/t/u/tu-chong-am-may-anh-nikatei-nc-30c-5.jpg
3171,149,https://cdn2.cellphones.com.vn/x/media/catalog/product/t/u/tu-chong-am-may-anh-nikatei-nc-30c-6.jpg
3172,149,https://cdn2.cellphones.com.vn/x/media/catalog/product/t/u/tu-chong-am-may-anh-nikatei-nc-30c-7.jpg
3173,149,https://cdn2.cellphones.com.vn/x/media/catalog/product/t/u/tu-chong-am-may-anh-nikatei-nc-30c-8.jpg
3174,149,https://cellphones.com.vn/media/catalog/product/t/u/tu-chong-am-may-anh-nikatei-nc-30c-1_1.jpg
3175,149,https://cellphones.com.vn/media/catalog/product/t/u/tu-chong-am-may-anh-nikatei-nc-30c.jpg
3176,149,https://cellphones.com.vn/media/catalog/product/t/u/tu-chong-am-may-anh-nikatei-nc-30c-1.jpg
3177,149,https://cellphones.com.vn/media/catalog/product/t/u/tu-chong-am-may-anh-nikatei-nc-30c-2.jpg
3178,149,https://cellphones.com.vn/media/catalog/product/t/u/tu-chong-am-may-anh-nikatei-nc-30c-3.jpg
3179,149,https://cellphones.com.vn/media/catalog/product/t/u/tu-chong-am-may-anh-nikatei-nc-30c-4.jpg
3180,149,https://cellphones.com.vn/media/catalog/product/t/u/tu-chong-am-may-anh-nikatei-nc-30c-5.jpg
3181,149,https://cellphones.com.vn/media/catalog/product/t/u/tu-chong-am-may-anh-nikatei-nc-30c-6.jpg
3182,149,https://cellphones.com.vn/media/catalog/product/t/u/tu-chong-am-may-anh-nikatei-nc-30c-7.jpg
3183,149,https://cellphones.com.vn/media/catalog/product/t/u/tu-chong-am-may-anh-nikatei-nc-30c-8.jpg
3184,150,https://cdn2.cellphones.com.vn/media/catalog/product/g/a/gaming_8_-_2025-05-29t110634.570_2.png
3185,150,https://cdn2.cellphones.com.vn/x/media/catalog/product/b/a/ban-phim-bao-da-ipad-air-13-m2-2024-zagg-pro-key-2_2_1.jpg
3186,150,https://cdn2.cellphones.com.vn/x/media/catalog/product/b/a/ban-phim-bao-da-ipad-air-13-m2-2024-zagg-pro-key-2-3_2_1.jpg
3187,150,https://cdn2.cellphones.com.vn/x/media/catalog/product/b/a/ban-phim-bao-da-ipad-air-13-m2-2024-zagg-pro-key-2-1_2_1.jpg
3188,150,https://cdn2.cellphones.com.vn/x/media/catalog/product/b/a/ban-phim-bao-da-ipad-air-13-m2-2024-zagg-pro-key-2-2_2_1.jpg
3189,150,https://cdn2.cellphones.com.vn/x/media/catalog/product/b/a/ban-phim-bao-da-ipad-air-13-m2-2024-zagg-pro-key-2-4_2_1.jpg
3190,150,https://cellphones.com.vn/media/catalog/product/b/a/ban-phim-bao-da-ipad-air-13-m2-2024-zagg-pro-key-2-cu.jpg
3191,150,https://cellphones.com.vn/media/catalog/product/g/a/gaming_8_-_2025-05-29t110634.570_2.png
3192,150,https://cellphones.com.vn/media/catalog/product/b/a/ban-phim-bao-da-ipad-air-13-m2-2024-zagg-pro-key-2_2_1.jpg
3193,150,https://cellphones.com.vn/media/catalog/product/b/a/ban-phim-bao-da-ipad-air-13-m2-2024-zagg-pro-key-2-3_2_1.jpg
3194,150,https://cellphones.com.vn/media/catalog/product/b/a/ban-phim-bao-da-ipad-air-13-m2-2024-zagg-pro-key-2-1_2_1.jpg
3195,150,https://cellphones.com.vn/media/catalog/product/b/a/ban-phim-bao-da-ipad-air-13-m2-2024-zagg-pro-key-2-2_2_1.jpg
3196,150,https://cellphones.com.vn/media/catalog/product/b/a/ban-phim-bao-da-ipad-air-13-m2-2024-zagg-pro-key-2-4_2_1.jpg
3197,151,https://cdn2.cellphones.com.vn/media/catalog/product/t/e/text_ng_n_-_2025-04-18t140722.081_2.png
3198,151,https://cdn2.cellphones.com.vn/x/media/catalog/product/t/e/text_ng_n_-_2025-04-18t140722.081_2.png
3199,151,https://cdn2.cellphones.com.vn/x/media/catalog/product/g/r/group_647_94__2_2.png
3200,151,https://cdn2.cellphones.com.vn/x/media/catalog/product/g/r/group_647_96__2_2.png
3201,151,https://cdn2.cellphones.com.vn/x/media/catalog/product/g/r/group_647_97__2_2.png
3202,151,https://cdn2.cellphones.com.vn/x/media/catalog/product/g/r/group_647_95__2_2.png
3203,151,https://cdn2.cellphones.com.vn/x/media/catalog/product/g/r/group_647_98__2_2.png
3204,151,https://cellphones.com.vn/media/catalog/product/b/a/bao-da-ban-phim-ipad-pro-11-esr-rebound-magnetic-360-cu.jpg
3205,151,https://cellphones.com.vn/media/catalog/product/t/e/text_ng_n_-_2025-04-18t140722.081_2.png
3206,151,https://cellphones.com.vn/media/catalog/product/g/r/group_647_94__2_2.png
3207,151,https://cellphones.com.vn/media/catalog/product/g/r/group_647_96__2_2.png
3208,151,https://cellphones.com.vn/media/catalog/product/g/r/group_647_97__2_2.png
3209,151,https://cellphones.com.vn/media/catalog/product/g/r/group_647_95__2_2.png
3210,151,https://cellphones.com.vn/media/catalog/product/g/r/group_647_98__2_2.png
3211,152,https://cdn2.cellphones.com.vn/media/catalog/product/c/a/camera-ip-wifi-360-hong-ngoai-8mp-4k-tp-link-tapo-c250.jpg
3212,152,https://cdn2.cellphones.com.vn/x/media/catalog/product/c/a/camera-ip-wifi-360-hong-ngoai-8mp-4k-tp-link-tapo-c250_2.jpg
3213,152,https://cdn2.cellphones.com.vn/x/media/catalog/product/c/a/camera-ip-wifi-360-hong-ngoai-8mp-4k-tp-link-tapo-c250-4.jpg
3214,152,https://cdn2.cellphones.com.vn/x/media/catalog/product/c/a/camera-ip-wifi-360-hong-ngoai-8mp-4k-tp-link-tapo-c250-5.jpg
3215,152,https://cdn2.cellphones.com.vn/x/media/catalog/product/c/a/camera-ip-wifi-360-hong-ngoai-8mp-4k-tp-link-tapo-c250-6.jpg
3216,152,https://cdn2.cellphones.com.vn/x/media/catalog/product/c/a/camera-ip-wifi-360-hong-ngoai-8mp-4k-tp-link-tapo-c250-7.jpg
3217,152,https://cdn2.cellphones.com.vn/x/media/catalog/product/c/a/camera-ip-wifi-360-hong-ngoai-8mp-4k-tp-link-tapo-c250-8.jpg
3218,152,https://cdn2.cellphones.com.vn/x/media/catalog/product/c/a/camera-ip-wifi-360-hong-ngoai-8mp-4k-tp-link-tapo-c250-9.jpg
3219,152,https://cdn2.cellphones.com.vn/x/media/catalog/product/c/a/camera-ip-wifi-360-hong-ngoai-8mp-4k-tp-link-tapo-c250-10.jpg
3220,152,https://cdn2.cellphones.com.vn/x/media/catalog/product/c/a/camera-ip-wifi-360-hong-ngoai-8mp-4k-tp-link-tapo-c250-11.jpg
3221,152,https://cdn2.cellphones.com.vn/x/media/catalog/product/c/a/camera-ip-wifi-360-hong-ngoai-8mp-4k-tp-link-tapo-c250-12.jpg
3222,152,https://cdn2.cellphones.com.vn/x/media/catalog/product/c/a/camera-ip-wifi-360-hong-ngoai-8mp-4k-tp-link-tapo-c250-1.jpg
3223,152,https://cdn2.cellphones.com.vn/x/media/catalog/product/c/a/camera-ip-wifi-360-hong-ngoai-8mp-4k-tp-link-tapo-c250-2.jpg
3224,152,https://cdn2.cellphones.com.vn/x/media/catalog/product/c/a/camera-ip-wifi-360-hong-ngoai-8mp-4k-tp-link-tapo-c250-3.jpg
3225,152,https://cellphones.com.vn/media/catalog/product/c/a/camera-ip-wifi-360-hong-ngoai-8mp-4k-tp-link-tapo-c250-1_1.jpg
3226,152,https://cellphones.com.vn/media/catalog/product/c/a/camera-ip-wifi-360-hong-ngoai-8mp-4k-tp-link-tapo-c250.jpg
3227,152,https://cdn2.cellphones.com.vn/x/media/catalog/product/s/d/sd128gb_2.jpg
3228,152,https://cellphones.com.vn/media/catalog/product/c/a/camera-ip-wifi-360-hong-ngoai-8mp-4k-tp-link-tapo-c250_2.jpg
3229,152,https://cellphones.com.vn/media/catalog/product/c/a/camera-ip-wifi-360-hong-ngoai-8mp-4k-tp-link-tapo-c250-4.jpg
3230,152,https://cellphones.com.vn/media/catalog/product/c/a/camera-ip-wifi-360-hong-ngoai-8mp-4k-tp-link-tapo-c250-5.jpg
3231,152,https://cellphones.com.vn/media/catalog/product/c/a/camera-ip-wifi-360-hong-ngoai-8mp-4k-tp-link-tapo-c250-6.jpg
3232,152,https://cellphones.com.vn/media/catalog/product/c/a/camera-ip-wifi-360-hong-ngoai-8mp-4k-tp-link-tapo-c250-7.jpg
3233,152,https://cellphones.com.vn/media/catalog/product/c/a/camera-ip-wifi-360-hong-ngoai-8mp-4k-tp-link-tapo-c250-8.jpg
3234,152,https://cellphones.com.vn/media/catalog/product/c/a/camera-ip-wifi-360-hong-ngoai-8mp-4k-tp-link-tapo-c250-9.jpg
3235,152,https://cellphones.com.vn/media/catalog/product/c/a/camera-ip-wifi-360-hong-ngoai-8mp-4k-tp-link-tapo-c250-10.jpg
3236,152,https://cellphones.com.vn/media/catalog/product/c/a/camera-ip-wifi-360-hong-ngoai-8mp-4k-tp-link-tapo-c250-11.jpg
3237,152,https://cellphones.com.vn/media/catalog/product/c/a/camera-ip-wifi-360-hong-ngoai-8mp-4k-tp-link-tapo-c250-12.jpg
3238,152,https://cellphones.com.vn/media/catalog/product/c/a/camera-ip-wifi-360-hong-ngoai-8mp-4k-tp-link-tapo-c250-1.jpg
3239,152,https://cellphones.com.vn/media/catalog/product/c/a/camera-ip-wifi-360-hong-ngoai-8mp-4k-tp-link-tapo-c250-2.jpg
3240,152,https://cellphones.com.vn/media/catalog/product/c/a/camera-ip-wifi-360-hong-ngoai-8mp-4k-tp-link-tapo-c250-3.jpg
3241,152,https://cellphones.com.vn/media/catalog/product/s/d/sd128gb_2.jpg
3242,153,https://cdn2.cellphones.com.vn/media/catalog/product/c/a/camera-ip-wifi-xiaomi-2mp-1080p-c201.jpg
3243,153,https://cdn2.cellphones.com.vn/x/media/catalog/product/c/a/camera-ip-wifi-xiaomi-2mp-1080p-c201_1.jpg
3244,153,https://cdn2.cellphones.com.vn/x/media/catalog/product/c/a/camera-ip-wifi-xiaomi-2mp-1080p-c201-3.jpg
3245,153,https://cdn2.cellphones.com.vn/x/media/catalog/product/c/a/camera-ip-wifi-xiaomi-2mp-1080p-c201-2.jpg
3246,153,https://cdn2.cellphones.com.vn/x/media/catalog/product/c/a/camera-ip-wifi-xiaomi-2mp-1080p-c201-4.jpg
3247,153,https://cdn2.cellphones.com.vn/x/media/catalog/product/c/a/camera-ip-wifi-xiaomi-2mp-1080p-c201-5.jpg
3248,153,https://cdn2.cellphones.com.vn/x/media/catalog/product/c/a/camera-ip-wifi-xiaomi-2mp-1080p-c201-6.jpg
3249,153,https://cdn2.cellphones.com.vn/x/media/catalog/product/c/a/camera-ip-wifi-xiaomi-2mp-1080p-c201-1.jpg
3250,153,https://cdn2.cellphones.com.vn/x/media/catalog/product/c/a/camera-ip-wifi-xiaomi-2mp-1080p-c201-7.jpg
3251,153,https://cellphones.com.vn/media/catalog/product/c/a/camera-ip-wifi-xiaomi-2mp-1080p-c201-1_1.jpg
3252,153,https://cellphones.com.vn/media/catalog/product/c/a/camera-ip-wifi-xiaomi-2mp-1080p-c201.jpg
3253,153,https://cdn2.cellphones.com.vn/x/media/catalog/product/s/d/sd128gb_2.jpg
3254,153,https://cellphones.com.vn/media/catalog/product/c/a/camera-ip-wifi-xiaomi-2mp-1080p-c201_1.jpg
3255,153,https://cellphones.com.vn/media/catalog/product/c/a/camera-ip-wifi-xiaomi-2mp-1080p-c201-3.jpg
3256,153,https://cellphones.com.vn/media/catalog/product/c/a/camera-ip-wifi-xiaomi-2mp-1080p-c201-2.jpg
3257,153,https://cellphones.com.vn/media/catalog/product/c/a/camera-ip-wifi-xiaomi-2mp-1080p-c201-4.jpg
3258,153,https://cellphones.com.vn/media/catalog/product/c/a/camera-ip-wifi-xiaomi-2mp-1080p-c201-5.jpg
3259,153,https://cellphones.com.vn/media/catalog/product/c/a/camera-ip-wifi-xiaomi-2mp-1080p-c201-6.jpg
3260,153,https://cellphones.com.vn/media/catalog/product/c/a/camera-ip-wifi-xiaomi-2mp-1080p-c201-1.jpg
3261,153,https://cellphones.com.vn/media/catalog/product/c/a/camera-ip-wifi-xiaomi-2mp-1080p-c201-7.jpg
3262,153,https://cellphones.com.vn/media/catalog/product/s/d/sd128gb_2.jpg
3263,154,https://cdn2.cellphones.com.vn/media/catalog/product/c/a/cap-anker-usb-a-to-c-work-with-carplay-a82g2_1_.png
3264,154,https://cdn2.cellphones.com.vn/x/media/catalog/product/c/a/cap-anker-usb-a-to-c-work-with-carplay-a82g2_2_.png
3265,154,https://cdn2.cellphones.com.vn/x/media/catalog/product/c/a/cap-anker-usb-a-to-c-work-with-carplay-a82g2_3_.png
3266,154,https://cdn2.cellphones.com.vn/x/media/catalog/product/c/a/cap-anker-usb-a-to-c-work-with-carplay-a82g2_4_.png
3267,154,https://cdn2.cellphones.com.vn/x/media/catalog/product/c/a/cap-anker-usb-a-to-c-work-with-carplay-a82g2_5_.png
3268,154,https://cdn2.cellphones.com.vn/x/media/catalog/product/c/a/cap-anker-usb-a-to-c-work-with-carplay-a82g2_6_.png
3269,154,https://cdn2.cellphones.com.vn/x/media/catalog/product/c/a/cap-anker-usb-a-to-c-work-with-carplay-a82g2_8_.png
3270,154,https://cdn2.cellphones.com.vn/x/media/catalog/product/c/a/cap-anker-usb-a-to-c-work-with-carplay-a82g2_7_.png
3271,154,https://cellphones.com.vn/media/catalog/product/c/a/cap-anker-usb-a-to-c-work-with-carplay-a82g2_2__1.png
3272,154,https://cellphones.com.vn/media/catalog/product/c/a/cap-anker-usb-a-to-c-work-with-carplay-a82g2_1_.png
3273,154,https://cellphones.com.vn/media/catalog/product/c/a/cap-anker-usb-a-to-c-work-with-carplay-a82g2_2_.png
3274,154,https://cellphones.com.vn/media/catalog/product/c/a/cap-anker-usb-a-to-c-work-with-carplay-a82g2_3_.png
3275,154,https://cellphones.com.vn/media/catalog/product/c/a/cap-anker-usb-a-to-c-work-with-carplay-a82g2_4_.png
3276,154,https://cellphones.com.vn/media/catalog/product/c/a/cap-anker-usb-a-to-c-work-with-carplay-a82g2_5_.png
3277,154,https://cellphones.com.vn/media/catalog/product/c/a/cap-anker-usb-a-to-c-work-with-carplay-a82g2_6_.png
3278,154,https://cellphones.com.vn/media/catalog/product/c/a/cap-anker-usb-a-to-c-work-with-carplay-a82g2_8_.png
3279,154,https://cellphones.com.vn/media/catalog/product/c/a/cap-anker-usb-a-to-c-work-with-carplay-a82g2_7_.png
3280,155,https://cdn2.cellphones.com.vn/media/catalog/product/c/a/cap-baseus-3-in-1-usb-c-to-m-l-c-100w-1-5m_1_.png
3281,155,https://cdn2.cellphones.com.vn/x/media/catalog/product/c/a/cap-3-in-1-baseus-bright-mirror-2-series-retractable-3-5a-1-1m_2__4.png
3282,155,https://cdn2.cellphones.com.vn/x/media/catalog/product/c/a/cap-baseus-3-in-1-usb-c-to-m-l-c-100w-1-5m_2_.png
3283,155,https://cdn2.cellphones.com.vn/x/media/catalog/product/c/a/cap-baseus-3-in-1-usb-c-to-m-l-c-100w-1-5m_3_.png
3284,155,https://cdn2.cellphones.com.vn/x/media/catalog/product/c/a/cap-baseus-3-in-1-usb-c-to-m-l-c-100w-1-5m_4_.png
3285,155,https://cdn2.cellphones.com.vn/x/media/catalog/product/c/a/cap-baseus-3-in-1-usb-c-to-m-l-c-100w-1-5m_6_.png
3286,155,https://cdn2.cellphones.com.vn/x/media/catalog/product/c/a/cap-baseus-3-in-1-usb-c-to-m-l-c-100w-1-5m_5_.png
3287,155,https://cdn2.cellphones.com.vn/x/media/catalog/product/c/a/cap-baseus-3-in-1-usb-c-to-m-l-c-100w-1-5m_8_.png
3288,155,https://cdn2.cellphones.com.vn/x/media/catalog/product/c/a/cap-baseus-3-in-1-usb-c-to-m-l-c-100w-1-5m_7_.png
3289,155,https://cdn2.cellphones.com.vn/x/media/catalog/product/c/a/cap-baseus-3-in-1-usb-c-to-m-l-c-100w-1-5m_9_.png
3290,155,https://cdn2.cellphones.com.vn/x/media/catalog/product/c/a/cap-baseus-3-in-1-usb-c-to-m-l-c-100w-1-5m_10_.png
3291,155,https://cellphones.com.vn/media/catalog/product/c/a/cap-baseus-3-in-1-usb-c-to-m-l-c-100w-1-5m_4__1.png
3292,155,https://cellphones.com.vn/media/catalog/product/c/a/cap-baseus-3-in-1-usb-c-to-m-l-c-100w-1-5m_1_.png
3293,155,https://cellphones.com.vn/media/catalog/product/c/a/cap-3-in-1-baseus-bright-mirror-2-series-retractable-3-5a-1-1m_2__4.png
3294,155,https://cellphones.com.vn/media/catalog/product/c/a/cap-baseus-3-in-1-usb-c-to-m-l-c-100w-1-5m_2_.png
3295,155,https://cellphones.com.vn/media/catalog/product/c/a/cap-baseus-3-in-1-usb-c-to-m-l-c-100w-1-5m_3_.png
3296,155,https://cellphones.com.vn/media/catalog/product/c/a/cap-baseus-3-in-1-usb-c-to-m-l-c-100w-1-5m_4_.png
3297,155,https://cellphones.com.vn/media/catalog/product/c/a/cap-baseus-3-in-1-usb-c-to-m-l-c-100w-1-5m_6_.png
3298,155,https://cellphones.com.vn/media/catalog/product/c/a/cap-baseus-3-in-1-usb-c-to-m-l-c-100w-1-5m_5_.png
3299,155,https://cellphones.com.vn/media/catalog/product/c/a/cap-baseus-3-in-1-usb-c-to-m-l-c-100w-1-5m_8_.png
3300,155,https://cellphones.com.vn/media/catalog/product/c/a/cap-baseus-3-in-1-usb-c-to-m-l-c-100w-1-5m_7_.png
3301,155,https://cellphones.com.vn/media/catalog/product/c/a/cap-baseus-3-in-1-usb-c-to-m-l-c-100w-1-5m_9_.png
3302,155,https://cellphones.com.vn/media/catalog/product/c/a/cap-baseus-3-in-1-usb-c-to-m-l-c-100w-1-5m_10_.png
3303,156,https://cdn2.cellphones.com.vn/media/catalog/product/c/h/chan-de-dung-haiyuan-2-1m_1__2.png
3304,156,https://cdn2.cellphones.com.vn/x/media/catalog/product/c/h/chan-de-dung-haiyuan-2-1m_2__2.png
3305,156,https://cdn2.cellphones.com.vn/x/media/catalog/product/g/i/gia-do-dien-thoai-kiem-den-livestream-haiyuan-va-remote-10-inch-2_3_1.png
3306,156,https://cellphones.com.vn/media/catalog/product/c/h/chan-de-dung-haiyuan-2-1m-cu.jpg
3307,156,https://cellphones.com.vn/media/catalog/product/c/h/chan-de-dung-haiyuan-2-1m_1__2.png
3308,156,https://cellphones.com.vn/media/catalog/product/c/h/chan-de-dung-haiyuan-2-1m_2__2.png
3309,156,https://cellphones.com.vn/media/catalog/product/g/i/gia-do-dien-thoai-kiem-den-livestream-haiyuan-va-remote-10-inch-2_3_1.png
3310,157,https://cdn2.cellphones.com.vn/media/catalog/product/c/o/cong-otg-innostyle-nexalink-usb-a-to-wifi-awf6_1_.png
3311,157,https://cdn2.cellphones.com.vn/x/media/catalog/product/c/o/cong-otg-innostyle-nexalink-usb-a-to-wifi-awf6_2_.png
3312,157,https://cdn2.cellphones.com.vn/x/media/catalog/product/c/o/cong-otg-innostyle-nexalink-usb-a-to-wifi-awf6_3_.png
3313,157,https://cdn2.cellphones.com.vn/x/media/catalog/product/c/o/cong-otg-innostyle-nexalink-usb-a-to-wifi-awf6_4_.png
3314,157,https://cdn2.cellphones.com.vn/x/media/catalog/product/c/o/cong-otg-innostyle-nexalink-usb-a-to-wifi-awf6_5_.png
3315,157,https://cdn2.cellphones.com.vn/x/media/catalog/product/c/o/cong-otg-innostyle-nexalink-usb-a-to-wifi-awf6_6_.png
3316,157,https://cdn2.cellphones.com.vn/x/media/catalog/product/c/o/cong-otg-innostyle-nexalink-usb-a-to-wifi-awf6_7_.png
3317,157,https://cdn2.cellphones.com.vn/x/media/catalog/product/c/o/cong-otg-innostyle-nexalink-usb-a-to-wifi-awf6_8_.png
3318,157,https://cellphones.com.vn/media/catalog/product/c/o/cong-otg-innostyle-nexalink-usb-a-to-wifi-awf6_2__1.png
3319,157,https://cellphones.com.vn/media/catalog/product/c/o/cong-otg-innostyle-nexalink-usb-a-to-wifi-awf6_1_.png
3320,157,https://cellphones.com.vn/media/catalog/product/c/o/cong-otg-innostyle-nexalink-usb-a-to-wifi-awf6_2_.png
3321,157,https://cellphones.com.vn/media/catalog/product/c/o/cong-otg-innostyle-nexalink-usb-a-to-wifi-awf6_3_.png
3322,157,https://cellphones.com.vn/media/catalog/product/c/o/cong-otg-innostyle-nexalink-usb-a-to-wifi-awf6_4_.png
3323,157,https://cellphones.com.vn/media/catalog/product/c/o/cong-otg-innostyle-nexalink-usb-a-to-wifi-awf6_5_.png
3324,157,https://cellphones.com.vn/media/catalog/product/c/o/cong-otg-innostyle-nexalink-usb-a-to-wifi-awf6_6_.png
3325,157,https://cellphones.com.vn/media/catalog/product/c/o/cong-otg-innostyle-nexalink-usb-a-to-wifi-awf6_7_.png
3326,157,https://cellphones.com.vn/media/catalog/product/c/o/cong-otg-innostyle-nexalink-usb-a-to-wifi-awf6_8_.png
3327,158,https://cdn2.cellphones.com.vn/media/catalog/product/c/o/cong-otg-innostyle-nexalink-usb-c-usb-a-to-sd-tf-card-reader-st3_1_.png
3328,158,https://cdn2.cellphones.com.vn/x/media/catalog/product/c/o/cong-otg-innostyle-nexalink-usb-c-usb-a-to-sd-tf-card-reader-st3_2_.png
3329,158,https://cdn2.cellphones.com.vn/x/media/catalog/product/c/o/cong-otg-innostyle-nexalink-usb-c-usb-a-to-sd-tf-card-reader-st3_3_.png
3330,158,https://cdn2.cellphones.com.vn/x/media/catalog/product/c/o/cong-otg-innostyle-nexalink-usb-c-usb-a-to-sd-tf-card-reader-st3_4_.png
3331,158,https://cdn2.cellphones.com.vn/x/media/catalog/product/c/o/cong-otg-innostyle-nexalink-usb-c-usb-a-to-sd-tf-card-reader-st3_6_.png
3332,158,https://cdn2.cellphones.com.vn/x/media/catalog/product/c/o/cong-otg-innostyle-nexalink-usb-c-usb-a-to-sd-tf-card-reader-st3_5_.png
3333,158,https://cellphones.com.vn/media/catalog/product/i/m/image_1774409194988.jpg
3334,158,https://cellphones.com.vn/media/catalog/product/c/o/cong-otg-innostyle-nexalink-usb-c-usb-a-to-sd-tf-card-reader-st3_1_.png
3335,158,https://cellphones.com.vn/media/catalog/product/c/o/cong-otg-innostyle-nexalink-usb-c-usb-a-to-sd-tf-card-reader-st3_2_.png
3336,158,https://cellphones.com.vn/media/catalog/product/c/o/cong-otg-innostyle-nexalink-usb-c-usb-a-to-sd-tf-card-reader-st3_3_.png
3337,158,https://cellphones.com.vn/media/catalog/product/c/o/cong-otg-innostyle-nexalink-usb-c-usb-a-to-sd-tf-card-reader-st3_4_.png
3338,158,https://cellphones.com.vn/media/catalog/product/c/o/cong-otg-innostyle-nexalink-usb-c-usb-a-to-sd-tf-card-reader-st3_6_.png
3339,158,https://cellphones.com.vn/media/catalog/product/c/o/cong-otg-innostyle-nexalink-usb-c-usb-a-to-sd-tf-card-reader-st3_5_.png
3340,159,https://cdn2.cellphones.com.vn/media/catalog/product/d/i/dien-thoai-meizu-mblu-22_2.png
3341,159,https://cdn2.cellphones.com.vn/x/media/catalog/product/d/i/dien-thoai-meizu-mblu-22_2.png
3342,159,https://cdn2.cellphones.com.vn/x/media/catalog/product/d/i/dien-thoai-meizu-mblu-22-1_3.jpg
3343,159,https://cdn2.cellphones.com.vn/x/media/catalog/product/d/i/dien-thoai-meizu-mblu-22_3.jpg
3344,159,https://cdn2.cellphones.com.vn/x/media/catalog/product/d/i/dien-thoai-meizu-mblu-22-7_2.jpg
3345,159,https://cdn2.cellphones.com.vn/x/media/catalog/product/d/i/dien-thoai-meizu-mblu-22-8_2.jpg
3346,159,https://cdn2.cellphones.com.vn/x/media/catalog/product/d/i/dien-thoai-meizu-mblu-22-5_2.jpg
3347,159,https://cdn2.cellphones.com.vn/x/media/catalog/product/d/i/dien-thoai-meizu-mblu-22-6_2.jpg
3348,159,https://cdn2.cellphones.com.vn/x/media/catalog/product/d/i/dien-thoai-meizu-mblu-22-3_2.jpg
3349,159,https://cdn2.cellphones.com.vn/x/media/catalog/product/d/i/dien-thoai-meizu-mblu-22-4_2.jpg
3350,159,https://cdn2.cellphones.com.vn/x/media/catalog/product/d/i/dien-thoai-meizu-mblu-22-9_2.jpg
3351,159,https://cellphones.com.vn/media/catalog/product/d/i/dien-thoai-meizu-mblu-22-cu-dep_1.jpg
3352,159,https://cellphones.com.vn/media/catalog/product/d/i/dien-thoai-meizu-mblu-22-cu-dep.jpg
3353,159,https://cellphones.com.vn/media/catalog/product/d/i/dien-thoai-meizu-mblu-22_2.png
3354,159,https://cellphones.com.vn/media/catalog/product/d/i/dien-thoai-meizu-mblu-22-1_3.jpg
3355,159,https://cellphones.com.vn/media/catalog/product/d/i/dien-thoai-meizu-mblu-22_3.jpg
3356,159,https://cellphones.com.vn/media/catalog/product/d/i/dien-thoai-meizu-mblu-22-7_2.jpg
3357,159,https://cellphones.com.vn/media/catalog/product/d/i/dien-thoai-meizu-mblu-22-8_2.jpg
3358,159,https://cellphones.com.vn/media/catalog/product/d/i/dien-thoai-meizu-mblu-22-5_2.jpg
3359,159,https://cellphones.com.vn/media/catalog/product/d/i/dien-thoai-meizu-mblu-22-6_2.jpg
3360,159,https://cellphones.com.vn/media/catalog/product/d/i/dien-thoai-meizu-mblu-22-3_2.jpg
3361,159,https://cellphones.com.vn/media/catalog/product/d/i/dien-thoai-meizu-mblu-22-4_2.jpg
3362,159,https://cellphones.com.vn/media/catalog/product/d/i/dien-thoai-meizu-mblu-22-9_2.jpg
3363,160,https://cdn2.cellphones.com.vn/media/catalog/product/r/e/redmi-note-15-series-1_3_4.jpg
3364,160,https://cdn2.cellphones.com.vn/x/media/catalog/product/r/e/redmi-note-15-series-1_3_4.jpg
3365,160,https://cdn2.cellphones.com.vn/x/media/catalog/product/r/e/redmi-note-15-series_3_4.jpg
3366,160,https://cdn2.cellphones.com.vn/x/media/catalog/product/r/e/redmi-note-15-series-2_3_4.jpg
3367,160,https://cdn2.cellphones.com.vn/x/media/catalog/product/r/e/redmi-note-15_2_4.jpg
3368,160,https://cdn2.cellphones.com.vn/x/media/catalog/product/r/e/redmi-note-15-1_4.jpg
3369,160,https://cdn2.cellphones.com.vn/x/media/catalog/product/r/e/redmi-note-15-2_4.jpg
3370,160,https://cdn2.cellphones.com.vn/x/media/catalog/product/r/e/redmi-note-15-3_4.jpg
3371,160,https://cdn2.cellphones.com.vn/x/media/catalog/product/r/e/redmi-note-15-4_4.jpg
3372,160,https://cdn2.cellphones.com.vn/x/media/catalog/product/r/e/redmi-note-15-5_4.jpg
3373,160,https://cdn2.cellphones.com.vn/x/media/catalog/product/r/e/redmi-note-15-6_4.jpg
3374,160,https://cdn2.cellphones.com.vn/x/media/catalog/product/r/e/redmi-note-15-7_4.jpg
3375,160,https://cdn2.cellphones.com.vn/x/media/catalog/product/r/e/redmi-note-15-8_4.jpg
3376,160,https://cdn2.cellphones.com.vn/x/media/catalog/product/r/e/redmi-note-15-9_4.jpg
3377,160,https://cdn2.cellphones.com.vn/x/media/catalog/product/r/e/redmi-note-15-10_4.jpg
3378,160,https://cdn2.cellphones.com.vn/x/media/catalog/product/r/e/redmi-note-15-11_5.jpg
3379,160,https://cdn2.cellphones.com.vn/x/media/catalog/product/r/e/redmi-note-15-12_4.jpg
3380,160,https://cdn2.cellphones.com.vn/x/media/catalog/product/r/e/redmi-note-15-13_4.jpg
3381,160,https://cdn2.cellphones.com.vn/x/media/catalog/product/r/e/redmi-note-15-14_4.jpg
3382,160,https://cdn2.cellphones.com.vn/x/media/catalog/product/r/e/redmi-note-15-16_4.jpg
3383,160,https://cdn2.cellphones.com.vn/x/media/catalog/product/r/e/redmi-note-15-15_4.jpg
3384,160,https://cdn2.cellphones.com.vn/x/media/catalog/product/r/e/redmi-note-15-17_4.jpg
3385,160,https://cdn2.cellphones.com.vn/x/media/catalog/product/r/e/redmi-note-15-19_4.jpg
3386,160,https://cdn2.cellphones.com.vn/x/media/catalog/product/r/e/redmi-note-15-18_4.jpg
3387,160,https://cdn2.cellphones.com.vn/x/media/catalog/product/r/e/redmi-note-15-20_4.jpg
3388,160,https://cdn2.cellphones.com.vn/x/media/catalog/product/r/e/redmi-note-15-21_4.jpg
3389,160,https://cdn2.cellphones.com.vn/x/media/catalog/product/r/e/redmi-note-15-22_5.jpg
3390,160,https://cdn2.cellphones.com.vn/x/media/catalog/product/r/e/redmi-note-15-23_4.jpg
3391,160,https://cdn2.cellphones.com.vn/x/media/catalog/product/r/e/redmi-note-15-24_4.jpg
3392,160,https://cdn2.cellphones.com.vn/x/media/catalog/product/r/e/redmi-note-15-25_4.jpg
3393,160,https://cdn2.cellphones.com.vn/x/media/catalog/product/r/e/redmi-note-15-26_4.jpg
3394,160,https://cdn2.cellphones.com.vn/x/media/catalog/product/r/e/redmi-note-15-27_4.jpg
3395,160,https://cdn2.cellphones.com.vn/x/media/catalog/product/r/e/redmi-note-15-28_4.jpg
3396,160,https://cdn2.cellphones.com.vn/x/media/catalog/product/r/e/redmi-note-15-29_4.jpg
3397,160,https://cdn2.cellphones.com.vn/x/media/catalog/product/r/e/redmi-note-15-30_4.jpg
3398,160,https://cdn2.cellphones.com.vn/x/media/catalog/product/r/e/redmi-note-15-31_4.jpg
3399,160,https://cdn2.cellphones.com.vn/x/media/catalog/product/r/e/redmi-note-15-32_4.jpg
3400,160,https://cellphones.com.vn/media/catalog/product/d/i/dien-thoai-xiaomi-redmi-note-15-8gb-128gb-cu-dep.jpg
3401,160,https://cellphones.com.vn/media/catalog/product/r/e/redmi-note-15-series-1_3_4.jpg
3402,160,https://cellphones.com.vn/media/catalog/product/r/e/redmi-note-15-series_3_4.jpg
3403,160,https://cellphones.com.vn/media/catalog/product/r/e/redmi-note-15-series-2_3_4.jpg
3404,160,https://cellphones.com.vn/media/catalog/product/r/e/redmi-note-15_2_4.jpg
3405,160,https://cellphones.com.vn/media/catalog/product/r/e/redmi-note-15-1_4.jpg
3406,160,https://cellphones.com.vn/media/catalog/product/r/e/redmi-note-15-2_4.jpg
3407,160,https://cellphones.com.vn/media/catalog/product/r/e/redmi-note-15-3_4.jpg
3408,160,https://cellphones.com.vn/media/catalog/product/r/e/redmi-note-15-4_4.jpg
3409,160,https://cellphones.com.vn/media/catalog/product/r/e/redmi-note-15-5_4.jpg
3410,160,https://cellphones.com.vn/media/catalog/product/r/e/redmi-note-15-6_4.jpg
3411,160,https://cellphones.com.vn/media/catalog/product/r/e/redmi-note-15-7_4.jpg
3412,160,https://cellphones.com.vn/media/catalog/product/r/e/redmi-note-15-8_4.jpg
3413,160,https://cellphones.com.vn/media/catalog/product/r/e/redmi-note-15-9_4.jpg
3414,160,https://cellphones.com.vn/media/catalog/product/r/e/redmi-note-15-10_4.jpg
3415,160,https://cellphones.com.vn/media/catalog/product/r/e/redmi-note-15-11_5.jpg
3416,160,https://cellphones.com.vn/media/catalog/product/r/e/redmi-note-15-12_4.jpg
3417,160,https://cellphones.com.vn/media/catalog/product/r/e/redmi-note-15-13_4.jpg
3418,160,https://cellphones.com.vn/media/catalog/product/r/e/redmi-note-15-14_4.jpg
3419,160,https://cellphones.com.vn/media/catalog/product/r/e/redmi-note-15-16_4.jpg
3420,160,https://cellphones.com.vn/media/catalog/product/r/e/redmi-note-15-15_4.jpg
3421,160,https://cellphones.com.vn/media/catalog/product/r/e/redmi-note-15-17_4.jpg
3422,160,https://cellphones.com.vn/media/catalog/product/r/e/redmi-note-15-19_4.jpg
3423,160,https://cellphones.com.vn/media/catalog/product/r/e/redmi-note-15-18_4.jpg
3424,160,https://cellphones.com.vn/media/catalog/product/r/e/redmi-note-15-20_4.jpg
3425,160,https://cellphones.com.vn/media/catalog/product/r/e/redmi-note-15-21_4.jpg
3426,160,https://cellphones.com.vn/media/catalog/product/r/e/redmi-note-15-22_5.jpg
3427,160,https://cellphones.com.vn/media/catalog/product/r/e/redmi-note-15-23_4.jpg
3428,160,https://cellphones.com.vn/media/catalog/product/r/e/redmi-note-15-24_4.jpg
3429,160,https://cellphones.com.vn/media/catalog/product/r/e/redmi-note-15-25_4.jpg
3430,160,https://cellphones.com.vn/media/catalog/product/r/e/redmi-note-15-26_4.jpg
3431,160,https://cellphones.com.vn/media/catalog/product/r/e/redmi-note-15-27_4.jpg
3432,160,https://cellphones.com.vn/media/catalog/product/r/e/redmi-note-15-28_4.jpg
3433,160,https://cellphones.com.vn/media/catalog/product/r/e/redmi-note-15-29_4.jpg
3434,160,https://cellphones.com.vn/media/catalog/product/r/e/redmi-note-15-30_4.jpg
3435,160,https://cellphones.com.vn/media/catalog/product/r/e/redmi-note-15-31_4.jpg
3436,160,https://cellphones.com.vn/media/catalog/product/r/e/redmi-note-15-32_4.jpg
3437,161,https://cdn2.cellphones.com.vn/media/catalog/product/d/i/dien-thoai-xiaomi-redmi-note-15-pro-5g-vang_2.jpg
3438,161,https://cdn2.cellphones.com.vn/x/media/catalog/product/s/l/slider-xiaomi-redmi-note-15-pro-5g-12gb-256gb_2.jpg
3439,161,https://cdn2.cellphones.com.vn/x/media/catalog/product/s/l/slider-xiaomi-redmi-note-15-pro-5g-12gb-256gb-1_2.jpg
3440,161,https://cdn2.cellphones.com.vn/x/media/catalog/product/s/l/slider-xiaomi-redmi-note-15-pro-5g-12gb-256gb-2_2.jpg
3441,161,https://cdn2.cellphones.com.vn/x/media/catalog/product/s/l/slider-xiaomi-redmi-note-15-pro-5g-12gb-256gb-3_2.jpg
3442,161,https://cdn2.cellphones.com.vn/x/media/catalog/product/s/l/slider-xiaomi-redmi-note-15-pro-5g-12gb-256gb-4_2.jpg
3443,161,https://cdn2.cellphones.com.vn/x/media/catalog/product/d/i/dien-thoai-xiaomi-redmi-note-15-pro-5g-vang_2.jpg
3444,161,https://cdn2.cellphones.com.vn/x/media/catalog/product/d/i/dien-thoai-xiaomi-redmi-note-15-pro-5g-den_2.jpg
3445,161,https://cdn2.cellphones.com.vn/x/media/catalog/product/d/i/dien-thoai-xiaomi-redmi-note-15-pro-5g-tim_2.jpg
3446,161,https://cdn2.cellphones.com.vn/x/media/catalog/product/d/i/dien-thoai-xiaomi-redmi-note-15-pro-5g-vang-2_2.jpg
3447,161,https://cdn2.cellphones.com.vn/x/media/catalog/product/d/i/dien-thoai-xiaomi-redmi-note-15-pro-5g-vang-3_2.jpg
3448,161,https://cdn2.cellphones.com.vn/x/media/catalog/product/d/i/dien-thoai-xiaomi-redmi-note-15-pro-5g-vang-4_2.jpg
3449,161,https://cdn2.cellphones.com.vn/x/media/catalog/product/d/i/dien-thoai-xiaomi-redmi-note-15-pro-5g-vang-5_2.jpg
3450,161,https://cdn2.cellphones.com.vn/x/media/catalog/product/d/i/dien-thoai-xiaomi-redmi-note-15-pro-5g-vang-6_2.jpg
3451,161,https://cdn2.cellphones.com.vn/x/media/catalog/product/d/i/dien-thoai-xiaomi-redmi-note-15-pro-5g-vang-7_2.jpg
3452,161,https://cdn2.cellphones.com.vn/x/media/catalog/product/d/i/dien-thoai-xiaomi-redmi-note-15-pro-5g-vang-8_2.jpg
3453,161,https://cdn2.cellphones.com.vn/x/media/catalog/product/d/i/dien-thoai-xiaomi-redmi-note-15-pro-5g-vang-9_2.jpg
3454,161,https://cdn2.cellphones.com.vn/x/media/catalog/product/d/i/dien-thoai-xiaomi-redmi-note-15-pro-5g-tim-1_2.jpg
3455,161,https://cdn2.cellphones.com.vn/x/media/catalog/product/d/i/dien-thoai-xiaomi-redmi-note-15-pro-5g-tim-2_2.jpg
3456,161,https://cdn2.cellphones.com.vn/x/media/catalog/product/d/i/dien-thoai-xiaomi-redmi-note-15-pro-5g-tim-3_2.jpg
3457,161,https://cdn2.cellphones.com.vn/x/media/catalog/product/d/i/dien-thoai-xiaomi-redmi-note-15-pro-5g-tim-4_2.jpg
3458,161,https://cdn2.cellphones.com.vn/x/media/catalog/product/d/i/dien-thoai-xiaomi-redmi-note-15-pro-5g-tim-5_2.jpg
3459,161,https://cdn2.cellphones.com.vn/x/media/catalog/product/d/i/dien-thoai-xiaomi-redmi-note-15-pro-5g-tim-6_2.jpg
3460,161,https://cdn2.cellphones.com.vn/x/media/catalog/product/d/i/dien-thoai-xiaomi-redmi-note-15-pro-5g-tim-7_2.jpg
3461,161,https://cdn2.cellphones.com.vn/x/media/catalog/product/d/i/dien-thoai-xiaomi-redmi-note-15-pro-5g-tim-8_2.jpg
3462,161,https://cdn2.cellphones.com.vn/x/media/catalog/product/d/i/dien-thoai-xiaomi-redmi-note-15-pro-5g-tim-9_2.jpg
3463,161,https://cdn2.cellphones.com.vn/x/media/catalog/product/d/i/dien-thoai-xiaomi-redmi-note-15-pro-5g-den-1_2.jpg
3464,161,https://cdn2.cellphones.com.vn/x/media/catalog/product/d/i/dien-thoai-xiaomi-redmi-note-15-pro-5g-den-2_2.jpg
3465,161,https://cdn2.cellphones.com.vn/x/media/catalog/product/d/i/dien-thoai-xiaomi-redmi-note-15-pro-5g-den-3_2.jpg
3466,161,https://cdn2.cellphones.com.vn/x/media/catalog/product/d/i/dien-thoai-xiaomi-redmi-note-15-pro-5g-den-4_2.jpg
3467,161,https://cdn2.cellphones.com.vn/x/media/catalog/product/d/i/dien-thoai-xiaomi-redmi-note-15-pro-5g-den-5_2.jpg
3468,161,https://cdn2.cellphones.com.vn/x/media/catalog/product/d/i/dien-thoai-xiaomi-redmi-note-15-pro-5g-den-6_2.jpg
3469,161,https://cdn2.cellphones.com.vn/x/media/catalog/product/d/i/dien-thoai-xiaomi-redmi-note-15-pro-5g-den-7_2.jpg
3470,161,https://cdn2.cellphones.com.vn/x/media/catalog/product/d/i/dien-thoai-xiaomi-redmi-note-15-pro-5g-den-8_2.jpg
3471,161,https://cdn2.cellphones.com.vn/x/media/catalog/product/d/i/dien-thoai-xiaomi-redmi-note-15-pro-5g-den-9_2.jpg
3472,161,https://cdn2.cellphones.com.vn/x/media/catalog/product/d/i/dien-thoai-xiaomi-redmi-note-15-pro-5g-vang-1_2.jpg
3473,161,https://cellphones.com.vn/media/catalog/product/d/i/dien-thoai-xiaomi-redmi-note-15-pro-5g-cu-da-kich-hoat.jpg
3474,161,https://cellphones.com.vn/media/catalog/product/d/i/dien-thoai-xiaomi-redmi-note-15-pro-5g-vang_2.jpg
3475,161,https://cellphones.com.vn/media/catalog/product/s/l/slider-xiaomi-redmi-note-15-pro-5g-12gb-256gb_2.jpg
3476,161,https://cellphones.com.vn/media/catalog/product/s/l/slider-xiaomi-redmi-note-15-pro-5g-12gb-256gb-1_2.jpg
3477,161,https://cellphones.com.vn/media/catalog/product/s/l/slider-xiaomi-redmi-note-15-pro-5g-12gb-256gb-2_2.jpg
3478,161,https://cellphones.com.vn/media/catalog/product/s/l/slider-xiaomi-redmi-note-15-pro-5g-12gb-256gb-3_2.jpg
3479,161,https://cellphones.com.vn/media/catalog/product/s/l/slider-xiaomi-redmi-note-15-pro-5g-12gb-256gb-4_2.jpg
3480,161,https://cellphones.com.vn/media/catalog/product/d/i/dien-thoai-xiaomi-redmi-note-15-pro-5g-den_2.jpg
3481,161,https://cellphones.com.vn/media/catalog/product/d/i/dien-thoai-xiaomi-redmi-note-15-pro-5g-tim_2.jpg
3482,161,https://cellphones.com.vn/media/catalog/product/d/i/dien-thoai-xiaomi-redmi-note-15-pro-5g-vang-2_2.jpg
3483,161,https://cellphones.com.vn/media/catalog/product/d/i/dien-thoai-xiaomi-redmi-note-15-pro-5g-vang-3_2.jpg
3484,161,https://cellphones.com.vn/media/catalog/product/d/i/dien-thoai-xiaomi-redmi-note-15-pro-5g-vang-4_2.jpg
3485,161,https://cellphones.com.vn/media/catalog/product/d/i/dien-thoai-xiaomi-redmi-note-15-pro-5g-vang-5_2.jpg
3486,161,https://cellphones.com.vn/media/catalog/product/d/i/dien-thoai-xiaomi-redmi-note-15-pro-5g-vang-6_2.jpg
3487,161,https://cellphones.com.vn/media/catalog/product/d/i/dien-thoai-xiaomi-redmi-note-15-pro-5g-vang-7_2.jpg
3488,161,https://cellphones.com.vn/media/catalog/product/d/i/dien-thoai-xiaomi-redmi-note-15-pro-5g-vang-8_2.jpg
3489,161,https://cellphones.com.vn/media/catalog/product/d/i/dien-thoai-xiaomi-redmi-note-15-pro-5g-vang-9_2.jpg
3490,161,https://cellphones.com.vn/media/catalog/product/d/i/dien-thoai-xiaomi-redmi-note-15-pro-5g-tim-1_2.jpg
3491,161,https://cellphones.com.vn/media/catalog/product/d/i/dien-thoai-xiaomi-redmi-note-15-pro-5g-tim-2_2.jpg
3492,161,https://cellphones.com.vn/media/catalog/product/d/i/dien-thoai-xiaomi-redmi-note-15-pro-5g-tim-3_2.jpg
3493,161,https://cellphones.com.vn/media/catalog/product/d/i/dien-thoai-xiaomi-redmi-note-15-pro-5g-tim-4_2.jpg
3494,161,https://cellphones.com.vn/media/catalog/product/d/i/dien-thoai-xiaomi-redmi-note-15-pro-5g-tim-5_2.jpg
3495,161,https://cellphones.com.vn/media/catalog/product/d/i/dien-thoai-xiaomi-redmi-note-15-pro-5g-tim-6_2.jpg
3496,161,https://cellphones.com.vn/media/catalog/product/d/i/dien-thoai-xiaomi-redmi-note-15-pro-5g-tim-7_2.jpg
3497,161,https://cellphones.com.vn/media/catalog/product/d/i/dien-thoai-xiaomi-redmi-note-15-pro-5g-tim-8_2.jpg
3498,161,https://cellphones.com.vn/media/catalog/product/d/i/dien-thoai-xiaomi-redmi-note-15-pro-5g-tim-9_2.jpg
3499,161,https://cellphones.com.vn/media/catalog/product/d/i/dien-thoai-xiaomi-redmi-note-15-pro-5g-den-1_2.jpg
3500,161,https://cellphones.com.vn/media/catalog/product/d/i/dien-thoai-xiaomi-redmi-note-15-pro-5g-den-2_2.jpg
3501,161,https://cellphones.com.vn/media/catalog/product/d/i/dien-thoai-xiaomi-redmi-note-15-pro-5g-den-3_2.jpg
3502,161,https://cellphones.com.vn/media/catalog/product/d/i/dien-thoai-xiaomi-redmi-note-15-pro-5g-den-4_2.jpg
3503,161,https://cellphones.com.vn/media/catalog/product/d/i/dien-thoai-xiaomi-redmi-note-15-pro-5g-den-5_2.jpg
3504,161,https://cellphones.com.vn/media/catalog/product/d/i/dien-thoai-xiaomi-redmi-note-15-pro-5g-den-6_2.jpg
3505,161,https://cellphones.com.vn/media/catalog/product/d/i/dien-thoai-xiaomi-redmi-note-15-pro-5g-den-7_2.jpg
3506,161,https://cellphones.com.vn/media/catalog/product/d/i/dien-thoai-xiaomi-redmi-note-15-pro-5g-den-8_2.jpg
3507,161,https://cellphones.com.vn/media/catalog/product/d/i/dien-thoai-xiaomi-redmi-note-15-pro-5g-den-9_2.jpg
3508,161,https://cellphones.com.vn/media/catalog/product/d/i/dien-thoai-xiaomi-redmi-note-15-pro-5g-vang-1_2.jpg
3509,162,https://cdn2.cellphones.com.vn/media/catalog/product/a/m/amazfit_2_21.png
3510,162,https://cdn2.cellphones.com.vn/x/media/catalog/product/d/h/dh_4__1_19.png
3511,162,https://cdn2.cellphones.com.vn/x/media/catalog/product/d/h/dh_3__19.png
3512,162,https://cdn2.cellphones.com.vn/x/media/catalog/product/d/h/dhnn_2_.png
3513,162,https://cdn2.cellphones.com.vn/x/media/catalog/product/d/h/dhnn_6_.png
3514,162,https://cdn2.cellphones.com.vn/x/media/catalog/product/d/h/dhnn_9_.png
3515,162,https://cdn2.cellphones.com.vn/x/media/catalog/product/d/h/dhnn_8_.png
3516,162,https://cdn2.cellphones.com.vn/x/media/catalog/product/d/h/dh_2__25.png
3517,162,https://cdn2.cellphones.com.vn/x/media/catalog/product/d/h/dh_30.png
3518,162,https://cdn2.cellphones.com.vn/x/media/catalog/product/d/h/dhnn_1_.png
3519,162,https://cdn2.cellphones.com.vn/x/media/catalog/product/d/h/dhnn_5_.png
3520,162,https://cdn2.cellphones.com.vn/x/media/catalog/product/d/h/dhnn_10_.png
3521,162,https://cdn2.cellphones.com.vn/x/media/catalog/product/d/h/dh_5__20.png
3522,162,https://cdn2.cellphones.com.vn/x/media/catalog/product/d/h/dh_1__24.png
3523,162,https://cdn2.cellphones.com.vn/x/media/catalog/product/d/h/dhnn.png
3524,162,https://cdn2.cellphones.com.vn/x/media/catalog/product/d/h/dhnn_3_.png
3525,162,https://cdn2.cellphones.com.vn/x/media/catalog/product/d/h/dhnn_4_.png
3526,162,https://cdn2.cellphones.com.vn/x/media/catalog/product/d/h/dhnn_7_.png
3527,162,https://cdn2.cellphones.com.vn/x/media/catalog/product/d/h/dhnn_12_.png
3528,162,https://cdn2.cellphones.com.vn/x/media/catalog/product/t/e/text_ng_n_16__6_315.png
3529,162,https://cdn2.cellphones.com.vn/x/media/catalog/product/t/e/text_ng_n_13__8_217.png
3530,162,https://cdn2.cellphones.com.vn/x/media/catalog/product/i/m/image_52_3.png
3531,162,https://cdn2.cellphones.com.vn/x/media/catalog/product/t/e/text_ng_n_12__8_252.png
3532,162,https://cdn2.cellphones.com.vn/x/media/catalog/product/t/e/text_ng_n_11__7_298.png
3533,162,https://cdn2.cellphones.com.vn/x/media/catalog/product/t/e/text_ng_n_10__6_72.png
3534,162,https://cdn2.cellphones.com.vn/x/media/catalog/product/t/e/text_ng_n_9__11_19.png
3535,162,https://cdn2.cellphones.com.vn/x/media/catalog/product/t/e/text_ng_n_8__11_27.png
3536,162,https://cdn2.cellphones.com.vn/x/media/catalog/product/t/e/text_ng_n_7__7_33.png
3537,162,https://cdn2.cellphones.com.vn/x/media/catalog/product/t/e/text_ng_n_6__7_38.png
3538,162,https://cdn2.cellphones.com.vn/x/media/catalog/product/t/e/text_ng_n_5__12_47.png
3539,162,https://cdn2.cellphones.com.vn/x/media/catalog/product/t/e/text_ng_n_4__10_52.png
3540,162,https://cdn2.cellphones.com.vn/x/media/catalog/product/t/e/text_ng_n_3__10_59.png
3541,162,https://cdn2.cellphones.com.vn/x/media/catalog/product/t/e/text_ng_n_2__13_87.png
3542,162,https://cdn2.cellphones.com.vn/x/media/catalog/product/t/e/text_ng_n_1__9_172.png
3543,162,https://cdn2.cellphones.com.vn/x/media/catalog/product/t/e/text_ng_n_16_18.png
3544,162,https://cellphones.com.vn/media/catalog/product/d/h/dh_4__1_20.png
3545,162,https://cellphones.com.vn/media/catalog/product/d/h/dh_31.png
3546,162,https://cellphones.com.vn/media/catalog/product/d/h/dh_1__25.png
3547,162,https://cellphones.com.vn/media/catalog/product/a/m/amazfit_2_21.png
3548,162,https://cellphones.com.vn/media/catalog/product/d/h/dh_4__1_19.png
3549,162,https://cellphones.com.vn/media/catalog/product/d/h/dh_3__19.png
3550,162,https://cellphones.com.vn/media/catalog/product/d/h/dhnn_2_.png
3551,162,https://cellphones.com.vn/media/catalog/product/d/h/dhnn_6_.png
3552,162,https://cellphones.com.vn/media/catalog/product/d/h/dhnn_9_.png
3553,162,https://cellphones.com.vn/media/catalog/product/d/h/dhnn_8_.png
3554,162,https://cellphones.com.vn/media/catalog/product/d/h/dh_2__25.png
3555,162,https://cellphones.com.vn/media/catalog/product/d/h/dh_30.png
3556,162,https://cellphones.com.vn/media/catalog/product/d/h/dhnn_1_.png
3557,162,https://cellphones.com.vn/media/catalog/product/d/h/dhnn_5_.png
3558,162,https://cellphones.com.vn/media/catalog/product/d/h/dhnn_10_.png
3559,162,https://cellphones.com.vn/media/catalog/product/d/h/dh_5__20.png
3560,162,https://cellphones.com.vn/media/catalog/product/d/h/dh_1__24.png
3561,162,https://cellphones.com.vn/media/catalog/product/d/h/dhnn.png
3562,162,https://cellphones.com.vn/media/catalog/product/d/h/dhnn_3_.png
3563,162,https://cellphones.com.vn/media/catalog/product/d/h/dhnn_4_.png
3564,162,https://cellphones.com.vn/media/catalog/product/d/h/dhnn_7_.png
3565,162,https://cellphones.com.vn/media/catalog/product/d/h/dhnn_12_.png
3566,162,https://cellphones.com.vn/media/catalog/product/t/e/text_ng_n_16__6_315.png
3567,162,https://cellphones.com.vn/media/catalog/product/t/e/text_ng_n_13__8_217.png
3568,162,https://cellphones.com.vn/media/catalog/product/i/m/image_52_3.png
3569,162,https://cellphones.com.vn/media/catalog/product/t/e/text_ng_n_12__8_252.png
3570,162,https://cellphones.com.vn/media/catalog/product/t/e/text_ng_n_11__7_298.png
3571,162,https://cellphones.com.vn/media/catalog/product/t/e/text_ng_n_10__6_72.png
3572,162,https://cellphones.com.vn/media/catalog/product/t/e/text_ng_n_9__11_19.png
3573,162,https://cellphones.com.vn/media/catalog/product/t/e/text_ng_n_8__11_27.png
3574,162,https://cellphones.com.vn/media/catalog/product/t/e/text_ng_n_7__7_33.png
3575,162,https://cellphones.com.vn/media/catalog/product/t/e/text_ng_n_6__7_38.png
3576,162,https://cellphones.com.vn/media/catalog/product/t/e/text_ng_n_5__12_47.png
3577,162,https://cellphones.com.vn/media/catalog/product/t/e/text_ng_n_4__10_52.png
3578,162,https://cellphones.com.vn/media/catalog/product/t/e/text_ng_n_3__10_59.png
3579,162,https://cellphones.com.vn/media/catalog/product/t/e/text_ng_n_2__13_87.png
3580,162,https://cellphones.com.vn/media/catalog/product/t/e/text_ng_n_1__9_172.png
3581,162,https://cellphones.com.vn/media/catalog/product/t/e/text_ng_n_16_18.png
3582,163,https://cdn2.cellphones.com.vn/media/catalog/product/a/p/apple_lte_3_58.png
3583,163,https://cdn2.cellphones.com.vn/x/media/catalog/product/d/h/dh_28.png
3584,163,https://cdn2.cellphones.com.vn/x/media/catalog/product/d/h/dh_1__23.png
3585,163,https://cdn2.cellphones.com.vn/x/media/catalog/product/d/h/dh_2__24.png
3586,163,https://cdn2.cellphones.com.vn/x/media/catalog/product/d/h/dh_3__18.png
3587,163,https://cdn2.cellphones.com.vn/x/media/catalog/product/d/h/dh_4__1_18.png
3588,163,https://cdn2.cellphones.com.vn/x/media/catalog/product/d/h/dh_5__18.png
3589,163,https://cdn2.cellphones.com.vn/x/media/catalog/product/d/h/dh_6__1_14.png
3590,163,https://cdn2.cellphones.com.vn/x/media/catalog/product/d/h/dh_9__10.png
3591,163,https://cdn2.cellphones.com.vn/x/media/catalog/product/d/h/dh_8__10.png
3592,163,https://cdn2.cellphones.com.vn/x/media/catalog/product/d/h/dh_7__11.png
3593,163,https://cdn2.cellphones.com.vn/x/media/catalog/product/d/h/dh_11__7.png
3594,163,https://cdn2.cellphones.com.vn/x/media/catalog/product/d/h/dh_10__9.png
3595,163,https://cdn2.cellphones.com.vn/x/media/catalog/product/d/h/dh_12__5.png
3596,163,https://cdn2.cellphones.com.vn/x/media/catalog/product/d/h/dh_13__6.png
3597,163,https://cdn2.cellphones.com.vn/x/media/catalog/product/d/h/dh_14__5.png
3598,163,https://cellphones.com.vn/media/catalog/product/d/h/dh_29.png
3599,163,https://cellphones.com.vn/media/catalog/product/d/h/dh_10__10.png
3600,163,https://cellphones.com.vn/media/catalog/product/d/h/dh_5__19.png
3601,163,https://cellphones.com.vn/media/catalog/product/a/p/apple_lte_3_58.png
3602,163,https://cellphones.com.vn/media/catalog/product/d/h/dh_28.png
3603,163,https://cellphones.com.vn/media/catalog/product/d/h/dh_1__23.png
3604,163,https://cellphones.com.vn/media/catalog/product/d/h/dh_2__24.png
3605,163,https://cellphones.com.vn/media/catalog/product/d/h/dh_3__18.png
3606,163,https://cellphones.com.vn/media/catalog/product/d/h/dh_4__1_18.png
3607,163,https://cellphones.com.vn/media/catalog/product/d/h/dh_5__18.png
3608,163,https://cellphones.com.vn/media/catalog/product/d/h/dh_6__1_14.png
3609,163,https://cellphones.com.vn/media/catalog/product/d/h/dh_9__10.png
3610,163,https://cellphones.com.vn/media/catalog/product/d/h/dh_8__10.png
3611,163,https://cellphones.com.vn/media/catalog/product/d/h/dh_7__11.png
3612,163,https://cellphones.com.vn/media/catalog/product/d/h/dh_11__7.png
3613,163,https://cellphones.com.vn/media/catalog/product/d/h/dh_10__9.png
3614,163,https://cellphones.com.vn/media/catalog/product/d/h/dh_12__5.png
3615,163,https://cellphones.com.vn/media/catalog/product/d/h/dh_13__6.png
3616,163,https://cellphones.com.vn/media/catalog/product/d/h/dh_14__5.png
3617,164,https://cdn2.cellphones.com.vn/media/catalog/product/t/e/text_ng_n_-_2026-03-23t094455.017.png
3618,164,https://cdn2.cellphones.com.vn/x/media/catalog/product/t/e/text_ng_n_-_2026-03-23t094455.017.png
3619,164,https://cdn2.cellphones.com.vn/x/media/catalog/product/o/p/op-lung-iphone-16-pro-cam-den_71__2.png
3620,164,https://cdn2.cellphones.com.vn/x/media/catalog/product/o/p/op-lung-iphone-16-pro-cam-den_72__3.png
3621,164,https://cdn2.cellphones.com.vn/x/media/catalog/product/o/p/op-lung-iphone-16-pro-cam-den_75__2.png
3622,164,https://cdn2.cellphones.com.vn/x/media/catalog/product/o/p/op-lung-iphone-16-pro-cam-den_73__2.png
3623,164,https://cdn2.cellphones.com.vn/x/media/catalog/product/o/p/op-lung-iphone-16-pro-cam-den_74__3.png
3624,164,https://cellphones.com.vn/media/catalog/product/t/e/text_ng_n_-_2026-03-23t094455.017.png
3625,164,https://cellphones.com.vn/media/catalog/product/o/p/op-lung-iphone-16-pro-cam-den_71__2.png
3626,164,https://cellphones.com.vn/media/catalog/product/o/p/op-lung-iphone-16-pro-cam-den_72__3.png
3627,164,https://cellphones.com.vn/media/catalog/product/o/p/op-lung-iphone-16-pro-cam-den_75__2.png
3628,164,https://cellphones.com.vn/media/catalog/product/o/p/op-lung-iphone-16-pro-cam-den_73__2.png
3629,164,https://cellphones.com.vn/media/catalog/product/o/p/op-lung-iphone-16-pro-cam-den_74__3.png
3630,165,https://cdn2.cellphones.com.vn/media/catalog/product/t/e/text_ng_n_-_2026-03-23t094813.277.png
3631,165,https://cdn2.cellphones.com.vn/x/media/catalog/product/t/e/text_ng_n_-_2026-03-23t094813.277.png
3632,165,https://cdn2.cellphones.com.vn/x/media/catalog/product/o/p/op-lung-iphone-16-pro-cam-den_76__2.png
3633,165,https://cdn2.cellphones.com.vn/x/media/catalog/product/o/p/op-lung-iphone-16-pro-cam-den_77__2.png
3634,165,https://cdn2.cellphones.com.vn/x/media/catalog/product/o/p/op-lung-iphone-16-pro-cam-den_79__1.png
3635,165,https://cdn2.cellphones.com.vn/x/media/catalog/product/o/p/op-lung-iphone-16-pro-cam-den_78__1.png
3636,165,https://cdn2.cellphones.com.vn/x/media/catalog/product/o/p/op-lung-iphone-16-pro-cam-den_80__1.png
3637,165,https://cellphones.com.vn/media/catalog/product/t/e/text_ng_n_-_2026-03-23t094813.277.png
3638,165,https://cellphones.com.vn/media/catalog/product/o/p/op-lung-iphone-16-pro-cam-den_76__2.png
3639,165,https://cellphones.com.vn/media/catalog/product/o/p/op-lung-iphone-16-pro-cam-den_77__2.png
3640,165,https://cellphones.com.vn/media/catalog/product/o/p/op-lung-iphone-16-pro-cam-den_79__1.png
3641,165,https://cellphones.com.vn/media/catalog/product/o/p/op-lung-iphone-16-pro-cam-den_78__1.png
3642,165,https://cellphones.com.vn/media/catalog/product/o/p/op-lung-iphone-16-pro-cam-den_80__1.png
3643,166,https://cdn2.cellphones.com.vn/media/catalog/product/m/a/macbook_1__7_11.png
3644,166,https://cdn2.cellphones.com.vn/x/media/catalog/product/0/1/01_6_4_1_1_1_2_2.png
3645,166,https://cdn2.cellphones.com.vn/x/media/catalog/product/0/2/02_3__3_2.png
3646,166,https://cdn2.cellphones.com.vn/x/media/catalog/product/m/a/mabd59_1_2_2.jpg
3647,166,https://cdn2.cellphones.com.vn/x/media/catalog/product/m/a/macboo_2_2_2_2.jpg
3648,166,https://cdn2.cellphones.com.vn/x/media/catalog/product/m/a/ma0478_1_2_2.jpg
3649,166,https://cdn2.cellphones.com.vn/x/media/catalog/product/m/a/macboo_1_2_2_2.jpg
3650,166,https://cdn2.cellphones.com.vn/x/media/catalog/product/m/a/mae9ea_1_2_2.jpg
3651,166,https://cdn2.cellphones.com.vn/x/media/catalog/product/m/a/macboo_3_7_2.jpg
3652,166,https://cdn2.cellphones.com.vn/x/media/catalog/product/m/a/ma40a2_1_2_2.jpg
3653,166,https://cellphones.com.vn/media/catalog/product/_/e/_en_5_27.png
3654,166,https://cellphones.com.vn/media/catalog/product/b/_/b_c_3_19.png
3655,166,https://cellphones.com.vn/media/catalog/product/_/n/_nh_sao_2.png
3656,166,https://cellphones.com.vn/media/catalog/product/x/a/xanh_d_ng_2_6.png
3657,166,https://cellphones.com.vn/media/catalog/product/m/a/macbook_1__7_11.png
3658,166,https://cdn2.cellphones.com.vn/x/media/catalog/product/t/e/text_ng_n_5__9_78.png
3659,166,https://cdn2.cellphones.com.vn/x/media/catalog/product/b/a/balo-laptop-divoom-pixoo-led-backpack-2022-2.jpg
3660,166,https://cellphones.com.vn/media/catalog/product/h/u/hub-chuyen-doi-ugreen-usb-c-to-usb-a-2-0-usb-a-3-0-hdmi-pd-ho-tro-4k-15495.png
3661,166,https://cdn2.cellphones.com.vn/x/media/catalog/product/k/h/khan-lau-man-hinh-apple_2_.png
3662,166,https://cellphones.com.vn/media/catalog/product/0/1/01_6_4_1_1_1_2_2.png
3663,166,https://cellphones.com.vn/media/catalog/product/0/2/02_3__3_2.png
3664,166,https://cellphones.com.vn/media/catalog/product/m/a/mabd59_1_2_2.jpg
3665,166,https://cellphones.com.vn/media/catalog/product/m/a/macboo_2_2_2_2.jpg
3666,166,https://cellphones.com.vn/media/catalog/product/m/a/ma0478_1_2_2.jpg
3667,166,https://cellphones.com.vn/media/catalog/product/m/a/macboo_1_2_2_2.jpg
3668,166,https://cellphones.com.vn/media/catalog/product/m/a/mae9ea_1_2_2.jpg
3669,166,https://cellphones.com.vn/media/catalog/product/m/a/macboo_3_7_2.jpg
3670,166,https://cellphones.com.vn/media/catalog/product/m/a/ma40a2_1_2_2.jpg
3671,166,https://cellphones.com.vn/media/catalog/product/t/e/text_ng_n_5__9_78.png
3672,166,https://cellphones.com.vn/media/catalog/product/b/a/balo-laptop-divoom-pixoo-led-backpack-2022-2.jpg
3673,166,https://cellphones.com.vn/media/catalog/product/k/h/khan-lau-man-hinh-apple_2_.png
3674,167,https://cdn2.cellphones.com.vn/media/catalog/product/m/a/macbook_3__19_1.png
3675,167,https://cdn2.cellphones.com.vn/x/media/catalog/product/0/1/01_6_4_1_1_1_2.png
3676,167,https://cdn2.cellphones.com.vn/x/media/catalog/product/0/2/02_3__3.png
3677,167,https://cdn2.cellphones.com.vn/x/media/catalog/product/m/a/mabd59_1_2.jpg
3678,167,https://cdn2.cellphones.com.vn/x/media/catalog/product/m/a/macboo_2_2_2.jpg
3679,167,https://cdn2.cellphones.com.vn/x/media/catalog/product/m/a/ma0478_1_2.jpg
3680,167,https://cdn2.cellphones.com.vn/x/media/catalog/product/m/a/macboo_1_2_2.jpg
3681,167,https://cdn2.cellphones.com.vn/x/media/catalog/product/m/a/mae9ea_1_2.jpg
3682,167,https://cdn2.cellphones.com.vn/x/media/catalog/product/m/a/macboo_3_7.jpg
3683,167,https://cdn2.cellphones.com.vn/x/media/catalog/product/m/a/ma40a2_1_2.jpg
3684,167,https://cellphones.com.vn/media/catalog/product/x/a/xanh_d_ng_2_4.png
3685,167,https://cellphones.com.vn/media/catalog/product/_/n/_nh_sao.png
3686,167,https://cellphones.com.vn/media/catalog/product/b/_/b_c_3_17.png
3687,167,https://cellphones.com.vn/media/catalog/product/_/e/_en_5_25.png
3688,167,https://cellphones.com.vn/media/catalog/product/m/a/macbook_3__19_1.png
3689,167,https://cdn2.cellphones.com.vn/x/media/catalog/product/t/e/text_ng_n_5__9_78.png
3690,167,https://cdn2.cellphones.com.vn/x/media/catalog/product/b/a/balo-laptop-divoom-pixoo-led-backpack-2022-2.jpg
3691,167,https://cellphones.com.vn/media/catalog/product/h/u/hub-chuyen-doi-ugreen-usb-c-to-usb-a-2-0-usb-a-3-0-hdmi-pd-ho-tro-4k-15495.png
3692,167,https://cdn2.cellphones.com.vn/x/media/catalog/product/k/h/khan-lau-man-hinh-apple_2_.png
3693,167,https://cellphones.com.vn/media/catalog/product/0/1/01_6_4_1_1_1_2.png
3694,167,https://cellphones.com.vn/media/catalog/product/0/2/02_3__3.png
3695,167,https://cellphones.com.vn/media/catalog/product/m/a/mabd59_1_2.jpg
3696,167,https://cellphones.com.vn/media/catalog/product/m/a/macboo_2_2_2.jpg
3697,167,https://cellphones.com.vn/media/catalog/product/m/a/ma0478_1_2.jpg
3698,167,https://cellphones.com.vn/media/catalog/product/m/a/macboo_1_2_2.jpg
3699,167,https://cellphones.com.vn/media/catalog/product/m/a/mae9ea_1_2.jpg
3700,167,https://cellphones.com.vn/media/catalog/product/m/a/macboo_3_7.jpg
3701,167,https://cellphones.com.vn/media/catalog/product/m/a/ma40a2_1_2.jpg
3702,167,https://cellphones.com.vn/media/catalog/product/t/e/text_ng_n_5__9_78.png
3703,167,https://cellphones.com.vn/media/catalog/product/b/a/balo-laptop-divoom-pixoo-led-backpack-2022-2.jpg
3704,167,https://cellphones.com.vn/media/catalog/product/k/h/khan-lau-man-hinh-apple_2_.png
3705,168,https://cdn2.cellphones.com.vn/media/catalog/product/m/a/macbook_2__1_8.png
3706,168,https://cdn2.cellphones.com.vn/x/media/catalog/product/0/1/01_6_4_1_1_1_2_2_1.png
3707,168,https://cdn2.cellphones.com.vn/x/media/catalog/product/0/2/02_3__3_2_1.png
3708,168,https://cdn2.cellphones.com.vn/x/media/catalog/product/m/a/mabd59_1_2_2_1.jpg
3709,168,https://cdn2.cellphones.com.vn/x/media/catalog/product/m/a/macboo_2_2_2_2_1.jpg
3710,168,https://cdn2.cellphones.com.vn/x/media/catalog/product/m/a/ma0478_1_2_2_1.jpg
3711,168,https://cdn2.cellphones.com.vn/x/media/catalog/product/m/a/macboo_1_2_2_2_1.jpg
3712,168,https://cdn2.cellphones.com.vn/x/media/catalog/product/m/a/mae9ea_1_2_2_1.jpg
3713,168,https://cdn2.cellphones.com.vn/x/media/catalog/product/m/a/macboo_3_7_2_1.jpg
3714,168,https://cdn2.cellphones.com.vn/x/media/catalog/product/m/a/ma40a2_1_2_2_1.jpg
3715,168,https://cellphones.com.vn/media/catalog/product/_/e/_en_5_28.png
3716,168,https://cellphones.com.vn/media/catalog/product/_/n/_nh_sao_3.png
3717,168,https://cellphones.com.vn/media/catalog/product/x/a/xanh_d_ng_2_7.png
3718,168,https://cellphones.com.vn/media/catalog/product/b/_/b_c_3_20.png
3719,168,https://cellphones.com.vn/media/catalog/product/m/a/macbook_2__1_8.png
3720,168,https://cdn2.cellphones.com.vn/x/media/catalog/product/t/e/text_ng_n_5__9_78.png
3721,168,https://cdn2.cellphones.com.vn/x/media/catalog/product/b/a/balo-laptop-divoom-pixoo-led-backpack-2022-2.jpg
3722,168,https://cellphones.com.vn/media/catalog/product/h/u/hub-chuyen-doi-ugreen-usb-c-to-usb-a-2-0-usb-a-3-0-hdmi-pd-ho-tro-4k-15495.png
3723,168,https://cdn2.cellphones.com.vn/x/media/catalog/product/k/h/khan-lau-man-hinh-apple_2_.png
3724,168,https://cellphones.com.vn/media/catalog/product/0/1/01_6_4_1_1_1_2_2_1.png
3725,168,https://cellphones.com.vn/media/catalog/product/0/2/02_3__3_2_1.png
3726,168,https://cellphones.com.vn/media/catalog/product/m/a/mabd59_1_2_2_1.jpg
3727,168,https://cellphones.com.vn/media/catalog/product/m/a/macboo_2_2_2_2_1.jpg
3728,168,https://cellphones.com.vn/media/catalog/product/m/a/ma0478_1_2_2_1.jpg
3729,168,https://cellphones.com.vn/media/catalog/product/m/a/macboo_1_2_2_2_1.jpg
3730,168,https://cellphones.com.vn/media/catalog/product/m/a/mae9ea_1_2_2_1.jpg
3731,168,https://cellphones.com.vn/media/catalog/product/m/a/macboo_3_7_2_1.jpg
3732,168,https://cellphones.com.vn/media/catalog/product/m/a/ma40a2_1_2_2_1.jpg
3733,168,https://cellphones.com.vn/media/catalog/product/t/e/text_ng_n_5__9_78.png
3734,168,https://cellphones.com.vn/media/catalog/product/b/a/balo-laptop-divoom-pixoo-led-backpack-2022-2.jpg
3735,168,https://cellphones.com.vn/media/catalog/product/k/h/khan-lau-man-hinh-apple_2_.png
3736,169,https://cdn2.cellphones.com.vn/media/catalog/product/m/a/macbook_13_20.png
3737,169,https://cdn2.cellphones.com.vn/x/media/catalog/product/0/1/01_6_4_1_1_1_2_1.png
3738,169,https://cdn2.cellphones.com.vn/x/media/catalog/product/0/2/02_3__3_1.png
3739,169,https://cdn2.cellphones.com.vn/x/media/catalog/product/m/a/mabd59_1_2_1.jpg
3740,169,https://cdn2.cellphones.com.vn/x/media/catalog/product/m/a/macboo_2_2_2_1.jpg
3741,169,https://cdn2.cellphones.com.vn/x/media/catalog/product/m/a/ma0478_1_2_1.jpg
3742,169,https://cdn2.cellphones.com.vn/x/media/catalog/product/m/a/macboo_1_2_2_1.jpg
3743,169,https://cdn2.cellphones.com.vn/x/media/catalog/product/m/a/mae9ea_1_2_1.jpg
3744,169,https://cdn2.cellphones.com.vn/x/media/catalog/product/m/a/macboo_3_7_1.jpg
3745,169,https://cdn2.cellphones.com.vn/x/media/catalog/product/m/a/ma40a2_1_2_1.jpg
3746,169,https://cellphones.com.vn/media/catalog/product/_/e/_en_5_26.png
3747,169,https://cellphones.com.vn/media/catalog/product/b/_/b_c_3_18.png
3748,169,https://cellphones.com.vn/media/catalog/product/_/n/_nh_sao_1.png
3749,169,https://cellphones.com.vn/media/catalog/product/x/a/xanh_d_ng_2_5.png
3750,169,https://cellphones.com.vn/media/catalog/product/m/a/macbook_13_20.png
3751,169,https://cdn2.cellphones.com.vn/x/media/catalog/product/t/e/text_ng_n_5__9_78.png
3752,169,https://cdn2.cellphones.com.vn/x/media/catalog/product/b/a/balo-laptop-divoom-pixoo-led-backpack-2022-2.jpg
3753,169,https://cellphones.com.vn/media/catalog/product/h/u/hub-chuyen-doi-ugreen-usb-c-to-usb-a-2-0-usb-a-3-0-hdmi-pd-ho-tro-4k-15495.png
3754,169,https://cdn2.cellphones.com.vn/x/media/catalog/product/k/h/khan-lau-man-hinh-apple_2_.png
3755,169,https://cellphones.com.vn/media/catalog/product/0/1/01_6_4_1_1_1_2_1.png
3756,169,https://cellphones.com.vn/media/catalog/product/0/2/02_3__3_1.png
3757,169,https://cellphones.com.vn/media/catalog/product/m/a/mabd59_1_2_1.jpg
3758,169,https://cellphones.com.vn/media/catalog/product/m/a/macboo_2_2_2_1.jpg
3759,169,https://cellphones.com.vn/media/catalog/product/m/a/ma0478_1_2_1.jpg
3760,169,https://cellphones.com.vn/media/catalog/product/m/a/macboo_1_2_2_1.jpg
3761,169,https://cellphones.com.vn/media/catalog/product/m/a/mae9ea_1_2_1.jpg
3762,169,https://cellphones.com.vn/media/catalog/product/m/a/macboo_3_7_1.jpg
3763,169,https://cellphones.com.vn/media/catalog/product/m/a/ma40a2_1_2_1.jpg
3764,169,https://cellphones.com.vn/media/catalog/product/t/e/text_ng_n_5__9_78.png
3765,169,https://cellphones.com.vn/media/catalog/product/b/a/balo-laptop-divoom-pixoo-led-backpack-2022-2.jpg
3766,169,https://cellphones.com.vn/media/catalog/product/k/h/khan-lau-man-hinh-apple_2_.png
3767,170,https://cdn2.cellphones.com.vn/media/catalog/product/m/a/macbook_12__2_1.png
3768,170,https://cdn2.cellphones.com.vn/x/media/catalog/product/_/e/_en_5_14_1_1_1_1_1_2.png
3769,170,https://cdn2.cellphones.com.vn/x/media/catalog/product/0/2/02_1__1_1_2.png
3770,170,https://cdn2.cellphones.com.vn/x/media/catalog/product/m/a/macboo_2_8_2.jpg
3771,170,https://cdn2.cellphones.com.vn/x/media/catalog/product/m/a/ma1910_1_2.jpg
3772,170,https://cdn2.cellphones.com.vn/x/media/catalog/product/m/a/ma7184_1_2.jpg
3773,170,https://cdn2.cellphones.com.vn/x/media/catalog/product/m/a/mafb19_1_2.jpg
3774,170,https://cdn2.cellphones.com.vn/x/media/catalog/product/m/a/macboo_4_7_2.jpg
3775,170,https://cdn2.cellphones.com.vn/x/media/catalog/product/m/a/macboo_1_8_2.jpg
3776,170,https://cdn2.cellphones.com.vn/x/media/catalog/product/m/a/macboo_3_6_2.jpg
3777,170,https://cellphones.com.vn/media/catalog/product/t/e/text_ng_n_16_22.png
3778,170,https://cellphones.com.vn/media/catalog/product/t/e/text_ng_n_1__9_175.png
3779,170,https://cellphones.com.vn/media/catalog/product/m/a/macbook_12__2_1.png
3780,170,https://cdn2.cellphones.com.vn/x/media/catalog/product/t/e/text_ng_n_5__9_78.png
3781,170,https://cdn2.cellphones.com.vn/x/media/catalog/product/b/a/balo-laptop-divoom-pixoo-led-backpack-2022-2.jpg
3782,170,https://cellphones.com.vn/media/catalog/product/h/u/hub-chuyen-doi-ugreen-usb-c-to-usb-a-2-0-usb-a-3-0-hdmi-pd-ho-tro-4k-15495.png
3783,170,https://cdn2.cellphones.com.vn/x/media/catalog/product/k/h/khan-lau-man-hinh-apple_2_.png
3784,170,https://cellphones.com.vn/media/catalog/product/_/e/_en_5_14_1_1_1_1_1_2.png
3785,170,https://cellphones.com.vn/media/catalog/product/0/2/02_1__1_1_2.png
3786,170,https://cellphones.com.vn/media/catalog/product/m/a/macboo_2_8_2.jpg
3787,170,https://cellphones.com.vn/media/catalog/product/m/a/ma1910_1_2.jpg
3788,170,https://cellphones.com.vn/media/catalog/product/m/a/ma7184_1_2.jpg
3789,170,https://cellphones.com.vn/media/catalog/product/m/a/mafb19_1_2.jpg
3790,170,https://cellphones.com.vn/media/catalog/product/m/a/macboo_4_7_2.jpg
3791,170,https://cellphones.com.vn/media/catalog/product/m/a/macboo_1_8_2.jpg
3792,170,https://cellphones.com.vn/media/catalog/product/m/a/macboo_3_6_2.jpg
3793,170,https://cellphones.com.vn/media/catalog/product/t/e/text_ng_n_5__9_78.png
3794,170,https://cellphones.com.vn/media/catalog/product/b/a/balo-laptop-divoom-pixoo-led-backpack-2022-2.jpg
3795,170,https://cellphones.com.vn/media/catalog/product/k/h/khan-lau-man-hinh-apple_2_.png
3796,171,https://cdn2.cellphones.com.vn/media/catalog/product/m/a/macbook_13__2_1.png
3797,171,https://cdn2.cellphones.com.vn/x/media/catalog/product/_/e/_en_5_14_1_1_1_1_1_1_1.png
3798,171,https://cdn2.cellphones.com.vn/x/media/catalog/product/0/2/02_1__1_1_1_1.png
3799,171,https://cdn2.cellphones.com.vn/x/media/catalog/product/m/a/macboo_2_8_1_1.jpg
3800,171,https://cdn2.cellphones.com.vn/x/media/catalog/product/m/a/ma1910_1_1_1.jpg
3801,171,https://cdn2.cellphones.com.vn/x/media/catalog/product/m/a/ma7184_1_1_1.jpg
3802,171,https://cdn2.cellphones.com.vn/x/media/catalog/product/m/a/mafb19_1_1_1.jpg
3803,171,https://cdn2.cellphones.com.vn/x/media/catalog/product/m/a/macboo_4_7_1_1.jpg
3804,171,https://cdn2.cellphones.com.vn/x/media/catalog/product/m/a/macboo_1_8_1_1.jpg
3805,171,https://cdn2.cellphones.com.vn/x/media/catalog/product/m/a/macboo_3_6_1_1.jpg
3806,171,https://cellphones.com.vn/media/catalog/product/t/e/text_ng_n_16_23.png
3807,171,https://cellphones.com.vn/media/catalog/product/m/a/macbook_13__2_1.png
3808,171,https://cdn2.cellphones.com.vn/x/media/catalog/product/t/e/text_ng_n_5__9_78.png
3809,171,https://cdn2.cellphones.com.vn/x/media/catalog/product/b/a/balo-laptop-divoom-pixoo-led-backpack-2022-2.jpg
3810,171,https://cellphones.com.vn/media/catalog/product/h/u/hub-chuyen-doi-ugreen-usb-c-to-usb-a-2-0-usb-a-3-0-hdmi-pd-ho-tro-4k-15495.png
3811,171,https://cdn2.cellphones.com.vn/x/media/catalog/product/k/h/khan-lau-man-hinh-apple_2_.png
3812,171,https://cellphones.com.vn/media/catalog/product/_/e/_en_5_14_1_1_1_1_1_1_1.png
3813,171,https://cellphones.com.vn/media/catalog/product/0/2/02_1__1_1_1_1.png
3814,171,https://cellphones.com.vn/media/catalog/product/m/a/macboo_2_8_1_1.jpg
3815,171,https://cellphones.com.vn/media/catalog/product/m/a/ma1910_1_1_1.jpg
3816,171,https://cellphones.com.vn/media/catalog/product/m/a/ma7184_1_1_1.jpg
3817,171,https://cellphones.com.vn/media/catalog/product/m/a/mafb19_1_1_1.jpg
3818,171,https://cellphones.com.vn/media/catalog/product/m/a/macboo_4_7_1_1.jpg
3819,171,https://cellphones.com.vn/media/catalog/product/m/a/macboo_1_8_1_1.jpg
3820,171,https://cellphones.com.vn/media/catalog/product/m/a/macboo_3_6_1_1.jpg
3821,171,https://cellphones.com.vn/media/catalog/product/t/e/text_ng_n_5__9_78.png
3822,171,https://cellphones.com.vn/media/catalog/product/b/a/balo-laptop-divoom-pixoo-led-backpack-2022-2.jpg
3823,171,https://cellphones.com.vn/media/catalog/product/k/h/khan-lau-man-hinh-apple_2_.png
3824,172,https://cdn2.cellphones.com.vn/media/catalog/product/m/a/macbook_3__21.png
3825,172,https://cdn2.cellphones.com.vn/x/media/catalog/product/_/e/_en_5_14_1_1_1_1_2.png
3826,172,https://cdn2.cellphones.com.vn/x/media/catalog/product/0/2/02_1__1_2.png
3827,172,https://cdn2.cellphones.com.vn/x/media/catalog/product/m/a/maf0d8_1_1_2.jpg
3828,172,https://cdn2.cellphones.com.vn/x/media/catalog/product/m/a/ma43bc_1_1_2.jpg
3829,172,https://cdn2.cellphones.com.vn/x/media/catalog/product/m/a/macboo_1_7_1_2.jpg
3830,172,https://cdn2.cellphones.com.vn/x/media/catalog/product/m/a/macboo_2_7_1_2.jpg
3831,172,https://cdn2.cellphones.com.vn/x/media/catalog/product/m/a/ma2d5a_1_1_2.jpg
3832,172,https://cdn2.cellphones.com.vn/x/media/catalog/product/m/a/macboo_4_6_1_2.jpg
3833,172,https://cdn2.cellphones.com.vn/x/media/catalog/product/m/a/macboo_3_5_1_2.jpg
3834,172,https://cellphones.com.vn/media/catalog/product/t/e/text_ng_n_16_21.png
3835,172,https://cellphones.com.vn/media/catalog/product/t/e/text_ng_n_1__9_174.png
3836,172,https://cellphones.com.vn/media/catalog/product/m/a/macbook_3__21.png
3837,172,https://cdn2.cellphones.com.vn/x/media/catalog/product/t/e/text_ng_n_5__9_78.png
3838,172,https://cdn2.cellphones.com.vn/x/media/catalog/product/b/a/balo-laptop-divoom-pixoo-led-backpack-2022-2.jpg
3839,172,https://cellphones.com.vn/media/catalog/product/h/u/hub-chuyen-doi-ugreen-usb-c-to-usb-a-2-0-usb-a-3-0-hdmi-pd-ho-tro-4k-15495.png
3840,172,https://cdn2.cellphones.com.vn/x/media/catalog/product/k/h/khan-lau-man-hinh-apple_2_.png
3841,172,https://cellphones.com.vn/media/catalog/product/_/e/_en_5_14_1_1_1_1_2.png
3842,172,https://cellphones.com.vn/media/catalog/product/0/2/02_1__1_2.png
3843,172,https://cellphones.com.vn/media/catalog/product/m/a/maf0d8_1_1_2.jpg
3844,172,https://cellphones.com.vn/media/catalog/product/m/a/ma43bc_1_1_2.jpg
3845,172,https://cellphones.com.vn/media/catalog/product/m/a/macboo_1_7_1_2.jpg
3846,172,https://cellphones.com.vn/media/catalog/product/m/a/macboo_2_7_1_2.jpg
3847,172,https://cellphones.com.vn/media/catalog/product/m/a/ma2d5a_1_1_2.jpg
3848,172,https://cellphones.com.vn/media/catalog/product/m/a/macboo_4_6_1_2.jpg
3849,172,https://cellphones.com.vn/media/catalog/product/m/a/macboo_3_5_1_2.jpg
3850,172,https://cellphones.com.vn/media/catalog/product/t/e/text_ng_n_5__9_78.png
3851,172,https://cellphones.com.vn/media/catalog/product/b/a/balo-laptop-divoom-pixoo-led-backpack-2022-2.jpg
3852,172,https://cellphones.com.vn/media/catalog/product/k/h/khan-lau-man-hinh-apple_2_.png
3853,173,https://cdn2.cellphones.com.vn/media/catalog/product/g/r/group_909_1.png
3854,173,https://cdn2.cellphones.com.vn/x/media/catalog/product/m/_/m_n_h_nh_di_ng_vsp_vp1560fst1_15.6_inch_-_1.png
3855,173,https://cdn2.cellphones.com.vn/x/media/catalog/product/m/_/m_n_h_nh_di_ng_vsp_vp1560fst1_15.6_inch_-_2.png
3856,173,https://cdn2.cellphones.com.vn/x/media/catalog/product/m/_/m_n_h_nh_di_ng_vsp_vp1560fst1_15.6_inch_-_3.png
3857,173,https://cdn2.cellphones.com.vn/x/media/catalog/product/m/h/mhv_4__1_50.png
3858,173,https://cdn2.cellphones.com.vn/x/media/catalog/product/m/h/mhv_1_51.png
3859,173,https://cdn2.cellphones.com.vn/x/media/catalog/product/m/h/mhv_5__1_46.png
3860,173,https://cdn2.cellphones.com.vn/x/media/catalog/product/m/h/mhv_3__1_50.png
3861,173,https://cdn2.cellphones.com.vn/x/media/catalog/product/m/h/mhv_1__1_53.png
3862,173,https://cdn2.cellphones.com.vn/x/media/catalog/product/m/h/mhv_2__1_52.png
3863,173,https://cellphones.com.vn/media/catalog/product/g/r/group_909_1.png
3864,173,https://cellphones.com.vn/media/catalog/product/t/e/text_ng_n_6__2_204.png
3865,173,https://cellphones.com.vn/media/catalog/product/m/_/m_n_h_nh_di_ng_vsp_vp1560fst1_15.6_inch_-_1.png
3866,173,https://cellphones.com.vn/media/catalog/product/m/_/m_n_h_nh_di_ng_vsp_vp1560fst1_15.6_inch_-_2.png
3867,173,https://cellphones.com.vn/media/catalog/product/m/_/m_n_h_nh_di_ng_vsp_vp1560fst1_15.6_inch_-_3.png
3868,173,https://cellphones.com.vn/media/catalog/product/m/h/mhv_4__1_50.png
3869,173,https://cellphones.com.vn/media/catalog/product/m/h/mhv_1_51.png
3870,173,https://cellphones.com.vn/media/catalog/product/m/h/mhv_5__1_46.png
3871,173,https://cellphones.com.vn/media/catalog/product/m/h/mhv_3__1_50.png
3872,173,https://cellphones.com.vn/media/catalog/product/m/h/mhv_1__1_53.png
3873,173,https://cellphones.com.vn/media/catalog/product/m/h/mhv_2__1_52.png
3874,174,https://cdn2.cellphones.com.vn/media/catalog/product/g/r/group_950.png
3875,174,https://cdn2.cellphones.com.vn/x/media/catalog/product/m/_/m_n_h_nh_msi_pro_mp225_e12vl_22_inch_-_1.png
3876,174,https://cdn2.cellphones.com.vn/x/media/catalog/product/m/_/m_n_h_nh_msi_pro_mp225_e12vl_22_inch_-_2.png
3877,174,https://cdn2.cellphones.com.vn/x/media/catalog/product/m/_/m_n_h_nh_msi_pro_mp225_e12vl_22_inch_-_3.png
3878,174,https://cdn2.cellphones.com.vn/x/media/catalog/product/m/h/mhv_1_48.png
3879,174,https://cdn2.cellphones.com.vn/x/media/catalog/product/m/h/mhv_2__1_49.png
3880,174,https://cdn2.cellphones.com.vn/x/media/catalog/product/m/h/mhv_1__1_50.png
3881,174,https://cdn2.cellphones.com.vn/x/media/catalog/product/m/h/mhv_3__1_47.png
3882,174,https://cdn2.cellphones.com.vn/x/media/catalog/product/m/h/mhv_4__1_47.png
3883,174,https://cdn2.cellphones.com.vn/x/media/catalog/product/m/h/mhv_5__1_43.png
3884,174,https://cdn2.cellphones.com.vn/x/media/catalog/product/t/e/text_ng_n_2__13_88.png
3885,174,https://cdn2.cellphones.com.vn/x/media/catalog/product/t/e/text_ng_n_1__9_173.png
3886,174,https://cdn2.cellphones.com.vn/x/media/catalog/product/t/e/text_ng_n_16_19.png
3887,174,https://cellphones.com.vn/media/catalog/product/g/r/group_950.png
3888,174,https://cellphones.com.vn/media/catalog/product/t/e/text_ng_n_6__2_204.png
3889,174,https://cellphones.com.vn/media/catalog/product/m/_/m_n_h_nh_msi_pro_mp225_e12vl_22_inch_-_1.png
3890,174,https://cellphones.com.vn/media/catalog/product/m/_/m_n_h_nh_msi_pro_mp225_e12vl_22_inch_-_2.png
3891,174,https://cellphones.com.vn/media/catalog/product/m/_/m_n_h_nh_msi_pro_mp225_e12vl_22_inch_-_3.png
3892,174,https://cellphones.com.vn/media/catalog/product/m/h/mhv_1_48.png
3893,174,https://cellphones.com.vn/media/catalog/product/m/h/mhv_2__1_49.png
3894,174,https://cellphones.com.vn/media/catalog/product/m/h/mhv_1__1_50.png
3895,174,https://cellphones.com.vn/media/catalog/product/m/h/mhv_3__1_47.png
3896,174,https://cellphones.com.vn/media/catalog/product/m/h/mhv_4__1_47.png
3897,174,https://cellphones.com.vn/media/catalog/product/m/h/mhv_5__1_43.png
3898,174,https://cellphones.com.vn/media/catalog/product/t/e/text_ng_n_2__13_88.png
3899,174,https://cellphones.com.vn/media/catalog/product/t/e/text_ng_n_1__9_173.png
3900,174,https://cellphones.com.vn/media/catalog/product/t/e/text_ng_n_16_19.png
3901,175,https://cdn2.cellphones.com.vn/media/catalog/product/g/r/group_925_1.png
3902,175,https://cdn2.cellphones.com.vn/x/media/catalog/product/m/_/m_n_h_nh_msi_pro_mp275_e14l_27_inch_-_1.png
3903,175,https://cdn2.cellphones.com.vn/x/media/catalog/product/m/_/m_n_h_nh_msi_pro_mp275_e14l_27_inch_-_2.png
3904,175,https://cdn2.cellphones.com.vn/x/media/catalog/product/m/_/m_n_h_nh_msi_pro_mp275_e14l_27_inch_-_3.png
3905,175,https://cdn2.cellphones.com.vn/x/media/catalog/product/m/h/mhv_1_47.png
3906,175,https://cdn2.cellphones.com.vn/x/media/catalog/product/m/h/mhv_1__1_49.png
3907,175,https://cdn2.cellphones.com.vn/x/media/catalog/product/m/h/mhv_2__1_48.png
3908,175,https://cdn2.cellphones.com.vn/x/media/catalog/product/m/h/mhv_3__1_46.png
3909,175,https://cdn2.cellphones.com.vn/x/media/catalog/product/m/h/mhv_4__1_46.png
3910,175,https://cdn2.cellphones.com.vn/x/media/catalog/product/m/h/mhv_5__1_42.png
3911,175,https://cellphones.com.vn/media/catalog/product/g/r/group_925_1.png
3912,175,https://cellphones.com.vn/media/catalog/product/t/e/text_ng_n_6__2_204.png
3913,175,https://cellphones.com.vn/media/catalog/product/m/_/m_n_h_nh_msi_pro_mp275_e14l_27_inch_-_1.png
3914,175,https://cellphones.com.vn/media/catalog/product/m/_/m_n_h_nh_msi_pro_mp275_e14l_27_inch_-_2.png
3915,175,https://cellphones.com.vn/media/catalog/product/m/_/m_n_h_nh_msi_pro_mp275_e14l_27_inch_-_3.png
3916,175,https://cellphones.com.vn/media/catalog/product/m/h/mhv_1_47.png
3917,175,https://cellphones.com.vn/media/catalog/product/m/h/mhv_1__1_49.png
3918,175,https://cellphones.com.vn/media/catalog/product/m/h/mhv_2__1_48.png
3919,175,https://cellphones.com.vn/media/catalog/product/m/h/mhv_3__1_46.png
3920,175,https://cellphones.com.vn/media/catalog/product/m/h/mhv_4__1_46.png
3921,175,https://cellphones.com.vn/media/catalog/product/m/h/mhv_5__1_42.png
3922,176,https://cdn2.cellphones.com.vn/media/catalog/product/g/r/group_950_1.png
3923,176,https://cdn2.cellphones.com.vn/x/media/catalog/product/m/_/m_n_h_nh_vsp_ip2704s_27_inch_-_1.png
3924,176,https://cdn2.cellphones.com.vn/x/media/catalog/product/m/_/m_n_h_nh_vsp_ip2704s_27_inch_-_2.png
3925,176,https://cdn2.cellphones.com.vn/x/media/catalog/product/m/_/m_n_h_nh_vsp_ip2704s_27_inch_-_3.png
3926,176,https://cdn2.cellphones.com.vn/x/media/catalog/product/m/h/mhv_1_49.png
3927,176,https://cdn2.cellphones.com.vn/x/media/catalog/product/m/h/mhv_4__1_48.png
3928,176,https://cdn2.cellphones.com.vn/x/media/catalog/product/m/h/mhv_3__1_48.png
3929,176,https://cdn2.cellphones.com.vn/x/media/catalog/product/m/h/mhv_2__1_50.png
3930,176,https://cdn2.cellphones.com.vn/x/media/catalog/product/m/h/mhv_5__1_44.png
3931,176,https://cdn2.cellphones.com.vn/x/media/catalog/product/m/h/mhv_1__1_51.png
3932,176,https://cellphones.com.vn/media/catalog/product/g/r/group_950_1.png
3933,176,https://cellphones.com.vn/media/catalog/product/t/e/text_ng_n_6__2_204.png
3934,176,https://cellphones.com.vn/media/catalog/product/m/_/m_n_h_nh_vsp_ip2704s_27_inch_-_1.png
3935,176,https://cellphones.com.vn/media/catalog/product/m/_/m_n_h_nh_vsp_ip2704s_27_inch_-_2.png
3936,176,https://cellphones.com.vn/media/catalog/product/m/_/m_n_h_nh_vsp_ip2704s_27_inch_-_3.png
3937,176,https://cellphones.com.vn/media/catalog/product/m/h/mhv_1_49.png
3938,176,https://cellphones.com.vn/media/catalog/product/m/h/mhv_4__1_48.png
3939,176,https://cellphones.com.vn/media/catalog/product/m/h/mhv_3__1_48.png
3940,176,https://cellphones.com.vn/media/catalog/product/m/h/mhv_2__1_50.png
3941,176,https://cellphones.com.vn/media/catalog/product/m/h/mhv_5__1_44.png
3942,176,https://cellphones.com.vn/media/catalog/product/m/h/mhv_1__1_51.png
3943,177,https://cdn2.cellphones.com.vn/media/catalog/product/m/_/m_y_l_nh_13__3.png
3944,177,https://cdn2.cellphones.com.vn/x/media/catalog/product/m/_/m_y_l_nh_13__3.png
3945,177,https://cdn2.cellphones.com.vn/x/media/catalog/product/m/_/m_y_c_o_r_u_22_46__1.png
3946,177,https://cdn2.cellphones.com.vn/x/media/catalog/product/m/_/m_y_c_o_r_u_22_47__1.png
3947,177,https://cdn2.cellphones.com.vn/x/media/catalog/product/m/_/m_y_c_o_r_u_22_49__1.png
3948,177,https://cdn2.cellphones.com.vn/x/media/catalog/product/m/_/m_y_c_o_r_u_22_48__1.png
3949,177,https://cdn2.cellphones.com.vn/x/media/catalog/product/m/_/m_y_c_o_r_u_22_50__1.png
3950,177,https://cdn2.cellphones.com.vn/x/media/catalog/product/m/_/m_y_c_o_r_u_22_52__1.png
3951,177,https://cdn2.cellphones.com.vn/x/media/catalog/product/m/_/m_y_c_o_r_u_22_51__1.png
3952,177,https://cdn2.cellphones.com.vn/x/media/catalog/product/s/l/slider_b_n_i_-_2026-03-23t105411.141_1.png
3953,177,https://cellphones.com.vn/media/catalog/product/m/_/m_y_l_nh_13__3.png
3954,177,https://cellphones.com.vn/media/catalog/product/m/_/m_y_c_o_r_u_22_46__1.png
3955,177,https://cellphones.com.vn/media/catalog/product/m/_/m_y_c_o_r_u_22_47__1.png
3956,177,https://cellphones.com.vn/media/catalog/product/m/_/m_y_c_o_r_u_22_49__1.png
3957,177,https://cellphones.com.vn/media/catalog/product/m/_/m_y_c_o_r_u_22_48__1.png
3958,177,https://cellphones.com.vn/media/catalog/product/m/_/m_y_c_o_r_u_22_50__1.png
3959,177,https://cellphones.com.vn/media/catalog/product/m/_/m_y_c_o_r_u_22_52__1.png
3960,177,https://cellphones.com.vn/media/catalog/product/m/_/m_y_c_o_r_u_22_51__1.png
3961,177,https://cellphones.com.vn/media/catalog/product/s/l/slider_b_n_i_-_2026-03-23t105411.141_1.png
3962,178,https://cdn2.cellphones.com.vn/media/catalog/product/m/_/m_y_l_nh_14__2.png
3963,178,https://cdn2.cellphones.com.vn/x/media/catalog/product/m/_/m_y_l_nh_14__2.png
3964,178,https://cdn2.cellphones.com.vn/x/media/catalog/product/m/_/m_y_c_o_r_u_22_46__1_1.png
3965,178,https://cdn2.cellphones.com.vn/x/media/catalog/product/m/_/m_y_c_o_r_u_22_47__1_1.png
3966,178,https://cdn2.cellphones.com.vn/x/media/catalog/product/m/_/m_y_c_o_r_u_22_49__1_1.png
3967,178,https://cdn2.cellphones.com.vn/x/media/catalog/product/m/_/m_y_c_o_r_u_22_48__1_1.png
3968,178,https://cdn2.cellphones.com.vn/x/media/catalog/product/m/_/m_y_c_o_r_u_22_50__1_1.png
3969,178,https://cdn2.cellphones.com.vn/x/media/catalog/product/m/_/m_y_c_o_r_u_22_52__1_1.png
3970,178,https://cdn2.cellphones.com.vn/x/media/catalog/product/m/_/m_y_c_o_r_u_22_51__1_1.png
3971,178,https://cdn2.cellphones.com.vn/x/media/catalog/product/s/l/slider_b_n_i_-_2026-03-23t105411.141_1_1.png
3972,178,https://cellphones.com.vn/media/catalog/product/m/_/m_y_l_nh_14__2.png
3973,178,https://cellphones.com.vn/media/catalog/product/m/_/m_y_c_o_r_u_22_46__1_1.png
3974,178,https://cellphones.com.vn/media/catalog/product/m/_/m_y_c_o_r_u_22_47__1_1.png
3975,178,https://cellphones.com.vn/media/catalog/product/m/_/m_y_c_o_r_u_22_49__1_1.png
3976,178,https://cellphones.com.vn/media/catalog/product/m/_/m_y_c_o_r_u_22_48__1_1.png
3977,178,https://cellphones.com.vn/media/catalog/product/m/_/m_y_c_o_r_u_22_50__1_1.png
3978,178,https://cellphones.com.vn/media/catalog/product/m/_/m_y_c_o_r_u_22_52__1_1.png
3979,178,https://cellphones.com.vn/media/catalog/product/m/_/m_y_c_o_r_u_22_51__1_1.png
3980,178,https://cellphones.com.vn/media/catalog/product/s/l/slider_b_n_i_-_2026-03-23t105411.141_1_1.png
3981,179,https://cdn2.cellphones.com.vn/media/catalog/product/m/a/may-lanh-panasonic-1-5-hp-cu-cs-n12akh-8.png
3982,179,https://cdn2.cellphones.com.vn/x/media/catalog/product/m/a/may-lanh-panasonic-1-5-hp-cu-cs-n12akh-8_1_.png
3983,179,https://cdn2.cellphones.com.vn/x/media/catalog/product/m/a/may-lanh-panasonic-1-5-hp-cu-cs-n12akh-8_2_.png
3984,179,https://cdn2.cellphones.com.vn/x/media/catalog/product/m/a/may-lanh-panasonic-1-5-hp-cu-cs-n12akh-8_3_.png
3985,179,https://cdn2.cellphones.com.vn/x/media/catalog/product/m/a/may-lanh-panasonic-1-5-hp-cu-cs-n12akh-8_4_.png
3986,179,https://cdn2.cellphones.com.vn/x/media/catalog/product/m/a/may-lanh-panasonic-1-5-hp-cu-cs-n12akh-8_7_.png
3987,179,https://cdn2.cellphones.com.vn/x/media/catalog/product/m/a/may-lanh-panasonic-1-5-hp-cu-cs-n12akh-8_8_.png
3988,179,https://cdn2.cellphones.com.vn/x/media/catalog/product/m/a/may-lanh-panasonic-1-5-hp-cu-cs-n12akh-8_6_.png
3989,179,https://cdn2.cellphones.com.vn/x/media/catalog/product/m/a/may-lanh-panasonic-1-5-hp-cu-cs-n12akh-8_5_.png
3990,179,https://cdn2.cellphones.com.vn/x/media/catalog/product/m/a/may-lanh-panasonic-1-5-hp-cu-cs-n12akh-8_9_.png
3991,179,https://cellphones.com.vn/media/catalog/product/m/a/may-lanh-panasonic-1-5-hp-cu-cs-n12akh-8_1__1.png
3992,179,https://cellphones.com.vn/media/catalog/product/m/a/may-lanh-panasonic-1-5-hp-cu-cs-n12akh-8.png
3993,179,https://cellphones.com.vn/media/catalog/product/m/a/may-lanh-panasonic-1-5-hp-cu-cs-n12akh-8_1_.png
3994,179,https://cellphones.com.vn/media/catalog/product/m/a/may-lanh-panasonic-1-5-hp-cu-cs-n12akh-8_2_.png
3995,179,https://cellphones.com.vn/media/catalog/product/m/a/may-lanh-panasonic-1-5-hp-cu-cs-n12akh-8_3_.png
3996,179,https://cellphones.com.vn/media/catalog/product/m/a/may-lanh-panasonic-1-5-hp-cu-cs-n12akh-8_4_.png
3997,179,https://cellphones.com.vn/media/catalog/product/m/a/may-lanh-panasonic-1-5-hp-cu-cs-n12akh-8_7_.png
3998,179,https://cellphones.com.vn/media/catalog/product/m/a/may-lanh-panasonic-1-5-hp-cu-cs-n12akh-8_8_.png
3999,179,https://cellphones.com.vn/media/catalog/product/m/a/may-lanh-panasonic-1-5-hp-cu-cs-n12akh-8_6_.png
4000,179,https://cellphones.com.vn/media/catalog/product/m/a/may-lanh-panasonic-1-5-hp-cu-cs-n12akh-8_5_.png
4001,179,https://cellphones.com.vn/media/catalog/product/m/a/may-lanh-panasonic-1-5-hp-cu-cs-n12akh-8_9_.png
4002,180,https://cdn2.cellphones.com.vn/media/catalog/product/m/a/may-lanh-panasonic-1-5-hp-cu-cs-n12zkh-8_8_.png
4003,180,https://cdn2.cellphones.com.vn/x/media/catalog/product/m/a/may-lanh-panasonic-1-5-hp-cu-cs-n12zkh-8_1_.png
4004,180,https://cdn2.cellphones.com.vn/x/media/catalog/product/m/a/may-lanh-panasonic-1-5-hp-cu-cs-n12zkh-8_2_.png
4005,180,https://cdn2.cellphones.com.vn/x/media/catalog/product/m/a/may-lanh-panasonic-1-5-hp-cu-cs-n12zkh-8_4_.png
4006,180,https://cdn2.cellphones.com.vn/x/media/catalog/product/m/a/may-lanh-panasonic-1-5-hp-cu-cs-n12zkh-8_3_.png
4007,180,https://cdn2.cellphones.com.vn/x/media/catalog/product/m/a/may-lanh-panasonic-1-5-hp-cu-cs-n12zkh-8_5_.png
4008,180,https://cdn2.cellphones.com.vn/x/media/catalog/product/m/a/may-lanh-panasonic-1-5-hp-cu-cs-n12zkh-8_7_.png
4009,180,https://cdn2.cellphones.com.vn/x/media/catalog/product/m/a/may-lanh-panasonic-1-5-hp-cu-cs-n12zkh-8_6_.png
4010,180,https://cellphones.com.vn/media/catalog/product/m/a/may-lanh-panasonic-1-5-hp-cu-cs-n12zkh-8_1__1.png
4011,180,https://cellphones.com.vn/media/catalog/product/m/a/may-lanh-panasonic-1-5-hp-cu-cs-n12zkh-8_8_.png
4012,180,https://cellphones.com.vn/media/catalog/product/m/a/may-lanh-panasonic-1-5-hp-cu-cs-n12zkh-8_1_.png
4013,180,https://cellphones.com.vn/media/catalog/product/m/a/may-lanh-panasonic-1-5-hp-cu-cs-n12zkh-8_2_.png
4014,180,https://cellphones.com.vn/media/catalog/product/m/a/may-lanh-panasonic-1-5-hp-cu-cs-n12zkh-8_4_.png
4015,180,https://cellphones.com.vn/media/catalog/product/m/a/may-lanh-panasonic-1-5-hp-cu-cs-n12zkh-8_3_.png
4016,180,https://cellphones.com.vn/media/catalog/product/m/a/may-lanh-panasonic-1-5-hp-cu-cs-n12zkh-8_5_.png
4017,180,https://cellphones.com.vn/media/catalog/product/m/a/may-lanh-panasonic-1-5-hp-cu-cs-n12zkh-8_7_.png
4018,180,https://cellphones.com.vn/media/catalog/product/m/a/may-lanh-panasonic-1-5-hp-cu-cs-n12zkh-8_6_.png
4019,181,https://cdn2.cellphones.com.vn/media/catalog/product/m/a/may-lanh-panasonic-1-5-hp-cu-cs-n12zkh-8_9_.png
4020,181,https://cdn2.cellphones.com.vn/x/media/catalog/product/m/a/may-lanh-panasonic-1-hp-cu-cs-n9akh-8_1_.png
4021,181,https://cdn2.cellphones.com.vn/x/media/catalog/product/m/a/may-lanh-panasonic-1-hp-cu-cs-n9akh-8_3_.png
4022,181,https://cdn2.cellphones.com.vn/x/media/catalog/product/m/a/may-lanh-panasonic-1-hp-cu-cs-n9akh-8_2_.png
4023,181,https://cdn2.cellphones.com.vn/x/media/catalog/product/m/a/may-lanh-panasonic-1-hp-cu-cs-n9akh-8_5_.png
4024,181,https://cdn2.cellphones.com.vn/x/media/catalog/product/m/a/may-lanh-panasonic-1-hp-cu-cs-n9akh-8_6_.png
4025,181,https://cdn2.cellphones.com.vn/x/media/catalog/product/m/a/may-lanh-panasonic-1-hp-cu-cs-n9akh-8_8_.png
4026,181,https://cdn2.cellphones.com.vn/x/media/catalog/product/m/a/may-lanh-panasonic-1-hp-cu-cs-n9akh-8_4_.png
4027,181,https://cdn2.cellphones.com.vn/x/media/catalog/product/m/a/may-lanh-panasonic-1-hp-cu-cs-n9akh-8_9_.png
4028,181,https://cellphones.com.vn/media/catalog/product/m/a/may-lanh-panasonic-1-hp-cu-cs-n9akh-8_1__1.png
4029,181,https://cellphones.com.vn/media/catalog/product/m/a/may-lanh-panasonic-1-5-hp-cu-cs-n12zkh-8_9_.png
4030,181,https://cellphones.com.vn/media/catalog/product/m/a/may-lanh-panasonic-1-hp-cu-cs-n9akh-8_1_.png
4031,181,https://cellphones.com.vn/media/catalog/product/m/a/may-lanh-panasonic-1-hp-cu-cs-n9akh-8_3_.png
4032,181,https://cellphones.com.vn/media/catalog/product/m/a/may-lanh-panasonic-1-hp-cu-cs-n9akh-8_2_.png
4033,181,https://cellphones.com.vn/media/catalog/product/m/a/may-lanh-panasonic-1-hp-cu-cs-n9akh-8_5_.png
4034,181,https://cellphones.com.vn/media/catalog/product/m/a/may-lanh-panasonic-1-hp-cu-cs-n9akh-8_6_.png
4035,181,https://cellphones.com.vn/media/catalog/product/m/a/may-lanh-panasonic-1-hp-cu-cs-n9akh-8_8_.png
4036,181,https://cellphones.com.vn/media/catalog/product/m/a/may-lanh-panasonic-1-hp-cu-cs-n9akh-8_4_.png
4037,181,https://cellphones.com.vn/media/catalog/product/m/a/may-lanh-panasonic-1-hp-cu-cs-n9akh-8_9_.png
4038,182,https://cdn2.cellphones.com.vn/media/catalog/product/m/a/may-lanh-panasonic-inverter-1-5-hp-cu-cs-ru12ckh-8d.png
4039,182,https://cdn2.cellphones.com.vn/x/media/catalog/product/m/a/may-lanh-panasonic-inverter-1-5-hp-cu-cs-ru12ckh-8d_1_.png
4040,182,https://cdn2.cellphones.com.vn/x/media/catalog/product/m/a/may-lanh-panasonic-inverter-1-5-hp-cu-cs-ru12ckh-8d_2_.png
4041,182,https://cdn2.cellphones.com.vn/x/media/catalog/product/m/a/may-lanh-panasonic-inverter-1-5-hp-cu-cs-ru12ckh-8d_4_.png
4042,182,https://cdn2.cellphones.com.vn/x/media/catalog/product/m/a/may-lanh-panasonic-inverter-1-5-hp-cu-cs-ru12ckh-8d_5_.png
4043,182,https://cdn2.cellphones.com.vn/x/media/catalog/product/m/a/may-lanh-panasonic-inverter-1-5-hp-cu-cs-ru12ckh-8d_6_.png
4044,182,https://cdn2.cellphones.com.vn/x/media/catalog/product/m/a/may-lanh-panasonic-inverter-1-5-hp-cu-cs-ru12ckh-8d_7_.png
4045,182,https://cdn2.cellphones.com.vn/x/media/catalog/product/m/a/may-lanh-panasonic-inverter-1-5-hp-cu-cs-ru12ckh-8d_8_.png
4046,182,https://cdn2.cellphones.com.vn/x/media/catalog/product/m/a/may-lanh-panasonic-inverter-1-5-hp-cu-cs-ru12ckh-8d_9_.png
4047,182,https://cdn2.cellphones.com.vn/x/media/catalog/product/m/a/may-lanh-panasonic-inverter-1-5-hp-cu-cs-ru12ckh-8d_3_.png
4048,182,https://cellphones.com.vn/media/catalog/product/m/a/may-lanh-panasonic-inverter-1-5-hp-cu-cs-ru12ckh-8d_1__1.png
4049,182,https://cellphones.com.vn/media/catalog/product/m/a/may-lanh-panasonic-inverter-1-5-hp-cu-cs-ru12ckh-8d.png
4050,182,https://cellphones.com.vn/media/catalog/product/m/a/may-lanh-panasonic-inverter-1-5-hp-cu-cs-ru12ckh-8d_1_.png
4051,182,https://cellphones.com.vn/media/catalog/product/m/a/may-lanh-panasonic-inverter-1-5-hp-cu-cs-ru12ckh-8d_2_.png
4052,182,https://cellphones.com.vn/media/catalog/product/m/a/may-lanh-panasonic-inverter-1-5-hp-cu-cs-ru12ckh-8d_4_.png
4053,182,https://cellphones.com.vn/media/catalog/product/m/a/may-lanh-panasonic-inverter-1-5-hp-cu-cs-ru12ckh-8d_5_.png
4054,182,https://cellphones.com.vn/media/catalog/product/m/a/may-lanh-panasonic-inverter-1-5-hp-cu-cs-ru12ckh-8d_6_.png
4055,182,https://cellphones.com.vn/media/catalog/product/m/a/may-lanh-panasonic-inverter-1-5-hp-cu-cs-ru12ckh-8d_7_.png
4056,182,https://cellphones.com.vn/media/catalog/product/m/a/may-lanh-panasonic-inverter-1-5-hp-cu-cs-ru12ckh-8d_8_.png
4057,182,https://cellphones.com.vn/media/catalog/product/m/a/may-lanh-panasonic-inverter-1-5-hp-cu-cs-ru12ckh-8d_9_.png
4058,182,https://cellphones.com.vn/media/catalog/product/m/a/may-lanh-panasonic-inverter-1-5-hp-cu-cs-ru12ckh-8d_3_.png
4059,183,https://cdn2.cellphones.com.vn/media/catalog/product/m/_/m_y_l_nh_23_.png
4060,183,https://cdn2.cellphones.com.vn/x/media/catalog/product/m/_/m_y_c_o_r_u_19_39__1.png
4061,183,https://cdn2.cellphones.com.vn/x/media/catalog/product/m/_/m_y_c_o_r_u_19_41__1.png
4062,183,https://cdn2.cellphones.com.vn/x/media/catalog/product/m/_/m_y_c_o_r_u_19_40__1.png
4063,183,https://cdn2.cellphones.com.vn/x/media/catalog/product/m/_/m_y_c_o_r_u_19_42__1.png
4064,183,https://cdn2.cellphones.com.vn/x/media/catalog/product/m/_/m_y_c_o_r_u_19_45__1.png
4065,183,https://cdn2.cellphones.com.vn/x/media/catalog/product/m/_/m_y_c_o_r_u_19_43__1.png
4066,183,https://cdn2.cellphones.com.vn/x/media/catalog/product/m/_/m_y_c_o_r_u_19_44__1.png
4067,183,https://cdn2.cellphones.com.vn/x/media/catalog/product/m/_/m_y_c_o_r_u_19_46__1.png
4068,183,https://cdn2.cellphones.com.vn/x/media/catalog/product/m/_/m_y_c_o_r_u_19_47__1.png
4069,183,https://cdn2.cellphones.com.vn/x/media/catalog/product/m/_/m_y_c_o_r_u_19_48__1.png
4070,183,https://cdn2.cellphones.com.vn/x/media/catalog/product/m/_/m_y_c_o_r_u_19_51__1.png
4071,183,https://cdn2.cellphones.com.vn/x/media/catalog/product/m/_/m_y_c_o_r_u_19_49__1.png
4072,183,https://cdn2.cellphones.com.vn/x/media/catalog/product/m/_/m_y_c_o_r_u_19_50__1.png
4073,183,https://cellphones.com.vn/media/catalog/product/m/_/m_y_l_nh_23_.png
4074,183,https://cellphones.com.vn/media/catalog/product/m/_/m_y_c_o_r_u_19_39__1.png
4075,183,https://cellphones.com.vn/media/catalog/product/m/_/m_y_c_o_r_u_19_41__1.png
4076,183,https://cellphones.com.vn/media/catalog/product/m/_/m_y_c_o_r_u_19_40__1.png
4077,183,https://cellphones.com.vn/media/catalog/product/m/_/m_y_c_o_r_u_19_42__1.png
4078,183,https://cellphones.com.vn/media/catalog/product/m/_/m_y_c_o_r_u_19_45__1.png
4079,183,https://cellphones.com.vn/media/catalog/product/m/_/m_y_c_o_r_u_19_43__1.png
4080,183,https://cellphones.com.vn/media/catalog/product/m/_/m_y_c_o_r_u_19_44__1.png
4081,183,https://cellphones.com.vn/media/catalog/product/m/_/m_y_c_o_r_u_19_46__1.png
4082,183,https://cellphones.com.vn/media/catalog/product/m/_/m_y_c_o_r_u_19_47__1.png
4083,183,https://cellphones.com.vn/media/catalog/product/m/_/m_y_c_o_r_u_19_48__1.png
4084,183,https://cellphones.com.vn/media/catalog/product/m/_/m_y_c_o_r_u_19_51__1.png
4085,183,https://cellphones.com.vn/media/catalog/product/m/_/m_y_c_o_r_u_19_49__1.png
4086,183,https://cellphones.com.vn/media/catalog/product/m/_/m_y_c_o_r_u_19_50__1.png
4087,184,https://cdn2.cellphones.com.vn/media/catalog/product/m/_/m_y_l_nh_17__3.png
4088,184,https://cdn2.cellphones.com.vn/x/media/catalog/product/m/_/m_y_c_o_r_u_19_25__2_1.png
4089,184,https://cdn2.cellphones.com.vn/x/media/catalog/product/m/_/m_y_c_o_r_u_19_26__2_1.png
4090,184,https://cdn2.cellphones.com.vn/x/media/catalog/product/m/_/m_y_c_o_r_u_19_28__2_1.png
4091,184,https://cdn2.cellphones.com.vn/x/media/catalog/product/m/_/m_y_c_o_r_u_19_27__2_1.png
4092,184,https://cdn2.cellphones.com.vn/x/media/catalog/product/m/_/m_y_c_o_r_u_19_31__3_1.png
4093,184,https://cdn2.cellphones.com.vn/x/media/catalog/product/m/_/m_y_c_o_r_u_19_29__2_1.png
4094,184,https://cdn2.cellphones.com.vn/x/media/catalog/product/m/_/m_y_c_o_r_u_19_30__2_1.png
4095,184,https://cdn2.cellphones.com.vn/x/media/catalog/product/m/_/m_y_c_o_r_u_19_32__1.png
4096,184,https://cdn2.cellphones.com.vn/x/media/catalog/product/m/_/m_y_c_o_r_u_19_33__1.png
4097,184,https://cdn2.cellphones.com.vn/x/media/catalog/product/m/_/m_y_c_o_r_u_19_34__1.png
4098,184,https://cdn2.cellphones.com.vn/x/media/catalog/product/m/_/m_y_c_o_r_u_19_35__1.png
4099,184,https://cdn2.cellphones.com.vn/x/media/catalog/product/m/_/m_y_c_o_r_u_19_37__1.png
4100,184,https://cdn2.cellphones.com.vn/x/media/catalog/product/m/_/m_y_c_o_r_u_19_38__1.png
4101,184,https://cdn2.cellphones.com.vn/x/media/catalog/product/m/_/m_y_c_o_r_u_19_36__1.png
4102,184,https://cellphones.com.vn/media/catalog/product/m/_/m_y_l_nh_17__3.png
4103,184,https://cellphones.com.vn/media/catalog/product/m/_/m_y_c_o_r_u_19_25__2_1.png
4104,184,https://cellphones.com.vn/media/catalog/product/m/_/m_y_c_o_r_u_19_26__2_1.png
4105,184,https://cellphones.com.vn/media/catalog/product/m/_/m_y_c_o_r_u_19_28__2_1.png
4106,184,https://cellphones.com.vn/media/catalog/product/m/_/m_y_c_o_r_u_19_27__2_1.png
4107,184,https://cellphones.com.vn/media/catalog/product/m/_/m_y_c_o_r_u_19_31__3_1.png
4108,184,https://cellphones.com.vn/media/catalog/product/m/_/m_y_c_o_r_u_19_29__2_1.png
4109,184,https://cellphones.com.vn/media/catalog/product/m/_/m_y_c_o_r_u_19_30__2_1.png
4110,184,https://cellphones.com.vn/media/catalog/product/m/_/m_y_c_o_r_u_19_32__1.png
4111,184,https://cellphones.com.vn/media/catalog/product/m/_/m_y_c_o_r_u_19_33__1.png
4112,184,https://cellphones.com.vn/media/catalog/product/m/_/m_y_c_o_r_u_19_34__1.png
4113,184,https://cellphones.com.vn/media/catalog/product/m/_/m_y_c_o_r_u_19_35__1.png
4114,184,https://cellphones.com.vn/media/catalog/product/m/_/m_y_c_o_r_u_19_37__1.png
4115,184,https://cellphones.com.vn/media/catalog/product/m/_/m_y_c_o_r_u_19_38__1.png
4116,184,https://cellphones.com.vn/media/catalog/product/m/_/m_y_c_o_r_u_19_36__1.png
4117,185,https://cdn2.cellphones.com.vn/media/catalog/product/m/_/m_y_l_nh_15__2.png
4118,185,https://cdn2.cellphones.com.vn/x/media/catalog/product/m/_/m_y_c_o_r_u_22_53_.png
4119,185,https://cdn2.cellphones.com.vn/x/media/catalog/product/m/_/m_y_c_o_r_u_22_54_.png
4120,185,https://cdn2.cellphones.com.vn/x/media/catalog/product/m/_/m_y_c_o_r_u_22_55_.png
4121,185,https://cdn2.cellphones.com.vn/x/media/catalog/product/m/_/m_y_c_o_r_u_22_56_.png
4122,185,https://cdn2.cellphones.com.vn/x/media/catalog/product/m/_/m_y_c_o_r_u_22_57_.png
4123,185,https://cdn2.cellphones.com.vn/x/media/catalog/product/m/_/m_y_c_o_r_u_21_37__2.png
4124,185,https://cdn2.cellphones.com.vn/x/media/catalog/product/m/_/m_y_c_o_r_u_21_36__2.png
4125,185,https://cdn2.cellphones.com.vn/x/media/catalog/product/m/_/m_y_c_o_r_u_21_38__2.png
4126,185,https://cdn2.cellphones.com.vn/x/media/catalog/product/m/_/m_y_c_o_r_u_21_39__2.png
4127,185,https://cdn2.cellphones.com.vn/x/media/catalog/product/m/_/m_y_c_o_r_u_21_40__2.png
4128,185,https://cdn2.cellphones.com.vn/x/media/catalog/product/m/_/m_y_c_o_r_u_21_41__2.png
4129,185,https://cdn2.cellphones.com.vn/x/media/catalog/product/s/l/slider_b_n_i_-_2026-03-23t113239.121.png
4130,185,https://cellphones.com.vn/media/catalog/product/m/_/m_y_l_nh_15__2.png
4131,185,https://cellphones.com.vn/media/catalog/product/m/_/m_y_c_o_r_u_22_53_.png
4132,185,https://cellphones.com.vn/media/catalog/product/m/_/m_y_c_o_r_u_22_54_.png
4133,185,https://cellphones.com.vn/media/catalog/product/m/_/m_y_c_o_r_u_22_55_.png
4134,185,https://cellphones.com.vn/media/catalog/product/m/_/m_y_c_o_r_u_22_56_.png
4135,185,https://cellphones.com.vn/media/catalog/product/m/_/m_y_c_o_r_u_22_57_.png
4136,185,https://cellphones.com.vn/media/catalog/product/m/_/m_y_c_o_r_u_21_37__2.png
4137,185,https://cellphones.com.vn/media/catalog/product/m/_/m_y_c_o_r_u_21_36__2.png
4138,185,https://cellphones.com.vn/media/catalog/product/m/_/m_y_c_o_r_u_21_38__2.png
4139,185,https://cellphones.com.vn/media/catalog/product/m/_/m_y_c_o_r_u_21_39__2.png
4140,185,https://cellphones.com.vn/media/catalog/product/m/_/m_y_c_o_r_u_21_40__2.png
4141,185,https://cellphones.com.vn/media/catalog/product/m/_/m_y_c_o_r_u_21_41__2.png
4142,185,https://cellphones.com.vn/media/catalog/product/s/l/slider_b_n_i_-_2026-03-23t113239.121.png
4143,186,https://cdn2.cellphones.com.vn/media/catalog/product/m/a/may-lanh-panasonic-inverter-1-hp-cu-cs-ru9ckh-8d.png
4144,186,https://cdn2.cellphones.com.vn/x/media/catalog/product/m/a/may-lanh-panasonic-inverter-1-hp-cu-cs-ru9ckh-8d_1_.png
4145,186,https://cdn2.cellphones.com.vn/x/media/catalog/product/m/a/may-lanh-panasonic-inverter-1-hp-cu-cs-ru9ckh-8d_2_.png
4146,186,https://cdn2.cellphones.com.vn/x/media/catalog/product/m/a/may-lanh-panasonic-inverter-1-hp-cu-cs-ru9ckh-8d_4_.png
4147,186,https://cdn2.cellphones.com.vn/x/media/catalog/product/m/a/may-lanh-panasonic-inverter-1-hp-cu-cs-ru9ckh-8d_5_.png
4148,186,https://cdn2.cellphones.com.vn/x/media/catalog/product/m/a/may-lanh-panasonic-inverter-1-hp-cu-cs-ru9ckh-8d_6_.png
4149,186,https://cdn2.cellphones.com.vn/x/media/catalog/product/m/a/may-lanh-panasonic-inverter-1-hp-cu-cs-ru9ckh-8d_9_.png
4150,186,https://cdn2.cellphones.com.vn/x/media/catalog/product/m/a/may-lanh-panasonic-inverter-1-hp-cu-cs-ru9ckh-8d_8_.png
4151,186,https://cdn2.cellphones.com.vn/x/media/catalog/product/m/a/may-lanh-panasonic-inverter-1-hp-cu-cs-ru9ckh-8d_7_.png
4152,186,https://cdn2.cellphones.com.vn/x/media/catalog/product/m/a/may-lanh-panasonic-inverter-1-hp-cu-cs-ru9ckh-8d_3_.png
4153,186,https://cellphones.com.vn/media/catalog/product/m/a/may-lanh-panasonic-inverter-1-hp-cu-cs-ru9ckh-8d_1__1.png
4154,186,https://cellphones.com.vn/media/catalog/product/m/a/may-lanh-panasonic-inverter-1-hp-cu-cs-ru9ckh-8d.png
4155,186,https://cellphones.com.vn/media/catalog/product/m/a/may-lanh-panasonic-inverter-1-hp-cu-cs-ru9ckh-8d_1_.png
4156,186,https://cellphones.com.vn/media/catalog/product/m/a/may-lanh-panasonic-inverter-1-hp-cu-cs-ru9ckh-8d_2_.png
4157,186,https://cellphones.com.vn/media/catalog/product/m/a/may-lanh-panasonic-inverter-1-hp-cu-cs-ru9ckh-8d_4_.png
4158,186,https://cellphones.com.vn/media/catalog/product/m/a/may-lanh-panasonic-inverter-1-hp-cu-cs-ru9ckh-8d_5_.png
4159,186,https://cellphones.com.vn/media/catalog/product/m/a/may-lanh-panasonic-inverter-1-hp-cu-cs-ru9ckh-8d_6_.png
4160,186,https://cellphones.com.vn/media/catalog/product/m/a/may-lanh-panasonic-inverter-1-hp-cu-cs-ru9ckh-8d_9_.png
4161,186,https://cellphones.com.vn/media/catalog/product/m/a/may-lanh-panasonic-inverter-1-hp-cu-cs-ru9ckh-8d_8_.png
4162,186,https://cellphones.com.vn/media/catalog/product/m/a/may-lanh-panasonic-inverter-1-hp-cu-cs-ru9ckh-8d_7_.png
4163,186,https://cellphones.com.vn/media/catalog/product/m/a/may-lanh-panasonic-inverter-1-hp-cu-cs-ru9ckh-8d_3_.png
4164,187,https://cdn2.cellphones.com.vn/media/catalog/product/m/_/m_y_l_nh_22__2.png
4165,187,https://cdn2.cellphones.com.vn/x/media/catalog/product/m/_/m_y_c_o_r_u_19_39_.png
4166,187,https://cdn2.cellphones.com.vn/x/media/catalog/product/m/_/m_y_c_o_r_u_19_41_.png
4167,187,https://cdn2.cellphones.com.vn/x/media/catalog/product/m/_/m_y_c_o_r_u_19_40_.png
4168,187,https://cdn2.cellphones.com.vn/x/media/catalog/product/m/_/m_y_c_o_r_u_19_42_.png
4169,187,https://cdn2.cellphones.com.vn/x/media/catalog/product/m/_/m_y_c_o_r_u_19_45_.png
4170,187,https://cdn2.cellphones.com.vn/x/media/catalog/product/m/_/m_y_c_o_r_u_19_43_.png
4171,187,https://cdn2.cellphones.com.vn/x/media/catalog/product/m/_/m_y_c_o_r_u_19_44_.png
4172,187,https://cdn2.cellphones.com.vn/x/media/catalog/product/m/_/m_y_c_o_r_u_19_46_.png
4173,187,https://cdn2.cellphones.com.vn/x/media/catalog/product/m/_/m_y_c_o_r_u_19_47_.png
4174,187,https://cdn2.cellphones.com.vn/x/media/catalog/product/m/_/m_y_c_o_r_u_19_48_.png
4175,187,https://cdn2.cellphones.com.vn/x/media/catalog/product/m/_/m_y_c_o_r_u_19_51_.png
4176,187,https://cdn2.cellphones.com.vn/x/media/catalog/product/m/_/m_y_c_o_r_u_19_49_.png
4177,187,https://cdn2.cellphones.com.vn/x/media/catalog/product/m/_/m_y_c_o_r_u_19_50_.png
4178,187,https://cellphones.com.vn/media/catalog/product/m/_/m_y_l_nh_22__2.png
4179,187,https://cellphones.com.vn/media/catalog/product/m/_/m_y_c_o_r_u_19_39_.png
4180,187,https://cellphones.com.vn/media/catalog/product/m/_/m_y_c_o_r_u_19_41_.png
4181,187,https://cellphones.com.vn/media/catalog/product/m/_/m_y_c_o_r_u_19_40_.png
4182,187,https://cellphones.com.vn/media/catalog/product/m/_/m_y_c_o_r_u_19_42_.png
4183,187,https://cellphones.com.vn/media/catalog/product/m/_/m_y_c_o_r_u_19_45_.png
4184,187,https://cellphones.com.vn/media/catalog/product/m/_/m_y_c_o_r_u_19_43_.png
4185,187,https://cellphones.com.vn/media/catalog/product/m/_/m_y_c_o_r_u_19_44_.png
4186,187,https://cellphones.com.vn/media/catalog/product/m/_/m_y_c_o_r_u_19_46_.png
4187,187,https://cellphones.com.vn/media/catalog/product/m/_/m_y_c_o_r_u_19_47_.png
4188,187,https://cellphones.com.vn/media/catalog/product/m/_/m_y_c_o_r_u_19_48_.png
4189,187,https://cellphones.com.vn/media/catalog/product/m/_/m_y_c_o_r_u_19_51_.png
4190,187,https://cellphones.com.vn/media/catalog/product/m/_/m_y_c_o_r_u_19_49_.png
4191,187,https://cellphones.com.vn/media/catalog/product/m/_/m_y_c_o_r_u_19_50_.png
4192,188,https://cdn2.cellphones.com.vn/media/catalog/product/m/a/may-lanh-panasonic-inverter-1-hp-cu-cs-u9zkh-8_13_.png
4193,188,https://cdn2.cellphones.com.vn/x/media/catalog/product/m/a/may-lanh-panasonic-inverter-1-hp-cu-cs-u9zkh-8_1_.png
4194,188,https://cdn2.cellphones.com.vn/x/media/catalog/product/m/a/may-lanh-panasonic-inverter-1-hp-cu-cs-u9zkh-8_2_.png
4195,188,https://cdn2.cellphones.com.vn/x/media/catalog/product/m/a/may-lanh-panasonic-inverter-1-hp-cu-cs-u9zkh-8_3_.png
4196,188,https://cdn2.cellphones.com.vn/x/media/catalog/product/m/a/may-lanh-panasonic-inverter-1-hp-cu-cs-u9zkh-8_4_.png
4197,188,https://cdn2.cellphones.com.vn/x/media/catalog/product/m/a/may-lanh-panasonic-inverter-1-hp-cu-cs-u9zkh-8_5_.png
4198,188,https://cdn2.cellphones.com.vn/x/media/catalog/product/m/a/may-lanh-panasonic-inverter-1-hp-cu-cs-u9zkh-8_6_.png
4199,188,https://cdn2.cellphones.com.vn/x/media/catalog/product/m/a/may-lanh-panasonic-inverter-1-hp-cu-cs-u9zkh-8_7_.png
4200,188,https://cdn2.cellphones.com.vn/x/media/catalog/product/m/a/may-lanh-panasonic-inverter-1-hp-cu-cs-u9zkh-8_8_.png
4201,188,https://cdn2.cellphones.com.vn/x/media/catalog/product/m/a/may-lanh-panasonic-inverter-1-hp-cu-cs-u9zkh-8_9_.png
4202,188,https://cdn2.cellphones.com.vn/x/media/catalog/product/m/a/may-lanh-panasonic-inverter-1-hp-cu-cs-u9zkh-8_11_.png
4203,188,https://cdn2.cellphones.com.vn/x/media/catalog/product/m/a/may-lanh-panasonic-inverter-1-hp-cu-cs-u9zkh-8_10_.png
4204,188,https://cellphones.com.vn/media/catalog/product/m/a/may-lanh-panasonic-inverter-1-hp-cu-cs-u9zkh-8_1__1.png
4205,188,https://cellphones.com.vn/media/catalog/product/m/a/may-lanh-panasonic-inverter-1-hp-cu-cs-u9zkh-8_13_.png
4206,188,https://cellphones.com.vn/media/catalog/product/m/a/may-lanh-panasonic-inverter-1-hp-cu-cs-u9zkh-8_1_.png
4207,188,https://cellphones.com.vn/media/catalog/product/m/a/may-lanh-panasonic-inverter-1-hp-cu-cs-u9zkh-8_2_.png
4208,188,https://cellphones.com.vn/media/catalog/product/m/a/may-lanh-panasonic-inverter-1-hp-cu-cs-u9zkh-8_3_.png
4209,188,https://cellphones.com.vn/media/catalog/product/m/a/may-lanh-panasonic-inverter-1-hp-cu-cs-u9zkh-8_4_.png
4210,188,https://cellphones.com.vn/media/catalog/product/m/a/may-lanh-panasonic-inverter-1-hp-cu-cs-u9zkh-8_5_.png
4211,188,https://cellphones.com.vn/media/catalog/product/m/a/may-lanh-panasonic-inverter-1-hp-cu-cs-u9zkh-8_6_.png
4212,188,https://cellphones.com.vn/media/catalog/product/m/a/may-lanh-panasonic-inverter-1-hp-cu-cs-u9zkh-8_7_.png
4213,188,https://cellphones.com.vn/media/catalog/product/m/a/may-lanh-panasonic-inverter-1-hp-cu-cs-u9zkh-8_8_.png
4214,188,https://cellphones.com.vn/media/catalog/product/m/a/may-lanh-panasonic-inverter-1-hp-cu-cs-u9zkh-8_9_.png
4215,188,https://cellphones.com.vn/media/catalog/product/m/a/may-lanh-panasonic-inverter-1-hp-cu-cs-u9zkh-8_11_.png
4216,188,https://cellphones.com.vn/media/catalog/product/m/a/may-lanh-panasonic-inverter-1-hp-cu-cs-u9zkh-8_10_.png
4217,189,https://cdn2.cellphones.com.vn/media/catalog/product/m/_/m_y_l_nh_16__2.png
4218,189,https://cdn2.cellphones.com.vn/x/media/catalog/product/m/_/m_y_c_o_r_u_19_25__2.png
4219,189,https://cdn2.cellphones.com.vn/x/media/catalog/product/m/_/m_y_c_o_r_u_19_26__2.png
4220,189,https://cdn2.cellphones.com.vn/x/media/catalog/product/m/_/m_y_c_o_r_u_19_28__2.png
4221,189,https://cdn2.cellphones.com.vn/x/media/catalog/product/m/_/m_y_c_o_r_u_19_27__2.png
4222,189,https://cdn2.cellphones.com.vn/x/media/catalog/product/m/_/m_y_c_o_r_u_19_31__3.png
4223,189,https://cdn2.cellphones.com.vn/x/media/catalog/product/m/_/m_y_c_o_r_u_19_29__2.png
4224,189,https://cdn2.cellphones.com.vn/x/media/catalog/product/m/_/m_y_c_o_r_u_19_30__2.png
4225,189,https://cdn2.cellphones.com.vn/x/media/catalog/product/m/_/m_y_c_o_r_u_19_32_.png
4226,189,https://cdn2.cellphones.com.vn/x/media/catalog/product/m/_/m_y_c_o_r_u_19_33_.png
4227,189,https://cdn2.cellphones.com.vn/x/media/catalog/product/m/_/m_y_c_o_r_u_19_34_.png
4228,189,https://cdn2.cellphones.com.vn/x/media/catalog/product/m/_/m_y_c_o_r_u_19_35_.png
4229,189,https://cdn2.cellphones.com.vn/x/media/catalog/product/m/_/m_y_c_o_r_u_19_37_.png
4230,189,https://cdn2.cellphones.com.vn/x/media/catalog/product/m/_/m_y_c_o_r_u_19_38_.png
4231,189,https://cdn2.cellphones.com.vn/x/media/catalog/product/m/_/m_y_c_o_r_u_19_36_.png
4232,189,https://cellphones.com.vn/media/catalog/product/m/_/m_y_l_nh_16__2.png
4233,189,https://cellphones.com.vn/media/catalog/product/m/_/m_y_c_o_r_u_19_25__2.png
4234,189,https://cellphones.com.vn/media/catalog/product/m/_/m_y_c_o_r_u_19_26__2.png
4235,189,https://cellphones.com.vn/media/catalog/product/m/_/m_y_c_o_r_u_19_28__2.png
4236,189,https://cellphones.com.vn/media/catalog/product/m/_/m_y_c_o_r_u_19_27__2.png
4237,189,https://cellphones.com.vn/media/catalog/product/m/_/m_y_c_o_r_u_19_31__3.png
4238,189,https://cellphones.com.vn/media/catalog/product/m/_/m_y_c_o_r_u_19_29__2.png
4239,189,https://cellphones.com.vn/media/catalog/product/m/_/m_y_c_o_r_u_19_30__2.png
4240,189,https://cellphones.com.vn/media/catalog/product/m/_/m_y_c_o_r_u_19_32_.png
4241,189,https://cellphones.com.vn/media/catalog/product/m/_/m_y_c_o_r_u_19_33_.png
4242,189,https://cellphones.com.vn/media/catalog/product/m/_/m_y_c_o_r_u_19_34_.png
4243,189,https://cellphones.com.vn/media/catalog/product/m/_/m_y_c_o_r_u_19_35_.png
4244,189,https://cellphones.com.vn/media/catalog/product/m/_/m_y_c_o_r_u_19_37_.png
4245,189,https://cellphones.com.vn/media/catalog/product/m/_/m_y_c_o_r_u_19_38_.png
4246,189,https://cellphones.com.vn/media/catalog/product/m/_/m_y_c_o_r_u_19_36_.png
4247,190,https://cdn2.cellphones.com.vn/media/catalog/product/m/a/may-lanh-panasonic-inverter-1-hp-cu-cs-yz9akh-8.png
4248,190,https://cdn2.cellphones.com.vn/x/media/catalog/product/m/a/may-lanh-panasonic-inverter-1-hp-cu-cs-yz9akh-8_1_.png
4249,190,https://cdn2.cellphones.com.vn/x/media/catalog/product/m/a/may-lanh-panasonic-inverter-1-hp-cu-cs-yz9akh-8_2_.png
4250,190,https://cdn2.cellphones.com.vn/x/media/catalog/product/m/a/may-lanh-panasonic-inverter-1-hp-cu-cs-yz9akh-8_3_.png
4251,190,https://cdn2.cellphones.com.vn/x/media/catalog/product/m/a/may-lanh-panasonic-inverter-1-hp-cu-cs-yz9akh-8_4_.png
4252,190,https://cdn2.cellphones.com.vn/x/media/catalog/product/m/a/may-lanh-panasonic-inverter-1-hp-cu-cs-yz9akh-8_7_.png
4253,190,https://cdn2.cellphones.com.vn/x/media/catalog/product/m/a/may-lanh-panasonic-inverter-1-hp-cu-cs-yz9akh-8_5_.png
4254,190,https://cdn2.cellphones.com.vn/x/media/catalog/product/m/a/may-lanh-panasonic-inverter-1-hp-cu-cs-yz9akh-8_6_.png
4255,190,https://cellphones.com.vn/media/catalog/product/m/a/may-lanh-panasonic-inverter-1-hp-cu-cs-yz9akh-8_1__1.png
4256,190,https://cellphones.com.vn/media/catalog/product/m/a/may-lanh-panasonic-inverter-1-hp-cu-cs-yz9akh-8.png
4257,190,https://cellphones.com.vn/media/catalog/product/m/a/may-lanh-panasonic-inverter-1-hp-cu-cs-yz9akh-8_1_.png
4258,190,https://cellphones.com.vn/media/catalog/product/m/a/may-lanh-panasonic-inverter-1-hp-cu-cs-yz9akh-8_2_.png
4259,190,https://cellphones.com.vn/media/catalog/product/m/a/may-lanh-panasonic-inverter-1-hp-cu-cs-yz9akh-8_3_.png
4260,190,https://cellphones.com.vn/media/catalog/product/m/a/may-lanh-panasonic-inverter-1-hp-cu-cs-yz9akh-8_4_.png
4261,190,https://cellphones.com.vn/media/catalog/product/m/a/may-lanh-panasonic-inverter-1-hp-cu-cs-yz9akh-8_7_.png
4262,190,https://cellphones.com.vn/media/catalog/product/m/a/may-lanh-panasonic-inverter-1-hp-cu-cs-yz9akh-8_5_.png
4263,190,https://cellphones.com.vn/media/catalog/product/m/a/may-lanh-panasonic-inverter-1-hp-cu-cs-yz9akh-8_6_.png
4264,191,https://cdn2.cellphones.com.vn/media/catalog/product/m/_/m_y_l_nh_22_.png
4265,191,https://cdn2.cellphones.com.vn/x/media/catalog/product/m/_/m_y_c_o_r_u_19_25__2_1_1_1.png
4266,191,https://cdn2.cellphones.com.vn/x/media/catalog/product/m/_/m_y_c_o_r_u_19_26__2_1_1_1.png
4267,191,https://cdn2.cellphones.com.vn/x/media/catalog/product/m/_/m_y_c_o_r_u_19_28__2_1_1_1.png
4268,191,https://cdn2.cellphones.com.vn/x/media/catalog/product/m/_/m_y_c_o_r_u_19_27__2_1_1_1.png
4269,191,https://cdn2.cellphones.com.vn/x/media/catalog/product/m/_/m_y_c_o_r_u_19_31__3_1_1_1.png
4270,191,https://cdn2.cellphones.com.vn/x/media/catalog/product/m/_/m_y_c_o_r_u_19_29__2_1_1_1.png
4271,191,https://cdn2.cellphones.com.vn/x/media/catalog/product/m/_/m_y_c_o_r_u_19_30__2_1_1_1.png
4272,191,https://cdn2.cellphones.com.vn/x/media/catalog/product/m/_/m_y_c_o_r_u_19_32__1_1_1.png
4273,191,https://cdn2.cellphones.com.vn/x/media/catalog/product/m/_/m_y_c_o_r_u_19_33__1_1_1.png
4274,191,https://cdn2.cellphones.com.vn/x/media/catalog/product/m/_/m_y_c_o_r_u_19_34__1_1_1.png
4275,191,https://cdn2.cellphones.com.vn/x/media/catalog/product/m/_/m_y_c_o_r_u_19_35__1_1_1.png
4276,191,https://cdn2.cellphones.com.vn/x/media/catalog/product/m/_/m_y_c_o_r_u_19_37__1_1_1.png
4277,191,https://cdn2.cellphones.com.vn/x/media/catalog/product/m/_/m_y_c_o_r_u_19_38__1_1_1.png
4278,191,https://cdn2.cellphones.com.vn/x/media/catalog/product/m/_/m_y_c_o_r_u_19_36__1_1_1.png
4279,191,https://cellphones.com.vn/media/catalog/product/m/_/m_y_l_nh_22_.png
4280,191,https://cellphones.com.vn/media/catalog/product/m/_/m_y_c_o_r_u_19_25__2_1_1_1.png
4281,191,https://cellphones.com.vn/media/catalog/product/m/_/m_y_c_o_r_u_19_26__2_1_1_1.png
4282,191,https://cellphones.com.vn/media/catalog/product/m/_/m_y_c_o_r_u_19_28__2_1_1_1.png
4283,191,https://cellphones.com.vn/media/catalog/product/m/_/m_y_c_o_r_u_19_27__2_1_1_1.png
4284,191,https://cellphones.com.vn/media/catalog/product/m/_/m_y_c_o_r_u_19_31__3_1_1_1.png
4285,191,https://cellphones.com.vn/media/catalog/product/m/_/m_y_c_o_r_u_19_29__2_1_1_1.png
4286,191,https://cellphones.com.vn/media/catalog/product/m/_/m_y_c_o_r_u_19_30__2_1_1_1.png
4287,191,https://cellphones.com.vn/media/catalog/product/m/_/m_y_c_o_r_u_19_32__1_1_1.png
4288,191,https://cellphones.com.vn/media/catalog/product/m/_/m_y_c_o_r_u_19_33__1_1_1.png
4289,191,https://cellphones.com.vn/media/catalog/product/m/_/m_y_c_o_r_u_19_34__1_1_1.png
4290,191,https://cellphones.com.vn/media/catalog/product/m/_/m_y_c_o_r_u_19_35__1_1_1.png
4291,191,https://cellphones.com.vn/media/catalog/product/m/_/m_y_c_o_r_u_19_37__1_1_1.png
4292,191,https://cellphones.com.vn/media/catalog/product/m/_/m_y_c_o_r_u_19_38__1_1_1.png
4293,191,https://cellphones.com.vn/media/catalog/product/m/_/m_y_c_o_r_u_19_36__1_1_1.png
4294,192,https://cdn2.cellphones.com.vn/media/catalog/product/m/_/m_y_l_nh_21_.png
4295,192,https://cdn2.cellphones.com.vn/x/media/catalog/product/m/_/m_y_c_o_r_u_19_25__2_1_1.png
4296,192,https://cdn2.cellphones.com.vn/x/media/catalog/product/m/_/m_y_c_o_r_u_19_26__2_1_1.png
4297,192,https://cdn2.cellphones.com.vn/x/media/catalog/product/m/_/m_y_c_o_r_u_19_28__2_1_1.png
4298,192,https://cdn2.cellphones.com.vn/x/media/catalog/product/m/_/m_y_c_o_r_u_19_27__2_1_1.png
4299,192,https://cdn2.cellphones.com.vn/x/media/catalog/product/m/_/m_y_c_o_r_u_19_31__3_1_1.png
4300,192,https://cdn2.cellphones.com.vn/x/media/catalog/product/m/_/m_y_c_o_r_u_19_29__2_1_1.png
4301,192,https://cdn2.cellphones.com.vn/x/media/catalog/product/m/_/m_y_c_o_r_u_19_30__2_1_1.png
4302,192,https://cdn2.cellphones.com.vn/x/media/catalog/product/m/_/m_y_c_o_r_u_19_32__1_1.png
4303,192,https://cdn2.cellphones.com.vn/x/media/catalog/product/m/_/m_y_c_o_r_u_19_33__1_1.png
4304,192,https://cdn2.cellphones.com.vn/x/media/catalog/product/m/_/m_y_c_o_r_u_19_34__1_1.png
4305,192,https://cdn2.cellphones.com.vn/x/media/catalog/product/m/_/m_y_c_o_r_u_19_35__1_1.png
4306,192,https://cdn2.cellphones.com.vn/x/media/catalog/product/m/_/m_y_c_o_r_u_19_37__1_1.png
4307,192,https://cdn2.cellphones.com.vn/x/media/catalog/product/m/_/m_y_c_o_r_u_19_38__1_1.png
4308,192,https://cdn2.cellphones.com.vn/x/media/catalog/product/m/_/m_y_c_o_r_u_19_36__1_1.png
4309,192,https://cellphones.com.vn/media/catalog/product/m/_/m_y_l_nh_21_.png
4310,192,https://cellphones.com.vn/media/catalog/product/m/_/m_y_c_o_r_u_19_25__2_1_1.png
4311,192,https://cellphones.com.vn/media/catalog/product/m/_/m_y_c_o_r_u_19_26__2_1_1.png
4312,192,https://cellphones.com.vn/media/catalog/product/m/_/m_y_c_o_r_u_19_28__2_1_1.png
4313,192,https://cellphones.com.vn/media/catalog/product/m/_/m_y_c_o_r_u_19_27__2_1_1.png
4314,192,https://cellphones.com.vn/media/catalog/product/m/_/m_y_c_o_r_u_19_31__3_1_1.png
4315,192,https://cellphones.com.vn/media/catalog/product/m/_/m_y_c_o_r_u_19_29__2_1_1.png
4316,192,https://cellphones.com.vn/media/catalog/product/m/_/m_y_c_o_r_u_19_30__2_1_1.png
4317,192,https://cellphones.com.vn/media/catalog/product/m/_/m_y_c_o_r_u_19_32__1_1.png
4318,192,https://cellphones.com.vn/media/catalog/product/m/_/m_y_c_o_r_u_19_33__1_1.png
4319,192,https://cellphones.com.vn/media/catalog/product/m/_/m_y_c_o_r_u_19_34__1_1.png
4320,192,https://cellphones.com.vn/media/catalog/product/m/_/m_y_c_o_r_u_19_35__1_1.png
4321,192,https://cellphones.com.vn/media/catalog/product/m/_/m_y_c_o_r_u_19_37__1_1.png
4322,192,https://cellphones.com.vn/media/catalog/product/m/_/m_y_c_o_r_u_19_38__1_1.png
4323,192,https://cellphones.com.vn/media/catalog/product/m/_/m_y_c_o_r_u_19_36__1_1.png
4324,193,https://cdn2.cellphones.com.vn/media/catalog/product/m/a/may-tinh-bang-lenovo-idea-tab-pro-kem-but-ban-phim_3__4.png
4325,193,https://cdn2.cellphones.com.vn/x/media/catalog/product/s/l/slider-may-tinh-bang-lenovo-idea-tab-pro-wifi-8gb-256gb-zae40190vn_2.jpg
4326,193,https://cdn2.cellphones.com.vn/x/media/catalog/product/s/l/slider-may-tinh-bang-lenovo-idea-tab-pro-wifi-8gb-256gb-zae40190vn-2_2.jpg
4327,193,https://cdn2.cellphones.com.vn/x/media/catalog/product/s/l/slider-may-tinh-bang-lenovo-idea-tab-pro-wifi-8gb-256gb-zae40190vn-1_2.jpg
4328,193,https://cdn2.cellphones.com.vn/x/media/catalog/product/s/l/slider-may-tinh-bang-lenovo-idea-tab-pro-wifi-8gb-256gb-zae40190vn-3_2.jpg
4329,193,https://cdn2.cellphones.com.vn/x/media/catalog/product/s/l/slider-may-tinh-bang-lenovo-idea-tab-pro-wifi-8gb-256gb-zae40190vn-4_2.jpg
4330,193,https://cdn2.cellphones.com.vn/x/media/catalog/product/m/a/may-tinh-bang-lenovo-idea-tab-pro-kem-but-ban-phim_9__4.png
4331,193,https://cdn2.cellphones.com.vn/x/media/catalog/product/m/a/may-tinh-bang-lenovo-idea-tab-pro-kem-but-ban-phim_8__4.png
4332,193,https://cdn2.cellphones.com.vn/x/media/catalog/product/m/a/may-tinh-bang-lenovo-idea-tab-pro-kem-but-ban-phim_6__4.png
4333,193,https://cdn2.cellphones.com.vn/x/media/catalog/product/m/a/may-tinh-bang-lenovo-idea-tab-pro-kem-but-ban-phim_5__4.png
4334,193,https://cdn2.cellphones.com.vn/x/media/catalog/product/m/a/may-tinh-bang-lenovo-idea-tab-pro-kem-but-ban-phim_4__4.png
4335,193,https://cdn2.cellphones.com.vn/x/media/catalog/product/m/a/may-tinh-bang-lenovo-idea-tab-pro-kem-but-ban-phim_7__4.png
4336,193,https://cdn2.cellphones.com.vn/x/media/catalog/product/m/a/may-tinh-bang-lenovo-idea-tab-pro-kem-but-ban-phim_3__4.png
4337,193,https://cdn2.cellphones.com.vn/x/media/catalog/product/m/a/may-tinh-bang-lenovo-idea-tab-pro-kem-but-ban-phim_2__4.png
4338,193,https://cellphones.com.vn/media/catalog/product/m/a/may-tinh-bang-lenovo-idea-tab-pro-cu-xuoc-can.jpg
4339,193,https://cellphones.com.vn/media/catalog/product/m/a/may-tinh-bang-lenovo-idea-tab-pro-kem-but-ban-phim_3__4.png
4340,193,https://cellphones.com.vn/media/catalog/product/s/l/slider-may-tinh-bang-lenovo-idea-tab-pro-wifi-8gb-256gb-zae40190vn_2.jpg
4341,193,https://cellphones.com.vn/media/catalog/product/s/l/slider-may-tinh-bang-lenovo-idea-tab-pro-wifi-8gb-256gb-zae40190vn-2_2.jpg
4342,193,https://cellphones.com.vn/media/catalog/product/s/l/slider-may-tinh-bang-lenovo-idea-tab-pro-wifi-8gb-256gb-zae40190vn-1_2.jpg
4343,193,https://cellphones.com.vn/media/catalog/product/s/l/slider-may-tinh-bang-lenovo-idea-tab-pro-wifi-8gb-256gb-zae40190vn-3_2.jpg
4344,193,https://cellphones.com.vn/media/catalog/product/s/l/slider-may-tinh-bang-lenovo-idea-tab-pro-wifi-8gb-256gb-zae40190vn-4_2.jpg
4345,193,https://cellphones.com.vn/media/catalog/product/m/a/may-tinh-bang-lenovo-idea-tab-pro-kem-but-ban-phim_9__4.png
4346,193,https://cellphones.com.vn/media/catalog/product/m/a/may-tinh-bang-lenovo-idea-tab-pro-kem-but-ban-phim_8__4.png
4347,193,https://cellphones.com.vn/media/catalog/product/m/a/may-tinh-bang-lenovo-idea-tab-pro-kem-but-ban-phim_6__4.png
4348,193,https://cellphones.com.vn/media/catalog/product/m/a/may-tinh-bang-lenovo-idea-tab-pro-kem-but-ban-phim_5__4.png
4349,193,https://cellphones.com.vn/media/catalog/product/m/a/may-tinh-bang-lenovo-idea-tab-pro-kem-but-ban-phim_4__4.png
4350,193,https://cellphones.com.vn/media/catalog/product/m/a/may-tinh-bang-lenovo-idea-tab-pro-kem-but-ban-phim_7__4.png
4351,193,https://cellphones.com.vn/media/catalog/product/m/a/may-tinh-bang-lenovo-idea-tab-pro-kem-but-ban-phim_2__4.png
4352,194,https://cdn2.cellphones.com.vn/media/catalog/product/m/_/m_y_nh_13_46_3.png
4353,194,https://cdn2.cellphones.com.vn/x/media/catalog/product/a/s/as0_21_3.png
4354,194,https://cdn2.cellphones.com.vn/x/media/catalog/product/a/s/as0_3__16_3.png
4355,194,https://cdn2.cellphones.com.vn/x/media/catalog/product/a/s/as0_4__16_3.png
4356,194,https://cdn2.cellphones.com.vn/x/media/catalog/product/a/s/as0_2__17_3.png
4357,194,https://cdn2.cellphones.com.vn/x/media/catalog/product/a/s/as0_1__19_3.png
4358,194,https://cellphones.com.vn/media/catalog/product/m/_/m_y_nh_13_46_3.png
4359,194,https://cellphones.com.vn/media/catalog/product/a/s/as0_21_3.png
4360,194,https://cellphones.com.vn/media/catalog/product/a/s/as0_3__16_3.png
4361,194,https://cellphones.com.vn/media/catalog/product/a/s/as0_4__16_3.png
4362,194,https://cellphones.com.vn/media/catalog/product/a/s/as0_2__17_3.png
4363,194,https://cellphones.com.vn/media/catalog/product/a/s/as0_1__19_3.png
4364,195,https://cdn2.cellphones.com.vn/media/catalog/product/m/_/m_y_nh_13_46_2.png
4365,195,https://cdn2.cellphones.com.vn/x/media/catalog/product/a/s/as0_21_2.png
4366,195,https://cdn2.cellphones.com.vn/x/media/catalog/product/a/s/as0_3__16_2.png
4367,195,https://cdn2.cellphones.com.vn/x/media/catalog/product/a/s/as0_4__16_2.png
4368,195,https://cdn2.cellphones.com.vn/x/media/catalog/product/a/s/as0_2__17_2.png
4369,195,https://cdn2.cellphones.com.vn/x/media/catalog/product/a/s/as0_1__19_2.png
4370,195,https://cellphones.com.vn/media/catalog/product/m/_/m_y_nh_13_46_2.png
4371,195,https://cellphones.com.vn/media/catalog/product/a/s/as0_21_2.png
4372,195,https://cellphones.com.vn/media/catalog/product/a/s/as0_3__16_2.png
4373,195,https://cellphones.com.vn/media/catalog/product/a/s/as0_4__16_2.png
4374,195,https://cellphones.com.vn/media/catalog/product/a/s/as0_2__17_2.png
4375,195,https://cellphones.com.vn/media/catalog/product/a/s/as0_1__19_2.png
4376,196,https://cdn2.cellphones.com.vn/media/catalog/product/m/_/m_y_nh_13_46_2_1.png
4377,196,https://cdn2.cellphones.com.vn/x/media/catalog/product/a/s/as0_21_2_1.png
4378,196,https://cdn2.cellphones.com.vn/x/media/catalog/product/a/s/as0_3__16_2_1.png
4379,196,https://cdn2.cellphones.com.vn/x/media/catalog/product/a/s/as0_4__16_2_1.png
4380,196,https://cdn2.cellphones.com.vn/x/media/catalog/product/a/s/as0_2__17_2_1.png
4381,196,https://cdn2.cellphones.com.vn/x/media/catalog/product/a/s/as0_1__19_2_1.png
4382,196,https://cellphones.com.vn/media/catalog/product/m/_/m_y_nh_13_46_2_1.png
4383,196,https://cellphones.com.vn/media/catalog/product/a/s/as0_21_2_1.png
4384,196,https://cellphones.com.vn/media/catalog/product/a/s/as0_3__16_2_1.png
4385,196,https://cellphones.com.vn/media/catalog/product/a/s/as0_4__16_2_1.png
4386,196,https://cellphones.com.vn/media/catalog/product/a/s/as0_2__17_2_1.png
4387,196,https://cellphones.com.vn/media/catalog/product/a/s/as0_1__19_2_1.png
4388,197,https://cdn2.cellphones.com.vn/media/catalog/product/t/e/text_ng_n_-_2026-03-23t102346.516.png
4389,197,https://cdn2.cellphones.com.vn/x/media/catalog/product/t/e/text_ng_n_-_2026-03-23t102346.516.png
4390,197,https://cdn2.cellphones.com.vn/x/media/catalog/product/o/p/op-lung-iphone-16-pro-cam-den_89_.png
4391,197,https://cdn2.cellphones.com.vn/x/media/catalog/product/o/p/op-lung-iphone-16-pro-cam-den_90_.png
4392,197,https://cdn2.cellphones.com.vn/x/media/catalog/product/o/p/op-lung-iphone-16-pro-cam-den_91__4.png
4393,197,https://cdn2.cellphones.com.vn/x/media/catalog/product/o/p/op-lung-iphone-16-pro-cam-den_92__4.png
4394,197,https://cdn2.cellphones.com.vn/x/media/catalog/product/o/p/op-lung-iphone-16-pro-cam-den_93__2.png
4395,197,https://cdn2.cellphones.com.vn/x/media/catalog/product/o/p/op-lung-iphone-16-pro-cam-den_94__2.png
4396,197,https://cdn2.cellphones.com.vn/x/media/catalog/product/o/p/op-lung-iphone-16-pro-cam-den_95__2.png
4397,197,https://cdn2.cellphones.com.vn/x/media/catalog/product/o/p/op-lung-iphone-16-pro-cam-den_96__2.png
4398,197,https://cdn2.cellphones.com.vn/x/media/catalog/product/o/p/op-lung-iphone-16-pro-cam-den_97__2.png
4399,197,https://cellphones.com.vn/media/catalog/product/o/p/op-lung-iphone-16-pro-cam-den_89__1.png
4400,197,https://cellphones.com.vn/media/catalog/product/o/p/op-lung-iphone-16-pro-cam-den_92__5.png
4401,197,https://cellphones.com.vn/media/catalog/product/t/e/text_ng_n_-_2026-03-23t102346.516.png
4402,197,https://cellphones.com.vn/media/catalog/product/o/p/op-lung-iphone-16-pro-cam-den_89_.png
4403,197,https://cellphones.com.vn/media/catalog/product/o/p/op-lung-iphone-16-pro-cam-den_90_.png
4404,197,https://cellphones.com.vn/media/catalog/product/o/p/op-lung-iphone-16-pro-cam-den_91__4.png
4405,197,https://cellphones.com.vn/media/catalog/product/o/p/op-lung-iphone-16-pro-cam-den_92__4.png
4406,197,https://cellphones.com.vn/media/catalog/product/o/p/op-lung-iphone-16-pro-cam-den_93__2.png
4407,197,https://cellphones.com.vn/media/catalog/product/o/p/op-lung-iphone-16-pro-cam-den_94__2.png
4408,197,https://cellphones.com.vn/media/catalog/product/o/p/op-lung-iphone-16-pro-cam-den_95__2.png
4409,197,https://cellphones.com.vn/media/catalog/product/o/p/op-lung-iphone-16-pro-cam-den_96__2.png
4410,197,https://cellphones.com.vn/media/catalog/product/o/p/op-lung-iphone-16-pro-cam-den_97__2.png
4411,198,https://cdn2.cellphones.com.vn/media/catalog/product/t/e/text_ng_n_-_2026-03-21t150407.575.png
4412,198,https://cdn2.cellphones.com.vn/x/media/catalog/product/t/e/text_ng_n_-_2026-03-21t150407.575.png
4413,198,https://cdn2.cellphones.com.vn/x/media/catalog/product/o/p/op-lung-iphone-16-pro-cam-den_5.png
4414,198,https://cdn2.cellphones.com.vn/x/media/catalog/product/o/p/op-lung-iphone-16-pro-cam-den_1__3.png
4415,198,https://cdn2.cellphones.com.vn/x/media/catalog/product/o/p/op-lung-iphone-16-pro-cam-den_2__4.png
4416,198,https://cdn2.cellphones.com.vn/x/media/catalog/product/o/p/op-lung-iphone-16-pro-cam-den_6__3.png
4417,198,https://cdn2.cellphones.com.vn/x/media/catalog/product/o/p/op-lung-iphone-16-pro-cam-den_7__4.png
4418,198,https://cdn2.cellphones.com.vn/x/media/catalog/product/o/p/op-lung-iphone-16-pro-cam-den_3__3.png
4419,198,https://cdn2.cellphones.com.vn/x/media/catalog/product/o/p/op-lung-iphone-16-pro-cam-den_5__3.png
4420,198,https://cdn2.cellphones.com.vn/x/media/catalog/product/o/p/op-lung-iphone-16-pro-cam-den_4__3.png
4421,198,https://cellphones.com.vn/media/catalog/product/o/p/op-lung-iphone-16-pro-cam-den_6.png
4422,198,https://cellphones.com.vn/media/catalog/product/o/p/op-lung-iphone-16-pro-cam-den_6__4.png
4423,198,https://cellphones.com.vn/media/catalog/product/t/e/text_ng_n_-_2026-03-21t150407.575.png
4424,198,https://cellphones.com.vn/media/catalog/product/o/p/op-lung-iphone-16-pro-cam-den_5.png
4425,198,https://cellphones.com.vn/media/catalog/product/o/p/op-lung-iphone-16-pro-cam-den_1__3.png
4426,198,https://cellphones.com.vn/media/catalog/product/o/p/op-lung-iphone-16-pro-cam-den_2__4.png
4427,198,https://cellphones.com.vn/media/catalog/product/o/p/op-lung-iphone-16-pro-cam-den_6__3.png
4428,198,https://cellphones.com.vn/media/catalog/product/o/p/op-lung-iphone-16-pro-cam-den_7__4.png
4429,198,https://cellphones.com.vn/media/catalog/product/o/p/op-lung-iphone-16-pro-cam-den_3__3.png
4430,198,https://cellphones.com.vn/media/catalog/product/o/p/op-lung-iphone-16-pro-cam-den_5__3.png
4431,198,https://cellphones.com.vn/media/catalog/product/o/p/op-lung-iphone-16-pro-cam-den_4__3.png
4432,199,https://cdn2.cellphones.com.vn/media/catalog/product/t/e/text_ng_n_-_2026-03-21t150737.261.png
4433,199,https://cdn2.cellphones.com.vn/x/media/catalog/product/t/e/text_ng_n_-_2026-03-21t150737.261.png
4434,199,https://cdn2.cellphones.com.vn/x/media/catalog/product/o/p/op-lung-iphone-16-pro-cam-den_6__3_1.png
4435,199,https://cdn2.cellphones.com.vn/x/media/catalog/product/o/p/op-lung-iphone-16-pro-cam-den_7__4_1.png
4436,199,https://cdn2.cellphones.com.vn/x/media/catalog/product/o/p/op-lung-iphone-16-pro-cam-den_5_1.png
4437,199,https://cdn2.cellphones.com.vn/x/media/catalog/product/o/p/op-lung-iphone-16-pro-cam-den_1__3_1.png
4438,199,https://cdn2.cellphones.com.vn/x/media/catalog/product/o/p/op-lung-iphone-16-pro-cam-den_2__4_1.png
4439,199,https://cdn2.cellphones.com.vn/x/media/catalog/product/o/p/op-lung-iphone-16-pro-cam-den_3__3_1.png
4440,199,https://cdn2.cellphones.com.vn/x/media/catalog/product/o/p/op-lung-iphone-16-pro-cam-den_5__3_1.png
4441,199,https://cdn2.cellphones.com.vn/x/media/catalog/product/o/p/op-lung-iphone-16-pro-cam-den_4__3_1.png
4442,199,https://cellphones.com.vn/media/catalog/product/o/p/op-lung-iphone-16-pro-cam-den_7.png
4443,199,https://cellphones.com.vn/media/catalog/product/o/p/op-lung-iphone-16-pro-cam-den_6__5.png
4444,199,https://cellphones.com.vn/media/catalog/product/t/e/text_ng_n_-_2026-03-21t150737.261.png
4445,199,https://cellphones.com.vn/media/catalog/product/o/p/op-lung-iphone-16-pro-cam-den_6__3_1.png
4446,199,https://cellphones.com.vn/media/catalog/product/o/p/op-lung-iphone-16-pro-cam-den_7__4_1.png
4447,199,https://cellphones.com.vn/media/catalog/product/o/p/op-lung-iphone-16-pro-cam-den_5_1.png
4448,199,https://cellphones.com.vn/media/catalog/product/o/p/op-lung-iphone-16-pro-cam-den_1__3_1.png
4449,199,https://cellphones.com.vn/media/catalog/product/o/p/op-lung-iphone-16-pro-cam-den_2__4_1.png
4450,199,https://cellphones.com.vn/media/catalog/product/o/p/op-lung-iphone-16-pro-cam-den_3__3_1.png
4451,199,https://cellphones.com.vn/media/catalog/product/o/p/op-lung-iphone-16-pro-cam-den_5__3_1.png
4452,199,https://cellphones.com.vn/media/catalog/product/o/p/op-lung-iphone-16-pro-cam-den_4__3_1.png
4453,200,https://cdn2.cellphones.com.vn/media/catalog/product/t/e/text_ng_n_-_2026-03-23t092608.004.png
4454,200,https://cdn2.cellphones.com.vn/x/media/catalog/product/t/e/text_ng_n_-_2026-03-23t092608.004.png
4455,200,https://cdn2.cellphones.com.vn/x/media/catalog/product/o/p/op-lung-iphone-16-pro-cam-den_58__1.png
4456,200,https://cdn2.cellphones.com.vn/x/media/catalog/product/o/p/op-lung-iphone-16-pro-cam-den_60__2.png
4457,200,https://cdn2.cellphones.com.vn/x/media/catalog/product/o/p/op-lung-iphone-16-pro-cam-den_64__3.png
4458,200,https://cdn2.cellphones.com.vn/x/media/catalog/product/o/p/op-lung-iphone-16-pro-cam-den_65__2.png
4459,200,https://cdn2.cellphones.com.vn/x/media/catalog/product/o/p/op-lung-iphone-16-pro-cam-den_63__2.png
4460,200,https://cdn2.cellphones.com.vn/x/media/catalog/product/o/p/op-lung-iphone-16-pro-cam-den_62__2.png
4461,200,https://cdn2.cellphones.com.vn/x/media/catalog/product/o/p/op-lung-iphone-16-pro-cam-den_61__3.png
4462,200,https://cdn2.cellphones.com.vn/x/media/catalog/product/o/p/op-lung-iphone-16-pro-cam-den_59__1.png
4463,200,https://cellphones.com.vn/media/catalog/product/o/p/op-lung-iphone-16-pro-cam-den_58__2.png
4464,200,https://cellphones.com.vn/media/catalog/product/t/e/text_ng_n_-_2026-03-23t092608.004.png
4465,200,https://cellphones.com.vn/media/catalog/product/o/p/op-lung-iphone-16-pro-cam-den_58__1.png
4466,200,https://cellphones.com.vn/media/catalog/product/o/p/op-lung-iphone-16-pro-cam-den_60__2.png
4467,200,https://cellphones.com.vn/media/catalog/product/o/p/op-lung-iphone-16-pro-cam-den_64__3.png
4468,200,https://cellphones.com.vn/media/catalog/product/o/p/op-lung-iphone-16-pro-cam-den_65__2.png
4469,200,https://cellphones.com.vn/media/catalog/product/o/p/op-lung-iphone-16-pro-cam-den_63__2.png
4470,200,https://cellphones.com.vn/media/catalog/product/o/p/op-lung-iphone-16-pro-cam-den_62__2.png
4471,200,https://cellphones.com.vn/media/catalog/product/o/p/op-lung-iphone-16-pro-cam-den_61__3.png
4472,200,https://cellphones.com.vn/media/catalog/product/o/p/op-lung-iphone-16-pro-cam-den_59__1.png
4473,201,https://cdn2.cellphones.com.vn/media/catalog/product/t/e/text_ng_n_-_2026-03-23t093515.028.png
4474,201,https://cdn2.cellphones.com.vn/x/media/catalog/product/t/e/text_ng_n_-_2026-03-23t093515.028.png
4475,201,https://cdn2.cellphones.com.vn/x/media/catalog/product/o/p/op-lung-iphone-16-pro-cam-den_66__1.png
4476,201,https://cdn2.cellphones.com.vn/x/media/catalog/product/o/p/op-lung-iphone-16-pro-cam-den_68__3.png
4477,201,https://cdn2.cellphones.com.vn/x/media/catalog/product/o/p/op-lung-iphone-16-pro-cam-den_69__2.png
4478,201,https://cdn2.cellphones.com.vn/x/media/catalog/product/o/p/op-lung-iphone-16-pro-cam-den_70__2.png
4479,201,https://cdn2.cellphones.com.vn/x/media/catalog/product/o/p/op-lung-iphone-16-pro-cam-den_67__1.png
4480,201,https://cellphones.com.vn/media/catalog/product/o/p/op-lung-iphone-16-pro-cam-den_66__2.png
4481,201,https://cellphones.com.vn/media/catalog/product/t/e/text_ng_n_-_2026-03-23t093515.028.png
4482,201,https://cellphones.com.vn/media/catalog/product/o/p/op-lung-iphone-16-pro-cam-den_66__1.png
4483,201,https://cellphones.com.vn/media/catalog/product/o/p/op-lung-iphone-16-pro-cam-den_68__3.png
4484,201,https://cellphones.com.vn/media/catalog/product/o/p/op-lung-iphone-16-pro-cam-den_69__2.png
4485,201,https://cellphones.com.vn/media/catalog/product/o/p/op-lung-iphone-16-pro-cam-den_70__2.png
4486,201,https://cellphones.com.vn/media/catalog/product/o/p/op-lung-iphone-16-pro-cam-den_67__1.png
4487,202,https://cdn2.cellphones.com.vn/media/catalog/product/t/h/the-nho-microsd-kodak-128gb-uhs-i-u3-v30-a1-adapter_1_.png
4488,202,https://cdn2.cellphones.com.vn/x/media/catalog/product/t/h/the-nho-microsd-kodak-128gb-uhs-i-u3-v30-a1-adapter_1_.png
4489,202,https://cdn2.cellphones.com.vn/x/media/catalog/product/t/h/the-nho-microsd-kodak-128gb-uhs-i-u3-v30-a1-adapter_3_.png
4490,202,https://cdn2.cellphones.com.vn/x/media/catalog/product/t/h/the-nho-microsd-kodak-128gb-uhs-i-u3-v30-a1-adapter_2_.png
4491,202,https://cellphones.com.vn/media/catalog/product/t/h/the-nho-microsd-kodak-128gb-uhs-i-u3-v30-a1-adapter_1_.png
4492,202,https://cellphones.com.vn/media/catalog/product/t/h/the-nho-microsd-kodak-128gb-uhs-i-u3-v30-a1-adapter_3_.png
4493,202,https://cellphones.com.vn/media/catalog/product/t/h/the-nho-microsd-kodak-128gb-uhs-i-u3-v30-a1-adapter_2_.png
4494,203,https://cdn2.cellphones.com.vn/media/catalog/product/t/h/the-nho-microsd-kodak-256gb-uhs-i-u3-v30-a1-adapter_1__1.png
4495,203,https://cdn2.cellphones.com.vn/x/media/catalog/product/t/h/the-nho-microsd-kodak-256gb-uhs-i-u3-v30-a1-adapter_1__1.png
4496,203,https://cdn2.cellphones.com.vn/x/media/catalog/product/t/h/the-nho-microsd-kodak-256gb-uhs-i-u3-v30-a1-adapter_2__1.png
4497,203,https://cdn2.cellphones.com.vn/x/media/catalog/product/t/h/the-nho-microsd-kodak-256gb-uhs-i-u3-v30-a1-adapter_3__1.png
4498,203,https://cellphones.com.vn/media/catalog/product/t/h/the-nho-microsd-kodak-256gb-uhs-i-u3-v30-a1-adapter_1__1.png
4499,203,https://cellphones.com.vn/media/catalog/product/t/h/the-nho-microsd-kodak-256gb-uhs-i-u3-v30-a1-adapter_2__1.png
4500,203,https://cellphones.com.vn/media/catalog/product/t/h/the-nho-microsd-kodak-256gb-uhs-i-u3-v30-a1-adapter_3__1.png
4501,204,https://cdn2.cellphones.com.vn/media/catalog/product/t/h/the-nho-microsd-kodak-32gb-uhs-i-u3-v30-a1-adapter_1_.png
4502,204,https://cdn2.cellphones.com.vn/x/media/catalog/product/t/h/the-nho-microsd-kodak-32gb-uhs-i-u3-v30-a1-adapter_1_.png
4503,204,https://cdn2.cellphones.com.vn/x/media/catalog/product/t/h/the-nho-microsd-kodak-32gb-uhs-i-u3-v30-a1-adapter_2_.png
4504,204,https://cdn2.cellphones.com.vn/x/media/catalog/product/t/h/the-nho-microsd-kodak-32gb-uhs-i-u3-v30-a1-adapter_3_.png
4505,204,https://cellphones.com.vn/media/catalog/product/t/h/the-nho-microsd-kodak-32gb-uhs-i-u3-v30-a1-adapter_1_.png
4506,204,https://cellphones.com.vn/media/catalog/product/t/h/the-nho-microsd-kodak-32gb-uhs-i-u3-v30-a1-adapter_2_.png
4507,204,https://cellphones.com.vn/media/catalog/product/t/h/the-nho-microsd-kodak-32gb-uhs-i-u3-v30-a1-adapter_3_.png
4508,205,https://cdn2.cellphones.com.vn/media/catalog/product/t/h/the-nho-microsd-kodak-512gb-uhs-i-u3-v30-a1-adapter_1_.png
4509,205,https://cdn2.cellphones.com.vn/x/media/catalog/product/t/h/the-nho-microsd-kodak-512gb-uhs-i-u3-v30-a1-adapter_1_.png
4510,205,https://cdn2.cellphones.com.vn/x/media/catalog/product/t/h/the-nho-microsd-kodak-512gb-uhs-i-u3-v30-a1-adapter_2_.png
4511,205,https://cdn2.cellphones.com.vn/x/media/catalog/product/t/h/the-nho-microsd-kodak-512gb-uhs-i-u3-v30-a1-adapter_3_.png
4512,205,https://cellphones.com.vn/media/catalog/product/t/h/the-nho-microsd-kodak-512gb-uhs-i-u3-v30-a1-adapter_1_.png
4513,205,https://cellphones.com.vn/media/catalog/product/t/h/the-nho-microsd-kodak-512gb-uhs-i-u3-v30-a1-adapter_2_.png
4514,205,https://cellphones.com.vn/media/catalog/product/t/h/the-nho-microsd-kodak-512gb-uhs-i-u3-v30-a1-adapter_3_.png
4515,206,https://cdn2.cellphones.com.vn/media/catalog/product/t/h/the-nho-microsd-kodak-64gb-uhs-i-u3-v30-a1-adapter_1_.png
4516,206,https://cdn2.cellphones.com.vn/x/media/catalog/product/t/h/the-nho-microsd-kodak-64gb-uhs-i-u3-v30-a1-adapter_1_.png
4517,206,https://cdn2.cellphones.com.vn/x/media/catalog/product/t/h/the-nho-microsd-kodak-64gb-uhs-i-u3-v30-a1-adapter_2_.png
4518,206,https://cdn2.cellphones.com.vn/x/media/catalog/product/t/h/the-nho-microsd-kodak-64gb-uhs-i-u3-v30-a1-adapter_3_.png
4519,206,https://cellphones.com.vn/media/catalog/product/t/h/the-nho-microsd-kodak-64gb-uhs-i-u3-v30-a1-adapter_1_.png
4520,206,https://cellphones.com.vn/media/catalog/product/t/h/the-nho-microsd-kodak-64gb-uhs-i-u3-v30-a1-adapter_2_.png
4521,206,https://cellphones.com.vn/media/catalog/product/t/h/the-nho-microsd-kodak-64gb-uhs-i-u3-v30-a1-adapter_3_.png
4522,207,https://cdn2.cellphones.com.vn/media/catalog/product/t/e/text_ng_n_-_2025-09-12t115409.921_2.png
4523,207,https://cdn2.cellphones.com.vn/x/media/catalog/product/t/e/text_ng_n_-_2025-09-12t115409.921_2.png
4524,207,https://cdn2.cellphones.com.vn/x/media/catalog/product/t/e/text_ng_n_-_2025-09-12t115423.638_3.png
4525,207,https://cdn2.cellphones.com.vn/x/media/catalog/product/t/e/text_ng_n_-_2025-09-12t115435.582_2.png
4526,207,https://cdn2.cellphones.com.vn/x/media/catalog/product/t/e/text_ng_n_-_2025-09-12t115443.181_2.png
4527,207,https://cdn2.cellphones.com.vn/x/media/catalog/product/t/e/text_ng_n_-_2025-09-12t115452.611_2.png
4528,207,https://cdn2.cellphones.com.vn/x/media/catalog/product/t/e/text_ng_n_-_2025-09-12t115500.105_2.png
4529,207,https://cdn2.cellphones.com.vn/x/media/catalog/product/t/e/text_ng_n_-_2025-09-12t115506.828_2.png
4530,207,https://cdn2.cellphones.com.vn/x/media/catalog/product/t/e/text_ng_n_-_2025-09-12t115536.396_2.png
4531,207,https://cdn2.cellphones.com.vn/x/media/catalog/product/t/e/text_ng_n_-_2025-09-12t115520.568_2.png
4532,207,https://cdn2.cellphones.com.vn/x/media/catalog/product/t/e/text_ng_n_-_2025-09-12t115514.098_2.png
4533,207,https://cellphones.com.vn/media/catalog/product/b/a/bao-da-ban-phim-ai-samsung-galaxy-tab-s11-ultra-chinh-hang-cu.jpg
4534,207,https://cellphones.com.vn/media/catalog/product/t/e/text_ng_n_-_2025-09-12t115409.921_2.png
4535,207,https://cellphones.com.vn/media/catalog/product/t/e/text_ng_n_-_2025-09-12t115423.638_3.png
4536,207,https://cellphones.com.vn/media/catalog/product/t/e/text_ng_n_-_2025-09-12t115435.582_2.png
4537,207,https://cellphones.com.vn/media/catalog/product/t/e/text_ng_n_-_2025-09-12t115443.181_2.png
4538,207,https://cellphones.com.vn/media/catalog/product/t/e/text_ng_n_-_2025-09-12t115452.611_2.png
4539,207,https://cellphones.com.vn/media/catalog/product/t/e/text_ng_n_-_2025-09-12t115500.105_2.png
4540,207,https://cellphones.com.vn/media/catalog/product/t/e/text_ng_n_-_2025-09-12t115506.828_2.png
4541,207,https://cellphones.com.vn/media/catalog/product/t/e/text_ng_n_-_2025-09-12t115536.396_2.png
4542,207,https://cellphones.com.vn/media/catalog/product/t/e/text_ng_n_-_2025-09-12t115520.568_2.png
4543,207,https://cellphones.com.vn/media/catalog/product/t/e/text_ng_n_-_2025-09-12t115514.098_2.png
4544,208,https://cdn2.cellphones.com.vn/media/catalog/product/g/a/garmin_67__1_3_2.png
4545,208,https://cdn2.cellphones.com.vn/x/media/catalog/product/g/a/garmin_67__1_3_2.png
4546,208,https://cdn2.cellphones.com.vn/x/media/catalog/product/g/a/garmin_66__1_5_2.png
4547,208,https://cdn2.cellphones.com.vn/x/media/catalog/product/g/a/garmin_65__1_3_2.png
4548,208,https://cdn2.cellphones.com.vn/x/media/catalog/product/g/a/garmin_64__1_4_2.png
4549,208,https://cdn2.cellphones.com.vn/x/media/catalog/product/g/a/garmin_62__1_5_2.png
4550,208,https://cdn2.cellphones.com.vn/x/media/catalog/product/g/a/garmin_63__1_3_2.png
4551,208,https://cdn2.cellphones.com.vn/x/media/catalog/product/g/a/garmin_61__1_3_2.png
4552,208,https://cellphones.com.vn/media/catalog/product/b/a/bao-da-ban-phim-samsung-galaxy-tab-s10-plus-s9-plus-s9-fe-plus-cu.jpg
4553,208,https://cellphones.com.vn/media/catalog/product/g/a/garmin_67__1_3_2.png
4554,208,https://cellphones.com.vn/media/catalog/product/g/a/garmin_66__1_5_2.png
4555,208,https://cellphones.com.vn/media/catalog/product/g/a/garmin_65__1_3_2.png
4556,208,https://cellphones.com.vn/media/catalog/product/g/a/garmin_64__1_4_2.png
4557,208,https://cellphones.com.vn/media/catalog/product/g/a/garmin_62__1_5_2.png
4558,208,https://cellphones.com.vn/media/catalog/product/g/a/garmin_63__1_3_2.png
4559,208,https://cellphones.com.vn/media/catalog/product/g/a/garmin_61__1_3_2.png
4560,209,https://cdn2.cellphones.com.vn/media/catalog/product/c/a/case-may-tinh-xigmatek-xigmatek-cloud-m-dgt-m-atx-arctic_1_.png
4561,209,https://cdn2.cellphones.com.vn/x/media/catalog/product/c/a/case-may-tinh-xigmatek-xigmatek-cloud-m-dgt-m-atx-arctic_1_.png
4562,209,https://cdn2.cellphones.com.vn/x/media/catalog/product/c/a/case-may-tinh-xigmatek-xigmatek-cloud-m-dgt-m-atx-arctic_2_.png
4563,209,https://cdn2.cellphones.com.vn/x/media/catalog/product/c/a/case-may-tinh-xigmatek-xigmatek-cloud-m-dgt-m-atx-arctic_3_.png
4564,209,https://cdn2.cellphones.com.vn/x/media/catalog/product/c/a/case-may-tinh-xigmatek-xigmatek-cloud-m-dgt-m-atx-arctic_4_.png
4565,209,https://cdn2.cellphones.com.vn/x/media/catalog/product/c/a/case-may-tinh-xigmatek-xigmatek-cloud-m-dgt-m-atx-arctic_6_.png
4566,209,https://cdn2.cellphones.com.vn/x/media/catalog/product/c/a/case-may-tinh-xigmatek-xigmatek-cloud-m-dgt-m-atx-arctic_5_.png
4567,209,https://cdn2.cellphones.com.vn/x/media/catalog/product/c/a/case-may-tinh-xigmatek-xigmatek-cloud-m-dgt-m-atx-arctic_8_.png
4568,209,https://cdn2.cellphones.com.vn/x/media/catalog/product/c/a/case-may-tinh-xigmatek-xigmatek-cloud-m-dgt-m-atx-arctic_7_.png
4569,209,https://cellphones.com.vn/media/catalog/product/c/a/case-may-tinh-xigmatek-xigmatek-cloud-m-dgt-m-atx-arctic_1_.png
4570,209,https://cellphones.com.vn/media/catalog/product/c/a/case-may-tinh-xigmatek-xigmatek-cloud-m-dgt-m-atx-arctic_2_.png
4571,209,https://cellphones.com.vn/media/catalog/product/c/a/case-may-tinh-xigmatek-xigmatek-cloud-m-dgt-m-atx-arctic_3_.png
4572,209,https://cellphones.com.vn/media/catalog/product/c/a/case-may-tinh-xigmatek-xigmatek-cloud-m-dgt-m-atx-arctic_4_.png
4573,209,https://cellphones.com.vn/media/catalog/product/c/a/case-may-tinh-xigmatek-xigmatek-cloud-m-dgt-m-atx-arctic_6_.png
4574,209,https://cellphones.com.vn/media/catalog/product/c/a/case-may-tinh-xigmatek-xigmatek-cloud-m-dgt-m-atx-arctic_5_.png
4575,209,https://cellphones.com.vn/media/catalog/product/c/a/case-may-tinh-xigmatek-xigmatek-cloud-m-dgt-m-atx-arctic_8_.png
4576,209,https://cellphones.com.vn/media/catalog/product/c/a/case-may-tinh-xigmatek-xigmatek-cloud-m-dgt-m-atx-arctic_7_.png
4577,210,https://cdn2.cellphones.com.vn/media/catalog/product/c/a/case-may-tinh-xigmatek-xigmatek-cloud-m-dgt-m-atx_1_.png
4578,210,https://cdn2.cellphones.com.vn/x/media/catalog/product/c/a/case-may-tinh-xigmatek-xigmatek-cloud-m-dgt-m-atx_1_.png
4579,210,https://cdn2.cellphones.com.vn/x/media/catalog/product/c/a/case-may-tinh-xigmatek-xigmatek-cloud-m-dgt-m-atx_2_.png
4580,210,https://cdn2.cellphones.com.vn/x/media/catalog/product/c/a/case-may-tinh-xigmatek-xigmatek-cloud-m-dgt-m-atx_3_.png
4581,210,https://cdn2.cellphones.com.vn/x/media/catalog/product/c/a/case-may-tinh-xigmatek-xigmatek-cloud-m-dgt-m-atx_4_.png
4582,210,https://cdn2.cellphones.com.vn/x/media/catalog/product/c/a/case-may-tinh-xigmatek-xigmatek-cloud-m-dgt-m-atx_5_.png
4583,210,https://cdn2.cellphones.com.vn/x/media/catalog/product/c/a/case-may-tinh-xigmatek-xigmatek-cloud-m-dgt-m-atx_6_.png
4584,210,https://cdn2.cellphones.com.vn/x/media/catalog/product/c/a/case-may-tinh-xigmatek-xigmatek-cloud-m-dgt-m-atx_8_.png
4585,210,https://cdn2.cellphones.com.vn/x/media/catalog/product/c/a/case-may-tinh-xigmatek-xigmatek-cloud-m-dgt-m-atx_7_.png
4586,210,https://cellphones.com.vn/media/catalog/product/c/a/case-may-tinh-xigmatek-xigmatek-cloud-m-dgt-m-atx_1_.png
4587,210,https://cellphones.com.vn/media/catalog/product/c/a/case-may-tinh-xigmatek-xigmatek-cloud-m-dgt-m-atx_2_.png
4588,210,https://cellphones.com.vn/media/catalog/product/c/a/case-may-tinh-xigmatek-xigmatek-cloud-m-dgt-m-atx_3_.png
4589,210,https://cellphones.com.vn/media/catalog/product/c/a/case-may-tinh-xigmatek-xigmatek-cloud-m-dgt-m-atx_4_.png
4590,210,https://cellphones.com.vn/media/catalog/product/c/a/case-may-tinh-xigmatek-xigmatek-cloud-m-dgt-m-atx_5_.png
4591,210,https://cellphones.com.vn/media/catalog/product/c/a/case-may-tinh-xigmatek-xigmatek-cloud-m-dgt-m-atx_6_.png
4592,210,https://cellphones.com.vn/media/catalog/product/c/a/case-may-tinh-xigmatek-xigmatek-cloud-m-dgt-m-atx_8_.png
4593,210,https://cellphones.com.vn/media/catalog/product/c/a/case-may-tinh-xigmatek-xigmatek-cloud-m-dgt-m-atx_7_.png
4594,211,https://cdn2.cellphones.com.vn/media/catalog/product/c/p/cpu-intel-core-i3-12100-tray_1_.png
4595,211,https://cdn2.cellphones.com.vn/x/media/catalog/product/c/p/cpu-intel-core-i3-12100-tray_2_.png
4596,211,https://cdn2.cellphones.com.vn/x/media/catalog/product/c/p/cpu-intel-core-i3-12100-tray_3_.png
4597,211,https://cellphones.com.vn/media/catalog/product/c/p/cpu-intel-core-i3-12100-tray_1_.png
4598,211,https://cellphones.com.vn/media/catalog/product/c/p/cpu-intel-core-i3-12100-tray_2_.png
4599,211,https://cellphones.com.vn/media/catalog/product/c/p/cpu-intel-core-i3-12100-tray_3_.png
4600,212,https://cdn2.cellphones.com.vn/media/catalog/product/c/p/cpu-intel-core-i5-12400-tray_1_.png
4601,212,https://cdn2.cellphones.com.vn/x/media/catalog/product/c/p/cpu-intel-core-i5-12400-tray_2_.png
4602,212,https://cdn2.cellphones.com.vn/x/media/catalog/product/c/p/cpu-intel-core-i5-12400-tray_3_.png
4603,212,https://cellphones.com.vn/media/catalog/product/c/p/cpu-intel-core-i5-12400-tray_1_.png
4604,212,https://cellphones.com.vn/media/catalog/product/c/p/cpu-intel-core-i5-12400-tray_2_.png
4605,212,https://cellphones.com.vn/media/catalog/product/c/p/cpu-intel-core-i5-12400-tray_3_.png
4606,213,https://cdn2.cellphones.com.vn/media/catalog/product/c/p/cpu-intel-core-i5-13400f-tray_1_.png
4607,213,https://cdn2.cellphones.com.vn/x/media/catalog/product/c/p/cpu-intel-core-i5-13400f-tray_2_.png
4608,213,https://cdn2.cellphones.com.vn/x/media/catalog/product/c/p/cpu-intel-core-i5-13400f-tray_3_.png
4609,213,https://cellphones.com.vn/media/catalog/product/c/p/cpu-intel-core-i5-13400f-tray_1_.png
4610,213,https://cellphones.com.vn/media/catalog/product/c/p/cpu-intel-core-i5-13400f-tray_2_.png
4611,213,https://cellphones.com.vn/media/catalog/product/c/p/cpu-intel-core-i5-13400f-tray_3_.png
4612,214,https://cdn2.cellphones.com.vn/media/catalog/product/c/p/cpu-intel-core-i5-14400f-tray_1_.png
4613,214,https://cdn2.cellphones.com.vn/x/media/catalog/product/c/p/cpu-intel-core-i5-14400f-tray_2_.png
4614,214,https://cdn2.cellphones.com.vn/x/media/catalog/product/c/p/cpu-intel-core-i5-14400f-tray_3_.png
4615,214,https://cellphones.com.vn/media/catalog/product/c/p/cpu-intel-core-i5-14400f-tray_1_.png
4616,214,https://cellphones.com.vn/media/catalog/product/c/p/cpu-intel-core-i5-14400f-tray_2_.png
4617,214,https://cellphones.com.vn/media/catalog/product/c/p/cpu-intel-core-i5-14400f-tray_3_.png
4618,215,https://cdn2.cellphones.com.vn/media/catalog/product/c/p/cpu-intel-core-i5-14600k-tray_1_.png
4619,215,https://cdn2.cellphones.com.vn/x/media/catalog/product/c/p/cpu-intel-core-i5-14600k-tray_2_.png
4620,215,https://cdn2.cellphones.com.vn/x/media/catalog/product/c/p/cpu-intel-core-i5-14600k-tray_3_.png
4621,215,https://cellphones.com.vn/media/catalog/product/c/p/cpu-intel-core-i5-14600k-tray_1_.png
4622,215,https://cellphones.com.vn/media/catalog/product/c/p/cpu-intel-core-i5-14600k-tray_2_.png
4623,215,https://cellphones.com.vn/media/catalog/product/c/p/cpu-intel-core-i5-14600k-tray_3_.png
4624,216,https://cdn2.cellphones.com.vn/media/catalog/product/c/p/cpu-intel-core-i7-12700-tray_1_.png
4625,216,https://cdn2.cellphones.com.vn/x/media/catalog/product/c/p/cpu-intel-core-i7-12700-tray_2_.png
4626,216,https://cdn2.cellphones.com.vn/x/media/catalog/product/c/p/cpu-intel-core-i7-12700-tray_3_.png
4627,216,https://cellphones.com.vn/media/catalog/product/c/p/cpu-intel-core-i7-12700-tray_1_.png
4628,216,https://cellphones.com.vn/media/catalog/product/c/p/cpu-intel-core-i7-12700-tray_2_.png
4629,216,https://cellphones.com.vn/media/catalog/product/c/p/cpu-intel-core-i7-12700-tray_3_.png
4630,217,https://cdn2.cellphones.com.vn/media/catalog/product/c/p/cpu-intel-core-i7-14700-tray_1_.png
4631,217,https://cdn2.cellphones.com.vn/x/media/catalog/product/c/p/cpu-intel-core-i7-14700-tray_2_.png
4632,217,https://cdn2.cellphones.com.vn/x/media/catalog/product/c/p/cpu-intel-core-i7-14700-tray_3_.png
4633,217,https://cellphones.com.vn/media/catalog/product/c/p/cpu-intel-core-i7-14700-tray_1_.png
4634,217,https://cellphones.com.vn/media/catalog/product/c/p/cpu-intel-core-i7-14700-tray_2_.png
4635,217,https://cellphones.com.vn/media/catalog/product/c/p/cpu-intel-core-i7-14700-tray_3_.png
4636,218,https://cdn2.cellphones.com.vn/media/catalog/product/d/i/dien-thoai-honor-x7d-12_3_2.jpg
4637,218,https://cdn2.cellphones.com.vn/x/media/catalog/product/d/i/dien-thoai-honor-x7d-12_3_2.jpg
4638,218,https://cdn2.cellphones.com.vn/x/media/catalog/product/d/i/dien-thoai-honor-x7d-2_4_2.jpg
4639,218,https://cdn2.cellphones.com.vn/x/media/catalog/product/d/i/dien-thoai-honor-x7d-8_3_2.jpg
4640,218,https://cdn2.cellphones.com.vn/x/media/catalog/product/d/i/dien-thoai-honor-x7d-1_4_2.jpg
4641,218,https://cdn2.cellphones.com.vn/x/media/catalog/product/d/i/dien-thoai-honor-x7d-11_3_2.jpg
4642,218,https://cdn2.cellphones.com.vn/x/media/catalog/product/d/i/dien-thoai-honor-x7d-3_4_2.jpg
4643,218,https://cdn2.cellphones.com.vn/x/media/catalog/product/d/i/dien-thoai-honor-x7d-5_3_2.jpg
4644,218,https://cdn2.cellphones.com.vn/x/media/catalog/product/d/i/dien-thoai-honor-x7d-9_3_2.jpg
4645,218,https://cdn2.cellphones.com.vn/x/media/catalog/product/d/i/dien-thoai-honor-x7d-4_3_2.jpg
4646,218,https://cdn2.cellphones.com.vn/x/media/catalog/product/d/i/dien-thoai-honor-x7d-7_3_2.jpg
4647,218,https://cdn2.cellphones.com.vn/x/media/catalog/product/d/i/dien-thoai-honor-x7d-10_3_2.jpg
4648,218,https://cdn2.cellphones.com.vn/x/media/catalog/product/d/i/dien-thoai-honor-x7d-6_3_2.jpg
4649,218,https://cdn2.cellphones.com.vn/x/media/catalog/product/d/i/dien-thoai-honor-x7d_3_2.jpg
4650,218,https://cellphones.com.vn/media/catalog/product/d/i/dien-thoai-honor-x7d-8gb-128gb-cu-da-kich-hoat.jpg
4651,218,https://cellphones.com.vn/media/catalog/product/d/i/dien-thoai-honor-x7d-12_3_2.jpg
4652,218,https://cellphones.com.vn/media/catalog/product/d/i/dien-thoai-honor-x7d-2_4_2.jpg
4653,218,https://cellphones.com.vn/media/catalog/product/d/i/dien-thoai-honor-x7d-8_3_2.jpg
4654,218,https://cellphones.com.vn/media/catalog/product/d/i/dien-thoai-honor-x7d-1_4_2.jpg
4655,218,https://cellphones.com.vn/media/catalog/product/d/i/dien-thoai-honor-x7d-11_3_2.jpg
4656,218,https://cellphones.com.vn/media/catalog/product/d/i/dien-thoai-honor-x7d-3_4_2.jpg
4657,218,https://cellphones.com.vn/media/catalog/product/d/i/dien-thoai-honor-x7d-5_3_2.jpg
4658,218,https://cellphones.com.vn/media/catalog/product/d/i/dien-thoai-honor-x7d-9_3_2.jpg
4659,218,https://cellphones.com.vn/media/catalog/product/d/i/dien-thoai-honor-x7d-4_3_2.jpg
4660,218,https://cellphones.com.vn/media/catalog/product/d/i/dien-thoai-honor-x7d-7_3_2.jpg
4661,218,https://cellphones.com.vn/media/catalog/product/d/i/dien-thoai-honor-x7d-10_3_2.jpg
4662,218,https://cellphones.com.vn/media/catalog/product/d/i/dien-thoai-honor-x7d-6_3_2.jpg
4663,218,https://cellphones.com.vn/media/catalog/product/d/i/dien-thoai-honor-x7d_3_2.jpg
4664,219,https://cdn2.cellphones.com.vn/media/catalog/product/d/i/dien-thoai-masstel-izi-s8-1_1.jpg
4665,219,https://cdn2.cellphones.com.vn/x/media/catalog/product/d/i/dien-thoai-masstel-izi-s8-1_1.jpg
4666,219,https://cdn2.cellphones.com.vn/x/media/catalog/product/d/i/dien-thoai-masstel-izi-s8-1-2_1.jpg
4667,219,https://cdn2.cellphones.com.vn/x/media/catalog/product/d/i/dien-thoai-masstel-izi-s8-1-1_1.jpg
4668,219,https://cdn2.cellphones.com.vn/x/media/catalog/product/d/i/dien-thoai-masstel-izi-s8-1-11_1.jpg
4669,219,https://cdn2.cellphones.com.vn/x/media/catalog/product/d/i/dien-thoai-masstel-izi-s8-1-12_1.jpg
4670,219,https://cdn2.cellphones.com.vn/x/media/catalog/product/d/i/dien-thoai-masstel-izi-s8-1-13_1.jpg
4671,219,https://cdn2.cellphones.com.vn/x/media/catalog/product/d/i/dien-thoai-masstel-izi-s8-1-9_1.jpg
4672,219,https://cdn2.cellphones.com.vn/x/media/catalog/product/d/i/dien-thoai-masstel-izi-s8-1-10_1.jpg
4673,219,https://cdn2.cellphones.com.vn/x/media/catalog/product/d/i/dien-thoai-masstel-izi-s8-1-3_1.jpg
4674,219,https://cdn2.cellphones.com.vn/x/media/catalog/product/d/i/dien-thoai-masstel-izi-s8-1-4_1.jpg
4675,219,https://cdn2.cellphones.com.vn/x/media/catalog/product/d/i/dien-thoai-masstel-izi-s8-1-5_1.jpg
4676,219,https://cdn2.cellphones.com.vn/x/media/catalog/product/d/i/dien-thoai-masstel-izi-s8-1-6_1.jpg
4677,219,https://cdn2.cellphones.com.vn/x/media/catalog/product/d/i/dien-thoai-masstel-izi-s8-1-7_1.jpg
4678,219,https://cdn2.cellphones.com.vn/x/media/catalog/product/d/i/dien-thoai-masstel-izi-s8-1-8_1.jpg
4679,219,https://cellphones.com.vn/media/catalog/product/d/i/dien-thoai-masstel-izi-s8-cu-dep.jpg
4680,219,https://cellphones.com.vn/media/catalog/product/d/i/dien-thoai-masstel-izi-s8-1_1.jpg
4681,219,https://cellphones.com.vn/media/catalog/product/d/i/dien-thoai-masstel-izi-s8-1-2_1.jpg
4682,219,https://cellphones.com.vn/media/catalog/product/d/i/dien-thoai-masstel-izi-s8-1-1_1.jpg
4683,219,https://cellphones.com.vn/media/catalog/product/d/i/dien-thoai-masstel-izi-s8-1-11_1.jpg
4684,219,https://cellphones.com.vn/media/catalog/product/d/i/dien-thoai-masstel-izi-s8-1-12_1.jpg
4685,219,https://cellphones.com.vn/media/catalog/product/d/i/dien-thoai-masstel-izi-s8-1-13_1.jpg
4686,219,https://cellphones.com.vn/media/catalog/product/d/i/dien-thoai-masstel-izi-s8-1-9_1.jpg
4687,219,https://cellphones.com.vn/media/catalog/product/d/i/dien-thoai-masstel-izi-s8-1-10_1.jpg
4688,219,https://cellphones.com.vn/media/catalog/product/d/i/dien-thoai-masstel-izi-s8-1-3_1.jpg
4689,219,https://cellphones.com.vn/media/catalog/product/d/i/dien-thoai-masstel-izi-s8-1-4_1.jpg
4690,219,https://cellphones.com.vn/media/catalog/product/d/i/dien-thoai-masstel-izi-s8-1-5_1.jpg
4691,219,https://cellphones.com.vn/media/catalog/product/d/i/dien-thoai-masstel-izi-s8-1-6_1.jpg
4692,219,https://cellphones.com.vn/media/catalog/product/d/i/dien-thoai-masstel-izi-s8-1-7_1.jpg
4693,219,https://cellphones.com.vn/media/catalog/product/d/i/dien-thoai-masstel-izi-s8-1-8_1.jpg
4694,220,https://cdn2.cellphones.com.vn/media/catalog/product/d/i/dien-thoai-meizu-mblu-22_1.png
4695,220,https://cdn2.cellphones.com.vn/x/media/catalog/product/d/i/dien-thoai-meizu-mblu-22_1.png
4696,220,https://cdn2.cellphones.com.vn/x/media/catalog/product/d/i/dien-thoai-meizu-mblu-22-1_2.jpg
4697,220,https://cdn2.cellphones.com.vn/x/media/catalog/product/d/i/dien-thoai-meizu-mblu-22_2.jpg
4698,220,https://cdn2.cellphones.com.vn/x/media/catalog/product/d/i/dien-thoai-meizu-mblu-22-7_1.jpg
4699,220,https://cdn2.cellphones.com.vn/x/media/catalog/product/d/i/dien-thoai-meizu-mblu-22-8_1.jpg
4700,220,https://cdn2.cellphones.com.vn/x/media/catalog/product/d/i/dien-thoai-meizu-mblu-22-5_1.jpg
4701,220,https://cdn2.cellphones.com.vn/x/media/catalog/product/d/i/dien-thoai-meizu-mblu-22-6_1.jpg
4702,220,https://cdn2.cellphones.com.vn/x/media/catalog/product/d/i/dien-thoai-meizu-mblu-22-3_1.jpg
4703,220,https://cdn2.cellphones.com.vn/x/media/catalog/product/d/i/dien-thoai-meizu-mblu-22-4_1.jpg
4704,220,https://cdn2.cellphones.com.vn/x/media/catalog/product/d/i/dien-thoai-meizu-mblu-22-9_1.jpg
4705,220,https://cellphones.com.vn/media/catalog/product/d/i/dien-thoai-meizu-mblu-22-cu-da-kich-hoat_1.jpg
4706,220,https://cellphones.com.vn/media/catalog/product/d/i/dien-thoai-meizu-mblu-22-cu-da-kich-hoat.jpg
4707,220,https://cellphones.com.vn/media/catalog/product/d/i/dien-thoai-meizu-mblu-22_1.png
4708,220,https://cellphones.com.vn/media/catalog/product/d/i/dien-thoai-meizu-mblu-22-1_2.jpg
4709,220,https://cellphones.com.vn/media/catalog/product/d/i/dien-thoai-meizu-mblu-22_2.jpg
4710,220,https://cellphones.com.vn/media/catalog/product/d/i/dien-thoai-meizu-mblu-22-7_1.jpg
4711,220,https://cellphones.com.vn/media/catalog/product/d/i/dien-thoai-meizu-mblu-22-8_1.jpg
4712,220,https://cellphones.com.vn/media/catalog/product/d/i/dien-thoai-meizu-mblu-22-5_1.jpg
4713,220,https://cellphones.com.vn/media/catalog/product/d/i/dien-thoai-meizu-mblu-22-6_1.jpg
4714,220,https://cellphones.com.vn/media/catalog/product/d/i/dien-thoai-meizu-mblu-22-3_1.jpg
4715,220,https://cellphones.com.vn/media/catalog/product/d/i/dien-thoai-meizu-mblu-22-4_1.jpg
4716,220,https://cellphones.com.vn/media/catalog/product/d/i/dien-thoai-meizu-mblu-22-9_1.jpg
4717,221,https://cdn2.cellphones.com.vn/media/catalog/product/d/i/dien-thoai-nubia-z70s-ultra-5g_8__1_2_2.png
4718,221,https://cdn2.cellphones.com.vn/x/media/catalog/product/s/l/slider-nubia-z70s-ultra_1.jpg
4719,221,https://cdn2.cellphones.com.vn/x/media/catalog/product/s/l/slider-nubia-z70s-ultra-1_1.jpg
4720,221,https://cdn2.cellphones.com.vn/x/media/catalog/product/s/l/slider-nubia-z70s-ultra-2_1.jpg
4721,221,https://cdn2.cellphones.com.vn/x/media/catalog/product/s/l/slider-nubia-z70s-ultra-3_1.jpg
4722,221,https://cdn2.cellphones.com.vn/x/media/catalog/product/s/l/slider-nubia-z70s-ultra-4_1.jpg
4723,221,https://cdn2.cellphones.com.vn/x/media/catalog/product/d/i/dien-thoai-nubia-z70s-ultra-5g_8__1_2_2.png
4724,221,https://cdn2.cellphones.com.vn/x/media/catalog/product/d/i/dien-thoai-nubia-z70s-ultra-5g_1__3_1_2.png
4725,221,https://cdn2.cellphones.com.vn/x/media/catalog/product/d/i/dien-thoai-nubia-z70s-ultra-5g_2__1_2_2.png
4726,221,https://cdn2.cellphones.com.vn/x/media/catalog/product/d/i/dien-thoai-nubia-z70s-ultra-5g_3__1_2_2.png
4727,221,https://cdn2.cellphones.com.vn/x/media/catalog/product/d/i/dien-thoai-nubia-z70s-ultra-5g_4__1_2_2.png
4728,221,https://cdn2.cellphones.com.vn/x/media/catalog/product/d/i/dien-thoai-nubia-z70s-ultra-5g_5__1_2_2.png
4729,221,https://cdn2.cellphones.com.vn/x/media/catalog/product/d/i/dien-thoai-nubia-z70s-ultra-5g_3_3_2.png
4730,221,https://cdn2.cellphones.com.vn/x/media/catalog/product/d/i/dien-thoai-nubia-z70s-ultra-5g_6__1_2_2.png
4731,221,https://cdn2.cellphones.com.vn/x/media/catalog/product/d/i/dien-thoai-nubia-z70s-ultra-5g_7__1_2_2.png
4732,221,https://cellphones.com.vn/media/catalog/product/d/i/dien-thoai-nubia-z70s-ultra-5g-cu-xuoc-can.jpg
4733,221,https://cellphones.com.vn/media/catalog/product/d/i/dien-thoai-nubia-z70s-ultra-5g_8__1_2_2.png
4734,221,https://cellphones.com.vn/media/catalog/product/s/l/slider-nubia-z70s-ultra_1.jpg
4735,221,https://cellphones.com.vn/media/catalog/product/s/l/slider-nubia-z70s-ultra-1_1.jpg
4736,221,https://cellphones.com.vn/media/catalog/product/s/l/slider-nubia-z70s-ultra-2_1.jpg
4737,221,https://cellphones.com.vn/media/catalog/product/s/l/slider-nubia-z70s-ultra-3_1.jpg
4738,221,https://cellphones.com.vn/media/catalog/product/s/l/slider-nubia-z70s-ultra-4_1.jpg
4739,221,https://cellphones.com.vn/media/catalog/product/d/i/dien-thoai-nubia-z70s-ultra-5g_1__3_1_2.png
4740,221,https://cellphones.com.vn/media/catalog/product/d/i/dien-thoai-nubia-z70s-ultra-5g_2__1_2_2.png
4741,221,https://cellphones.com.vn/media/catalog/product/d/i/dien-thoai-nubia-z70s-ultra-5g_3__1_2_2.png
4742,221,https://cellphones.com.vn/media/catalog/product/d/i/dien-thoai-nubia-z70s-ultra-5g_4__1_2_2.png
4743,221,https://cellphones.com.vn/media/catalog/product/d/i/dien-thoai-nubia-z70s-ultra-5g_5__1_2_2.png
4744,221,https://cellphones.com.vn/media/catalog/product/d/i/dien-thoai-nubia-z70s-ultra-5g_3_3_2.png
4745,221,https://cellphones.com.vn/media/catalog/product/d/i/dien-thoai-nubia-z70s-ultra-5g_6__1_2_2.png
4746,221,https://cellphones.com.vn/media/catalog/product/d/i/dien-thoai-nubia-z70s-ultra-5g_7__1_2_2.png
4747,222,https://cdn2.cellphones.com.vn/media/catalog/product/o/p/oppo-a5i-4gb-128gb-do-tim_2_5.jpg
4748,222,https://cdn2.cellphones.com.vn/x/media/catalog/product/s/l/slider-oppo-a5i_1_3.jpg
4749,222,https://cdn2.cellphones.com.vn/x/media/catalog/product/s/l/slider-oppo-a5i-1_1_3.jpg
4750,222,https://cdn2.cellphones.com.vn/x/media/catalog/product/s/l/slider-oppo-a5i-2_1_3.jpg
4751,222,https://cdn2.cellphones.com.vn/x/media/catalog/product/s/l/slider-oppo-a5i-3_1_3.jpg
4752,222,https://cdn2.cellphones.com.vn/x/media/catalog/product/s/l/slider-oppo-a5i-4_1_3.jpg
4753,222,https://cdn2.cellphones.com.vn/x/media/catalog/product/o/p/oppo-a5i-4gb-128gb-do-tim_2_5.jpg
4754,222,https://cdn2.cellphones.com.vn/x/media/catalog/product/o/p/oppo-a5i-4gb-128gb-do_2_5.jpg
4755,222,https://cdn2.cellphones.com.vn/x/media/catalog/product/i/m/image_1409_1_5.png
4756,222,https://cdn2.cellphones.com.vn/x/media/catalog/product/i/m/image_1408_1_5.png
4757,222,https://cdn2.cellphones.com.vn/x/media/catalog/product/i/m/image_1410_3_5.png
4758,222,https://cdn2.cellphones.com.vn/x/media/catalog/product/i/m/image_1411_2_5.png
4759,222,https://cdn2.cellphones.com.vn/x/media/catalog/product/i/m/image_1412_2_5.png
4760,222,https://cdn2.cellphones.com.vn/x/media/catalog/product/i/m/image_1413_2_5.png
4761,222,https://cdn2.cellphones.com.vn/x/media/catalog/product/i/m/image_1414_1_2_5.png
4762,222,https://cdn2.cellphones.com.vn/x/media/catalog/product/i/m/image_1415_1_5.png
4763,222,https://cellphones.com.vn/media/catalog/product/d/i/dien-thoai-oppo-a5i-cu-xuoc-can.jpg
4764,222,https://cellphones.com.vn/media/catalog/product/o/p/oppo-a5i-4gb-128gb-do-tim_2_5.jpg
4765,222,https://cellphones.com.vn/media/catalog/product/s/l/slider-oppo-a5i_1_3.jpg
4766,222,https://cellphones.com.vn/media/catalog/product/s/l/slider-oppo-a5i-1_1_3.jpg
4767,222,https://cellphones.com.vn/media/catalog/product/s/l/slider-oppo-a5i-2_1_3.jpg
4768,222,https://cellphones.com.vn/media/catalog/product/s/l/slider-oppo-a5i-3_1_3.jpg
4769,222,https://cellphones.com.vn/media/catalog/product/s/l/slider-oppo-a5i-4_1_3.jpg
4770,222,https://cellphones.com.vn/media/catalog/product/o/p/oppo-a5i-4gb-128gb-do_2_5.jpg
4771,222,https://cellphones.com.vn/media/catalog/product/i/m/image_1409_1_5.png
4772,222,https://cellphones.com.vn/media/catalog/product/i/m/image_1408_1_5.png
4773,222,https://cellphones.com.vn/media/catalog/product/i/m/image_1410_3_5.png
4774,222,https://cellphones.com.vn/media/catalog/product/i/m/image_1411_2_5.png
4775,222,https://cellphones.com.vn/media/catalog/product/i/m/image_1412_2_5.png
4776,222,https://cellphones.com.vn/media/catalog/product/i/m/image_1413_2_5.png
4777,222,https://cellphones.com.vn/media/catalog/product/i/m/image_1414_1_2_5.png
4778,222,https://cellphones.com.vn/media/catalog/product/i/m/image_1415_1_5.png
4779,223,https://cdn2.cellphones.com.vn/media/catalog/product/d/i/dien-thoai-oppo-a6x-6gb-256gb-cu-da-kich-hoat.jpg
4780,223,https://cdn2.cellphones.com.vn/x/media/catalog/product/d/i/dien-thoai-oppo-a6x-8gb-256gb-cu-dep_2.jpg
4781,223,https://cdn2.cellphones.com.vn/x/media/catalog/product/d/i/dien-thoai-oppo-a6x-6gb-256gb-cu-da-kich-hoat.jpg
4782,223,https://cdn2.cellphones.com.vn/x/media/catalog/product/d/i/dien-thoai-oppo-a6x-6gb-256gb-cu-da-kich-hoat-1.jpg
4783,223,https://cdn2.cellphones.com.vn/x/media/catalog/product/d/i/dien-thoai-oppo-a6x-6gb-256gb-cu-da-kich-hoat-2.jpg
4784,223,https://cdn2.cellphones.com.vn/x/media/catalog/product/d/i/dien-thoai-oppo-a6x-6gb-256gb-cu-da-kich-hoat-3.jpg
4785,223,https://cellphones.com.vn/media/catalog/product/d/i/dien-thoai-oppo-a6x-6gb-256gb-cu-da-kich-hoat_1.jpg
4786,223,https://cellphones.com.vn/media/catalog/product/d/i/dien-thoai-oppo-a6x-6gb-256gb-cu-da-kich-hoat.jpg
4787,223,https://cellphones.com.vn/media/catalog/product/d/i/dien-thoai-oppo-a6x-8gb-256gb-cu-dep_2.jpg
4788,223,https://cellphones.com.vn/media/catalog/product/d/i/dien-thoai-oppo-a6x-6gb-256gb-cu-da-kich-hoat-1.jpg
4789,223,https://cellphones.com.vn/media/catalog/product/d/i/dien-thoai-oppo-a6x-6gb-256gb-cu-da-kich-hoat-2.jpg
4790,223,https://cellphones.com.vn/media/catalog/product/d/i/dien-thoai-oppo-a6x-6gb-256gb-cu-da-kich-hoat-3.jpg
4791,224,https://cdn2.cellphones.com.vn/media/catalog/product/o/p/oppo-reno14-w_4.jpg
4792,224,https://cdn2.cellphones.com.vn/x/media/catalog/product/s/l/slider-oppo-reno14-5_2.png
4793,224,https://cdn2.cellphones.com.vn/x/media/catalog/product/s/l/slider-oppo-reno14_2.png
4794,224,https://cdn2.cellphones.com.vn/x/media/catalog/product/s/l/slider-oppo-reno14-3_2.png
4795,224,https://cdn2.cellphones.com.vn/x/media/catalog/product/s/l/slider-oppo-reno14-1_2.png
4796,224,https://cdn2.cellphones.com.vn/x/media/catalog/product/s/l/slider-oppo-reno14-4_2.png
4797,224,https://cdn2.cellphones.com.vn/x/media/catalog/product/o/p/oppo-reno14-w_4.jpg
4798,224,https://cdn2.cellphones.com.vn/x/media/catalog/product/o/p/oppo-reno14-g_4.jpg
4799,224,https://cdn2.cellphones.com.vn/x/media/catalog/product/d/i/dien-thoai-oppo-reno14_2_4.png
4800,224,https://cdn2.cellphones.com.vn/x/media/catalog/product/d/i/dien-thoai-oppo-reno14_4__4.png
4801,224,https://cdn2.cellphones.com.vn/x/media/catalog/product/d/i/dien-thoai-oppo-reno14_2__4.png
4802,224,https://cdn2.cellphones.com.vn/x/media/catalog/product/d/i/dien-thoai-oppo-reno14_3__4.png
4803,224,https://cdn2.cellphones.com.vn/x/media/catalog/product/d/i/dien-thoai-oppo-reno14_6__4.png
4804,224,https://cdn2.cellphones.com.vn/x/media/catalog/product/d/i/dien-thoai-oppo-reno14_5__4.png
4805,224,https://cdn2.cellphones.com.vn/x/media/catalog/product/d/i/dien-thoai-oppo-reno14_8__4.png
4806,224,https://cdn2.cellphones.com.vn/x/media/catalog/product/d/i/dien-thoai-oppo-reno14_7__4.png
4807,224,https://cdn2.cellphones.com.vn/x/media/catalog/product/d/i/dien-thoai-oppo-reno14_9__4.png
4808,224,https://cdn2.cellphones.com.vn/x/media/catalog/product/d/i/dien-thoai-oppo-reno14_10__4.png
4809,224,https://cdn2.cellphones.com.vn/x/media/catalog/product/d/i/dien-thoai-oppo-reno14_11__4.png
4810,224,https://cdn2.cellphones.com.vn/x/media/catalog/product/d/i/dien-thoai-oppo-reno14_12__4.png
4811,224,https://cellphones.com.vn/media/catalog/product/d/i/dien-thoai-oppo-reno14-cu-tray-xuoc.jpg
4812,224,https://cellphones.com.vn/media/catalog/product/o/p/oppo-reno14-w_4.jpg
4813,224,https://cellphones.com.vn/media/catalog/product/s/l/slider-oppo-reno14-5_2.png
4814,224,https://cellphones.com.vn/media/catalog/product/s/l/slider-oppo-reno14_2.png
4815,224,https://cellphones.com.vn/media/catalog/product/s/l/slider-oppo-reno14-3_2.png
4816,224,https://cellphones.com.vn/media/catalog/product/s/l/slider-oppo-reno14-1_2.png
4817,224,https://cellphones.com.vn/media/catalog/product/s/l/slider-oppo-reno14-4_2.png
4818,224,https://cellphones.com.vn/media/catalog/product/o/p/oppo-reno14-g_4.jpg
4819,224,https://cellphones.com.vn/media/catalog/product/d/i/dien-thoai-oppo-reno14_2_4.png
4820,224,https://cellphones.com.vn/media/catalog/product/d/i/dien-thoai-oppo-reno14_4__4.png
4821,224,https://cellphones.com.vn/media/catalog/product/d/i/dien-thoai-oppo-reno14_2__4.png
4822,224,https://cellphones.com.vn/media/catalog/product/d/i/dien-thoai-oppo-reno14_3__4.png
4823,224,https://cellphones.com.vn/media/catalog/product/d/i/dien-thoai-oppo-reno14_6__4.png
4824,224,https://cellphones.com.vn/media/catalog/product/d/i/dien-thoai-oppo-reno14_5__4.png
4825,224,https://cellphones.com.vn/media/catalog/product/d/i/dien-thoai-oppo-reno14_8__4.png
4826,224,https://cellphones.com.vn/media/catalog/product/d/i/dien-thoai-oppo-reno14_7__4.png
4827,224,https://cellphones.com.vn/media/catalog/product/d/i/dien-thoai-oppo-reno14_9__4.png
4828,224,https://cellphones.com.vn/media/catalog/product/d/i/dien-thoai-oppo-reno14_10__4.png
4829,224,https://cellphones.com.vn/media/catalog/product/d/i/dien-thoai-oppo-reno14_11__4.png
4830,224,https://cellphones.com.vn/media/catalog/product/d/i/dien-thoai-oppo-reno14_12__4.png
4831,225,https://cdn2.cellphones.com.vn/media/catalog/product/i/m/image_1262703569_1.jpg
4832,225,https://cdn2.cellphones.com.vn/x/media/catalog/product/x/i/xiaomi_15_-_1_2_1.png
4833,225,https://cdn2.cellphones.com.vn/x/media/catalog/product/x/i/xiaomi_15_-_3_2_1.png
4834,225,https://cdn2.cellphones.com.vn/x/media/catalog/product/x/i/xiaomi_15_-_2_2_1.png
4835,225,https://cdn2.cellphones.com.vn/x/media/catalog/product/x/i/xiaomi_15_-_5_2_1.png
4836,225,https://cdn2.cellphones.com.vn/x/media/catalog/product/x/i/xiaomi_15_-_4_2_1.png
4837,225,https://cdn2.cellphones.com.vn/x/media/catalog/product/i/m/image_1262703567_1.jpg
4838,225,https://cdn2.cellphones.com.vn/x/media/catalog/product/i/m/image_1262703568_1.jpg
4839,225,https://cdn2.cellphones.com.vn/x/media/catalog/product/i/m/image_1262703569_1.jpg
4840,225,https://cdn2.cellphones.com.vn/x/media/catalog/product/i/m/image_1262703564_1_1.jpg
4841,225,https://cdn2.cellphones.com.vn/x/media/catalog/product/i/m/image_1262703570_1.jpg
4842,225,https://cdn2.cellphones.com.vn/x/media/catalog/product/i/m/image_1262703571_1.jpg
4843,225,https://cdn2.cellphones.com.vn/x/media/catalog/product/i/m/image_1262703572_1.jpg
4844,225,https://cdn2.cellphones.com.vn/x/media/catalog/product/i/m/image_1262703573_1.jpg
4845,225,https://cdn2.cellphones.com.vn/x/media/catalog/product/i/m/image_1262703574_1.jpg
4846,225,https://cdn2.cellphones.com.vn/x/media/catalog/product/i/m/image_1262703575_1.jpg
4847,225,https://cdn2.cellphones.com.vn/x/media/catalog/product/i/m/image_1262703576_1.jpg
4848,225,https://cdn2.cellphones.com.vn/x/media/catalog/product/i/m/image_1262703577_1.jpg
4849,225,https://cdn2.cellphones.com.vn/x/media/catalog/product/i/m/image_1262703578_1.jpg
4850,225,https://cdn2.cellphones.com.vn/x/media/catalog/product/i/m/image_1262703579_1.jpg
4851,225,https://cdn2.cellphones.com.vn/x/media/catalog/product/i/m/image_1262703580_1.jpg
4852,225,https://cdn2.cellphones.com.vn/x/media/catalog/product/i/m/image_1262703581_1.jpg
4853,225,https://cdn2.cellphones.com.vn/x/media/catalog/product/i/m/image_1262703582_1.jpg
4854,225,https://cdn2.cellphones.com.vn/x/media/catalog/product/i/m/image_1262703583_1.jpg
4855,225,https://cdn2.cellphones.com.vn/x/media/catalog/product/i/m/image_1262703584_1.jpg
4856,225,https://cdn2.cellphones.com.vn/x/media/catalog/product/i/m/image_1262703585_1.jpg
4857,225,https://cdn2.cellphones.com.vn/x/media/catalog/product/i/m/image_1262703586_1.jpg
4858,225,https://cdn2.cellphones.com.vn/x/media/catalog/product/i/m/image_1262703587_1.jpg
4859,225,https://cdn2.cellphones.com.vn/x/media/catalog/product/i/m/image_1262703588_1.jpg
4860,225,https://cellphones.com.vn/media/catalog/product/d/i/dien-thoai-xiaomi-15-12gb-512gb-cu-xuoc-can.jpg
4861,225,https://cellphones.com.vn/media/catalog/product/d/i/dien-thoai-xiaomi-15-12gb-512gb-cu-xuoc-can-2.jpg
4862,225,https://cellphones.com.vn/media/catalog/product/i/m/image_1262703569_1.jpg
4863,225,https://cellphones.com.vn/media/catalog/product/x/i/xiaomi_15_-_1_2_1.png
4864,225,https://cellphones.com.vn/media/catalog/product/x/i/xiaomi_15_-_3_2_1.png
4865,225,https://cellphones.com.vn/media/catalog/product/x/i/xiaomi_15_-_2_2_1.png
4866,225,https://cellphones.com.vn/media/catalog/product/x/i/xiaomi_15_-_5_2_1.png
4867,225,https://cellphones.com.vn/media/catalog/product/x/i/xiaomi_15_-_4_2_1.png
4868,225,https://cellphones.com.vn/media/catalog/product/i/m/image_1262703567_1.jpg
4869,225,https://cellphones.com.vn/media/catalog/product/i/m/image_1262703568_1.jpg
4870,225,https://cellphones.com.vn/media/catalog/product/i/m/image_1262703564_1_1.jpg
4871,225,https://cellphones.com.vn/media/catalog/product/i/m/image_1262703570_1.jpg
4872,225,https://cellphones.com.vn/media/catalog/product/i/m/image_1262703571_1.jpg
4873,225,https://cellphones.com.vn/media/catalog/product/i/m/image_1262703572_1.jpg
4874,225,https://cellphones.com.vn/media/catalog/product/i/m/image_1262703573_1.jpg
4875,225,https://cellphones.com.vn/media/catalog/product/i/m/image_1262703574_1.jpg
4876,225,https://cellphones.com.vn/media/catalog/product/i/m/image_1262703575_1.jpg
4877,225,https://cellphones.com.vn/media/catalog/product/i/m/image_1262703576_1.jpg
4878,225,https://cellphones.com.vn/media/catalog/product/i/m/image_1262703577_1.jpg
4879,225,https://cellphones.com.vn/media/catalog/product/i/m/image_1262703578_1.jpg
4880,225,https://cellphones.com.vn/media/catalog/product/i/m/image_1262703579_1.jpg
4881,225,https://cellphones.com.vn/media/catalog/product/i/m/image_1262703580_1.jpg
4882,225,https://cellphones.com.vn/media/catalog/product/i/m/image_1262703581_1.jpg
4883,225,https://cellphones.com.vn/media/catalog/product/i/m/image_1262703582_1.jpg
4884,225,https://cellphones.com.vn/media/catalog/product/i/m/image_1262703583_1.jpg
4885,225,https://cellphones.com.vn/media/catalog/product/i/m/image_1262703584_1.jpg
4886,225,https://cellphones.com.vn/media/catalog/product/i/m/image_1262703585_1.jpg
4887,225,https://cellphones.com.vn/media/catalog/product/i/m/image_1262703586_1.jpg
4888,225,https://cellphones.com.vn/media/catalog/product/i/m/image_1262703587_1.jpg
4889,225,https://cellphones.com.vn/media/catalog/product/i/m/image_1262703588_1.jpg
4890,226,https://cdn2.cellphones.com.vn/media/catalog/product/g/h/ghe-massage-da-nang-philips-ppm8502.jpg
4891,226,https://cdn2.cellphones.com.vn/x/media/catalog/product/g/h/ghe-massage-da-nang-philips-ppm8502-1.jpg
4892,226,https://cdn2.cellphones.com.vn/x/media/catalog/product/g/h/ghe-massage-da-nang-philips-ppm8502-2.jpg
4893,226,https://cdn2.cellphones.com.vn/x/media/catalog/product/g/h/ghe-massage-da-nang-philips-ppm8502-3.jpg
4894,226,https://cdn2.cellphones.com.vn/x/media/catalog/product/g/h/ghe-massage-da-nang-philips-ppm8502-4.jpg
4895,226,https://cdn2.cellphones.com.vn/x/media/catalog/product/g/h/ghe-massage-da-nang-philips-ppm8502-5.jpg
4896,226,https://cdn2.cellphones.com.vn/x/media/catalog/product/g/h/ghe-massage-da-nang-philips-ppm8502-6.jpg
4897,226,https://cdn2.cellphones.com.vn/x/media/catalog/product/g/h/ghe-massage-da-nang-philips-ppm8502-7.jpg
4898,226,https://cdn2.cellphones.com.vn/x/media/catalog/product/g/h/ghe-massage-da-nang-philips-ppm8502-8.jpg
4899,226,https://cdn2.cellphones.com.vn/x/media/catalog/product/g/h/ghe-massage-da-nang-philips-ppm8502-9.jpg
4900,226,https://cellphones.com.vn/media/catalog/product/g/h/ghe-massage-da-nang-philips-ppm8502-1_1.jpg
4901,226,https://cellphones.com.vn/media/catalog/product/g/h/ghe-massage-da-nang-philips-ppm8502.jpg
4902,226,https://cellphones.com.vn/media/catalog/product/g/h/ghe-massage-da-nang-philips-ppm8502-1.jpg
4903,226,https://cellphones.com.vn/media/catalog/product/g/h/ghe-massage-da-nang-philips-ppm8502-2.jpg
4904,226,https://cellphones.com.vn/media/catalog/product/g/h/ghe-massage-da-nang-philips-ppm8502-3.jpg
4905,226,https://cellphones.com.vn/media/catalog/product/g/h/ghe-massage-da-nang-philips-ppm8502-4.jpg
4906,226,https://cellphones.com.vn/media/catalog/product/g/h/ghe-massage-da-nang-philips-ppm8502-5.jpg
4907,226,https://cellphones.com.vn/media/catalog/product/g/h/ghe-massage-da-nang-philips-ppm8502-6.jpg
4908,226,https://cellphones.com.vn/media/catalog/product/g/h/ghe-massage-da-nang-philips-ppm8502-7.jpg
4909,226,https://cellphones.com.vn/media/catalog/product/g/h/ghe-massage-da-nang-philips-ppm8502-8.jpg
4910,226,https://cellphones.com.vn/media/catalog/product/g/h/ghe-massage-da-nang-philips-ppm8502-9.jpg
4911,227,https://cdn2.cellphones.com.vn/media/catalog/product/t/e/text_ng_n_-_2026-03-19t104222.591.png
4912,227,https://cdn2.cellphones.com.vn/x/media/catalog/product/t/e/text_ng_n_-_2026-03-19t104222.591.png
4913,227,https://cdn2.cellphones.com.vn/x/media/catalog/product/o/p/op-lung-iphone-16-pro-cam-den_60_.png
4914,227,https://cdn2.cellphones.com.vn/x/media/catalog/product/o/p/op-lung-iphone-16-pro-cam-den_61_.png
4915,227,https://cdn2.cellphones.com.vn/x/media/catalog/product/o/p/op-lung-iphone-16-pro-cam-den_62_.png
4916,227,https://cdn2.cellphones.com.vn/x/media/catalog/product/o/p/op-lung-iphone-16-pro-cam-den_63_.png
4917,227,https://cellphones.com.vn/media/catalog/product/o/p/op-lung-iphone-16-pro-cam-den_61__1.png
4918,227,https://cellphones.com.vn/media/catalog/product/t/e/text_ng_n_-_2026-03-19t104222.591.png
4919,227,https://cellphones.com.vn/media/catalog/product/o/p/op-lung-iphone-16-pro-cam-den_60_.png
4920,227,https://cellphones.com.vn/media/catalog/product/o/p/op-lung-iphone-16-pro-cam-den_61_.png
4921,227,https://cellphones.com.vn/media/catalog/product/o/p/op-lung-iphone-16-pro-cam-den_62_.png
4922,227,https://cellphones.com.vn/media/catalog/product/o/p/op-lung-iphone-16-pro-cam-den_63_.png
4923,228,https://cdn2.cellphones.com.vn/media/catalog/product/i/p/iphone_17e_pink_1_1.png
4924,228,https://cdn2.cellphones.com.vn/x/media/catalog/product/i/p/iphone_17e_pink_1_1.png
4925,228,https://cdn2.cellphones.com.vn/x/media/catalog/product/i/p/iphone_17e_pink_2_1.png
4926,228,https://cdn2.cellphones.com.vn/x/media/catalog/product/i/p/iphone_17e_pink_3_1.png
4927,228,https://cdn2.cellphones.com.vn/x/media/catalog/product/i/p/iphone_17e_pink_4_1.png
4928,228,https://cdn2.cellphones.com.vn/x/media/catalog/product/i/p/iphone_17e_pink_5_1.png
4929,228,https://cdn2.cellphones.com.vn/x/media/catalog/product/i/p/iphone_17e_pink_6_1.png
4930,228,https://cdn2.cellphones.com.vn/x/media/catalog/product/i/p/iphone_17e_pink_7_1.png
4931,228,https://cdn2.cellphones.com.vn/x/media/catalog/product/i/p/iphone_17e_pink_8_1.png
4932,228,https://cellphones.com.vn/media/catalog/product/i/p/iphone-17e-256gb-cu-ch-da-kich-hoat_2.jpg
4933,228,https://cellphones.com.vn/media/catalog/product/i/p/iphone-17e-256gb-cu-ch-da-kich-hoat.jpg
4934,228,https://cellphones.com.vn/media/catalog/product/i/p/iphone_17e_pink_1_1.png
4935,228,https://cellphones.com.vn/media/catalog/product/i/p/iphone_17e_pink_2_1.png
4936,228,https://cellphones.com.vn/media/catalog/product/i/p/iphone_17e_pink_3_1.png
4937,228,https://cellphones.com.vn/media/catalog/product/i/p/iphone_17e_pink_4_1.png
4938,228,https://cellphones.com.vn/media/catalog/product/i/p/iphone_17e_pink_5_1.png
4939,228,https://cellphones.com.vn/media/catalog/product/i/p/iphone_17e_pink_6_1.png
4940,228,https://cellphones.com.vn/media/catalog/product/i/p/iphone_17e_pink_7_1.png
4941,228,https://cellphones.com.vn/media/catalog/product/i/p/iphone_17e_pink_8_1.png
4942,229,https://cdn2.cellphones.com.vn/media/catalog/product/k/i/kinh-thong-minh-rokid-ai-glasses-style-rv203_6_.png
4943,229,https://cdn2.cellphones.com.vn/x/media/catalog/product/k/i/kinh-thong-minh-rokid-ai-glasses-style-rv203_4_.png
4944,229,https://cdn2.cellphones.com.vn/x/media/catalog/product/k/i/kinh-thong-minh-rokid-ai-glasses-style-rv203_5_.png
4945,229,https://cdn2.cellphones.com.vn/x/media/catalog/product/k/i/kinh-thong-minh-rokid-ai-glasses-style-rv203_3_.png
4946,229,https://cdn2.cellphones.com.vn/x/media/catalog/product/k/i/kinh-thong-minh-rokid-ai-glasses-style-rv203_1_.png
4947,229,https://cdn2.cellphones.com.vn/x/media/catalog/product/k/i/kinh-thong-minh-rokid-ai-glasses-style-rv203_2_.png
4948,229,https://cdn2.cellphones.com.vn/x/media/catalog/product/k/i/kinh-thong-minh-rokid-ai-glasses-style-rv203.png
4949,229,https://cdn2.cellphones.com.vn/x/media/catalog/product/k/i/kinh-thong-minh-rokid-ai-glasses-style-rv203_7_.png
4950,229,https://cdn2.cellphones.com.vn/x/media/catalog/product/k/i/kinh-thong-minh-rokid-ai-glasses-style-rv203_8_.png
4951,229,https://cdn2.cellphones.com.vn/x/media/catalog/product/k/i/kinh-thong-minh-rokid-ai-glasses-style-rv203_9_.png
4952,229,https://cellphones.com.vn/media/catalog/product/k/i/kinh-thong-minh-rokid-ai-glasses-style-rv203_4__1.png
4953,229,https://cellphones.com.vn/media/catalog/product/k/i/kinh-thong-minh-rokid-ai-glasses-style-rv203_6_.png
4954,229,https://cellphones.com.vn/media/catalog/product/k/i/kinh-thong-minh-rokid-ai-glasses-style-rv203_4_.png
4955,229,https://cellphones.com.vn/media/catalog/product/k/i/kinh-thong-minh-rokid-ai-glasses-style-rv203_5_.png
4956,229,https://cellphones.com.vn/media/catalog/product/k/i/kinh-thong-minh-rokid-ai-glasses-style-rv203_3_.png
4957,229,https://cellphones.com.vn/media/catalog/product/k/i/kinh-thong-minh-rokid-ai-glasses-style-rv203_1_.png
4958,229,https://cellphones.com.vn/media/catalog/product/k/i/kinh-thong-minh-rokid-ai-glasses-style-rv203_2_.png
4959,229,https://cellphones.com.vn/media/catalog/product/k/i/kinh-thong-minh-rokid-ai-glasses-style-rv203.png
4960,229,https://cellphones.com.vn/media/catalog/product/k/i/kinh-thong-minh-rokid-ai-glasses-style-rv203_7_.png
4961,229,https://cellphones.com.vn/media/catalog/product/k/i/kinh-thong-minh-rokid-ai-glasses-style-rv203_8_.png
4962,229,https://cellphones.com.vn/media/catalog/product/k/i/kinh-thong-minh-rokid-ai-glasses-style-rv203_9_.png
4963,230,https://cdn2.cellphones.com.vn/media/catalog/product/t/e/text_d_i_1__4_56.png
4964,230,https://cdn2.cellphones.com.vn/x/media/catalog/product/l/a/laptop_asus_rog_flow_z13_gz302eac_ru184ws_-_1.png
4965,230,https://cdn2.cellphones.com.vn/x/media/catalog/product/l/a/laptop_asus_rog_flow_z13_gz302eac_ru184ws_-_2.png
4966,230,https://cdn2.cellphones.com.vn/x/media/catalog/product/l/a/laptop_asus_rog_flow_z13_gz302eac_ru184ws_-_3.png
4967,230,https://cdn2.cellphones.com.vn/x/media/catalog/product/s/s/ssss_2_141.png
4968,230,https://cdn2.cellphones.com.vn/x/media/catalog/product/s/s/ssss_1__1_82.png
4969,230,https://cdn2.cellphones.com.vn/x/media/catalog/product/s/s/ssss_2__1_78.png
4970,230,https://cdn2.cellphones.com.vn/x/media/catalog/product/s/s/ssss_5__1_58.png
4971,230,https://cdn2.cellphones.com.vn/x/media/catalog/product/s/s/ssss_7__96.png
4972,230,https://cdn2.cellphones.com.vn/x/media/catalog/product/s/s/ssss_6__115.png
4973,230,https://cdn2.cellphones.com.vn/x/media/catalog/product/s/s/ssss_4__1_64.png
4974,230,https://cdn2.cellphones.com.vn/x/media/catalog/product/s/s/ssss_3__1_73.png
4975,230,https://cdn2.cellphones.com.vn/x/media/catalog/product/s/s/ssss_9__65.png
4976,230,https://cdn2.cellphones.com.vn/x/media/catalog/product/s/s/ssss_8__80.png
4977,230,https://cdn2.cellphones.com.vn/x/media/catalog/product/s/s/ssss_10__53.png
4978,230,https://cdn2.cellphones.com.vn/x/media/catalog/product/s/s/ssss_11__1_18.png
4979,230,https://cdn2.cellphones.com.vn/x/media/catalog/product/s/s/ssss_12__1_16.png
4980,230,https://cellphones.com.vn/media/catalog/product/s/s/ssss_2_142.png
4981,230,https://cellphones.com.vn/media/catalog/product/t/e/text_d_i_1__4_56.png
4982,230,https://cdn2.cellphones.com.vn/x/media/catalog/product/t/e/text_ng_n_5__9_78.png
4983,230,https://cdn2.cellphones.com.vn/x/media/catalog/product/b/a/balo-laptop-divoom-pixoo-led-backpack-2022-2.jpg
4984,230,https://cellphones.com.vn/media/catalog/product/h/u/hub-chuyen-doi-ugreen-usb-c-to-usb-a-2-0-usb-a-3-0-hdmi-pd-ho-tro-4k-15495.png
4985,230,https://cellphones.com.vn/media/catalog/product/g/r/group_265_2_3.png
4986,230,https://cellphones.com.vn/media/catalog/product/l/a/laptop_asus_rog_flow_z13_gz302eac_ru184ws_-_1.png
4987,230,https://cellphones.com.vn/media/catalog/product/l/a/laptop_asus_rog_flow_z13_gz302eac_ru184ws_-_2.png
4988,230,https://cellphones.com.vn/media/catalog/product/l/a/laptop_asus_rog_flow_z13_gz302eac_ru184ws_-_3.png
4989,230,https://cellphones.com.vn/media/catalog/product/s/s/ssss_2_141.png
4990,230,https://cellphones.com.vn/media/catalog/product/s/s/ssss_1__1_82.png
4991,230,https://cellphones.com.vn/media/catalog/product/s/s/ssss_2__1_78.png
4992,230,https://cellphones.com.vn/media/catalog/product/s/s/ssss_5__1_58.png
4993,230,https://cellphones.com.vn/media/catalog/product/s/s/ssss_7__96.png
4994,230,https://cellphones.com.vn/media/catalog/product/s/s/ssss_6__115.png
4995,230,https://cellphones.com.vn/media/catalog/product/s/s/ssss_4__1_64.png
4996,230,https://cellphones.com.vn/media/catalog/product/s/s/ssss_3__1_73.png
4997,230,https://cellphones.com.vn/media/catalog/product/s/s/ssss_9__65.png
4998,230,https://cellphones.com.vn/media/catalog/product/s/s/ssss_8__80.png
4999,230,https://cellphones.com.vn/media/catalog/product/s/s/ssss_10__53.png
5000,230,https://cellphones.com.vn/media/catalog/product/s/s/ssss_11__1_18.png
5001,230,https://cellphones.com.vn/media/catalog/product/s/s/ssss_12__1_16.png
5002,230,https://cellphones.com.vn/media/catalog/product/t/e/text_ng_n_5__9_78.png
5003,230,https://cellphones.com.vn/media/catalog/product/b/a/balo-laptop-divoom-pixoo-led-backpack-2022-2.jpg
5004,231,https://cdn2.cellphones.com.vn/media/catalog/product/t/e/text_d_i_8_58.png
5005,231,https://cdn2.cellphones.com.vn/x/media/catalog/product/l/a/laptop_asus_tuf_gaming_a16_fa608um_rv266w_-_1.png
5006,231,https://cdn2.cellphones.com.vn/x/media/catalog/product/l/a/laptop_asus_tuf_gaming_a16_fa608um_rv266w_-_2.png
5007,231,https://cdn2.cellphones.com.vn/x/media/catalog/product/l/a/laptop_asus_tuf_gaming_a16_fa608um_rv266w_-_3.png
5008,231,https://cdn2.cellphones.com.vn/x/media/catalog/product/s/s/ssss_1__1_85.png
5009,231,https://cdn2.cellphones.com.vn/x/media/catalog/product/s/s/ssss_2__1_81.png
5010,231,https://cdn2.cellphones.com.vn/x/media/catalog/product/s/s/ssss_3__1_76.png
5011,231,https://cdn2.cellphones.com.vn/x/media/catalog/product/s/s/ssss_4__1_67.png
5012,231,https://cdn2.cellphones.com.vn/x/media/catalog/product/s/s/ssss_2_145.png
5013,231,https://cdn2.cellphones.com.vn/x/media/catalog/product/s/s/ssss_15__16.png
5014,231,https://cdn2.cellphones.com.vn/x/media/catalog/product/s/s/ssss_12__1_18.png
5015,231,https://cdn2.cellphones.com.vn/x/media/catalog/product/s/s/ssss_6__117.png
5016,231,https://cdn2.cellphones.com.vn/x/media/catalog/product/s/s/ssss_5__1_60.png
5017,231,https://cdn2.cellphones.com.vn/x/media/catalog/product/s/s/ssss_7__98.png
5018,231,https://cdn2.cellphones.com.vn/x/media/catalog/product/s/s/ssss_13__1_16.png
5019,231,https://cdn2.cellphones.com.vn/x/media/catalog/product/s/s/ssss_11__1_19.png
5020,231,https://cdn2.cellphones.com.vn/x/media/catalog/product/s/s/ssss_10__55.png
5021,231,https://cdn2.cellphones.com.vn/x/media/catalog/product/s/s/ssss_9__67.png
5022,231,https://cdn2.cellphones.com.vn/x/media/catalog/product/s/s/ssss_8__82.png
5023,231,https://cdn2.cellphones.com.vn/x/media/catalog/product/s/s/ssss_14__20.png
5024,231,https://cellphones.com.vn/media/catalog/product/s/s/ssss_1__1_86.png
5025,231,https://cellphones.com.vn/media/catalog/product/t/e/text_d_i_8_58.png
5026,231,https://cdn2.cellphones.com.vn/x/media/catalog/product/t/e/text_ng_n_5__9_78.png
5027,231,https://cdn2.cellphones.com.vn/x/media/catalog/product/b/a/balo-laptop-divoom-pixoo-led-backpack-2022-2.jpg
5028,231,https://cellphones.com.vn/media/catalog/product/h/u/hub-chuyen-doi-ugreen-usb-c-to-usb-a-2-0-usb-a-3-0-hdmi-pd-ho-tro-4k-15495.png
5029,231,https://cellphones.com.vn/media/catalog/product/g/r/group_265_2_3.png
5030,231,https://cellphones.com.vn/media/catalog/product/l/a/laptop_asus_tuf_gaming_a16_fa608um_rv266w_-_1.png
5031,231,https://cellphones.com.vn/media/catalog/product/l/a/laptop_asus_tuf_gaming_a16_fa608um_rv266w_-_2.png
5032,231,https://cellphones.com.vn/media/catalog/product/l/a/laptop_asus_tuf_gaming_a16_fa608um_rv266w_-_3.png
5033,231,https://cellphones.com.vn/media/catalog/product/s/s/ssss_1__1_85.png
5034,231,https://cellphones.com.vn/media/catalog/product/s/s/ssss_2__1_81.png
5035,231,https://cellphones.com.vn/media/catalog/product/s/s/ssss_3__1_76.png
5036,231,https://cellphones.com.vn/media/catalog/product/s/s/ssss_4__1_67.png
5037,231,https://cellphones.com.vn/media/catalog/product/s/s/ssss_2_145.png
5038,231,https://cellphones.com.vn/media/catalog/product/s/s/ssss_15__16.png
5039,231,https://cellphones.com.vn/media/catalog/product/s/s/ssss_12__1_18.png
5040,231,https://cellphones.com.vn/media/catalog/product/s/s/ssss_6__117.png
5041,231,https://cellphones.com.vn/media/catalog/product/s/s/ssss_5__1_60.png
5042,231,https://cellphones.com.vn/media/catalog/product/s/s/ssss_7__98.png
5043,231,https://cellphones.com.vn/media/catalog/product/s/s/ssss_13__1_16.png
5044,231,https://cellphones.com.vn/media/catalog/product/s/s/ssss_11__1_19.png
5045,231,https://cellphones.com.vn/media/catalog/product/s/s/ssss_10__55.png
5046,231,https://cellphones.com.vn/media/catalog/product/s/s/ssss_9__67.png
5047,231,https://cellphones.com.vn/media/catalog/product/s/s/ssss_8__82.png
5048,231,https://cellphones.com.vn/media/catalog/product/s/s/ssss_14__20.png
5049,231,https://cellphones.com.vn/media/catalog/product/t/e/text_ng_n_5__9_78.png
5050,231,https://cellphones.com.vn/media/catalog/product/b/a/balo-laptop-divoom-pixoo-led-backpack-2022-2.jpg
5051,232,https://cdn2.cellphones.com.vn/media/catalog/product/t/e/text_d_i_8_54.png
5052,232,https://cdn2.cellphones.com.vn/x/media/catalog/product/l/a/laptop_asus_zenbook_s_14_ux5406aa_su415ws_-_1.png
5053,232,https://cdn2.cellphones.com.vn/x/media/catalog/product/l/a/laptop_asus_zenbook_s_14_ux5406aa_su415ws_-_2.png
5054,232,https://cdn2.cellphones.com.vn/x/media/catalog/product/l/a/laptop_asus_zenbook_s_14_ux5406aa_su415ws_-_3.png
5055,232,https://cdn2.cellphones.com.vn/x/media/catalog/product/s/s/ssss_2_133.png
5056,232,https://cdn2.cellphones.com.vn/x/media/catalog/product/s/s/ssss_1__1_78.png
5057,232,https://cdn2.cellphones.com.vn/x/media/catalog/product/s/s/ssss_2__1_74.png
5058,232,https://cdn2.cellphones.com.vn/x/media/catalog/product/s/s/ssss_3__1_69.png
5059,232,https://cdn2.cellphones.com.vn/x/media/catalog/product/s/s/ssss_4__1_61.png
5060,232,https://cdn2.cellphones.com.vn/x/media/catalog/product/s/s/ssss_5__1_55.png
5061,232,https://cellphones.com.vn/media/catalog/product/s/s/ssss_2_132.png
5062,232,https://cellphones.com.vn/media/catalog/product/t/e/text_d_i_8_54.png
5063,232,https://cdn2.cellphones.com.vn/x/media/catalog/product/t/e/text_ng_n_5__9_78.png
5064,232,https://cdn2.cellphones.com.vn/x/media/catalog/product/b/a/balo-laptop-divoom-pixoo-led-backpack-2022-2.jpg
5065,232,https://cellphones.com.vn/media/catalog/product/h/u/hub-chuyen-doi-ugreen-usb-c-to-usb-a-2-0-usb-a-3-0-hdmi-pd-ho-tro-4k-15495.png
5066,232,https://cellphones.com.vn/media/catalog/product/g/r/group_265_2_3.png
5067,232,https://cellphones.com.vn/media/catalog/product/l/a/laptop_asus_zenbook_s_14_ux5406aa_su415ws_-_1.png
5068,232,https://cellphones.com.vn/media/catalog/product/l/a/laptop_asus_zenbook_s_14_ux5406aa_su415ws_-_2.png
5069,232,https://cellphones.com.vn/media/catalog/product/l/a/laptop_asus_zenbook_s_14_ux5406aa_su415ws_-_3.png
5070,232,https://cellphones.com.vn/media/catalog/product/s/s/ssss_2_133.png
5071,232,https://cellphones.com.vn/media/catalog/product/s/s/ssss_1__1_78.png
5072,232,https://cellphones.com.vn/media/catalog/product/s/s/ssss_2__1_74.png
5073,232,https://cellphones.com.vn/media/catalog/product/s/s/ssss_3__1_69.png
5074,232,https://cellphones.com.vn/media/catalog/product/s/s/ssss_4__1_61.png
5075,232,https://cellphones.com.vn/media/catalog/product/s/s/ssss_5__1_55.png
5076,232,https://cellphones.com.vn/media/catalog/product/t/e/text_ng_n_5__9_78.png
5077,232,https://cellphones.com.vn/media/catalog/product/b/a/balo-laptop-divoom-pixoo-led-backpack-2022-2.jpg
5078,233,https://cdn2.cellphones.com.vn/media/catalog/product/t/e/text_d_i_8_57.png
5079,233,https://cdn2.cellphones.com.vn/x/media/catalog/product/l/a/laptop_lenovo_thinkpad_x1_carbon_gen_13_aura_edition_21ns010bvn_-_1.png
5080,233,https://cdn2.cellphones.com.vn/x/media/catalog/product/l/a/laptop_lenovo_thinkpad_x1_carbon_gen_13_aura_edition_21ns010bvn_-_2.png
5081,233,https://cdn2.cellphones.com.vn/x/media/catalog/product/l/a/laptop_lenovo_thinkpad_x1_carbon_gen_13_aura_edition_21ns010bvn_-_3.png
5082,233,https://cdn2.cellphones.com.vn/x/media/catalog/product/s/s/ssss_4__1_65.png
5083,233,https://cdn2.cellphones.com.vn/x/media/catalog/product/s/s/ssss_10__54.png
5084,233,https://cdn2.cellphones.com.vn/x/media/catalog/product/s/s/ssss_2__1_80.png
5085,233,https://cdn2.cellphones.com.vn/x/media/catalog/product/s/s/ssss_3__1_75.png
5086,233,https://cdn2.cellphones.com.vn/x/media/catalog/product/s/s/ssss_6__116.png
5087,233,https://cdn2.cellphones.com.vn/x/media/catalog/product/s/s/ssss_5__1_59.png
5088,233,https://cdn2.cellphones.com.vn/x/media/catalog/product/s/s/ssss_1__1_84.png
5089,233,https://cdn2.cellphones.com.vn/x/media/catalog/product/s/s/ssss_2_144.png
5090,233,https://cdn2.cellphones.com.vn/x/media/catalog/product/s/s/ssss_7__97.png
5091,233,https://cdn2.cellphones.com.vn/x/media/catalog/product/s/s/ssss_8__81.png
5092,233,https://cdn2.cellphones.com.vn/x/media/catalog/product/s/s/ssss_9__66.png
5093,233,https://cdn2.cellphones.com.vn/x/media/catalog/product/s/s/ssss_15__15.png
5094,233,https://cdn2.cellphones.com.vn/x/media/catalog/product/s/s/ssss_14__19.png
5095,233,https://cdn2.cellphones.com.vn/x/media/catalog/product/s/s/ssss_12__1_17.png
5096,233,https://cdn2.cellphones.com.vn/x/media/catalog/product/s/s/ssss_13__1_15.png
5097,233,https://cellphones.com.vn/media/catalog/product/s/s/ssss_4__1_66.png
5098,233,https://cellphones.com.vn/media/catalog/product/t/e/text_d_i_8_57.png
5099,233,https://cdn2.cellphones.com.vn/x/media/catalog/product/t/e/text_ng_n_5__9_78.png
5100,233,https://cdn2.cellphones.com.vn/x/media/catalog/product/b/a/balo-laptop-divoom-pixoo-led-backpack-2022-2.jpg
5101,233,https://cellphones.com.vn/media/catalog/product/h/u/hub-chuyen-doi-ugreen-usb-c-to-usb-a-2-0-usb-a-3-0-hdmi-pd-ho-tro-4k-15495.png
5102,233,https://cellphones.com.vn/media/catalog/product/l/a/laptop_lenovo_thinkpad_x1_carbon_gen_13_aura_edition_21ns010bvn_-_1.png
5103,233,https://cellphones.com.vn/media/catalog/product/l/a/laptop_lenovo_thinkpad_x1_carbon_gen_13_aura_edition_21ns010bvn_-_2.png
5104,233,https://cellphones.com.vn/media/catalog/product/l/a/laptop_lenovo_thinkpad_x1_carbon_gen_13_aura_edition_21ns010bvn_-_3.png
5105,233,https://cellphones.com.vn/media/catalog/product/s/s/ssss_4__1_65.png
5106,233,https://cellphones.com.vn/media/catalog/product/s/s/ssss_10__54.png
5107,233,https://cellphones.com.vn/media/catalog/product/s/s/ssss_2__1_80.png
5108,233,https://cellphones.com.vn/media/catalog/product/s/s/ssss_3__1_75.png
5109,233,https://cellphones.com.vn/media/catalog/product/s/s/ssss_6__116.png
5110,233,https://cellphones.com.vn/media/catalog/product/s/s/ssss_5__1_59.png
5111,233,https://cellphones.com.vn/media/catalog/product/s/s/ssss_1__1_84.png
5112,233,https://cellphones.com.vn/media/catalog/product/s/s/ssss_2_144.png
5113,233,https://cellphones.com.vn/media/catalog/product/s/s/ssss_7__97.png
5114,233,https://cellphones.com.vn/media/catalog/product/s/s/ssss_8__81.png
5115,233,https://cellphones.com.vn/media/catalog/product/s/s/ssss_9__66.png
5116,233,https://cellphones.com.vn/media/catalog/product/s/s/ssss_15__15.png
5117,233,https://cellphones.com.vn/media/catalog/product/s/s/ssss_14__19.png
5118,233,https://cellphones.com.vn/media/catalog/product/s/s/ssss_12__1_17.png
5119,233,https://cellphones.com.vn/media/catalog/product/s/s/ssss_13__1_15.png
5120,233,https://cellphones.com.vn/media/catalog/product/t/e/text_ng_n_5__9_78.png
5121,233,https://cellphones.com.vn/media/catalog/product/b/a/balo-laptop-divoom-pixoo-led-backpack-2022-2.jpg
5122,234,https://cdn2.cellphones.com.vn/media/catalog/product/t/e/text_d_i_1__4_55.png
5123,234,https://cdn2.cellphones.com.vn/x/media/catalog/product/l/a/laptop_msi_stealth_16_ai_b3wf-007vn_-_1.png
5124,234,https://cdn2.cellphones.com.vn/x/media/catalog/product/l/a/laptop_msi_stealth_16_ai_b3wf-007vn_-_2.png
5125,234,https://cdn2.cellphones.com.vn/x/media/catalog/product/l/a/laptop_msi_stealth_16_ai_b3wf-007vn_-_3.png
5126,234,https://cdn2.cellphones.com.vn/x/media/catalog/product/s/s/ssss_2_138.png
5127,234,https://cdn2.cellphones.com.vn/x/media/catalog/product/s/s/ssss_1__1_81.png
5128,234,https://cdn2.cellphones.com.vn/x/media/catalog/product/s/s/ssss_2__1_77.png
5129,234,https://cdn2.cellphones.com.vn/x/media/catalog/product/s/s/ssss_10__52.png
5130,234,https://cdn2.cellphones.com.vn/x/media/catalog/product/s/s/ssss_9__64.png
5131,234,https://cdn2.cellphones.com.vn/x/media/catalog/product/s/s/ssss_16__10.png
5132,234,https://cdn2.cellphones.com.vn/x/media/catalog/product/s/s/ssss_14__18.png
5133,234,https://cdn2.cellphones.com.vn/x/media/catalog/product/s/s/ssss_15__14.png
5134,234,https://cdn2.cellphones.com.vn/x/media/catalog/product/s/s/ssss_3__1_72.png
5135,234,https://cdn2.cellphones.com.vn/x/media/catalog/product/s/s/ssss_4__1_63.png
5136,234,https://cdn2.cellphones.com.vn/x/media/catalog/product/s/s/ssss_5__1_57.png
5137,234,https://cdn2.cellphones.com.vn/x/media/catalog/product/s/s/ssss_17__7.png
5138,234,https://cdn2.cellphones.com.vn/x/media/catalog/product/s/s/ssss_18__5.png
5139,234,https://cdn2.cellphones.com.vn/x/media/catalog/product/s/s/ssss_19__3.png
5140,234,https://cdn2.cellphones.com.vn/x/media/catalog/product/s/s/ssss_13__1_14.png
5141,234,https://cdn2.cellphones.com.vn/x/media/catalog/product/s/s/ssss_12__1_15.png
5142,234,https://cdn2.cellphones.com.vn/x/media/catalog/product/s/s/ssss_11__1_17.png
5143,234,https://cdn2.cellphones.com.vn/x/media/catalog/product/s/s/ssss_13__2_1.png
5144,234,https://cdn2.cellphones.com.vn/x/media/catalog/product/s/s/ssss_7__95.png
5145,234,https://cdn2.cellphones.com.vn/x/media/catalog/product/s/s/ssss_6__114.png
5146,234,https://cdn2.cellphones.com.vn/x/media/catalog/product/s/s/ssss_8__79.png
5147,234,https://cellphones.com.vn/media/catalog/product/s/s/ssss_2_139.png
5148,234,https://cellphones.com.vn/media/catalog/product/t/e/text_d_i_1__4_55.png
5149,234,https://cdn2.cellphones.com.vn/x/media/catalog/product/t/e/text_ng_n_5__9_78.png
5150,234,https://cdn2.cellphones.com.vn/x/media/catalog/product/b/a/balo-laptop-divoom-pixoo-led-backpack-2022-2.jpg
5151,234,https://cellphones.com.vn/media/catalog/product/h/u/hub-chuyen-doi-ugreen-usb-c-to-usb-a-2-0-usb-a-3-0-hdmi-pd-ho-tro-4k-15495.png
5152,234,https://cellphones.com.vn/media/catalog/product/l/a/laptop_msi_stealth_16_ai_b3wf-007vn_-_1.png
5153,234,https://cellphones.com.vn/media/catalog/product/l/a/laptop_msi_stealth_16_ai_b3wf-007vn_-_2.png
5154,234,https://cellphones.com.vn/media/catalog/product/l/a/laptop_msi_stealth_16_ai_b3wf-007vn_-_3.png
5155,234,https://cellphones.com.vn/media/catalog/product/s/s/ssss_2_138.png
5156,234,https://cellphones.com.vn/media/catalog/product/s/s/ssss_1__1_81.png
5157,234,https://cellphones.com.vn/media/catalog/product/s/s/ssss_2__1_77.png
5158,234,https://cellphones.com.vn/media/catalog/product/s/s/ssss_10__52.png
5159,234,https://cellphones.com.vn/media/catalog/product/s/s/ssss_9__64.png
5160,234,https://cellphones.com.vn/media/catalog/product/s/s/ssss_16__10.png
5161,234,https://cellphones.com.vn/media/catalog/product/s/s/ssss_14__18.png
5162,234,https://cellphones.com.vn/media/catalog/product/s/s/ssss_15__14.png
5163,234,https://cellphones.com.vn/media/catalog/product/s/s/ssss_3__1_72.png
5164,234,https://cellphones.com.vn/media/catalog/product/s/s/ssss_4__1_63.png
5165,234,https://cellphones.com.vn/media/catalog/product/s/s/ssss_5__1_57.png
5166,234,https://cellphones.com.vn/media/catalog/product/s/s/ssss_17__7.png
5167,234,https://cellphones.com.vn/media/catalog/product/s/s/ssss_18__5.png
5168,234,https://cellphones.com.vn/media/catalog/product/s/s/ssss_19__3.png
5169,234,https://cellphones.com.vn/media/catalog/product/s/s/ssss_13__1_14.png
5170,234,https://cellphones.com.vn/media/catalog/product/s/s/ssss_12__1_15.png
5171,234,https://cellphones.com.vn/media/catalog/product/s/s/ssss_11__1_17.png
5172,234,https://cellphones.com.vn/media/catalog/product/s/s/ssss_13__2_1.png
5173,234,https://cellphones.com.vn/media/catalog/product/s/s/ssss_7__95.png
5174,234,https://cellphones.com.vn/media/catalog/product/s/s/ssss_6__114.png
5175,234,https://cellphones.com.vn/media/catalog/product/s/s/ssss_8__79.png
5176,234,https://cellphones.com.vn/media/catalog/product/t/e/text_ng_n_5__9_78.png
5177,234,https://cellphones.com.vn/media/catalog/product/b/a/balo-laptop-divoom-pixoo-led-backpack-2022-2.jpg
5178,235,https://cdn2.cellphones.com.vn/media/catalog/product/t/e/text_d_i_8_55.png
5179,235,https://cdn2.cellphones.com.vn/x/media/catalog/product/l/a/laptop_msi_stealth_16_ai_b3wg-008vn_-_1.png
5180,235,https://cdn2.cellphones.com.vn/x/media/catalog/product/l/a/laptop_msi_stealth_16_ai_b3wg-008vn_-_2.png
5181,235,https://cdn2.cellphones.com.vn/x/media/catalog/product/l/a/laptop_msi_stealth_16_ai_b3wg-008vn_-_3.png
5182,235,https://cdn2.cellphones.com.vn/x/media/catalog/product/s/s/ssss_2_138_1.png
5183,235,https://cdn2.cellphones.com.vn/x/media/catalog/product/s/s/ssss_1__1_81_1.png
5184,235,https://cdn2.cellphones.com.vn/x/media/catalog/product/s/s/ssss_2__1_77_1.png
5185,235,https://cdn2.cellphones.com.vn/x/media/catalog/product/s/s/ssss_10__52_1.png
5186,235,https://cdn2.cellphones.com.vn/x/media/catalog/product/s/s/ssss_9__64_1.png
5187,235,https://cdn2.cellphones.com.vn/x/media/catalog/product/s/s/ssss_16__10_1.png
5188,235,https://cdn2.cellphones.com.vn/x/media/catalog/product/s/s/ssss_14__18_1.png
5189,235,https://cdn2.cellphones.com.vn/x/media/catalog/product/s/s/ssss_15__14_1.png
5190,235,https://cdn2.cellphones.com.vn/x/media/catalog/product/s/s/ssss_3__1_72_1.png
5191,235,https://cdn2.cellphones.com.vn/x/media/catalog/product/s/s/ssss_4__1_63_1.png
5192,235,https://cdn2.cellphones.com.vn/x/media/catalog/product/s/s/ssss_5__1_57_1.png
5193,235,https://cdn2.cellphones.com.vn/x/media/catalog/product/s/s/ssss_17__7_1.png
5194,235,https://cdn2.cellphones.com.vn/x/media/catalog/product/s/s/ssss_18__5_1.png
5195,235,https://cdn2.cellphones.com.vn/x/media/catalog/product/s/s/ssss_19__3_1.png
5196,235,https://cdn2.cellphones.com.vn/x/media/catalog/product/s/s/ssss_13__1_14_1.png
5197,235,https://cdn2.cellphones.com.vn/x/media/catalog/product/s/s/ssss_12__1_15_1.png
5198,235,https://cdn2.cellphones.com.vn/x/media/catalog/product/s/s/ssss_11__1_17_1.png
5199,235,https://cdn2.cellphones.com.vn/x/media/catalog/product/s/s/ssss_13__2_1_1.png
5200,235,https://cdn2.cellphones.com.vn/x/media/catalog/product/s/s/ssss_7__95_1.png
5201,235,https://cdn2.cellphones.com.vn/x/media/catalog/product/s/s/ssss_6__114_1.png
5202,235,https://cdn2.cellphones.com.vn/x/media/catalog/product/s/s/ssss_8__79_1.png
5203,235,https://cellphones.com.vn/media/catalog/product/s/s/ssss_2_140.png
5204,235,https://cellphones.com.vn/media/catalog/product/t/e/text_d_i_8_55.png
5205,235,https://cdn2.cellphones.com.vn/x/media/catalog/product/t/e/text_ng_n_5__9_78.png
5206,235,https://cdn2.cellphones.com.vn/x/media/catalog/product/b/a/balo-laptop-divoom-pixoo-led-backpack-2022-2.jpg
5207,235,https://cellphones.com.vn/media/catalog/product/h/u/hub-chuyen-doi-ugreen-usb-c-to-usb-a-2-0-usb-a-3-0-hdmi-pd-ho-tro-4k-15495.png
5208,235,https://cellphones.com.vn/media/catalog/product/l/a/laptop_msi_stealth_16_ai_b3wg-008vn_-_1.png
5209,235,https://cellphones.com.vn/media/catalog/product/l/a/laptop_msi_stealth_16_ai_b3wg-008vn_-_2.png
5210,235,https://cellphones.com.vn/media/catalog/product/l/a/laptop_msi_stealth_16_ai_b3wg-008vn_-_3.png
5211,235,https://cellphones.com.vn/media/catalog/product/s/s/ssss_2_138_1.png
5212,235,https://cellphones.com.vn/media/catalog/product/s/s/ssss_1__1_81_1.png
5213,235,https://cellphones.com.vn/media/catalog/product/s/s/ssss_2__1_77_1.png
5214,235,https://cellphones.com.vn/media/catalog/product/s/s/ssss_10__52_1.png
5215,235,https://cellphones.com.vn/media/catalog/product/s/s/ssss_9__64_1.png
5216,235,https://cellphones.com.vn/media/catalog/product/s/s/ssss_16__10_1.png
5217,235,https://cellphones.com.vn/media/catalog/product/s/s/ssss_14__18_1.png
5218,235,https://cellphones.com.vn/media/catalog/product/s/s/ssss_15__14_1.png
5219,235,https://cellphones.com.vn/media/catalog/product/s/s/ssss_3__1_72_1.png
5220,235,https://cellphones.com.vn/media/catalog/product/s/s/ssss_4__1_63_1.png
5221,235,https://cellphones.com.vn/media/catalog/product/s/s/ssss_5__1_57_1.png
5222,235,https://cellphones.com.vn/media/catalog/product/s/s/ssss_17__7_1.png
5223,235,https://cellphones.com.vn/media/catalog/product/s/s/ssss_18__5_1.png
5224,235,https://cellphones.com.vn/media/catalog/product/s/s/ssss_19__3_1.png
5225,235,https://cellphones.com.vn/media/catalog/product/s/s/ssss_13__1_14_1.png
5226,235,https://cellphones.com.vn/media/catalog/product/s/s/ssss_12__1_15_1.png
5227,235,https://cellphones.com.vn/media/catalog/product/s/s/ssss_11__1_17_1.png
5228,235,https://cellphones.com.vn/media/catalog/product/s/s/ssss_13__2_1_1.png
5229,235,https://cellphones.com.vn/media/catalog/product/s/s/ssss_7__95_1.png
5230,235,https://cellphones.com.vn/media/catalog/product/s/s/ssss_6__114_1.png
5231,235,https://cellphones.com.vn/media/catalog/product/s/s/ssss_8__79_1.png
5232,235,https://cellphones.com.vn/media/catalog/product/t/e/text_ng_n_5__9_78.png
5233,235,https://cellphones.com.vn/media/catalog/product/b/a/balo-laptop-divoom-pixoo-led-backpack-2022-2.jpg
5234,236,https://cdn2.cellphones.com.vn/media/catalog/product/m/a/mainboard-msi-a520m-a-pro_1_.png
5235,236,https://cdn2.cellphones.com.vn/x/media/catalog/product/m/a/mainboard-msi-a520m-a-pro_2_.png
5236,236,https://cdn2.cellphones.com.vn/x/media/catalog/product/m/a/mainboard-msi-a520m-a-pro_3_.png
5237,236,https://cdn2.cellphones.com.vn/x/media/catalog/product/m/a/mainboard-msi-a520m-a-pro_4_.png
5238,236,https://cdn2.cellphones.com.vn/x/media/catalog/product/m/a/mainboard-msi-a520m-a-pro_5_.png
5239,236,https://cdn2.cellphones.com.vn/x/media/catalog/product/m/a/mainboard-msi-a520m-a-pro_6_.png
5240,236,https://cellphones.com.vn/media/catalog/product/m/a/mainboard-msi-a520m-a-pro_1_.png
5241,236,https://cellphones.com.vn/media/catalog/product/m/a/mainboard-msi-a520m-a-pro_2_.png
5242,236,https://cellphones.com.vn/media/catalog/product/m/a/mainboard-msi-a520m-a-pro_3_.png
5243,236,https://cellphones.com.vn/media/catalog/product/m/a/mainboard-msi-a520m-a-pro_4_.png
5244,236,https://cellphones.com.vn/media/catalog/product/m/a/mainboard-msi-a520m-a-pro_5_.png
5245,236,https://cellphones.com.vn/media/catalog/product/m/a/mainboard-msi-a520m-a-pro_6_.png
5246,237,https://cdn2.cellphones.com.vn/media/catalog/product/m/_/m_y_chi_u_hi_u_wanbo_t2_ultra_1.png
5247,237,https://cdn2.cellphones.com.vn/x/media/catalog/product/m/a/may-chieu-mini-wanbo-t2-ultra_2__3.png
5248,237,https://cdn2.cellphones.com.vn/x/media/catalog/product/m/a/may-chieu-mini-wanbo-t2-ultra_3__2.png
5249,237,https://cdn2.cellphones.com.vn/x/media/catalog/product/m/a/may-chieu-mini-wanbo-t2-ultra_5__2.png
5250,237,https://cdn2.cellphones.com.vn/x/media/catalog/product/m/a/may-chieu-mini-wanbo-t2-ultra_4__2.png
5251,237,https://cdn2.cellphones.com.vn/x/media/catalog/product/m/a/may-chieu-mini-wanbo-t2-ultra_6__2.png
5252,237,https://cdn2.cellphones.com.vn/x/media/catalog/product/m/a/may-chieu-mini-wanbo-t2-ultra_8__2.png
5253,237,https://cdn2.cellphones.com.vn/x/media/catalog/product/m/a/may-chieu-mini-wanbo-t2-ultra_7__2.png
5254,237,https://cellphones.com.vn/media/catalog/product/m/a/may-chieu-mini-wanbo-t2-ultra-cu.jpg
5255,237,https://cellphones.com.vn/media/catalog/product/m/_/m_y_chi_u_hi_u_wanbo_t2_ultra_1.png
5256,237,https://cellphones.com.vn/media/catalog/product/m/a/may-chieu-mini-wanbo-t2-ultra_2__3.png
5257,237,https://cellphones.com.vn/media/catalog/product/m/a/may-chieu-mini-wanbo-t2-ultra_3__2.png
5258,237,https://cellphones.com.vn/media/catalog/product/m/a/may-chieu-mini-wanbo-t2-ultra_5__2.png
5259,237,https://cellphones.com.vn/media/catalog/product/m/a/may-chieu-mini-wanbo-t2-ultra_4__2.png
5260,237,https://cellphones.com.vn/media/catalog/product/m/a/may-chieu-mini-wanbo-t2-ultra_6__2.png
5261,237,https://cellphones.com.vn/media/catalog/product/m/a/may-chieu-mini-wanbo-t2-ultra_8__2.png
5262,237,https://cellphones.com.vn/media/catalog/product/m/a/may-chieu-mini-wanbo-t2-ultra_7__2.png
5263,238,https://cdn2.cellphones.com.vn/media/catalog/product/m/a/may-loc-khong-khi-levoit-core-mini-pro_1_.png
5264,238,https://cdn2.cellphones.com.vn/x/media/catalog/product/m/a/may-loc-khong-khi-levoit-core-mini-pro_2_.png
5265,238,https://cdn2.cellphones.com.vn/x/media/catalog/product/m/a/may-loc-khong-khi-levoit-core-mini-pro_3_.png
5266,238,https://cdn2.cellphones.com.vn/x/media/catalog/product/m/a/may-loc-khong-khi-levoit-core-mini-pro_4_.png
5267,238,https://cdn2.cellphones.com.vn/x/media/catalog/product/m/a/may-loc-khong-khi-levoit-core-mini-pro_5_.png
5268,238,https://cdn2.cellphones.com.vn/x/media/catalog/product/m/a/may-loc-khong-khi-levoit-core-mini-pro_6_.png
5269,238,https://cdn2.cellphones.com.vn/x/media/catalog/product/m/a/may-loc-khong-khi-levoit-core-mini-pro_7_.png
5270,238,https://cdn2.cellphones.com.vn/x/media/catalog/product/m/a/may-loc-khong-khi-levoit-core-mini-pro_8_.png
5271,238,https://cdn2.cellphones.com.vn/x/media/catalog/product/m/a/may-loc-khong-khi-levoit-core-mini-pro_9_.png
5272,238,https://cellphones.com.vn/media/catalog/product/m/a/may-loc-khong-khi-levoit-core-mini-pro_2__1.png
5273,238,https://cellphones.com.vn/media/catalog/product/m/a/may-loc-khong-khi-levoit-core-mini-pro_1_.png
5274,238,https://cellphones.com.vn/media/catalog/product/m/a/may-loc-khong-khi-levoit-core-mini-pro_2_.png
5275,238,https://cellphones.com.vn/media/catalog/product/m/a/may-loc-khong-khi-levoit-core-mini-pro_3_.png
5276,238,https://cellphones.com.vn/media/catalog/product/m/a/may-loc-khong-khi-levoit-core-mini-pro_4_.png
5277,238,https://cellphones.com.vn/media/catalog/product/m/a/may-loc-khong-khi-levoit-core-mini-pro_5_.png
5278,238,https://cellphones.com.vn/media/catalog/product/m/a/may-loc-khong-khi-levoit-core-mini-pro_6_.png
5279,238,https://cellphones.com.vn/media/catalog/product/m/a/may-loc-khong-khi-levoit-core-mini-pro_7_.png
5280,238,https://cellphones.com.vn/media/catalog/product/m/a/may-loc-khong-khi-levoit-core-mini-pro_8_.png
5281,238,https://cellphones.com.vn/media/catalog/product/m/a/may-loc-khong-khi-levoit-core-mini-pro_9_.png
5282,239,https://cdn2.cellphones.com.vn/media/catalog/product/m/a/may-loc-khong-khi-xiaomi-mi-air-purifier-elite_1_1.png
5283,239,https://cdn2.cellphones.com.vn/x/media/catalog/product/m/_/m_y_l_c_kh_ng_kh_xiaomi_mi_air_purifier_elite_-_1_1.png
5284,239,https://cdn2.cellphones.com.vn/x/media/catalog/product/m/_/m_y_l_c_kh_ng_kh_xiaomi_mi_air_purifier_elite_-_3_1.png
5285,239,https://cdn2.cellphones.com.vn/x/media/catalog/product/m/_/m_y_l_c_kh_ng_kh_xiaomi_mi_air_purifier_elite_-_2_1.png
5286,239,https://cdn2.cellphones.com.vn/x/media/catalog/product/m/_/m_y_l_c_kh_ng_kh_xiaomi_mi_air_purifier_elite_-_10_1.png
5287,239,https://cdn2.cellphones.com.vn/x/media/catalog/product/m/_/m_y_l_c_kh_ng_kh_xiaomi_mi_air_purifier_elite_-_4_1.png
5288,239,https://cdn2.cellphones.com.vn/x/media/catalog/product/m/_/m_y_l_c_kh_ng_kh_xiaomi_mi_air_purifier_elite_-_5_1.png
5289,239,https://cdn2.cellphones.com.vn/x/media/catalog/product/m/_/m_y_l_c_kh_ng_kh_xiaomi_mi_air_purifier_elite_-_6_1.png
5290,239,https://cdn2.cellphones.com.vn/x/media/catalog/product/m/_/m_y_l_c_kh_ng_kh_xiaomi_mi_air_purifier_elite_-_7_1.png
5291,239,https://cdn2.cellphones.com.vn/x/media/catalog/product/m/_/m_y_l_c_kh_ng_kh_xiaomi_mi_air_purifier_elite_-_11_1.png
5292,239,https://cdn2.cellphones.com.vn/x/media/catalog/product/m/_/m_y_l_c_kh_ng_kh_xiaomi_mi_air_purifier_elite_-_9_1.png
5293,239,https://cdn2.cellphones.com.vn/x/media/catalog/product/m/_/m_y_l_c_kh_ng_kh_xiaomi_mi_air_purifier_elite_-_8_1.png
5294,239,https://cdn2.cellphones.com.vn/x/media/catalog/product/m/_/m_y_l_c_kh_ng_kh_xiaomi_mi_air_purifier_elite_smarthome__1.jpg
5295,239,https://cdn2.cellphones.com.vn/x/media/catalog/product/m/_/m_y_l_c_kh_ng_kh_xiaomi_mi_air_purifier_elite_smarthome_1__1.jpg
5296,239,https://cdn2.cellphones.com.vn/x/media/catalog/product/m/_/m_y_l_c_kh_ng_kh_xiaomi_mi_air_purifier_elite_smarthome_2__1.jpg
5297,239,https://cdn2.cellphones.com.vn/x/media/catalog/product/m/_/m_y_l_c_kh_ng_kh_xiaomi_mi_air_purifier_elite_smarthome_3__1.jpg
5298,239,https://cellphones.com.vn/media/catalog/product/m/a/may-loc-khong-khi-xiaomi-mi-air-purifier-elite-cu.jpg
5299,239,https://cellphones.com.vn/media/catalog/product/m/a/may-loc-khong-khi-xiaomi-mi-air-purifier-elite_1_1.png
5300,239,https://cellphones.com.vn/media/catalog/product/m/_/m_y_l_c_kh_ng_kh_xiaomi_mi_air_purifier_elite_-_1_1.png
5301,239,https://cellphones.com.vn/media/catalog/product/m/_/m_y_l_c_kh_ng_kh_xiaomi_mi_air_purifier_elite_-_3_1.png
5302,239,https://cellphones.com.vn/media/catalog/product/m/_/m_y_l_c_kh_ng_kh_xiaomi_mi_air_purifier_elite_-_2_1.png
5303,239,https://cellphones.com.vn/media/catalog/product/m/_/m_y_l_c_kh_ng_kh_xiaomi_mi_air_purifier_elite_-_10_1.png
5304,239,https://cellphones.com.vn/media/catalog/product/m/_/m_y_l_c_kh_ng_kh_xiaomi_mi_air_purifier_elite_-_4_1.png
5305,239,https://cellphones.com.vn/media/catalog/product/m/_/m_y_l_c_kh_ng_kh_xiaomi_mi_air_purifier_elite_-_5_1.png
5306,239,https://cellphones.com.vn/media/catalog/product/m/_/m_y_l_c_kh_ng_kh_xiaomi_mi_air_purifier_elite_-_6_1.png
5307,239,https://cellphones.com.vn/media/catalog/product/m/_/m_y_l_c_kh_ng_kh_xiaomi_mi_air_purifier_elite_-_7_1.png
5308,239,https://cellphones.com.vn/media/catalog/product/m/_/m_y_l_c_kh_ng_kh_xiaomi_mi_air_purifier_elite_-_11_1.png
5309,239,https://cellphones.com.vn/media/catalog/product/m/_/m_y_l_c_kh_ng_kh_xiaomi_mi_air_purifier_elite_-_9_1.png
5310,239,https://cellphones.com.vn/media/catalog/product/m/_/m_y_l_c_kh_ng_kh_xiaomi_mi_air_purifier_elite_-_8_1.png
5311,239,https://cellphones.com.vn/media/catalog/product/m/_/m_y_l_c_kh_ng_kh_xiaomi_mi_air_purifier_elite_smarthome__1.jpg
5312,239,https://cellphones.com.vn/media/catalog/product/m/_/m_y_l_c_kh_ng_kh_xiaomi_mi_air_purifier_elite_smarthome_1__1.jpg
5313,239,https://cellphones.com.vn/media/catalog/product/m/_/m_y_l_c_kh_ng_kh_xiaomi_mi_air_purifier_elite_smarthome_2__1.jpg
5314,239,https://cellphones.com.vn/media/catalog/product/m/_/m_y_l_c_kh_ng_kh_xiaomi_mi_air_purifier_elite_smarthome_3__1.jpg
5315,240,https://cdn2.cellphones.com.vn/media/catalog/product/m/a/may-phun-suong-tao-am-xong-tinh-dau-fujihome-hm04euv_1__2.png
5316,240,https://cdn2.cellphones.com.vn/x/media/catalog/product/m/a/may-phun-suong-tao-am-xong-tinh-dau-fujihome-hm04euv_3__2.png
5317,240,https://cdn2.cellphones.com.vn/x/media/catalog/product/m/a/may-phun-suong-tao-am-xong-tinh-dau-fujihome-hm04euv_4__2.png
5318,240,https://cdn2.cellphones.com.vn/x/media/catalog/product/m/a/may-phun-suong-tao-am-xong-tinh-dau-fujihome-hm04euv_6__2.png
5319,240,https://cdn2.cellphones.com.vn/x/media/catalog/product/m/a/may-phun-suong-tao-am-xong-tinh-dau-fujihome-hm04euv_10__2.png
5320,240,https://cdn2.cellphones.com.vn/x/media/catalog/product/m/a/may-phun-suong-tao-am-xong-tinh-dau-fujihome-hm04euv_7__2.png
5321,240,https://cdn2.cellphones.com.vn/x/media/catalog/product/m/a/may-phun-suong-tao-am-xong-tinh-dau-fujihome-hm04euv_9__2.png
5322,240,https://cdn2.cellphones.com.vn/x/media/catalog/product/m/a/may-phun-suong-tao-am-xong-tinh-dau-fujihome-hm04euv_8__2.png
5323,240,https://cdn2.cellphones.com.vn/x/media/catalog/product/m/a/may-phun-suong-tao-am-xong-tinh-dau-fujihome-hm04euv_5__2.png
5324,240,https://cdn2.cellphones.com.vn/x/media/catalog/product/m/a/may-phun-suong-tao-am-xong-tinh-dau-fujihome-hm04euv_2__3.png
5325,240,https://cellphones.com.vn/media/catalog/product/m/a/may-phun-suong-tao-am-xong-tinh-dau-fujihome-hm04euv-cu.jpg
5326,240,https://cellphones.com.vn/media/catalog/product/m/a/may-phun-suong-tao-am-xong-tinh-dau-fujihome-hm04euv_1__2.png
5327,240,https://cellphones.com.vn/media/catalog/product/m/a/may-phun-suong-tao-am-xong-tinh-dau-fujihome-hm04euv_3__2.png
5328,240,https://cellphones.com.vn/media/catalog/product/m/a/may-phun-suong-tao-am-xong-tinh-dau-fujihome-hm04euv_4__2.png
5329,240,https://cellphones.com.vn/media/catalog/product/m/a/may-phun-suong-tao-am-xong-tinh-dau-fujihome-hm04euv_6__2.png
5330,240,https://cellphones.com.vn/media/catalog/product/m/a/may-phun-suong-tao-am-xong-tinh-dau-fujihome-hm04euv_10__2.png
5331,240,https://cellphones.com.vn/media/catalog/product/m/a/may-phun-suong-tao-am-xong-tinh-dau-fujihome-hm04euv_7__2.png
5332,240,https://cellphones.com.vn/media/catalog/product/m/a/may-phun-suong-tao-am-xong-tinh-dau-fujihome-hm04euv_9__2.png
5333,240,https://cellphones.com.vn/media/catalog/product/m/a/may-phun-suong-tao-am-xong-tinh-dau-fujihome-hm04euv_8__2.png
5334,240,https://cellphones.com.vn/media/catalog/product/m/a/may-phun-suong-tao-am-xong-tinh-dau-fujihome-hm04euv_5__2.png
5335,240,https://cellphones.com.vn/media/catalog/product/m/a/may-phun-suong-tao-am-xong-tinh-dau-fujihome-hm04euv_2__3.png
5336,241,https://cdn2.cellphones.com.vn/media/catalog/product/m/a/may-tinh-bang-oppo-pad-se_1.jpg
5337,241,https://cdn2.cellphones.com.vn/x/media/catalog/product/m/a/may-tinh-bang-oppo-pad-se_1.jpg
5338,241,https://cdn2.cellphones.com.vn/x/media/catalog/product/m/a/may-tinh-bang-oppo-pad-se-1_1.jpg
5339,241,https://cellphones.com.vn/media/catalog/product/m/a/may-tinh-bang-oppo-pad-se-cu-tray-xuoc.jpg
5340,241,https://cellphones.com.vn/media/catalog/product/m/a/may-tinh-bang-oppo-pad-se_1.jpg
5341,241,https://cellphones.com.vn/media/catalog/product/m/a/may-tinh-bang-oppo-pad-se-1_1.jpg
5342,242,https://cdn2.cellphones.com.vn/media/catalog/product/m/a/may-tinh-bang-samsung-galaxy-tab-s11_6_1_1.jpg
5343,242,https://cdn2.cellphones.com.vn/x/media/catalog/product/s/l/slider-samsung-galaxy-tab-s11-5g-12gb-128gb_1_1.jpg
5344,242,https://cdn2.cellphones.com.vn/x/media/catalog/product/s/l/slider-samsung-galaxy-tab-s11-5g-12gb-128gb-1_1_1.jpg
5345,242,https://cdn2.cellphones.com.vn/x/media/catalog/product/s/l/slider-samsung-galaxy-tab-s11-5g-12gb-128gb-2_1_1.jpg
5346,242,https://cdn2.cellphones.com.vn/x/media/catalog/product/s/l/slider-samsung-galaxy-tab-s11-5g-12gb-128gb-3_1_1.jpg
5347,242,https://cdn2.cellphones.com.vn/x/media/catalog/product/s/l/slider-samsung-galaxy-tab-s11-5g-12gb-128gb-4_1_1.jpg
5348,242,https://cdn2.cellphones.com.vn/x/media/catalog/product/m/a/may-tinh-bang-samsung-galaxy-tab-s11_1_2.jpg
5349,242,https://cdn2.cellphones.com.vn/x/media/catalog/product/m/a/may-tinh-bang-samsung-galaxy-tab-s11-1_1_1.jpg
5350,242,https://cdn2.cellphones.com.vn/x/media/catalog/product/m/a/may-tinh-bang-samsung-galaxy-tab-s11-5_1_1.jpg
5351,242,https://cdn2.cellphones.com.vn/x/media/catalog/product/m/a/may-tinh-bang-samsung-galaxy-tab-s11-6_1_1.jpg
5352,242,https://cdn2.cellphones.com.vn/x/media/catalog/product/m/a/may-tinh-bang-samsung-galaxy-tab-s11-2_1_1.jpg
5353,242,https://cdn2.cellphones.com.vn/x/media/catalog/product/m/a/may-tinh-bang-samsung-galaxy-tab-s11-3_1_1.jpg
5354,242,https://cdn2.cellphones.com.vn/x/media/catalog/product/m/a/may-tinh-bang-samsung-galaxy-tab-s11-4_1_1.jpg
5355,242,https://cdn2.cellphones.com.vn/x/media/catalog/product/m/a/may-tinh-bang-samsung-galaxy-tab-s11-7_1_1.jpg
5356,242,https://cdn2.cellphones.com.vn/x/media/catalog/product/m/a/may-tinh-bang-samsung-galaxy-tab-s11-8_1_1.jpg
5357,242,https://cdn2.cellphones.com.vn/x/media/catalog/product/m/a/may-tinh-bang-samsung-galaxy-tab-s11-13_1_1.jpg
5358,242,https://cdn2.cellphones.com.vn/x/media/catalog/product/m/a/may-tinh-bang-samsung-galaxy-tab-s11-14_1_1.jpg
5359,242,https://cdn2.cellphones.com.vn/x/media/catalog/product/m/a/may-tinh-bang-samsung-galaxy-tab-s11-9_1_1.jpg
5360,242,https://cdn2.cellphones.com.vn/x/media/catalog/product/m/a/may-tinh-bang-samsung-galaxy-tab-s11-10_1_1.jpg
5361,242,https://cdn2.cellphones.com.vn/x/media/catalog/product/m/a/may-tinh-bang-samsung-galaxy-tab-s11-11_1_1.jpg
5362,242,https://cdn2.cellphones.com.vn/x/media/catalog/product/m/a/may-tinh-bang-samsung-galaxy-tab-s11-12_1_1.jpg
5363,242,https://cdn2.cellphones.com.vn/x/media/catalog/product/m/a/may-tinh-bang-samsung-galaxy-tab-s11_6_1_1.jpg
5364,242,https://cellphones.com.vn/media/catalog/product/m/a/may-tinh-bang-samsung-galaxy-tab-s11-5g-12gb-256gb-cu-dep.jpg
5365,242,https://cellphones.com.vn/media/catalog/product/m/a/may-tinh-bang-samsung-galaxy-tab-s11_6_1_1.jpg
5366,242,https://cellphones.com.vn/media/catalog/product/s/l/slider-samsung-galaxy-tab-s11-5g-12gb-128gb_1_1.jpg
5367,242,https://cellphones.com.vn/media/catalog/product/s/l/slider-samsung-galaxy-tab-s11-5g-12gb-128gb-1_1_1.jpg
5368,242,https://cellphones.com.vn/media/catalog/product/s/l/slider-samsung-galaxy-tab-s11-5g-12gb-128gb-2_1_1.jpg
5369,242,https://cellphones.com.vn/media/catalog/product/s/l/slider-samsung-galaxy-tab-s11-5g-12gb-128gb-3_1_1.jpg
5370,242,https://cellphones.com.vn/media/catalog/product/s/l/slider-samsung-galaxy-tab-s11-5g-12gb-128gb-4_1_1.jpg
5371,242,https://cellphones.com.vn/media/catalog/product/m/a/may-tinh-bang-samsung-galaxy-tab-s11_1_2.jpg
5372,242,https://cellphones.com.vn/media/catalog/product/m/a/may-tinh-bang-samsung-galaxy-tab-s11-1_1_1.jpg
5373,242,https://cellphones.com.vn/media/catalog/product/m/a/may-tinh-bang-samsung-galaxy-tab-s11-5_1_1.jpg
5374,242,https://cellphones.com.vn/media/catalog/product/m/a/may-tinh-bang-samsung-galaxy-tab-s11-6_1_1.jpg
5375,242,https://cellphones.com.vn/media/catalog/product/m/a/may-tinh-bang-samsung-galaxy-tab-s11-2_1_1.jpg
5376,242,https://cellphones.com.vn/media/catalog/product/m/a/may-tinh-bang-samsung-galaxy-tab-s11-3_1_1.jpg
5377,242,https://cellphones.com.vn/media/catalog/product/m/a/may-tinh-bang-samsung-galaxy-tab-s11-4_1_1.jpg
5378,242,https://cellphones.com.vn/media/catalog/product/m/a/may-tinh-bang-samsung-galaxy-tab-s11-7_1_1.jpg
5379,242,https://cellphones.com.vn/media/catalog/product/m/a/may-tinh-bang-samsung-galaxy-tab-s11-8_1_1.jpg
5380,242,https://cellphones.com.vn/media/catalog/product/m/a/may-tinh-bang-samsung-galaxy-tab-s11-13_1_1.jpg
5381,242,https://cellphones.com.vn/media/catalog/product/m/a/may-tinh-bang-samsung-galaxy-tab-s11-14_1_1.jpg
5382,242,https://cellphones.com.vn/media/catalog/product/m/a/may-tinh-bang-samsung-galaxy-tab-s11-9_1_1.jpg
5383,242,https://cellphones.com.vn/media/catalog/product/m/a/may-tinh-bang-samsung-galaxy-tab-s11-10_1_1.jpg
5384,242,https://cellphones.com.vn/media/catalog/product/m/a/may-tinh-bang-samsung-galaxy-tab-s11-11_1_1.jpg
5385,242,https://cellphones.com.vn/media/catalog/product/m/a/may-tinh-bang-samsung-galaxy-tab-s11-12_1_1.jpg
5386,243,https://cdn2.cellphones.com.vn/media/catalog/product/x/i/xiaomi-pad-7_4__1_3.png
5387,243,https://cdn2.cellphones.com.vn/x/media/catalog/product/s/l/slider-xiaomi-pad-7-pro_1.jpg
5388,243,https://cdn2.cellphones.com.vn/x/media/catalog/product/s/l/slider-xiaomi-pad-7-pro-1_1.jpg
5389,243,https://cdn2.cellphones.com.vn/x/media/catalog/product/s/l/slider-xiaomi-pad-7-pro-2_1.jpg
5390,243,https://cdn2.cellphones.com.vn/x/media/catalog/product/s/l/slider-xiaomi-pad-7-pro-3_1.jpg
5391,243,https://cdn2.cellphones.com.vn/x/media/catalog/product/s/l/slider-xiaomi-pad-7-pro-4_1.jpg
5392,243,https://cdn2.cellphones.com.vn/x/media/catalog/product/x/i/xiaomi-pad-7_4__1_3.png
5393,243,https://cdn2.cellphones.com.vn/x/media/catalog/product/x/i/xiaomi-pad-7_5__1_3.png
5394,243,https://cdn2.cellphones.com.vn/x/media/catalog/product/x/i/xiaomi-pad-7_3__1_3.png
5395,243,https://cdn2.cellphones.com.vn/x/media/catalog/product/x/i/xiaomi-pad-7_2__1_3.png
5396,243,https://cdn2.cellphones.com.vn/x/media/catalog/product/x/i/xiaomi-pad-7_1__1_3.png
5397,243,https://cdn2.cellphones.com.vn/x/media/catalog/product/x/i/xiaomi-pad-7_1_3.png
5398,243,https://cdn2.cellphones.com.vn/x/media/catalog/product/x/i/xiaomi-pad-7_6__1_3.png
5399,243,https://cdn2.cellphones.com.vn/x/media/catalog/product/x/i/xiaomi-pad-7-pro_1__3.png
5400,243,https://cdn2.cellphones.com.vn/x/media/catalog/product/x/i/xiaomi-pad-7-pro_3.png
5401,243,https://cdn2.cellphones.com.vn/x/media/catalog/product/x/i/xiaomi-pad-7-pro_3__3.png
5402,243,https://cdn2.cellphones.com.vn/x/media/catalog/product/x/i/xiaomi-pad-7-pro_2__3.png
5403,243,https://cellphones.com.vn/media/catalog/product/m/a/may-tinh-bang-xiaomi-pad-7-pro-cu-xuoc-can.jpg
5404,243,https://cellphones.com.vn/media/catalog/product/x/i/xiaomi-pad-7_4__1_3.png
5405,243,https://cellphones.com.vn/media/catalog/product/s/l/slider-xiaomi-pad-7-pro_1.jpg
5406,243,https://cellphones.com.vn/media/catalog/product/s/l/slider-xiaomi-pad-7-pro-1_1.jpg
5407,243,https://cellphones.com.vn/media/catalog/product/s/l/slider-xiaomi-pad-7-pro-2_1.jpg
5408,243,https://cellphones.com.vn/media/catalog/product/s/l/slider-xiaomi-pad-7-pro-3_1.jpg
5409,243,https://cellphones.com.vn/media/catalog/product/s/l/slider-xiaomi-pad-7-pro-4_1.jpg
5410,243,https://cellphones.com.vn/media/catalog/product/x/i/xiaomi-pad-7_5__1_3.png
5411,243,https://cellphones.com.vn/media/catalog/product/x/i/xiaomi-pad-7_3__1_3.png
5412,243,https://cellphones.com.vn/media/catalog/product/x/i/xiaomi-pad-7_2__1_3.png
5413,243,https://cellphones.com.vn/media/catalog/product/x/i/xiaomi-pad-7_1__1_3.png
5414,243,https://cellphones.com.vn/media/catalog/product/x/i/xiaomi-pad-7_1_3.png
5415,243,https://cellphones.com.vn/media/catalog/product/x/i/xiaomi-pad-7_6__1_3.png
5416,243,https://cellphones.com.vn/media/catalog/product/x/i/xiaomi-pad-7-pro_1__3.png
5417,243,https://cellphones.com.vn/media/catalog/product/x/i/xiaomi-pad-7-pro_3.png
5418,243,https://cellphones.com.vn/media/catalog/product/x/i/xiaomi-pad-7-pro_3__3.png
5419,243,https://cellphones.com.vn/media/catalog/product/x/i/xiaomi-pad-7-pro_2__3.png
5420,244,https://cdn2.cellphones.com.vn/media/catalog/product/o/-/o-cung-di-dong-hdd-adata-hv320-1tb_1_.png
5421,244,https://cdn2.cellphones.com.vn/x/media/catalog/product/o/-/o-cung-di-dong-hdd-adata-hv320-1tb_1_.png
5422,244,https://cdn2.cellphones.com.vn/x/media/catalog/product/o/-/o-cung-di-dong-hdd-adata-hv320-1tb_2_.png
5423,244,https://cdn2.cellphones.com.vn/x/media/catalog/product/o/-/o-cung-di-dong-hdd-adata-hv320-1tb_3_.png
5424,244,https://cdn2.cellphones.com.vn/x/media/catalog/product/o/-/o-cung-di-dong-hdd-adata-hv320-1tb_6_.png
5425,244,https://cdn2.cellphones.com.vn/x/media/catalog/product/o/-/o-cung-di-dong-hdd-adata-hv320-1tb_4_.png
5426,244,https://cdn2.cellphones.com.vn/x/media/catalog/product/o/-/o-cung-di-dong-hdd-adata-hv320-1tb_5_.png
5427,244,https://cellphones.com.vn/media/catalog/product/o/-/o-cung-di-dong-hdd-adata-hv320-1tb_3__1.png
5428,244,https://cellphones.com.vn/media/catalog/product/o/-/o-cung-di-dong-hdd-adata-hv320-1tb_6__1.png
5429,244,https://cellphones.com.vn/media/catalog/product/o/-/o-cung-di-dong-hdd-adata-hv320-1tb_2__1.png
5430,244,https://cellphones.com.vn/media/catalog/product/o/-/o-cung-di-dong-hdd-adata-hv320-1tb_1_.png
5431,244,https://cellphones.com.vn/media/catalog/product/o/-/o-cung-di-dong-hdd-adata-hv320-1tb_2_.png
5432,244,https://cellphones.com.vn/media/catalog/product/o/-/o-cung-di-dong-hdd-adata-hv320-1tb_3_.png
5433,244,https://cellphones.com.vn/media/catalog/product/o/-/o-cung-di-dong-hdd-adata-hv320-1tb_6_.png
5434,244,https://cellphones.com.vn/media/catalog/product/o/-/o-cung-di-dong-hdd-adata-hv320-1tb_4_.png
5435,244,https://cellphones.com.vn/media/catalog/product/o/-/o-cung-di-dong-hdd-adata-hv320-1tb_5_.png
5436,245,https://cdn2.cellphones.com.vn/media/catalog/product/o/-/o-cung-di-dong-hdd-adata-hv320-2tb_1_.png
5437,245,https://cdn2.cellphones.com.vn/x/media/catalog/product/o/-/o-cung-di-dong-hdd-adata-hv320-2tb_1_.png
5438,245,https://cdn2.cellphones.com.vn/x/media/catalog/product/o/-/o-cung-di-dong-hdd-adata-hv320-2tb_2_.png
5439,245,https://cdn2.cellphones.com.vn/x/media/catalog/product/o/-/o-cung-di-dong-hdd-adata-hv320-2tb_3_.png
5440,245,https://cdn2.cellphones.com.vn/x/media/catalog/product/o/-/o-cung-di-dong-hdd-adata-hv320-2tb_6_.png
5441,245,https://cdn2.cellphones.com.vn/x/media/catalog/product/o/-/o-cung-di-dong-hdd-adata-hv320-2tb_4_.png
5442,245,https://cdn2.cellphones.com.vn/x/media/catalog/product/o/-/o-cung-di-dong-hdd-adata-hv320-2tb_5_.png
5443,245,https://cellphones.com.vn/media/catalog/product/o/-/o-cung-di-dong-hdd-adata-hv320-2tb_6__1.png
5444,245,https://cellphones.com.vn/media/catalog/product/o/-/o-cung-di-dong-hdd-adata-hv320-2tb_2__1.png
5445,245,https://cellphones.com.vn/media/catalog/product/o/-/o-cung-di-dong-hdd-adata-hv320-2tb_3__1.png
5446,245,https://cellphones.com.vn/media/catalog/product/o/-/o-cung-di-dong-hdd-adata-hv320-2tb_1_.png
5447,245,https://cellphones.com.vn/media/catalog/product/o/-/o-cung-di-dong-hdd-adata-hv320-2tb_2_.png
5448,245,https://cellphones.com.vn/media/catalog/product/o/-/o-cung-di-dong-hdd-adata-hv320-2tb_3_.png
5449,245,https://cellphones.com.vn/media/catalog/product/o/-/o-cung-di-dong-hdd-adata-hv320-2tb_6_.png
5450,245,https://cellphones.com.vn/media/catalog/product/o/-/o-cung-di-dong-hdd-adata-hv320-2tb_4_.png
5451,245,https://cellphones.com.vn/media/catalog/product/o/-/o-cung-di-dong-hdd-adata-hv320-2tb_5_.png
5452,246,https://cdn2.cellphones.com.vn/media/catalog/product/o/-/o-cung-ssd-patriot-1tb-p400-lite-m-2-nvme-pcie-gen4-x4_1_.png
5453,246,https://cdn2.cellphones.com.vn/x/media/catalog/product/o/-/o-cung-ssd-patriot-1tb-p400-lite-m-2-nvme-pcie-gen4-x4_2_.png
5454,246,https://cdn2.cellphones.com.vn/x/media/catalog/product/o/-/o-cung-ssd-patriot-1tb-p400-lite-m-2-nvme-pcie-gen4-x4_4_.png
5455,246,https://cdn2.cellphones.com.vn/x/media/catalog/product/o/-/o-cung-ssd-patriot-1tb-p400-lite-m-2-nvme-pcie-gen4-x4_3_.png
5456,246,https://cdn2.cellphones.com.vn/x/media/catalog/product/o/-/o-cung-ssd-patriot-1tb-p400-lite-m-2-nvme-pcie-gen4-x4_6_.png
5457,246,https://cdn2.cellphones.com.vn/x/media/catalog/product/o/-/o-cung-ssd-patriot-1tb-p400-lite-m-2-nvme-pcie-gen4-x4_5_.png
5458,246,https://cellphones.com.vn/media/catalog/product/o/-/o-cung-ssd-patriot-1tb-p400-lite-m-2-nvme-pcie-gen4-x4_1_.png
5459,246,https://cellphones.com.vn/media/catalog/product/o/-/o-cung-ssd-patriot-1tb-p400-lite-m-2-nvme-pcie-gen4-x4_2_.png
5460,246,https://cellphones.com.vn/media/catalog/product/o/-/o-cung-ssd-patriot-1tb-p400-lite-m-2-nvme-pcie-gen4-x4_4_.png
5461,246,https://cellphones.com.vn/media/catalog/product/o/-/o-cung-ssd-patriot-1tb-p400-lite-m-2-nvme-pcie-gen4-x4_3_.png
5462,246,https://cellphones.com.vn/media/catalog/product/o/-/o-cung-ssd-patriot-1tb-p400-lite-m-2-nvme-pcie-gen4-x4_6_.png
5463,246,https://cellphones.com.vn/media/catalog/product/o/-/o-cung-ssd-patriot-1tb-p400-lite-m-2-nvme-pcie-gen4-x4_5_.png
5464,247,https://cdn2.cellphones.com.vn/media/catalog/product/t/e/text_ng_n_-_2025-06-09t151006.94.png
5465,247,https://cdn2.cellphones.com.vn/x/media/catalog/product/t/e/text_ng_n_-_2025-06-09t151006.94.png
5466,247,https://cdn2.cellphones.com.vn/x/media/catalog/product/t/e/text_ng_n_-_2025-06-09t151020.22.png
5467,247,https://cdn2.cellphones.com.vn/x/media/catalog/product/g/r/group_647_-_2025-06-09t151049.06.png
5468,247,https://cdn2.cellphones.com.vn/x/media/catalog/product/g/r/group_647_-_2025-06-09t151118.00.png
5469,247,https://cdn2.cellphones.com.vn/x/media/catalog/product/g/r/group_647_-_2025-06-09t151100.08.png
5470,247,https://cellphones.com.vn/media/catalog/product/t/e/text_ng_n_-_2025-06-09t151020.22_1.png
5471,247,https://cellphones.com.vn/media/catalog/product/t/e/text_ng_n_-_2025-06-09t151006.94.png
5472,247,https://cellphones.com.vn/media/catalog/product/t/e/text_ng_n_-_2025-06-09t151020.22.png
5473,247,https://cellphones.com.vn/media/catalog/product/g/r/group_647_-_2025-06-09t151049.06.png
5474,247,https://cellphones.com.vn/media/catalog/product/g/r/group_647_-_2025-06-09t151118.00.png
5475,247,https://cellphones.com.vn/media/catalog/product/g/r/group_647_-_2025-06-09t151100.08.png
5476,248,https://cdn2.cellphones.com.vn/x/media/catalog/product/t/e/text_ng_n_5__5_9_1.png
5477,248,https://cellphones.com.vn/media/catalog/product/t/e/text_ng_n_5__5_9_2.png
5478,248,https://cellphones.com.vn/media/catalog/product/t/e/text_ng_n_5__5_9_1.png
5479,249,https://cdn2.cellphones.com.vn/media/catalog/product/t/e/text_ng_n_-_2026-03-26t161822.082.png
5480,249,https://cdn2.cellphones.com.vn/x/media/catalog/product/t/e/text_ng_n_-_2026-03-26t161822.082.png
5481,249,https://cdn2.cellphones.com.vn/x/media/catalog/product/o/p/op-lung-iphone-16-pro-cam-den_59__2.png
5482,249,https://cdn2.cellphones.com.vn/x/media/catalog/product/t/h/th_m_ti_u_3_.png
5483,249,https://cellphones.com.vn/media/catalog/product/t/h/th_m_ti_u_3__1.png
5484,249,https://cellphones.com.vn/media/catalog/product/o/p/op-lung-iphone-16-pro-cam-den_59__3.png
5485,249,https://cellphones.com.vn/media/catalog/product/t/e/text_ng_n_-_2026-03-26t161822.082.png
5486,249,https://cellphones.com.vn/media/catalog/product/o/p/op-lung-iphone-16-pro-cam-den_59__2.png
5487,249,https://cellphones.com.vn/media/catalog/product/t/h/th_m_ti_u_3_.png
5488,250,https://cdn2.cellphones.com.vn/media/catalog/product/t/e/text_ng_n_-_2026-03-19t094859.520.png
5489,250,https://cdn2.cellphones.com.vn/x/media/catalog/product/t/e/text_ng_n_-_2026-03-19t094859.520.png
5490,250,https://cdn2.cellphones.com.vn/x/media/catalog/product/o/p/op-lung-iphone-16-pro-cam-den_51_.png
5491,250,https://cdn2.cellphones.com.vn/x/media/catalog/product/o/p/op-lung-iphone-16-pro-cam-den_50_.png
5492,250,https://cdn2.cellphones.com.vn/x/media/catalog/product/o/p/op-lung-iphone-16-pro-cam-den_49_.png
5493,250,https://cellphones.com.vn/media/catalog/product/o/p/op-lung-iphone-16-pro-cam-den_51__1.png
5494,250,https://cellphones.com.vn/media/catalog/product/t/e/text_ng_n_-_2026-03-19t094859.520.png
5495,250,https://cellphones.com.vn/media/catalog/product/o/p/op-lung-iphone-16-pro-cam-den_51_.png
5496,250,https://cellphones.com.vn/media/catalog/product/o/p/op-lung-iphone-16-pro-cam-den_50_.png
5497,250,https://cellphones.com.vn/media/catalog/product/o/p/op-lung-iphone-16-pro-cam-den_49_.png
5498,251,https://cdn2.cellphones.com.vn/media/catalog/product/t/e/text_ng_n_-_2026-03-19t093157.165_2.png
5499,251,https://cdn2.cellphones.com.vn/x/media/catalog/product/t/e/text_ng_n_-_2026-03-19t093157.165_2.png
5500,251,https://cdn2.cellphones.com.vn/x/media/catalog/product/o/p/op-lung-iphone-16-pro-cam-den_44__3.png
5501,251,https://cdn2.cellphones.com.vn/x/media/catalog/product/o/p/op-lung-iphone-16-pro-cam-den_45__2.png
5502,251,https://cdn2.cellphones.com.vn/x/media/catalog/product/o/p/op-lung-iphone-16-pro-cam-den_46__2.png
5503,251,https://cdn2.cellphones.com.vn/x/media/catalog/product/o/p/op-lung-iphone-16-pro-cam-den_48__2.png
5504,251,https://cdn2.cellphones.com.vn/x/media/catalog/product/o/p/op-lung-iphone-16-pro-cam-den_47__2.png
5505,251,https://cellphones.com.vn/media/catalog/product/o/p/op-lung-iphone-16-pro-cam-den_44__4.png
5506,251,https://cellphones.com.vn/media/catalog/product/t/e/text_ng_n_-_2026-03-19t093157.165_2.png
5507,251,https://cellphones.com.vn/media/catalog/product/o/p/op-lung-iphone-16-pro-cam-den_44__3.png
5508,251,https://cellphones.com.vn/media/catalog/product/o/p/op-lung-iphone-16-pro-cam-den_45__2.png
5509,251,https://cellphones.com.vn/media/catalog/product/o/p/op-lung-iphone-16-pro-cam-den_46__2.png
5510,251,https://cellphones.com.vn/media/catalog/product/o/p/op-lung-iphone-16-pro-cam-den_48__2.png
5511,251,https://cellphones.com.vn/media/catalog/product/o/p/op-lung-iphone-16-pro-cam-den_47__2.png
5512,252,https://cdn2.cellphones.com.vn/media/catalog/product/t/e/text_ng_n_-_2025-06-09t151006.945_1.png
5513,252,https://cdn2.cellphones.com.vn/x/media/catalog/product/t/e/text_ng_n_-_2025-06-09t151006.945_1.png
5514,252,https://cdn2.cellphones.com.vn/x/media/catalog/product/t/e/text_ng_n_-_2025-06-09t151020.224_2.png
5515,252,https://cdn2.cellphones.com.vn/x/media/catalog/product/g/r/group_647_-_2025-06-09t151049.064_1.png
5516,252,https://cdn2.cellphones.com.vn/x/media/catalog/product/g/r/group_647_-_2025-06-09t151100.083_1.png
5517,252,https://cdn2.cellphones.com.vn/x/media/catalog/product/g/r/group_647_-_2025-06-09t151118.005_1.png
5518,252,https://cellphones.com.vn/media/catalog/product/t/e/text_ng_n_-_2025-06-09t151020.22_1_.png
5519,252,https://cellphones.com.vn/media/catalog/product/t/e/text_ng_n_-_2025-06-09t151006.945_1.png
5520,252,https://cellphones.com.vn/media/catalog/product/t/e/text_ng_n_-_2025-06-09t151020.224_2.png
5521,252,https://cellphones.com.vn/media/catalog/product/g/r/group_647_-_2025-06-09t151049.064_1.png
5522,252,https://cellphones.com.vn/media/catalog/product/g/r/group_647_-_2025-06-09t151100.083_1.png
5523,252,https://cellphones.com.vn/media/catalog/product/g/r/group_647_-_2025-06-09t151118.005_1.png
5524,253,https://cdn2.cellphones.com.vn/media/catalog/product/t/e/text_ng_n_-_2026-03-19t102259.025.png
5525,253,https://cdn2.cellphones.com.vn/x/media/catalog/product/t/e/text_ng_n_-_2026-03-19t102259.025.png
5526,253,https://cdn2.cellphones.com.vn/x/media/catalog/product/o/p/op-lung-iphone-16-pro-cam-den_57_.png
5527,253,https://cdn2.cellphones.com.vn/x/media/catalog/product/o/p/op-lung-iphone-16-pro-cam-den_56_.png
5528,253,https://cdn2.cellphones.com.vn/x/media/catalog/product/o/p/op-lung-iphone-16-pro-cam-den_59_.png
5529,253,https://cdn2.cellphones.com.vn/x/media/catalog/product/o/p/op-lung-iphone-16-pro-cam-den_58_.png
5530,253,https://cellphones.com.vn/media/catalog/product/o/p/op-lung-iphone-16-pro-cam-den_56__1.png
5531,253,https://cellphones.com.vn/media/catalog/product/o/p/op-lung-iphone-16-pro-cam-den_57__1.png
5532,253,https://cellphones.com.vn/media/catalog/product/t/e/text_ng_n_-_2026-03-19t102259.025.png
5533,253,https://cellphones.com.vn/media/catalog/product/o/p/op-lung-iphone-16-pro-cam-den_57_.png
5534,253,https://cellphones.com.vn/media/catalog/product/o/p/op-lung-iphone-16-pro-cam-den_56_.png
5535,253,https://cellphones.com.vn/media/catalog/product/o/p/op-lung-iphone-16-pro-cam-den_59_.png
5536,253,https://cellphones.com.vn/media/catalog/product/o/p/op-lung-iphone-16-pro-cam-den_58_.png
5537,254,https://cdn2.cellphones.com.vn/media/catalog/product/t/e/text_ng_n_-_2026-03-19t151130.960.png
5538,254,https://cdn2.cellphones.com.vn/x/media/catalog/product/t/e/text_ng_n_-_2026-03-19t151130.960.png
5539,254,https://cdn2.cellphones.com.vn/x/media/catalog/product/o/p/op-lung-iphone-16-pro-cam-den_95_.png
5540,254,https://cdn2.cellphones.com.vn/x/media/catalog/product/o/p/op-lung-iphone-16-pro-cam-den_91_.png
5541,254,https://cdn2.cellphones.com.vn/x/media/catalog/product/o/p/op-lung-iphone-16-pro-cam-den_96_.png
5542,254,https://cdn2.cellphones.com.vn/x/media/catalog/product/o/p/op-lung-iphone-16-pro-cam-den_92_.png
5543,254,https://cdn2.cellphones.com.vn/x/media/catalog/product/o/p/op-lung-iphone-16-pro-cam-den_94_.png
5544,254,https://cdn2.cellphones.com.vn/x/media/catalog/product/o/p/op-lung-iphone-16-pro-cam-den_93_.png
5545,254,https://cdn2.cellphones.com.vn/x/media/catalog/product/o/p/op-lung-iphone-16-pro-cam-den_97_.png
5546,254,https://cellphones.com.vn/media/catalog/product/o/p/op-lung-iphone-16-pro-cam-den_91__1.png
5547,254,https://cellphones.com.vn/media/catalog/product/o/p/op-lung-iphone-16-pro-cam-den_92__1.png
5548,254,https://cellphones.com.vn/media/catalog/product/t/e/text_ng_n_-_2026-03-19t151130.960.png
5549,254,https://cellphones.com.vn/media/catalog/product/o/p/op-lung-iphone-16-pro-cam-den_95_.png
5550,254,https://cellphones.com.vn/media/catalog/product/o/p/op-lung-iphone-16-pro-cam-den_91_.png
5551,254,https://cellphones.com.vn/media/catalog/product/o/p/op-lung-iphone-16-pro-cam-den_96_.png
5552,254,https://cellphones.com.vn/media/catalog/product/o/p/op-lung-iphone-16-pro-cam-den_92_.png
5553,254,https://cellphones.com.vn/media/catalog/product/o/p/op-lung-iphone-16-pro-cam-den_94_.png
5554,254,https://cellphones.com.vn/media/catalog/product/o/p/op-lung-iphone-16-pro-cam-den_93_.png
5555,254,https://cellphones.com.vn/media/catalog/product/o/p/op-lung-iphone-16-pro-cam-den_97_.png
5556,255,https://cdn2.cellphones.com.vn/media/catalog/product/t/e/text_ng_n_-_2026-03-19t152932.478.png
5557,255,https://cdn2.cellphones.com.vn/x/media/catalog/product/t/e/text_ng_n_-_2026-03-19t152932.478.png
5558,255,https://cdn2.cellphones.com.vn/x/media/catalog/product/o/p/op-lung-iphone-16-pro-cam-den_95__1.png
5559,255,https://cdn2.cellphones.com.vn/x/media/catalog/product/o/p/op-lung-iphone-16-pro-cam-den_91__2.png
5560,255,https://cdn2.cellphones.com.vn/x/media/catalog/product/o/p/op-lung-iphone-16-pro-cam-den_96__1.png
5561,255,https://cdn2.cellphones.com.vn/x/media/catalog/product/o/p/op-lung-iphone-16-pro-cam-den_92__2.png
5562,255,https://cdn2.cellphones.com.vn/x/media/catalog/product/o/p/op-lung-iphone-16-pro-cam-den_94__1.png
5563,255,https://cdn2.cellphones.com.vn/x/media/catalog/product/o/p/op-lung-iphone-16-pro-cam-den_93__1.png
5564,255,https://cdn2.cellphones.com.vn/x/media/catalog/product/o/p/op-lung-iphone-16-pro-cam-den_97__1.png
5565,255,https://cellphones.com.vn/media/catalog/product/o/p/op-lung-iphone-16-pro-cam-den_91__3.png
5566,255,https://cellphones.com.vn/media/catalog/product/o/p/op-lung-iphone-16-pro-cam-den_92__3.png
5567,255,https://cellphones.com.vn/media/catalog/product/t/e/text_ng_n_-_2026-03-19t152932.478.png
5568,255,https://cellphones.com.vn/media/catalog/product/o/p/op-lung-iphone-16-pro-cam-den_95__1.png
5569,255,https://cellphones.com.vn/media/catalog/product/o/p/op-lung-iphone-16-pro-cam-den_91__2.png
5570,255,https://cellphones.com.vn/media/catalog/product/o/p/op-lung-iphone-16-pro-cam-den_96__1.png
5571,255,https://cellphones.com.vn/media/catalog/product/o/p/op-lung-iphone-16-pro-cam-den_92__2.png
5572,255,https://cellphones.com.vn/media/catalog/product/o/p/op-lung-iphone-16-pro-cam-den_94__1.png
5573,255,https://cellphones.com.vn/media/catalog/product/o/p/op-lung-iphone-16-pro-cam-den_93__1.png
5574,255,https://cellphones.com.vn/media/catalog/product/o/p/op-lung-iphone-16-pro-cam-den_97__1.png
5575,256,https://cdn2.cellphones.com.vn/media/catalog/product/t/e/text_ng_n_-_2026-03-20t163036.366.png
5576,256,https://cdn2.cellphones.com.vn/x/media/catalog/product/t/e/text_ng_n_-_2026-03-20t163036.366.png
5577,256,https://cdn2.cellphones.com.vn/x/media/catalog/product/o/p/op-lung-iphone-16-pro-cam-den_51__2.png
5578,256,https://cdn2.cellphones.com.vn/x/media/catalog/product/o/p/op-lung-iphone-16-pro-cam-den_56__2.png
5579,256,https://cdn2.cellphones.com.vn/x/media/catalog/product/o/p/op-lung-iphone-16-pro-cam-den_57__2.png
5580,256,https://cdn2.cellphones.com.vn/x/media/catalog/product/o/p/op-lung-iphone-16-pro-cam-den_55__2.png
5581,256,https://cdn2.cellphones.com.vn/x/media/catalog/product/o/p/op-lung-iphone-16-pro-cam-den_53__2.png
5582,256,https://cdn2.cellphones.com.vn/x/media/catalog/product/o/p/op-lung-iphone-16-pro-cam-den_52__2.png
5583,256,https://cdn2.cellphones.com.vn/x/media/catalog/product/o/p/op-lung-iphone-16-pro-cam-den_54__2.png
5584,256,https://cellphones.com.vn/media/catalog/product/o/p/op-lung-iphone-16-pro-cam-den_51__3.png
5585,256,https://cellphones.com.vn/media/catalog/product/t/e/text_ng_n_-_2026-03-20t163036.366.png
5586,256,https://cellphones.com.vn/media/catalog/product/o/p/op-lung-iphone-16-pro-cam-den_51__2.png
5587,256,https://cellphones.com.vn/media/catalog/product/o/p/op-lung-iphone-16-pro-cam-den_56__2.png
5588,256,https://cellphones.com.vn/media/catalog/product/o/p/op-lung-iphone-16-pro-cam-den_57__2.png
5589,256,https://cellphones.com.vn/media/catalog/product/o/p/op-lung-iphone-16-pro-cam-den_55__2.png
5590,256,https://cellphones.com.vn/media/catalog/product/o/p/op-lung-iphone-16-pro-cam-den_53__2.png
5591,256,https://cellphones.com.vn/media/catalog/product/o/p/op-lung-iphone-16-pro-cam-den_52__2.png
5592,256,https://cellphones.com.vn/media/catalog/product/o/p/op-lung-iphone-16-pro-cam-den_54__2.png
5593,257,https://cdn2.cellphones.com.vn/media/catalog/product/t/e/text_ng_n_-_2026-03-20t142524.099.png
5594,257,https://cdn2.cellphones.com.vn/x/media/catalog/product/t/e/text_ng_n_-_2026-03-20t142524.099.png
5595,257,https://cdn2.cellphones.com.vn/x/media/catalog/product/o/p/op-lung-iphone-16-pro-cam-den_31__1.png
5596,257,https://cdn2.cellphones.com.vn/x/media/catalog/product/o/p/op-lung-iphone-16-pro-cam-den_32__1.png
5597,257,https://cdn2.cellphones.com.vn/x/media/catalog/product/o/p/op-lung-iphone-16-pro-cam-den_34__1.png
5598,257,https://cdn2.cellphones.com.vn/x/media/catalog/product/o/p/op-lung-iphone-16-pro-cam-den_33__1.png
5599,257,https://cdn2.cellphones.com.vn/x/media/catalog/product/o/p/op-lung-iphone-16-pro-cam-den_36__2.png
5600,257,https://cdn2.cellphones.com.vn/x/media/catalog/product/o/p/op-lung-iphone-16-pro-cam-den_35__1.png
5601,257,https://cellphones.com.vn/media/catalog/product/o/p/op-lung-iphone-16-pro-cam-den_31__2.png
5602,257,https://cellphones.com.vn/media/catalog/product/t/e/text_ng_n_-_2026-03-20t142524.099.png
5603,257,https://cellphones.com.vn/media/catalog/product/o/p/op-lung-iphone-16-pro-cam-den_31__1.png
5604,257,https://cellphones.com.vn/media/catalog/product/o/p/op-lung-iphone-16-pro-cam-den_32__1.png
5605,257,https://cellphones.com.vn/media/catalog/product/o/p/op-lung-iphone-16-pro-cam-den_34__1.png
5606,257,https://cellphones.com.vn/media/catalog/product/o/p/op-lung-iphone-16-pro-cam-den_33__1.png
5607,257,https://cellphones.com.vn/media/catalog/product/o/p/op-lung-iphone-16-pro-cam-den_36__2.png
5608,257,https://cellphones.com.vn/media/catalog/product/o/p/op-lung-iphone-16-pro-cam-den_35__1.png
5609,258,https://cdn2.cellphones.com.vn/media/catalog/product/t/e/text_ng_n_-_2026-03-20t160942.296.png
5610,258,https://cdn2.cellphones.com.vn/x/media/catalog/product/t/e/text_ng_n_-_2026-03-20t160942.296.png
5611,258,https://cdn2.cellphones.com.vn/x/media/catalog/product/o/p/op-lung-iphone-16-pro-cam-den_46__3.png
5612,258,https://cdn2.cellphones.com.vn/x/media/catalog/product/i/m/image_2245_3_.png
5613,258,https://cdn2.cellphones.com.vn/x/media/catalog/product/i/m/image_2245_1_.png
5614,258,https://cdn2.cellphones.com.vn/x/media/catalog/product/i/m/image_2245.png
5615,258,https://cdn2.cellphones.com.vn/x/media/catalog/product/i/m/image_2245_2_.png
5616,258,https://cdn2.cellphones.com.vn/x/media/catalog/product/i/m/image_2245_4_.png
5617,258,https://cdn2.cellphones.com.vn/x/media/catalog/product/i/m/image_2245_5_.png
5618,258,https://cellphones.com.vn/media/catalog/product/o/p/op-lung-iphone-16-pro-cam-den_46__4.png
5619,258,https://cellphones.com.vn/media/catalog/product/t/e/text_ng_n_-_2026-03-20t160942.296.png
5620,258,https://cellphones.com.vn/media/catalog/product/o/p/op-lung-iphone-16-pro-cam-den_46__3.png
5621,258,https://cellphones.com.vn/media/catalog/product/i/m/image_2245_3_.png
5622,258,https://cellphones.com.vn/media/catalog/product/i/m/image_2245_1_.png
5623,258,https://cellphones.com.vn/media/catalog/product/i/m/image_2245.png
5624,258,https://cellphones.com.vn/media/catalog/product/i/m/image_2245_2_.png
5625,258,https://cellphones.com.vn/media/catalog/product/i/m/image_2245_4_.png
5626,258,https://cellphones.com.vn/media/catalog/product/i/m/image_2245_5_.png
5627,259,https://cdn2.cellphones.com.vn/media/catalog/product/t/e/text_ng_n_-_2026-03-20t143043.855.png
5628,259,https://cdn2.cellphones.com.vn/x/media/catalog/product/t/e/text_ng_n_-_2026-03-20t143043.855.png
5629,259,https://cdn2.cellphones.com.vn/x/media/catalog/product/o/p/op-lung-iphone-16-pro-cam-den_37__1.png
5630,259,https://cdn2.cellphones.com.vn/x/media/catalog/product/o/p/op-lung-iphone-16-pro-cam-den_45__3.png
5631,259,https://cdn2.cellphones.com.vn/x/media/catalog/product/o/p/op-lung-iphone-16-pro-cam-den_39__3.png
5632,259,https://cdn2.cellphones.com.vn/x/media/catalog/product/o/p/op-lung-iphone-16-pro-cam-den_38__3.png
5633,259,https://cdn2.cellphones.com.vn/x/media/catalog/product/o/p/op-lung-iphone-16-pro-cam-den_40__3.png
5634,259,https://cdn2.cellphones.com.vn/x/media/catalog/product/o/p/op-lung-iphone-16-pro-cam-den_42__3.png
5635,259,https://cdn2.cellphones.com.vn/x/media/catalog/product/o/p/op-lung-iphone-16-pro-cam-den_41__2.png
5636,259,https://cdn2.cellphones.com.vn/x/media/catalog/product/o/p/op-lung-iphone-16-pro-cam-den_43__2.png
5637,259,https://cdn2.cellphones.com.vn/x/media/catalog/product/o/p/op-lung-iphone-16-pro-cam-den_44__5.png
5638,259,https://cellphones.com.vn/media/catalog/product/o/p/op-lung-iphone-16-pro-cam-den_37__2.png
5639,259,https://cellphones.com.vn/media/catalog/product/t/e/text_ng_n_-_2026-03-20t143043.855.png
5640,259,https://cellphones.com.vn/media/catalog/product/o/p/op-lung-iphone-16-pro-cam-den_37__1.png
5641,259,https://cellphones.com.vn/media/catalog/product/o/p/op-lung-iphone-16-pro-cam-den_45__3.png
5642,259,https://cellphones.com.vn/media/catalog/product/o/p/op-lung-iphone-16-pro-cam-den_39__3.png
5643,259,https://cellphones.com.vn/media/catalog/product/o/p/op-lung-iphone-16-pro-cam-den_38__3.png
5644,259,https://cellphones.com.vn/media/catalog/product/o/p/op-lung-iphone-16-pro-cam-den_40__3.png
5645,259,https://cellphones.com.vn/media/catalog/product/o/p/op-lung-iphone-16-pro-cam-den_42__3.png
5646,259,https://cellphones.com.vn/media/catalog/product/o/p/op-lung-iphone-16-pro-cam-den_41__2.png
5647,259,https://cellphones.com.vn/media/catalog/product/o/p/op-lung-iphone-16-pro-cam-den_43__2.png
5648,259,https://cellphones.com.vn/media/catalog/product/o/p/op-lung-iphone-16-pro-cam-den_44__5.png
5649,260,https://cdn2.cellphones.com.vn/media/catalog/product/t/e/text_ng_n_-_2026-03-20t162125.345.png
5650,260,https://cdn2.cellphones.com.vn/x/media/catalog/product/t/e/text_ng_n_-_2026-03-20t162125.345.png
5651,260,https://cdn2.cellphones.com.vn/x/media/catalog/product/o/p/op-lung-iphone-16-pro-cam-den_48__3.png
5652,260,https://cdn2.cellphones.com.vn/x/media/catalog/product/o/p/op-lung-iphone-16-pro-cam-den_50__1.png
5653,260,https://cdn2.cellphones.com.vn/x/media/catalog/product/i/m/image_2245_9_.png
5654,260,https://cdn2.cellphones.com.vn/x/media/catalog/product/o/p/op-lung-iphone-16-pro-cam-den_49__1.png
5655,260,https://cdn2.cellphones.com.vn/x/media/catalog/product/i/m/image_2245_7_.png
5656,260,https://cdn2.cellphones.com.vn/x/media/catalog/product/i/m/image_2245_6_.png
5657,260,https://cdn2.cellphones.com.vn/x/media/catalog/product/i/m/image_2245_8_.png
5658,260,https://cdn2.cellphones.com.vn/x/media/catalog/product/i/m/image_2245_10_.png
5659,260,https://cdn2.cellphones.com.vn/x/media/catalog/product/i/m/image_2245_11_.png
5660,260,https://cellphones.com.vn/media/catalog/product/o/p/op-lung-iphone-16-pro-cam-den_48__1_1.png
5661,260,https://cellphones.com.vn/media/catalog/product/t/e/text_ng_n_-_2026-03-20t162125.345.png
5662,260,https://cellphones.com.vn/media/catalog/product/o/p/op-lung-iphone-16-pro-cam-den_48__3.png
5663,260,https://cellphones.com.vn/media/catalog/product/o/p/op-lung-iphone-16-pro-cam-den_50__1.png
5664,260,https://cellphones.com.vn/media/catalog/product/i/m/image_2245_9_.png
5665,260,https://cellphones.com.vn/media/catalog/product/o/p/op-lung-iphone-16-pro-cam-den_49__1.png
5666,260,https://cellphones.com.vn/media/catalog/product/i/m/image_2245_7_.png
5667,260,https://cellphones.com.vn/media/catalog/product/i/m/image_2245_6_.png
5668,260,https://cellphones.com.vn/media/catalog/product/i/m/image_2245_8_.png
5669,260,https://cellphones.com.vn/media/catalog/product/i/m/image_2245_10_.png
5670,260,https://cellphones.com.vn/media/catalog/product/i/m/image_2245_11_.png
5671,261,https://cdn2.cellphones.com.vn/media/catalog/product/t/e/text_ng_n_-_2026-03-20t141611.853.png
5672,261,https://cdn2.cellphones.com.vn/x/media/catalog/product/t/e/text_ng_n_-_2026-03-20t141611.853.png
5673,261,https://cdn2.cellphones.com.vn/x/media/catalog/product/o/p/op-lung-iphone-16-pro-cam-den_19__2.png
5674,261,https://cdn2.cellphones.com.vn/x/media/catalog/product/o/p/op-lung-iphone-16-pro-cam-den_20__2.png
5675,261,https://cdn2.cellphones.com.vn/x/media/catalog/product/o/p/op-lung-iphone-16-pro-cam-den_22__2.png
5676,261,https://cdn2.cellphones.com.vn/x/media/catalog/product/o/p/op-lung-iphone-16-pro-cam-den_21__2.png
5677,261,https://cdn2.cellphones.com.vn/x/media/catalog/product/o/p/op-lung-iphone-16-pro-cam-den_23__2.png
5678,261,https://cdn2.cellphones.com.vn/x/media/catalog/product/o/p/op-lung-iphone-16-pro-cam-den_24__2.png
5679,261,https://cellphones.com.vn/media/catalog/product/o/p/op-lung-iphone-16-pro-cam-den_19__3.png
5680,261,https://cellphones.com.vn/media/catalog/product/t/e/text_ng_n_-_2026-03-20t141611.853.png
5681,261,https://cellphones.com.vn/media/catalog/product/o/p/op-lung-iphone-16-pro-cam-den_19__2.png
5682,261,https://cellphones.com.vn/media/catalog/product/o/p/op-lung-iphone-16-pro-cam-den_20__2.png
5683,261,https://cellphones.com.vn/media/catalog/product/o/p/op-lung-iphone-16-pro-cam-den_22__2.png
5684,261,https://cellphones.com.vn/media/catalog/product/o/p/op-lung-iphone-16-pro-cam-den_21__2.png
5685,261,https://cellphones.com.vn/media/catalog/product/o/p/op-lung-iphone-16-pro-cam-den_23__2.png
5686,261,https://cellphones.com.vn/media/catalog/product/o/p/op-lung-iphone-16-pro-cam-den_24__2.png
5687,262,https://cdn2.cellphones.com.vn/media/catalog/product/t/e/text_ng_n_-_2026-03-20t141340.995.png
5688,262,https://cdn2.cellphones.com.vn/x/media/catalog/product/t/e/text_ng_n_-_2026-03-20t141340.995.png
5689,262,https://cdn2.cellphones.com.vn/x/media/catalog/product/o/p/op-lung-iphone-16-pro-cam-den_10__2.png
5690,262,https://cdn2.cellphones.com.vn/x/media/catalog/product/o/p/op-lung-iphone-16-pro-cam-den_11__3.png
5691,262,https://cdn2.cellphones.com.vn/x/media/catalog/product/o/p/op-lung-iphone-16-pro-cam-den_18__2.png
5692,262,https://cdn2.cellphones.com.vn/x/media/catalog/product/o/p/op-lung-iphone-16-pro-cam-den_17__2.png
5693,262,https://cdn2.cellphones.com.vn/x/media/catalog/product/o/p/op-lung-iphone-16-pro-cam-den_16__2.png
5694,262,https://cdn2.cellphones.com.vn/x/media/catalog/product/o/p/op-lung-iphone-16-pro-cam-den_12__2.png
5695,262,https://cdn2.cellphones.com.vn/x/media/catalog/product/o/p/op-lung-iphone-16-pro-cam-den_13__2.png
5696,262,https://cdn2.cellphones.com.vn/x/media/catalog/product/o/p/op-lung-iphone-16-pro-cam-den_14__2.png
5697,262,https://cdn2.cellphones.com.vn/x/media/catalog/product/o/p/op-lung-iphone-16-pro-cam-den_15__2.png
5698,262,https://cellphones.com.vn/media/catalog/product/o/p/op-lung-iphone-16-pro-cam-den_10__3.png
5699,262,https://cellphones.com.vn/media/catalog/product/o/p/op-lung-iphone-16-pro-cam-den_18__3.png
5700,262,https://cellphones.com.vn/media/catalog/product/t/e/text_ng_n_-_2026-03-20t141340.995.png
5701,262,https://cellphones.com.vn/media/catalog/product/o/p/op-lung-iphone-16-pro-cam-den_10__2.png
5702,262,https://cellphones.com.vn/media/catalog/product/o/p/op-lung-iphone-16-pro-cam-den_11__3.png
5703,262,https://cellphones.com.vn/media/catalog/product/o/p/op-lung-iphone-16-pro-cam-den_18__2.png
5704,262,https://cellphones.com.vn/media/catalog/product/o/p/op-lung-iphone-16-pro-cam-den_17__2.png
5705,262,https://cellphones.com.vn/media/catalog/product/o/p/op-lung-iphone-16-pro-cam-den_16__2.png
5706,262,https://cellphones.com.vn/media/catalog/product/o/p/op-lung-iphone-16-pro-cam-den_12__2.png
5707,262,https://cellphones.com.vn/media/catalog/product/o/p/op-lung-iphone-16-pro-cam-den_13__2.png
5708,262,https://cellphones.com.vn/media/catalog/product/o/p/op-lung-iphone-16-pro-cam-den_14__2.png
5709,262,https://cellphones.com.vn/media/catalog/product/o/p/op-lung-iphone-16-pro-cam-den_15__2.png
5710,263,https://cdn2.cellphones.com.vn/media/catalog/product/t/e/text_ng_n_-_2026-03-20t142128.582.png
5711,263,https://cdn2.cellphones.com.vn/x/media/catalog/product/t/e/text_ng_n_-_2026-03-20t142128.582.png
5712,263,https://cdn2.cellphones.com.vn/x/media/catalog/product/o/p/op-lung-iphone-16-pro-cam-den_25__2.png
5713,263,https://cdn2.cellphones.com.vn/x/media/catalog/product/o/p/op-lung-iphone-16-pro-cam-den_27__2.png
5714,263,https://cdn2.cellphones.com.vn/x/media/catalog/product/o/p/op-lung-iphone-16-pro-cam-den_26__2.png
5715,263,https://cdn2.cellphones.com.vn/x/media/catalog/product/o/p/op-lung-iphone-16-pro-cam-den_28__1.png
5716,263,https://cdn2.cellphones.com.vn/x/media/catalog/product/o/p/op-lung-iphone-16-pro-cam-den_29__1.png
5717,263,https://cdn2.cellphones.com.vn/x/media/catalog/product/o/p/op-lung-iphone-16-pro-cam-den_30__1.png
5718,263,https://cellphones.com.vn/media/catalog/product/o/p/op-lung-iphone-16-pro-cam-den_25__3.png
5719,263,https://cellphones.com.vn/media/catalog/product/t/e/text_ng_n_-_2026-03-20t142128.582.png
5720,263,https://cellphones.com.vn/media/catalog/product/o/p/op-lung-iphone-16-pro-cam-den_25__2.png
5721,263,https://cellphones.com.vn/media/catalog/product/o/p/op-lung-iphone-16-pro-cam-den_27__2.png
5722,263,https://cellphones.com.vn/media/catalog/product/o/p/op-lung-iphone-16-pro-cam-den_26__2.png
5723,263,https://cellphones.com.vn/media/catalog/product/o/p/op-lung-iphone-16-pro-cam-den_28__1.png
5724,263,https://cellphones.com.vn/media/catalog/product/o/p/op-lung-iphone-16-pro-cam-den_29__1.png
5725,263,https://cellphones.com.vn/media/catalog/product/o/p/op-lung-iphone-16-pro-cam-den_30__1.png
5726,264,https://cdn2.cellphones.com.vn/media/catalog/product/t/e/text_ng_n_-_2026-03-20t140641.965.png
5727,264,https://cdn2.cellphones.com.vn/x/media/catalog/product/t/e/text_ng_n_-_2026-03-20t140641.965.png
5728,264,https://cdn2.cellphones.com.vn/x/media/catalog/product/o/p/op-lung-iphone-16-pro-cam-den_3.png
5729,264,https://cdn2.cellphones.com.vn/x/media/catalog/product/o/p/op-lung-iphone-16-pro-cam-den_7__2.png
5730,264,https://cdn2.cellphones.com.vn/x/media/catalog/product/o/p/op-lung-iphone-16-pro-cam-den_9__2.png
5731,264,https://cdn2.cellphones.com.vn/x/media/catalog/product/o/p/op-lung-iphone-16-pro-cam-den_8__2.png
5732,264,https://cdn2.cellphones.com.vn/x/media/catalog/product/o/p/op-lung-iphone-16-pro-cam-den_1__2.png
5733,264,https://cdn2.cellphones.com.vn/x/media/catalog/product/o/p/op-lung-iphone-16-pro-cam-den_2__3.png
5734,264,https://cdn2.cellphones.com.vn/x/media/catalog/product/o/p/op-lung-iphone-16-pro-cam-den_3__2.png
5735,264,https://cdn2.cellphones.com.vn/x/media/catalog/product/o/p/op-lung-iphone-16-pro-cam-den_4__2.png
5736,264,https://cdn2.cellphones.com.vn/x/media/catalog/product/o/p/op-lung-iphone-16-pro-cam-den_5__2.png
5737,264,https://cdn2.cellphones.com.vn/x/media/catalog/product/o/p/op-lung-iphone-16-pro-cam-den_6__2.png
5738,264,https://cellphones.com.vn/media/catalog/product/o/p/op-lung-iphone-16-pro-cam-den_9__3.png
5739,264,https://cellphones.com.vn/media/catalog/product/o/p/op-lung-iphone-16-pro-cam-den_7__3.png
5740,264,https://cellphones.com.vn/media/catalog/product/o/p/op-lung-iphone-16-pro-cam-den_8__3.png
5741,264,https://cellphones.com.vn/media/catalog/product/o/p/op-lung-iphone-16-pro-cam-den_4.png
5742,264,https://cellphones.com.vn/media/catalog/product/t/e/text_ng_n_-_2026-03-20t140641.965.png
5743,264,https://cellphones.com.vn/media/catalog/product/o/p/op-lung-iphone-16-pro-cam-den_3.png
5744,264,https://cellphones.com.vn/media/catalog/product/o/p/op-lung-iphone-16-pro-cam-den_7__2.png
5745,264,https://cellphones.com.vn/media/catalog/product/o/p/op-lung-iphone-16-pro-cam-den_9__2.png
5746,264,https://cellphones.com.vn/media/catalog/product/o/p/op-lung-iphone-16-pro-cam-den_8__2.png
5747,264,https://cellphones.com.vn/media/catalog/product/o/p/op-lung-iphone-16-pro-cam-den_1__2.png
5748,264,https://cellphones.com.vn/media/catalog/product/o/p/op-lung-iphone-16-pro-cam-den_2__3.png
5749,264,https://cellphones.com.vn/media/catalog/product/o/p/op-lung-iphone-16-pro-cam-den_3__2.png
5750,264,https://cellphones.com.vn/media/catalog/product/o/p/op-lung-iphone-16-pro-cam-den_4__2.png
5751,264,https://cellphones.com.vn/media/catalog/product/o/p/op-lung-iphone-16-pro-cam-den_5__2.png
5752,264,https://cellphones.com.vn/media/catalog/product/o/p/op-lung-iphone-16-pro-cam-den_6__2.png
5753,265,https://cdn2.cellphones.com.vn/media/catalog/product/t/e/text_ng_n_-_2026-03-19t144905.347.png
5754,265,https://cdn2.cellphones.com.vn/x/media/catalog/product/t/e/text_ng_n_-_2026-03-19t144905.347.png
5755,265,https://cdn2.cellphones.com.vn/x/media/catalog/product/o/p/op-lung-iphone-16-pro-cam-den_77_.png
5756,265,https://cdn2.cellphones.com.vn/x/media/catalog/product/o/p/op-lung-iphone-16-pro-cam-den_88_.png
5757,265,https://cdn2.cellphones.com.vn/x/media/catalog/product/o/p/op-lung-iphone-16-pro-cam-den_87_.png
5758,265,https://cdn2.cellphones.com.vn/x/media/catalog/product/o/p/op-lung-iphone-16-pro-cam-den_86_.png
5759,265,https://cdn2.cellphones.com.vn/x/media/catalog/product/o/p/op-lung-iphone-16-pro-cam-den_79_.png
5760,265,https://cdn2.cellphones.com.vn/x/media/catalog/product/o/p/op-lung-iphone-16-pro-cam-den_80_.png
5761,265,https://cdn2.cellphones.com.vn/x/media/catalog/product/o/p/op-lung-iphone-16-pro-cam-den_82_.png
5762,265,https://cdn2.cellphones.com.vn/x/media/catalog/product/o/p/op-lung-iphone-16-pro-cam-den_81_.png
5763,265,https://cdn2.cellphones.com.vn/x/media/catalog/product/o/p/op-lung-iphone-16-pro-cam-den_83_.png
5764,265,https://cdn2.cellphones.com.vn/x/media/catalog/product/o/p/op-lung-iphone-16-pro-cam-den_84_.png
5765,265,https://cdn2.cellphones.com.vn/x/media/catalog/product/o/p/op-lung-iphone-16-pro-cam-den_85_.png
5766,265,https://cdn2.cellphones.com.vn/x/media/catalog/product/o/p/op-lung-iphone-16-pro-cam-den_78_.png
5767,265,https://cellphones.com.vn/media/catalog/product/o/p/op-lung-iphone-16-pro-cam-den_77__1.png
5768,265,https://cellphones.com.vn/media/catalog/product/o/p/op-lung-iphone-16-pro-cam-den_88__1.png
5769,265,https://cellphones.com.vn/media/catalog/product/o/p/op-lung-iphone-16-pro-cam-den_87__1.png
5770,265,https://cellphones.com.vn/media/catalog/product/o/p/op-lung-iphone-16-pro-cam-den_86__1.png
5771,265,https://cellphones.com.vn/media/catalog/product/t/e/text_ng_n_-_2026-03-19t144905.347.png
5772,265,https://cellphones.com.vn/media/catalog/product/o/p/op-lung-iphone-16-pro-cam-den_77_.png
5773,265,https://cellphones.com.vn/media/catalog/product/o/p/op-lung-iphone-16-pro-cam-den_88_.png
5774,265,https://cellphones.com.vn/media/catalog/product/o/p/op-lung-iphone-16-pro-cam-den_87_.png
5775,265,https://cellphones.com.vn/media/catalog/product/o/p/op-lung-iphone-16-pro-cam-den_86_.png
5776,265,https://cellphones.com.vn/media/catalog/product/o/p/op-lung-iphone-16-pro-cam-den_79_.png
5777,265,https://cellphones.com.vn/media/catalog/product/o/p/op-lung-iphone-16-pro-cam-den_80_.png
5778,265,https://cellphones.com.vn/media/catalog/product/o/p/op-lung-iphone-16-pro-cam-den_82_.png
5779,265,https://cellphones.com.vn/media/catalog/product/o/p/op-lung-iphone-16-pro-cam-den_81_.png
5780,265,https://cellphones.com.vn/media/catalog/product/o/p/op-lung-iphone-16-pro-cam-den_83_.png
5781,265,https://cellphones.com.vn/media/catalog/product/o/p/op-lung-iphone-16-pro-cam-den_84_.png
5782,265,https://cellphones.com.vn/media/catalog/product/o/p/op-lung-iphone-16-pro-cam-den_85_.png
5783,265,https://cellphones.com.vn/media/catalog/product/o/p/op-lung-iphone-16-pro-cam-den_78_.png
5784,266,https://cdn2.cellphones.com.vn/media/catalog/product/t/e/text_ng_n_-_2026-03-19t143821.684.png
5785,266,https://cdn2.cellphones.com.vn/x/media/catalog/product/t/e/text_ng_n_-_2026-03-19t143821.684.png
5786,266,https://cdn2.cellphones.com.vn/x/media/catalog/product/o/p/op-lung-iphone-16-pro-cam-den_68_.png
5787,266,https://cdn2.cellphones.com.vn/x/media/catalog/product/o/p/op-lung-iphone-16-pro-cam-den_69_.png
5788,266,https://cdn2.cellphones.com.vn/x/media/catalog/product/o/p/op-lung-iphone-16-pro-cam-den_74_.png
5789,266,https://cdn2.cellphones.com.vn/x/media/catalog/product/o/p/op-lung-iphone-16-pro-cam-den_73_.png
5790,266,https://cdn2.cellphones.com.vn/x/media/catalog/product/o/p/op-lung-iphone-16-pro-cam-den_72_.png
5791,266,https://cdn2.cellphones.com.vn/x/media/catalog/product/o/p/op-lung-iphone-16-pro-cam-den_71_.png
5792,266,https://cdn2.cellphones.com.vn/x/media/catalog/product/o/p/op-lung-iphone-16-pro-cam-den_70_.png
5793,266,https://cdn2.cellphones.com.vn/x/media/catalog/product/o/p/op-lung-iphone-16-pro-cam-den_76_.png
5794,266,https://cdn2.cellphones.com.vn/x/media/catalog/product/o/p/op-lung-iphone-16-pro-cam-den_75_.png
5795,266,https://cellphones.com.vn/media/catalog/product/o/p/op-lung-iphone-16-pro-cam-den_72__1.png
5796,266,https://cellphones.com.vn/media/catalog/product/o/p/op-lung-iphone-16-pro-cam-den_74__1.png
5797,266,https://cellphones.com.vn/media/catalog/product/o/p/op-lung-iphone-16-pro-cam-den_68__1.png
5798,266,https://cellphones.com.vn/media/catalog/product/t/e/text_ng_n_-_2026-03-19t143821.684.png
5799,266,https://cellphones.com.vn/media/catalog/product/o/p/op-lung-iphone-16-pro-cam-den_68_.png
5800,266,https://cellphones.com.vn/media/catalog/product/o/p/op-lung-iphone-16-pro-cam-den_69_.png
5801,266,https://cellphones.com.vn/media/catalog/product/o/p/op-lung-iphone-16-pro-cam-den_74_.png
5802,266,https://cellphones.com.vn/media/catalog/product/o/p/op-lung-iphone-16-pro-cam-den_73_.png
5803,266,https://cellphones.com.vn/media/catalog/product/o/p/op-lung-iphone-16-pro-cam-den_72_.png
5804,266,https://cellphones.com.vn/media/catalog/product/o/p/op-lung-iphone-16-pro-cam-den_71_.png
5805,266,https://cellphones.com.vn/media/catalog/product/o/p/op-lung-iphone-16-pro-cam-den_70_.png
5806,266,https://cellphones.com.vn/media/catalog/product/o/p/op-lung-iphone-16-pro-cam-den_76_.png
5807,266,https://cellphones.com.vn/media/catalog/product/o/p/op-lung-iphone-16-pro-cam-den_75_.png
5808,267,https://cdn2.cellphones.com.vn/media/catalog/product/q/u/quat-cam-tay-mini-veeco-vmf-06-2000mah_1_.png
5809,267,https://cdn2.cellphones.com.vn/x/media/catalog/product/q/u/quat-cam-tay-mini-veeco-vmf-06-2000mah_2_.png
5810,267,https://cdn2.cellphones.com.vn/x/media/catalog/product/q/u/quat-cam-tay-mini-veeco-vmf-06-2000mah_3_.png
5811,267,https://cdn2.cellphones.com.vn/x/media/catalog/product/q/u/quat-cam-tay-mini-veeco-vmf-06-2000mah_4_.png
5812,267,https://cdn2.cellphones.com.vn/x/media/catalog/product/q/u/quat-cam-tay-mini-veeco-vmf-06-2000mah_5_.png
5813,267,https://cdn2.cellphones.com.vn/x/media/catalog/product/q/u/quat-cam-tay-mini-veeco-vmf-06-2000mah_6_.png
5814,267,https://cdn2.cellphones.com.vn/x/media/catalog/product/q/u/quat-cam-tay-mini-veeco-vmf-06-2000mah_7_.png
5815,267,https://cdn2.cellphones.com.vn/x/media/catalog/product/q/u/quat-cam-tay-mini-veeco-vmf-06-2000mah_8_.png
5816,267,https://cdn2.cellphones.com.vn/x/media/catalog/product/q/u/quat-cam-tay-mini-veeco-vmf-06-2000mah_9_.png
5817,267,https://cdn2.cellphones.com.vn/x/media/catalog/product/q/u/quat-cam-tay-mini-veeco-vmf-06-2000mah_10_.png
5818,267,https://cdn2.cellphones.com.vn/x/media/catalog/product/q/u/quat-cam-tay-mini-veeco-vmf-06-2000mah_11_.png
5819,267,https://cdn2.cellphones.com.vn/x/media/catalog/product/q/u/quat-cam-tay-mini-veeco-vmf-06-2000mah_12_.png
5820,267,https://cellphones.com.vn/media/catalog/product/q/u/quat-cam-tay-mini-veeco-vmf-06-2000mah_2__1.png
5821,267,https://cellphones.com.vn/media/catalog/product/q/u/quat-cam-tay-mini-veeco-vmf-06-2000mah_3__1.png
5822,267,https://cellphones.com.vn/media/catalog/product/q/u/quat-cam-tay-mini-veeco-vmf-06-2000mah_4__1.png
5823,267,https://cellphones.com.vn/media/catalog/product/q/u/quat-cam-tay-mini-veeco-vmf-06-2000mah_1_.png
5824,267,https://cellphones.com.vn/media/catalog/product/q/u/quat-cam-tay-mini-veeco-vmf-06-2000mah_2_.png
5825,267,https://cellphones.com.vn/media/catalog/product/q/u/quat-cam-tay-mini-veeco-vmf-06-2000mah_3_.png
5826,267,https://cellphones.com.vn/media/catalog/product/q/u/quat-cam-tay-mini-veeco-vmf-06-2000mah_4_.png
5827,267,https://cellphones.com.vn/media/catalog/product/q/u/quat-cam-tay-mini-veeco-vmf-06-2000mah_5_.png
5828,267,https://cellphones.com.vn/media/catalog/product/q/u/quat-cam-tay-mini-veeco-vmf-06-2000mah_6_.png
5829,267,https://cellphones.com.vn/media/catalog/product/q/u/quat-cam-tay-mini-veeco-vmf-06-2000mah_7_.png
5830,267,https://cellphones.com.vn/media/catalog/product/q/u/quat-cam-tay-mini-veeco-vmf-06-2000mah_8_.png
5831,267,https://cellphones.com.vn/media/catalog/product/q/u/quat-cam-tay-mini-veeco-vmf-06-2000mah_9_.png
5832,267,https://cellphones.com.vn/media/catalog/product/q/u/quat-cam-tay-mini-veeco-vmf-06-2000mah_10_.png
5833,267,https://cellphones.com.vn/media/catalog/product/q/u/quat-cam-tay-mini-veeco-vmf-06-2000mah_11_.png
5834,267,https://cellphones.com.vn/media/catalog/product/q/u/quat-cam-tay-mini-veeco-vmf-06-2000mah_12_.png
5835,268,https://cdn2.cellphones.com.vn/media/catalog/product/q/u/quat-dung-aqua-aqs-fed2001r-w-vn_1__2.png
5836,268,https://cdn2.cellphones.com.vn/x/media/catalog/product/1/_/1_718_23_1.png
5837,268,https://cdn2.cellphones.com.vn/x/media/catalog/product/2/_/2_690_19_1.png
5838,268,https://cdn2.cellphones.com.vn/x/media/catalog/product/3/_/3_629_17_1.png
5839,268,https://cdn2.cellphones.com.vn/x/media/catalog/product/4/_/4_557_15_1.png
5840,268,https://cdn2.cellphones.com.vn/x/media/catalog/product/q/u/quat-dung-aqua-aqs-fed2001r-w-vn_3__2.png
5841,268,https://cdn2.cellphones.com.vn/x/media/catalog/product/q/u/quat-dung-aqua-aqs-fed2001r-w-vn_4__2.png
5842,268,https://cdn2.cellphones.com.vn/x/media/catalog/product/q/u/quat-dung-aqua-aqs-fed2001r-w-vn_7__2.png
5843,268,https://cdn2.cellphones.com.vn/x/media/catalog/product/q/u/quat-dung-aqua-aqs-fed2001r-w-vn_6__2.png
5844,268,https://cdn2.cellphones.com.vn/x/media/catalog/product/q/u/quat-dung-aqua-aqs-fed2001r-w-vn_8__2.png
5845,268,https://cdn2.cellphones.com.vn/x/media/catalog/product/q/u/quat-dung-aqua-aqs-fed2001r-w-vn_5__2.png
5846,268,https://cellphones.com.vn/media/catalog/product/q/u/quat-dung-aqua-aqs-fed2001r-w-vn-cu.jpg
5847,268,https://cellphones.com.vn/media/catalog/product/q/u/quat-dung-aqua-aqs-fed2001r-w-vn_1__2.png
5848,268,https://cellphones.com.vn/media/catalog/product/1/_/1_718_23_1.png
5849,268,https://cellphones.com.vn/media/catalog/product/2/_/2_690_19_1.png
5850,268,https://cellphones.com.vn/media/catalog/product/3/_/3_629_17_1.png
5851,268,https://cellphones.com.vn/media/catalog/product/4/_/4_557_15_1.png
5852,268,https://cellphones.com.vn/media/catalog/product/q/u/quat-dung-aqua-aqs-fed2001r-w-vn_3__2.png
5853,268,https://cellphones.com.vn/media/catalog/product/q/u/quat-dung-aqua-aqs-fed2001r-w-vn_4__2.png
5854,268,https://cellphones.com.vn/media/catalog/product/q/u/quat-dung-aqua-aqs-fed2001r-w-vn_7__2.png
5855,268,https://cellphones.com.vn/media/catalog/product/q/u/quat-dung-aqua-aqs-fed2001r-w-vn_6__2.png
5856,268,https://cellphones.com.vn/media/catalog/product/q/u/quat-dung-aqua-aqs-fed2001r-w-vn_8__2.png
5857,268,https://cellphones.com.vn/media/catalog/product/q/u/quat-dung-aqua-aqs-fed2001r-w-vn_5__2.png
5858,269,https://cdn2.cellphones.com.vn/media/catalog/product/q/u/quat-dung-toshiba-f-lsa20-w-vn_1_.png
5859,269,https://cdn2.cellphones.com.vn/x/media/catalog/product/q/u/quat-dung-toshiba-f-lsa20-w-vn-03.jpg
5860,269,https://cdn2.cellphones.com.vn/x/media/catalog/product/q/u/quat-dung-toshiba-f-lsa20-w-vn-02.jpg
5861,269,https://cdn2.cellphones.com.vn/x/media/catalog/product/q/u/quat-dung-toshiba-f-lsa20-w-vn-01.jpg
5862,269,https://cdn2.cellphones.com.vn/x/media/catalog/product/q/u/quat-dung-toshiba-f-lsa20-w-vn_2_.png
5863,269,https://cdn2.cellphones.com.vn/x/media/catalog/product/q/u/quat-dung-toshiba-f-lsa20-w-vn_3_.png
5864,269,https://cdn2.cellphones.com.vn/x/media/catalog/product/q/u/quat-dung-toshiba-f-lsa20-w-vn_4_.png
5865,269,https://cellphones.com.vn/media/catalog/product/q/u/quat-dung-toshiba-f-lsa20-w-vn_2__1.png
5866,269,https://cellphones.com.vn/media/catalog/product/q/u/quat-dung-toshiba-f-lsa20-w-vn_1_.png
5867,269,https://cellphones.com.vn/media/catalog/product/q/u/quat-dung-toshiba-f-lsa20-w-vn-03.jpg
5868,269,https://cellphones.com.vn/media/catalog/product/q/u/quat-dung-toshiba-f-lsa20-w-vn-02.jpg
5869,269,https://cellphones.com.vn/media/catalog/product/q/u/quat-dung-toshiba-f-lsa20-w-vn-01.jpg
5870,269,https://cellphones.com.vn/media/catalog/product/q/u/quat-dung-toshiba-f-lsa20-w-vn_2_.png
5871,269,https://cellphones.com.vn/media/catalog/product/q/u/quat-dung-toshiba-f-lsa20-w-vn_3_.png
5872,269,https://cellphones.com.vn/media/catalog/product/q/u/quat-dung-toshiba-f-lsa20-w-vn_4_.png
5873,270,https://cdn2.cellphones.com.vn/media/catalog/product/r/a/ram-pc-corsair-vengeance-lpx-8gb-ddr4-3200mhz_1_.png
5874,270,https://cdn2.cellphones.com.vn/x/media/catalog/product/r/a/ram-pc-corsair-vengeance-lpx-8gb-ddr4-3200mhz_2_.png
5875,270,https://cdn2.cellphones.com.vn/x/media/catalog/product/r/a/ram-pc-corsair-vengeance-lpx-8gb-ddr4-3200mhz_3_.png
5876,270,https://cdn2.cellphones.com.vn/x/media/catalog/product/r/a/ram-pc-corsair-vengeance-lpx-8gb-ddr4-3200mhz_4_.png
5877,270,https://cellphones.com.vn/media/catalog/product/r/a/ram-pc-corsair-vengeance-lpx-8gb-ddr4-3200mhz_2__1.png
5878,270,https://cellphones.com.vn/media/catalog/product/r/a/ram-pc-corsair-vengeance-lpx-8gb-ddr4-3200mhz_1_.png
5879,270,https://cellphones.com.vn/media/catalog/product/r/a/ram-pc-corsair-vengeance-lpx-8gb-ddr4-3200mhz_2_.png
5880,270,https://cellphones.com.vn/media/catalog/product/r/a/ram-pc-corsair-vengeance-lpx-8gb-ddr4-3200mhz_3_.png
5881,270,https://cellphones.com.vn/media/catalog/product/r/a/ram-pc-corsair-vengeance-lpx-8gb-ddr4-3200mhz_4_.png
5882,271,https://cdn2.cellphones.com.vn/media/catalog/product/r/a/ram-pc-corsair-vengeance-rgb-16gb-ddr5-6000mhz_1_.png
5883,271,https://cdn2.cellphones.com.vn/x/media/catalog/product/r/a/ram-pc-corsair-vengeance-rgb-16gb-ddr5-6000mhz_2_.png
5884,271,https://cdn2.cellphones.com.vn/x/media/catalog/product/r/a/ram-pc-corsair-vengeance-rgb-16gb-ddr5-6000mhz_3_.png
5885,271,https://cdn2.cellphones.com.vn/x/media/catalog/product/r/a/ram-pc-corsair-vengeance-rgb-16gb-ddr5-6000mhz_4_.png
5886,271,https://cellphones.com.vn/media/catalog/product/r/a/ram-pc-corsair-vengeance-rgb-16gb-ddr5-6000mhz_2__1.png
5887,271,https://cellphones.com.vn/media/catalog/product/r/a/ram-pc-corsair-vengeance-rgb-16gb-ddr5-6000mhz_1_.png
5888,271,https://cellphones.com.vn/media/catalog/product/r/a/ram-pc-corsair-vengeance-rgb-16gb-ddr5-6000mhz_2_.png
5889,271,https://cellphones.com.vn/media/catalog/product/r/a/ram-pc-corsair-vengeance-rgb-16gb-ddr5-6000mhz_3_.png
5890,271,https://cellphones.com.vn/media/catalog/product/r/a/ram-pc-corsair-vengeance-rgb-16gb-ddr5-6000mhz_4_.png
5891,272,https://cdn2.cellphones.com.vn/media/catalog/product/r/o/robot-hut-bui-xiaomi-vacuum-h50-pro.jpg
5892,272,https://cdn2.cellphones.com.vn/x/media/catalog/product/r/o/robot-hut-bui-xiaomi-vacuum-h50-1_2.jpg
5893,272,https://cdn2.cellphones.com.vn/x/media/catalog/product/r/o/robot-hut-bui-xiaomi-vacuum-h50-2_1.jpg
5894,272,https://cdn2.cellphones.com.vn/x/media/catalog/product/r/o/robot-hut-bui-xiaomi-vacuum-h50-3_1.jpg
5895,272,https://cdn2.cellphones.com.vn/x/media/catalog/product/r/o/robot-hut-bui-xiaomi-vacuum-h50-4_1.jpg
5896,272,https://cdn2.cellphones.com.vn/x/media/catalog/product/r/o/robot-hut-bui-xiaomi-vacuum-h50-5_1.jpg
5897,272,https://cdn2.cellphones.com.vn/x/media/catalog/product/r/o/robot-hut-bui-xiaomi-vacuum-h50-6_1.jpg
5898,272,https://cdn2.cellphones.com.vn/x/media/catalog/product/r/o/robot-hut-bui-xiaomi-vacuum-h50-7_1.jpg
5899,272,https://cdn2.cellphones.com.vn/x/media/catalog/product/r/o/robot-hut-bui-xiaomi-vacuum-h50-8_1.jpg
5900,272,https://cellphones.com.vn/media/catalog/product/r/o/robot-hut-bui-xiaomi-vacuum-h50-3_2.jpg
5901,272,https://cellphones.com.vn/media/catalog/product/r/o/robot-hut-bui-xiaomi-vacuum-h50-pro.jpg
5902,272,https://cellphones.com.vn/media/catalog/product/r/o/robot-hut-bui-xiaomi-vacuum-h50-1_2.jpg
5903,272,https://cellphones.com.vn/media/catalog/product/r/o/robot-hut-bui-xiaomi-vacuum-h50-2_1.jpg
5904,272,https://cellphones.com.vn/media/catalog/product/r/o/robot-hut-bui-xiaomi-vacuum-h50-3_1.jpg
5905,272,https://cellphones.com.vn/media/catalog/product/r/o/robot-hut-bui-xiaomi-vacuum-h50-4_1.jpg
5906,272,https://cellphones.com.vn/media/catalog/product/r/o/robot-hut-bui-xiaomi-vacuum-h50-5_1.jpg
5907,272,https://cellphones.com.vn/media/catalog/product/r/o/robot-hut-bui-xiaomi-vacuum-h50-6_1.jpg
5908,272,https://cellphones.com.vn/media/catalog/product/r/o/robot-hut-bui-xiaomi-vacuum-h50-7_1.jpg
5909,272,https://cellphones.com.vn/media/catalog/product/r/o/robot-hut-bui-xiaomi-vacuum-h50-8_1.jpg
5910,273,https://cdn2.cellphones.com.vn/media/catalog/product/r/o/robot-hut-bui-xiaomi-vacuum-h50.jpg
5911,273,https://cdn2.cellphones.com.vn/x/media/catalog/product/r/o/robot-hut-bui-xiaomi-vacuum-h50-1.jpg
5912,273,https://cdn2.cellphones.com.vn/x/media/catalog/product/r/o/robot-hut-bui-xiaomi-vacuum-h50-2.jpg
5913,273,https://cdn2.cellphones.com.vn/x/media/catalog/product/r/o/robot-hut-bui-xiaomi-vacuum-h50-3.jpg
5914,273,https://cdn2.cellphones.com.vn/x/media/catalog/product/r/o/robot-hut-bui-xiaomi-vacuum-h50-4.jpg
5915,273,https://cdn2.cellphones.com.vn/x/media/catalog/product/r/o/robot-hut-bui-xiaomi-vacuum-h50-5.jpg
5916,273,https://cdn2.cellphones.com.vn/x/media/catalog/product/r/o/robot-hut-bui-xiaomi-vacuum-h50-6.jpg
5917,273,https://cdn2.cellphones.com.vn/x/media/catalog/product/r/o/robot-hut-bui-xiaomi-vacuum-h50-7.jpg
5918,273,https://cdn2.cellphones.com.vn/x/media/catalog/product/r/o/robot-hut-bui-xiaomi-vacuum-h50-8.jpg
5919,273,https://cellphones.com.vn/media/catalog/product/r/o/robot-hut-bui-xiaomi-vacuum-h50-1_1.jpg
5920,273,https://cellphones.com.vn/media/catalog/product/r/o/robot-hut-bui-xiaomi-vacuum-h50.jpg
5921,273,https://cellphones.com.vn/media/catalog/product/r/o/robot-hut-bui-xiaomi-vacuum-h50-1.jpg
5922,273,https://cellphones.com.vn/media/catalog/product/r/o/robot-hut-bui-xiaomi-vacuum-h50-2.jpg
5923,273,https://cellphones.com.vn/media/catalog/product/r/o/robot-hut-bui-xiaomi-vacuum-h50-3.jpg
5924,273,https://cellphones.com.vn/media/catalog/product/r/o/robot-hut-bui-xiaomi-vacuum-h50-4.jpg
5925,273,https://cellphones.com.vn/media/catalog/product/r/o/robot-hut-bui-xiaomi-vacuum-h50-5.jpg
5926,273,https://cellphones.com.vn/media/catalog/product/r/o/robot-hut-bui-xiaomi-vacuum-h50-6.jpg
5927,273,https://cellphones.com.vn/media/catalog/product/r/o/robot-hut-bui-xiaomi-vacuum-h50-7.jpg
5928,273,https://cellphones.com.vn/media/catalog/product/r/o/robot-hut-bui-xiaomi-vacuum-h50-8.jpg
5929,274,https://cdn2.cellphones.com.vn/media/catalog/product/t/a/tan-nhiet-khi-cpu-jonsbo-cr-1200e-rgb_1_.png
5930,274,https://cdn2.cellphones.com.vn/x/media/catalog/product/t/a/tan-nhiet-khi-cpu-jonsbo-cr-1200e-rgb_1_.png
5931,274,https://cdn2.cellphones.com.vn/x/media/catalog/product/t/a/tan-nhiet-khi-cpu-jonsbo-cr-1200e-rgb_2_.png
5932,274,https://cdn2.cellphones.com.vn/x/media/catalog/product/t/a/tan-nhiet-khi-cpu-jonsbo-cr-1200e-rgb_3_.png
5933,274,https://cdn2.cellphones.com.vn/x/media/catalog/product/t/a/tan-nhiet-khi-cpu-jonsbo-cr-1200e-rgb_4_.png
5934,274,https://cdn2.cellphones.com.vn/x/media/catalog/product/t/a/tan-nhiet-khi-cpu-jonsbo-cr-1200e-rgb_5_.png
5935,274,https://cdn2.cellphones.com.vn/x/media/catalog/product/t/a/tan-nhiet-khi-cpu-jonsbo-cr-1200e-rgb_6_.png
5936,274,https://cellphones.com.vn/media/catalog/product/t/a/tan-nhiet-khi-cpu-jonsbo-cr-1200e-rgb_2__1.png
5937,274,https://cellphones.com.vn/media/catalog/product/t/a/tan-nhiet-khi-cpu-jonsbo-cr-1200e-rgb_1_.png
5938,274,https://cellphones.com.vn/media/catalog/product/t/a/tan-nhiet-khi-cpu-jonsbo-cr-1200e-rgb_2_.png
5939,274,https://cellphones.com.vn/media/catalog/product/t/a/tan-nhiet-khi-cpu-jonsbo-cr-1200e-rgb_3_.png
5940,274,https://cellphones.com.vn/media/catalog/product/t/a/tan-nhiet-khi-cpu-jonsbo-cr-1200e-rgb_4_.png
5941,274,https://cellphones.com.vn/media/catalog/product/t/a/tan-nhiet-khi-cpu-jonsbo-cr-1200e-rgb_5_.png
5942,274,https://cellphones.com.vn/media/catalog/product/t/a/tan-nhiet-khi-cpu-jonsbo-cr-1200e-rgb_6_.png
5943,275,https://cdn2.cellphones.com.vn/media/catalog/product/t/h/the-nho-sd-kodak-128gb-uhs-i-u3-v30-a1_1_.png
5944,275,https://cdn2.cellphones.com.vn/x/media/catalog/product/t/h/the-nho-sd-kodak-128gb-uhs-i-u3-v30-a1_1_.png
5945,275,https://cdn2.cellphones.com.vn/x/media/catalog/product/t/h/the-nho-sd-kodak-128gb-uhs-i-u3-v30-a1_2_.png
5946,275,https://cdn2.cellphones.com.vn/x/media/catalog/product/t/h/the-nho-sd-kodak-128gb-uhs-i-u3-v30-a1_3_.png
5947,275,https://cellphones.com.vn/media/catalog/product/t/h/the-nho-sd-kodak-128gb-uhs-i-u3-v30-a1_1_.png
5948,275,https://cellphones.com.vn/media/catalog/product/t/h/the-nho-sd-kodak-128gb-uhs-i-u3-v30-a1_2_.png
5949,275,https://cellphones.com.vn/media/catalog/product/t/h/the-nho-sd-kodak-128gb-uhs-i-u3-v30-a1_3_.png
5950,276,https://cdn2.cellphones.com.vn/media/catalog/product/t/h/the-nho-sd-kodak-256gb-uhs-i-u3-v30-a1_1_.png
5951,276,https://cdn2.cellphones.com.vn/x/media/catalog/product/t/h/the-nho-sd-kodak-256gb-uhs-i-u3-v30-a1_1_.png
5952,276,https://cdn2.cellphones.com.vn/x/media/catalog/product/t/h/the-nho-sd-kodak-256gb-uhs-i-u3-v30-a1_2_.png
5953,276,https://cdn2.cellphones.com.vn/x/media/catalog/product/t/h/the-nho-sd-kodak-256gb-uhs-i-u3-v30-a1_3_.png
5954,276,https://cellphones.com.vn/media/catalog/product/t/h/the-nho-sd-kodak-256gb-uhs-i-u3-v30-a1_1_.png
5955,276,https://cellphones.com.vn/media/catalog/product/t/h/the-nho-sd-kodak-256gb-uhs-i-u3-v30-a1_2_.png
5956,276,https://cellphones.com.vn/media/catalog/product/t/h/the-nho-sd-kodak-256gb-uhs-i-u3-v30-a1_3_.png
5957,277,https://cdn2.cellphones.com.vn/media/catalog/product/t/h/the-nho-sd-kodak-64gb-uhs-i-u3-v30-a1_1_.png
5958,277,https://cdn2.cellphones.com.vn/x/media/catalog/product/t/h/the-nho-sd-kodak-64gb-uhs-i-u3-v30-a1_1_.png
5959,277,https://cdn2.cellphones.com.vn/x/media/catalog/product/t/h/the-nho-sd-kodak-64gb-uhs-i-u3-v30-a1_2_.png
5960,277,https://cdn2.cellphones.com.vn/x/media/catalog/product/t/h/the-nho-sd-kodak-64gb-uhs-i-u3-v30-a1_3_.png
5961,277,https://cellphones.com.vn/media/catalog/product/t/h/the-nho-sd-kodak-64gb-uhs-i-u3-v30-a1_1_.png
5962,277,https://cellphones.com.vn/media/catalog/product/t/h/the-nho-sd-kodak-64gb-uhs-i-u3-v30-a1_2_.png
5963,277,https://cellphones.com.vn/media/catalog/product/t/h/the-nho-sd-kodak-64gb-uhs-i-u3-v30-a1_3_.png
5964,278,https://cdn2.cellphones.com.vn/media/catalog/product/v/g/vga-msi-geforce-rtx-5070-12gb-ventus-2x_1_.png
5965,278,https://cdn2.cellphones.com.vn/x/media/catalog/product/v/g/vga-msi-geforce-rtx-5070-12gb-ventus-2x_2_.png
5966,278,https://cdn2.cellphones.com.vn/x/media/catalog/product/v/g/vga-msi-geforce-rtx-5070-12gb-ventus-2x_3_.png
5967,278,https://cdn2.cellphones.com.vn/x/media/catalog/product/v/g/vga-msi-geforce-rtx-5070-12gb-ventus-2x_4_.png
5968,278,https://cdn2.cellphones.com.vn/x/media/catalog/product/v/g/vga-msi-geforce-rtx-5070-12gb-ventus-2x_5_.png
5969,278,https://cdn2.cellphones.com.vn/x/media/catalog/product/v/g/vga-msi-geforce-rtx-5070-12gb-ventus-2x_6_.png
5970,278,https://cdn2.cellphones.com.vn/x/media/catalog/product/v/g/vga-msi-geforce-rtx-5070-12gb-ventus-2x_7_.png
5971,278,https://cdn2.cellphones.com.vn/x/media/catalog/product/v/g/vga-msi-geforce-rtx-5070-12gb-ventus-2x_8_.png
5972,278,https://cdn2.cellphones.com.vn/x/media/catalog/product/v/g/vga-msi-geforce-rtx-5070-12gb-ventus-2x_9_.png
5973,278,https://cdn2.cellphones.com.vn/x/media/catalog/product/v/g/vga-msi-geforce-rtx-5070-12gb-ventus-2x_10_.png
5974,278,https://cellphones.com.vn/media/catalog/product/v/g/vga-msi-geforce-rtx-5070-12gb-ventus-2x_3__1.png
5975,278,https://cellphones.com.vn/media/catalog/product/v/g/vga-msi-geforce-rtx-5070-12gb-ventus-2x_2__1.png
5976,278,https://cellphones.com.vn/media/catalog/product/v/g/vga-msi-geforce-rtx-5070-12gb-ventus-2x_1_.png
5977,278,https://cellphones.com.vn/media/catalog/product/v/g/vga-msi-geforce-rtx-5070-12gb-ventus-2x_2_.png
5978,278,https://cellphones.com.vn/media/catalog/product/v/g/vga-msi-geforce-rtx-5070-12gb-ventus-2x_3_.png
5979,278,https://cellphones.com.vn/media/catalog/product/v/g/vga-msi-geforce-rtx-5070-12gb-ventus-2x_4_.png
5980,278,https://cellphones.com.vn/media/catalog/product/v/g/vga-msi-geforce-rtx-5070-12gb-ventus-2x_5_.png
5981,278,https://cellphones.com.vn/media/catalog/product/v/g/vga-msi-geforce-rtx-5070-12gb-ventus-2x_6_.png
5982,278,https://cellphones.com.vn/media/catalog/product/v/g/vga-msi-geforce-rtx-5070-12gb-ventus-2x_7_.png
5983,278,https://cellphones.com.vn/media/catalog/product/v/g/vga-msi-geforce-rtx-5070-12gb-ventus-2x_8_.png
5984,278,https://cellphones.com.vn/media/catalog/product/v/g/vga-msi-geforce-rtx-5070-12gb-ventus-2x_9_.png
5985,278,https://cellphones.com.vn/media/catalog/product/v/g/vga-msi-geforce-rtx-5070-12gb-ventus-2x_10_.png
5986,279,https://cdn2.cellphones.com.vn/media/catalog/product/v/g/vga-msi-geforce-rtx-5070-12gb-ventus-3x_1_.png
5987,279,https://cdn2.cellphones.com.vn/x/media/catalog/product/v/g/vga-msi-geforce-rtx-5070-12gb-ventus-3x_2_.png
5988,279,https://cdn2.cellphones.com.vn/x/media/catalog/product/v/g/vga-msi-geforce-rtx-5070-12gb-ventus-3x_3_.png
5989,279,https://cdn2.cellphones.com.vn/x/media/catalog/product/v/g/vga-msi-geforce-rtx-5070-12gb-ventus-3x_4_.png
5990,279,https://cdn2.cellphones.com.vn/x/media/catalog/product/v/g/vga-msi-geforce-rtx-5070-12gb-ventus-3x_5_.png
5991,279,https://cellphones.com.vn/media/catalog/product/v/g/vga-msi-geforce-rtx-5070-12gb-ventus-3x_2__1.png
5992,279,https://cellphones.com.vn/media/catalog/product/v/g/vga-msi-geforce-rtx-5070-12gb-ventus-3x_1_.png
5993,279,https://cellphones.com.vn/media/catalog/product/v/g/vga-msi-geforce-rtx-5070-12gb-ventus-3x_2_.png
5994,279,https://cellphones.com.vn/media/catalog/product/v/g/vga-msi-geforce-rtx-5070-12gb-ventus-3x_3_.png
5995,279,https://cellphones.com.vn/media/catalog/product/v/g/vga-msi-geforce-rtx-5070-12gb-ventus-3x_4_.png
5996,279,https://cellphones.com.vn/media/catalog/product/v/g/vga-msi-geforce-rtx-5070-12gb-ventus-3x_5_.png
5997,280,https://cdn2.cellphones.com.vn/media/catalog/product/x/i/xiaomi-mi-box-s-4k-gen-3_1__1.png
5998,280,https://cdn2.cellphones.com.vn/x/media/catalog/product/x/i/xiaomi-mi-box-s-4k-gen-3-04_1.jpg
5999,280,https://cdn2.cellphones.com.vn/x/media/catalog/product/x/i/xiaomi-mi-box-s-4k-gen-3-01_1.jpg
6000,280,https://cdn2.cellphones.com.vn/x/media/catalog/product/x/i/xiaomi-mi-box-s-4k-gen-3-03_1.jpg
6001,280,https://cdn2.cellphones.com.vn/x/media/catalog/product/x/i/xiaomi-mi-box-s-4k-gen-3-02_1.jpg
6002,280,https://cdn2.cellphones.com.vn/x/media/catalog/product/x/i/xiaomi-mi-box-s-4k-gen-3_2__2.png
6003,280,https://cdn2.cellphones.com.vn/x/media/catalog/product/x/i/xiaomi-mi-box-s-4k-gen-3_6__1.png
6004,280,https://cdn2.cellphones.com.vn/x/media/catalog/product/x/i/xiaomi-mi-box-s-4k-gen-3_3__1.png
6005,280,https://cellphones.com.vn/media/catalog/product/x/i/xiaomi-mi-box-s-4k-gen-3-cu.jpg
6006,280,https://cellphones.com.vn/media/catalog/product/x/i/xiaomi-mi-box-s-4k-gen-3_1__1.png
6007,280,https://cellphones.com.vn/media/catalog/product/x/i/xiaomi-mi-box-s-4k-gen-3-04_1.jpg
6008,280,https://cellphones.com.vn/media/catalog/product/x/i/xiaomi-mi-box-s-4k-gen-3-01_1.jpg
6009,280,https://cellphones.com.vn/media/catalog/product/x/i/xiaomi-mi-box-s-4k-gen-3-03_1.jpg
6010,280,https://cellphones.com.vn/media/catalog/product/x/i/xiaomi-mi-box-s-4k-gen-3-02_1.jpg
6011,280,https://cellphones.com.vn/media/catalog/product/x/i/xiaomi-mi-box-s-4k-gen-3_2__2.png
6012,280,https://cellphones.com.vn/media/catalog/product/x/i/xiaomi-mi-box-s-4k-gen-3_6__1.png
6013,280,https://cellphones.com.vn/media/catalog/product/x/i/xiaomi-mi-box-s-4k-gen-3_3__1.png
