id,name,description,detail,summary,category,price,brand,promotion,quantity,view,created_at,updated_at
1,HONOR X8d 8GB 128GB - Đã kích hoạt,"Mua điện thoại HONOR X8d 8GB 128GB đã kích hoạt bảo hành, đổi mới 30 ngày, có trả góp 0%","- Kích thước màn hình: 6.77 inches
- Công nghệ màn hình: AMOLED
- Camera sau: Camera chính 108MP (f/1.75) + Camera rộng 5MP (f/2.2)
- Camera trước: 16MP (f/2.45)
- Chipset: Snapdragon 6s 4G thế hệ 2
- Công nghệ NFC: Có
- Dung lượng RAM: 8 GB
- Bộ nhớ trong: 128 GB
- Pin: 6800mAh (giá trị định mức), 7000 mAh (giá trị điển hình)
- Thẻ SIM: 2 Nano-SIM
- Hệ điều hành: MagicOS 10 (Dựa trên Android 16)
- Độ phân giải màn hình: 1080 x 2392 pixels
- Tính năng màn hình: Màu sắc: 1,07 tỷ màuCông nghệ Eye Comfort800 nit (điển hình) 1300 nit (loại HBM) 3000 nit (loại APL)Chất liệu kính Thủy tinh Aluminosilicate
- Loại CPU: Octa-core, 4 * A73 2,9 GHz + 4 * A53 1,9 GHz","Mua điện thoại HONOR X8d 8GB 128GB đã kích hoạt bảo hành, đổi mới 30 ngày, có trả góp 0%",Điện thoại,6290000,HONOR,2,46,0,2026-02-23 12:57:26,2026-03-29 12:13:07
2,POCO X8 Pro Max 5G 12GB 256GB - Đã kích hoạt,"Mua điện thoại Poco X8 Pro Max 12GB/256GB đã kích hoạt bảo hành, đổi mới 30 ngày, có trả góp 0%","- Kích thước màn hình: 6.83 inches
- Công nghệ màn hình: AMOLED
- Camera sau: 50 MP f/1.5 (cảm biến Light Hunter 600, OIS) + 8 MP (góc siêu rộng)
- Camera trước: 20 MP
- Chipset: MediaTek Dimensity 9500s
- Dung lượng RAM: 12 GB
- Bộ nhớ trong: 256 GB
- Pin: 8.500 mAh
- Thẻ SIM: Dual nano-SIM hoặc 1 nano-SIM + 1 eSIM
- Hệ điều hành: Xiaomi HyperOS 3 (Android 16)
- Độ phân giải màn hình: 2772 x 1280 pixels
- Tính năng màn hình: Độ sáng tối đa 3.500 nits, PWM 3840Hz, 68 tỷ màu, dải màu DCI-P3, HDR10+
- Loại CPU: 1 × Cortex-X925 (tối đa 3.73GHz) + 3 × Cortex-X4 (tối đa 3.3GHz) + 4 × Cortex-A720 (tối đa 2.4GHz)","Mua điện thoại Poco X8 Pro Max 12GB/256GB đã kích hoạt bảo hành, đổi mới 30 ngày, có trả góp 0%",Điện thoại,12390000,Xiaomi,2,199,0,2025-08-18 21:56:23,2026-03-29 12:13:07
3,Giá đỡ iPad/Điện thoại Rain Design (USA) MStand tản nhiệt,"Mua Giá đỡ iPad/Điện thoại Rain Design (USA) MStand tản nhiệt chính hãng - Giá rẻ, đảm bảo chất lượng, độ bền cao, hỗ trợ giao hàng tận nơi toàn quốc.","- Hãng sản xuất: Rain Design
- Chất liệu: Hợp kim nhôm nguyên khối (Aluminum)
- Tiện ích: Thiết kế khe cắm cáp iPhone dễ dàngGiữ iPad ở chế độ dọc hoặc ngangmStand tạo ra những góc độ để xem máy tính bảng thoải mái hơn","Mua Giá đỡ iPad/Điện thoại Rain Design (USA) MStand tản nhiệt chính hãng - Giá rẻ, đảm bảo chất lượng, độ bền cao, hỗ trợ giao hàng tận nơi toàn quốc.",Tablet,981000,Rain Design,2,22,0,2024-07-05 10:39:08,2026-03-29 12:13:07
4,Giá đỡ Laptop/Macbook Rain Design (Usa) Mbar Pro Foldable tản nhiệt,"Mua Giá đỡ Laptop/Macbook Rain Design (Usa) Mbar Pro Foldable tản nhiệt chính hãng - Giá rẻ, đảm bảo chất lượng, độ bền cao, hỗ trợ giao hàng tận nơi toàn quốc.","- Hãng sản xuất: Rain Design
- Chất liệu: Hợp kim nhôm nguyên khối (Aluminum)
- Tiện ích: Giá đỡ có thể gấp gọn lạiNâng máy tính xách tay lên 75mmmBar Pro giúp tăng luồng khí xung quang và dưới máy tính xách tay","Mua Giá đỡ Laptop/Macbook Rain Design (Usa) Mbar Pro Foldable tản nhiệt chính hãng - Giá rẻ, đảm bảo chất lượng, độ bền cao, hỗ trợ giao hàng tận nơi toàn quốc.",Laptop,1512000,Rain Design,2,9,0,2025-07-02 22:27:16,2026-03-29 12:13:07
5,Giá đỡ Laptop/Macbook Rain Design (Usa) Mbar tản nhiệt,"Mua Giá đỡ Laptop/Macbook Rain Design (Usa) Mbar tản nhiệt chính hãng - Giá rẻ, đảm bảo chất lượng, độ bền cao, hỗ trợ giao hàng tận nơi toàn quốc.","- Hãng sản xuất: Rain Design
- Chất liệu: Hợp kim nhôm nguyên khối (Aluminum)
- Tiện ích: Nâng máy tính xách tay lên 75mmmBar giúp tăng luồng khí xung quanh và dưới máy tính xách tay","Mua Giá đỡ Laptop/Macbook Rain Design (Usa) Mbar tản nhiệt chính hãng - Giá rẻ, đảm bảo chất lượng, độ bền cao, hỗ trợ giao hàng tận nơi toàn quốc.",Laptop,711000,Rain Design,2,14,0,2025-04-21 09:31:04,2026-03-29 12:13:07
6,Laptop Acer Aspire Lite 15 AL15-51M-55NB NX.KRSSV.001 - Cũ Đẹp,"Mua Laptop Acer Aspire Lite 15 AL15-51M-55NB NX.KRSSV.001 cũ giá rẻ - Nguồn gốc rõ ràng, bảo hành 6-12 tháng, đổi mới 30 ngày, luôn xuất bán đầy đủ VAT.","- Loại card đồ họa: Intel Iris Xe
- Dung lượng RAM: 8GB
- Ổ cứng: 512GB SSD PCIe NVMe
- Kích thước màn hình: 15.6 inches
- Công nghệ màn hình: 15.6 inch Full HD 1080pAcer BlueLightShield
- Hệ điều hành: Windows 11
- Độ phân giải màn hình: 1920 x 1080 pixels (FullHD)
- Loại CPU: Intel Core i5 1155G7 4 lõi 8 luồng, tốc độ tối đa lên đến 4.5 GHz
- Cổng giao tiếp: 2 cổng USB-A1 cổng USB-C 3.2 Gen 2Cổng xuất hình HDMI 1.4Jack cắm tai ngheEthernet RJ-45","Mua Laptop Acer Aspire Lite 15 AL15-51M-55NB NX.KRSSV.001 cũ giá rẻ - Nguồn gốc rõ ràng, bảo hành 6-12 tháng, đổi mới 30 ngày, luôn xuất bán đầy đủ VAT.",Laptop,8390000,Acer,2,196,0,2025-03-07 01:03:19,2026-03-29 12:13:07
7,Laptop Dell Inspiron 16 5630 - Cũ Trầy Xước,"Mua Laptop Dell Inspiron 16 5630 cũ giá rẻ - Nguồn gốc rõ ràng, bảo hành 6-12 tháng, đổi mới 30 ngày, luôn xuất bán đầy đủ VAT.","- Loại card đồ họa: Intel Iris Xe Graphics
- Dung lượng RAM: 16GB
- Loại RAM: LPDDR5 4800MHz
- Ổ cứng: SSD 512GB M.2 PCIe NVMe
- Kích thước màn hình: 16 inches
- Công nghệ màn hình: 16&#x27;&#x27; FHD+ (1920 x 1200; 16:10) Anti-Glare Non-Touch 250nits WVA Display with ComfortView Support
- Pin: 4-Cell, 54Wh
- Hệ điều hành: Windows 11
- Độ phân giải màn hình: 1920 x 1200 pixels (FullHD+)
- Loại CPU: Intel core i5-1340P (12 cores, 16 Threads, up to 4.6GHz, 12MB cache)
- Cổng giao tiếp: 2x USB 3.2 Gen 1 Type A1x USB Type-C Thunderbolt 4.0 port with DisplayPort and Power Delivery1x HDMI 1.4 port1x SD-card slot1x Jack tai nghe 3.5mm1x Power-adapter port 4.5 mm x 2.9 mm DC-in","Mua Laptop Dell Inspiron 16 5630 cũ giá rẻ - Nguồn gốc rõ ràng, bảo hành 6-12 tháng, đổi mới 30 ngày, luôn xuất bán đầy đủ VAT.",Laptop,13990000,Dell,2,49,0,2024-08-17 03:14:55,2026-03-29 12:13:07
8,Laptop Dell Vostro 3530 V5I5267W1 - Cũ Trầy Xước,"Mua Laptop Dell Vostro 3530 V5I5267W1 cũ giá rẻ - Nguồn gốc rõ ràng, bảo hành 6-12 tháng, đổi mới 30 ngày, luôn xuất bán đầy đủ VAT.","- Loại card đồ họa: Intel Iris Xe Graphics có điều kiện khi sử dụng Dual RAM (với Ram 8GB : Intel UHD)
- Dung lượng RAM: 8GB
- Loại RAM: DDR4 3200Mhz
- Số khe ram: 2 khe
- Ổ cứng: SSD 256GB NVMe
- Kích thước màn hình: 15.6 inches
- Công nghệ màn hình: 15.6 inch FHD (1920 x 1080) 250 nits WVA Anti- Glare LED Backlit Narrow Border Display
- Pin: 3 Cell, 41 Wh
- Hệ điều hành: Windows 11 Home
- Độ phân giải màn hình: 1920 x 1080 pixels (FullHD)
- Loại CPU: Intel Core i5-1335U (tối đa 4.60 GHz, 12MB)
- Cổng giao tiếp: 1 x Ethernet RJ-451 USB 3.2 Gen 1 port1 USB 2.0 port1 USB 3.2 Gen 1 Type-C® port1 USB 3.2 Gen 1 Type-C® port with DisplayPort Alt Mode 1.4/Power Delivery1 Universal audio port1 HDMI 1.4 port","Mua Laptop Dell Vostro 3530 V5I5267W1 cũ giá rẻ - Nguồn gốc rõ ràng, bảo hành 6-12 tháng, đổi mới 30 ngày, luôn xuất bán đầy đủ VAT.",Laptop,9390000,Lenovo,2,175,0,2025-12-19 14:57:25,2026-03-29 12:13:07
9,Laptop Lenovo Thinkbook X G2 IAH 21TU0002CD - Cũ Đẹp,"Mua Laptop Lenovo Thinkbook X G2 IAH 21TU0002CD cũ giá rẻ - Nguồn gốc rõ ràng, bảo hành 6-12 tháng, đổi mới 30 ngày, luôn xuất bán đầy đủ VAT.","- Chip AI: Intel AI Boost
- Loại card đồ họa: Intel® Arc™ 140T
- Dung lượng RAM: 32GB
- Loại RAM: LPDDR5x 8400MHz
- Ổ cứng: 1TB PCIe NVMe M.2 SSD gen 4
- Kích thước màn hình: 13.5 inches
- Công nghệ màn hình: 13.5 inch, 2.8K (2880x1920), IPS, 500 nits, 120Hz, 100% sRGB
- Pin: 4 cell 74whr
- Hệ điều hành: Windows 11
- Độ phân giải màn hình: 2880 x 1920 pixels
- Loại CPU: Intel® Core™ Ultra 5 225H (14 nhân 14 luồng, xung nhịp tối đa có thể đạt P-core 4.9GHz / E-core 4.3GHz, 18 MB Intel® Smart Cache)
- Cổng giao tiếp: 3x USB Type-C1x 3.5mm headphone/microphone combo jack","Mua Laptop Lenovo Thinkbook X G2 IAH 21TU0002CD cũ giá rẻ - Nguồn gốc rõ ràng, bảo hành 6-12 tháng, đổi mới 30 ngày, luôn xuất bán đầy đủ VAT.",Laptop,21290000,Lenovo,0,197,0,2024-09-14 18:25:35,2026-03-29 12:13:07
10,Laptop Lenovo ThinkPad P16V Gen 1 21FC001YUS - Cũ Trầy Xước,"Mua Laptop Lenovo ThinkPad P16V Gen 1 21FC001YUS cũ giá rẻ - Nguồn gốc rõ ràng, bảo hành 6-12 tháng, đổi mới 30 ngày, luôn xuất bán đầy đủ VAT.","- Loại card đồ họa: NVIDIA® RTX A500 4GB GDDR6
- Dung lượng RAM: 64GB
- Loại RAM: DDR5
- Ổ cứng: M2.2280 512GB
- Kích thước màn hình: 16 inches
- Công nghệ màn hình: Full HD (1920x1200)IPS300nitsAntiglare100% sRGB
- Pin: Integrated Li-Polymer 90Wh battery
- Hệ điều hành: Windows 11 Pro
- Độ phân giải màn hình: 1920 x 1200 pixels
- Loại CPU: 13th Generation Intel® Core™ i7 13700H Processor Base Frequency 3.70GHz, Max Turbo 5.00GHz ( 14 Cores, 20 Threads, 24MB Smart Cache)
- Cổng giao tiếp: 2x USB 3.2 Gen 1 (one Always On)2x Thunderbolt™ 4 / USB4® 40Gbps (support data transfer, Power Delivery 3.0 and DisplayPort™ 1.4)1x HDMI® 2.1, up to 8K/60Hz1x Headphone / microphone combo jack (3.5mm)1x SD Express 7.0 card reader1x Sec","Mua Laptop Lenovo ThinkPad P16V Gen 1 21FC001YUS cũ giá rẻ - Nguồn gốc rõ ràng, bảo hành 6-12 tháng, đổi mới 30 ngày, luôn xuất bán đầy đủ VAT.",Laptop,21090000,Lenovo,0,139,0,2025-03-14 10:11:00,2026-03-29 12:13:07
11,Laptop Lenovo Thinkpad Z16 Gen 1 21D4000CUS - Cũ Trầy Xước,"Mua Laptop Lenovo Thinkpad Z16 Gen 1 21D4000CUS cũ giá rẻ - Nguồn gốc rõ ràng, bảo hành 6-12 tháng, đổi mới 30 ngày, luôn xuất bán đầy đủ VAT.","- Loại card đồ họa: AMD Radeon™ 680M
- Dung lượng RAM: 16GB
- Loại RAM: LPDDR5 6400MHz
- Ổ cứng: SSD 512GB M.2 2280 PCIe® 4.0 (Nâng cấp)
- Kích thước màn hình: 16 inches
- Công nghệ màn hình: 16&quot; WUXGA (1920x1200) Non-touch, IPS, 400nits, Anti-glare, 16:10, 100% sRGB, 60Hz, Low power, TÜV Low Blue Light
- Pin: 72Wh
- Hệ điều hành: Windows 11
- Độ phân giải màn hình: 1920 x 1200 pixels (WUXGA)
- Loại CPU: AMD Ryzen™ 7 PRO 6850H (8 Cores, 16 Threads, 3,2 GHz Base, 4,7 GHz Turbo, 16MB Cache)
- Cổng giao tiếp: 1 x combo jack (3,5mm)1 x đầu đọc thẻ SD1 x USB-C® 3.2 Gen 22 x USB4® 40Gbps (hỗ trợ truyền dữ liệu, Power Delivery 3.0 và DisplayPort™ 1.4a)","Mua Laptop Lenovo Thinkpad Z16 Gen 1 21D4000CUS cũ giá rẻ - Nguồn gốc rõ ràng, bảo hành 6-12 tháng, đổi mới 30 ngày, luôn xuất bán đầy đủ VAT.",Laptop,13290000,Lenovo,0,161,0,2024-04-09 03:06:59,2026-03-29 12:13:07
12,Laptop MSI Gaming GF63 Thin 10SC-813VN - Cũ Trầy Xước,"Mua Laptop MSI Gaming GF63 Thin 10SC-813VN cũ giá rẻ - Nguồn gốc rõ ràng, bảo hành 6-12 tháng, đổi mới 30 ngày, luôn xuất bán đầy đủ VAT.","- Loại card đồ họa: NVIDIA GeForce GTX 1650 4GB
- Dung lượng RAM: 16GB
- Loại RAM: LPDDR5x 8400MHz
- Ổ cứng: SSD 512GB
- Kích thước màn hình: 15.6 inches
- Công nghệ màn hình: 15.6 inch Full HDIPSViền màn hình siêu mỏng
- Pin: 7 giờ
- Hệ điều hành: Windows 10
- Loại CPU: Intel Core i7 10750H thế hệ 10 xung nhịp 2,60 GHz Turbo Boost 5,00 GHz, bộ nhớ đệm 12MB, 6 nhân 12 luồng","Mua Laptop MSI Gaming GF63 Thin 10SC-813VN cũ giá rẻ - Nguồn gốc rõ ràng, bảo hành 6-12 tháng, đổi mới 30 ngày, luôn xuất bán đầy đủ VAT.",Laptop,8990000,MSI,2,118,0,2024-04-03 10:58:21,2026-03-29 12:13:07
13,Máy tính bảng Huawei MatePad Pro 12.2 2025 12GB 512GB - Cũ trầy xước,"Mua máy tính bảng Huawei MatePad Pro 2025 cũ giá rẻ - Nguồn gốc rõ ràng, bảo hành 6-12 tháng, đổi mới 30 ngày, luôn xuất bán đầy đủ VAT.","- Kích thước màn hình: 12.2 inches
- Công nghệ màn hình: Tandem OLED PaperMatte
- Camera sau: 50 MP (f/1.8, AF) + 8 MP góc rộng (f/2.2, FF)
- Camera trước: 8 MP (f/2.0, FF)
- Dung lượng RAM: 12 GB
- Bộ nhớ trong: 512 GB
- Pin: 10.100 mAh
- Hệ điều hành: HarmonyOS 4.3
- Độ phân giải màn hình: 2800 x 1840 pixels
- Tính năng màn hình: 1.07 tỷ màu2000 nitsGam màu rộng P3274 ppiĐộ tương phản 2,000,000:1
- Tương thích: Bút cảm ứng Huawei M-PencilBàn phím trượt Huawei Glide","Mua máy tính bảng Huawei MatePad Pro 2025 cũ giá rẻ - Nguồn gốc rõ ràng, bảo hành 6-12 tháng, đổi mới 30 ngày, luôn xuất bán đầy đủ VAT.",Khác,12690000,Huawei,2,46,0,2026-02-01 05:41:32,2026-03-29 12:13:07
14,Ốp lưng iPhone 11 Pro Max Likgus BVC Clear,"Mua Ốp lưng iPhone 11 Pro Max Likgus BVC Clear chính hãng - Giá rẻ, đảm bảo chất lượng, độ bền cao, hỗ trợ giao hàng tận nơi toàn quốc.","- Dòng sản phẩm: iPhone 11 Pro max
- Phân loại ốp: Chống sốc, Ốp trong
- Tính năng: Siêu mỏng, Chống sốc, va đập, Chống trầy xước
- Hãng sản xuất: Likgus","Mua Ốp lưng iPhone 11 Pro Max Likgus BVC Clear chính hãng - Giá rẻ, đảm bảo chất lượng, độ bền cao, hỗ trợ giao hàng tận nơi toàn quốc.",Điện thoại,110000,Likgus,0,85,0,2024-10-26 11:57:43,2026-03-29 12:13:07
15,Ốp lưng iPhone 12 Pro Max Likgus with Magsafe Clear,"Mua Ốp lưng iPhone 12 Pro Max Likgus with Magsafe Clear chính hãng - Giá rẻ, đảm bảo chất lượng, độ bền cao, hỗ trợ giao hàng tận nơi toàn quốc.","- Dòng sản phẩm: iPhone 12 Pro Max
- Phân loại ốp: Chống sốc, Ốp trong
- Tính năng: Hỗ trợ sạc MagSafe, Hỗ trợ sạc không dây, Siêu mỏng, Chống sốc, va đập, Chống trầy xước
- Hãng sản xuất: Likgus","Mua Ốp lưng iPhone 12 Pro Max Likgus with Magsafe Clear chính hãng - Giá rẻ, đảm bảo chất lượng, độ bền cao, hỗ trợ giao hàng tận nơi toàn quốc.",Điện thoại,150000,Likgus,0,122,0,2024-07-09 05:30:34,2026-03-29 12:13:07
16,Ốp lưng iPhone 14 Pro ESR Air Armor Clear,"Mua Ốp lưng iPhone 14 Pro ESR Air Armor Clear chính hãng - Giá rẻ, đảm bảo chất lượng, độ bền cao, hỗ trợ giao hàng tận nơi toàn quốc.","- Dòng sản phẩm: iPhone 14 Pro
- Phân loại ốp: Chống sốc, Ốp trong, Ốp nhựa cứng
- Tính năng: Chống sốc, va đập, Chống trầy xước
- Hãng sản xuất: ESR","Mua Ốp lưng iPhone 14 Pro ESR Air Armor Clear chính hãng - Giá rẻ, đảm bảo chất lượng, độ bền cao, hỗ trợ giao hàng tận nơi toàn quốc.",Điện thoại,99000,ESR,0,32,0,2026-02-01 12:46:10,2026-03-29 12:13:07
17,Ốp lưng iPhone 14 Pro Itskins Ballistic R Nylon,"Mua Ốp lưng iPhone 14 Pro Itskins Ballistic R Nylon chính hãng - Giá rẻ, đảm bảo chất lượng, độ bền cao, hỗ trợ giao hàng tận nơi toàn quốc","- Dòng sản phẩm: iPhone 14 Pro
- Phân loại ốp: Chống sốc
- Tính năng: Siêu mỏng, Chống sốc, va đập, Chống trầy xước
- Hãng sản xuất: Itskins","Mua Ốp lưng iPhone 14 Pro Itskins Ballistic R Nylon chính hãng - Giá rẻ, đảm bảo chất lượng, độ bền cao, hỗ trợ giao hàng tận nơi toàn quốc",Điện thoại,99000,Itskins,0,56,0,2025-12-27 16:41:58,2026-03-29 12:13:07
18,Ốp lưng iPhone 14 Pro TGVIS Space Cool Sky,"Mua Ốp lưng iPhone 14 Pro TGVIS Space Cool Sky chính hãng - Giá rẻ, đảm bảo chất lượng, độ bền cao, bảo hành uy tín, giao hàng tận nơi toàn quốc.","- Dòng sản phẩm: iPhone 14 Pro
- Phân loại ốp: Chống sốc, Ốp dẻo
- Tính năng: Chống sốc, va đập, Chống trầy xước
- Hãng sản xuất: TGVIS","Mua Ốp lưng iPhone 14 Pro TGVIS Space Cool Sky chính hãng - Giá rẻ, đảm bảo chất lượng, độ bền cao, bảo hành uy tín, giao hàng tận nơi toàn quốc.",Điện thoại,99000,TGVIS,2,56,0,2024-09-27 01:12:05,2026-03-29 12:13:07
19,Ốp lưng iPhone 14 Pro TGVIS Space Space Man,"Mua Ốp lưng iPhone 14 Pro TGVIS Space Space Man chính hãng - Giá rẻ, đảm bảo chất lượng, độ bền cao, bảo hành uy tín, giao hàng tận nơi toàn quốc.","- Dòng sản phẩm: iPhone 14 Pro
- Phân loại ốp: Chống sốc, Ốp dẻo
- Tính năng: Hỗ trợ sạc không dây, Chống sốc, va đập, Chống trầy xước
- Hãng sản xuất: TGVIS","Mua Ốp lưng iPhone 14 Pro TGVIS Space Space Man chính hãng - Giá rẻ, đảm bảo chất lượng, độ bền cao, bảo hành uy tín, giao hàng tận nơi toàn quốc.",Điện thoại,99000,TGVIS,2,54,0,2026-03-07 07:41:26,2026-03-29 12:13:07
20,Ốp lưng iPhone 15 Likgus with Magsafe Clear,"Mua Ốp lưng iPhone 15 Likgus with Magsafe Clear chính hãng - Giá rẻ, đảm bảo chất lượng, độ bền cao, hỗ trợ giao hàng tận nơi toàn quốc.","- Dòng sản phẩm: iPhone 15
- Phân loại ốp: Chống sốc, Ốp trong
- Tính năng: Hỗ trợ sạc MagSafe, Hỗ trợ sạc không dây, Siêu mỏng, Chống sốc, va đập, Chống trầy xước
- Hãng sản xuất: Likgus","Mua Ốp lưng iPhone 15 Likgus with Magsafe Clear chính hãng - Giá rẻ, đảm bảo chất lượng, độ bền cao, hỗ trợ giao hàng tận nơi toàn quốc.",Điện thoại,140000,Likgus,0,129,0,2024-07-15 02:56:50,2026-03-29 12:13:07
21,Ốp lưng iPhone 15 Pro Araree Nukin Clear,"Mua Ốp lưng iPhone 15 Pro Araree Nukin Clear chính hãng - Giá rẻ, đảm bảo","- Chất liệu: Polycarbonate
- Dòng sản phẩm: iPhone 15 Pro
- Phân loại ốp: Chống sốc, Ốp trong
- Tính năng: Siêu mỏng, Chống sốc, va đập, Chống ngả màu, Chống trầy xước
- Hãng sản xuất: Araree","Mua Ốp lưng iPhone 15 Pro Araree Nukin Clear chính hãng - Giá rẻ, đảm bảo",Điện thoại,150000,Araree,0,57,0,2024-06-30 07:45:37,2026-03-29 12:13:07
22,Ốp lưng iPhone 15 Pro JCPal DualPro with Magsafe Clear,"Mua ngay Ốp lưng iPhone 15 Pro JCPal DualPro with Magsafe Clear chính hãng - Giá rẻ, đảm bảo chất lượng, độ bền cao, hỗ trợ giao hàng tận nơi toàn quốc.","- Chất liệu: PC &amp; TPU trong suốt
- Dòng sản phẩm: iPhone 15 Pro
- Phân loại ốp: Chống sốc, Ốp trong
- Tính năng: Hỗ trợ sạc MagSafe, Hỗ trợ sạc không dây, Chống sốc, va đập, Chống trầy xước
- Hãng sản xuất: JCPal","Mua ngay Ốp lưng iPhone 15 Pro JCPal DualPro with Magsafe Clear chính hãng - Giá rẻ, đảm bảo chất lượng, độ bền cao, hỗ trợ giao hàng tận nơi toàn quốc.",Điện thoại,150000,JCPal,0,125,0,2025-06-05 06:55:10,2026-03-29 12:13:07
23,Ốp lưng iPhone 15 Pro Jinya T-Stand with Magsafe,"Mua Ốp lưng iPhone 15 Pro Jinya T-Stand with Magsafe chính hãng - Giá rẻ, đảm bảo chất lượng, độ bền cao, hỗ trợ giao hàng tận nơi toàn quốc.","- Dòng sản phẩm: iPhone 15 Pro
- Phân loại ốp: Chống sốc, Ốp trong, Ốp nhựa cứng
- Tính năng: Hỗ trợ sạc MagSafe, Hỗ trợ sạc không dây, Có chân đứng, Chống sốc, va đập, Chống trầy xước
- Hãng sản xuất: Jinya","Mua Ốp lưng iPhone 15 Pro Jinya T-Stand with Magsafe chính hãng - Giá rẻ, đảm bảo chất lượng, độ bền cao, hỗ trợ giao hàng tận nơi toàn quốc.",Điện thoại,150000,Jinya,0,63,0,2024-09-13 13:54:14,2026-03-29 12:13:07
24,Ốp lưng iPhone 15 Pro Max Araree Duple Clear,"Mua Ốp lưng iPhone 15 Pro Max Araree Duple Clear chính hãng - Giá rẻ, đảm bảo","- Chất liệu: TPU + Polycarbonate
- Dòng sản phẩm: iPhone 15 Pro Max
- Phân loại ốp: Chống sốc, Ốp trong
- Tính năng: Hỗ trợ sạc không dây, Siêu mỏng, Chống sốc, va đập, Chống ngả màu, Chống trầy xước
- Hãng sản xuất: Araree","Mua Ốp lưng iPhone 15 Pro Max Araree Duple Clear chính hãng - Giá rẻ, đảm bảo",Điện thoại,150000,Araree,0,139,0,2024-08-12 19:37:19,2026-03-29 12:13:07
25,Ốp lưng iPhone 15 Pro Max Likgus With Magsafe,"Mua Ốp lưng iPhone 15 Pro Max Likgus With Magsafe chính hãng - Giá rẻ, đảm bảo chất lượng, độ bền cao, hỗ trợ giao hàng tận nơi toàn quốc.","- Dòng sản phẩm: iPhone 15 Pro Max
- Phân loại ốp: Chống sốc, Ốp trong
- Tính năng: Hỗ trợ sạc MagSafe, Hỗ trợ sạc không dây, Siêu mỏng, Chống sốc, va đập, Chống trầy xước
- Hãng sản xuất: Likgus","Mua Ốp lưng iPhone 15 Pro Max Likgus With Magsafe chính hãng - Giá rẻ, đảm bảo chất lượng, độ bền cao, hỗ trợ giao hàng tận nơi toàn quốc.",Điện thoại,150000,Likgus,0,72,0,2024-10-04 03:25:07,2026-03-29 12:13:07
26,Ốp lưng iPhone 15 Pro Max TGVIS Art,"Mua Ốp lưng iPhone 15 Pro Max TGVIS Art chính hãng - Giá rẻ, đảm bảo chất lượng, độ bền cao, hỗ trợ giao hàng tận nơi toàn quốc.","- Chất liệu: TPU+ PC+ Metal
- Dòng sản phẩm: iPhone 15 Pro Max
- Phân loại ốp: Chống sốc
- Tính năng: Siêu mỏng, Có chân đứng, Chống sốc, va đập, Chống trầy xước
- Hãng sản xuất: TGVIS","Mua Ốp lưng iPhone 15 Pro Max TGVIS Art chính hãng - Giá rẻ, đảm bảo chất lượng, độ bền cao, hỗ trợ giao hàng tận nơi toàn quốc.",Điện thoại,150000,TGVIS,2,74,0,2025-02-05 13:30:07,2026-03-29 12:13:07
27,Ốp lưng iPhone 15 Pro TGVIS Art,"Mua Ốp lưng iPhone 15 Pro TGVIS Art chính hãng - Giá rẻ, đảm bảo chất lượng, độ bền cao, hỗ trợ giao hàng tận nơi toàn quốc.","- Chất liệu: TPU+ PC+ Metal
- Dòng sản phẩm: iPhone 15 Pro
- Phân loại ốp: Chống sốc
- Tính năng: Siêu mỏng, Có chân đứng, Chống sốc, va đập, Chống trầy xước
- Hãng sản xuất: TGVIS","Mua Ốp lưng iPhone 15 Pro TGVIS Art chính hãng - Giá rẻ, đảm bảo chất lượng, độ bền cao, hỗ trợ giao hàng tận nơi toàn quốc.",Điện thoại,150000,TGVIS,2,149,0,2025-11-05 00:39:15,2026-03-29 12:13:07
28,PC Rosa Office 3200G,"Mua ngay PC Rosa Office 3200G giá rẻ - Hỗ trợ trả góp 0%, đổi mới 30 ngày, bảo hành chính hãng, giao hàng tận nơi miễn phí.","- Loại card đồ họa: Radeon Vega 8
- Dung lượng RAM: 32GB
- Loại RAM: DDR4 8GB 3200Hz
- Số khe ram: 1 x 8GB
- Ổ cứng: SSD 240G/256G 2.5&quot; SATA
- Tản nhiệt: Wraith Stealth
- Hệ điều hành: Window 11 Pro
- Loại CPU: AMD Ryzen 3 3200G","Mua ngay PC Rosa Office 3200G giá rẻ - Hỗ trợ trả góp 0%, đổi mới 30 ngày, bảo hành chính hãng, giao hàng tận nơi miễn phí.",Khác,8290000,Hãng khác,0,89,0,2025-07-09 17:29:28,2026-03-29 12:13:07
29,PC Rosa Office 5500GT,"Mua ngay PC Rosa Office 5500GT giá rẻ - Hỗ trợ trả góp 0%, đổi mới 30 ngày, bảo hành chính hãng, giao hàng tận nơi miễn phí.","- Loại card đồ họa: Radeon Vega 8
- Dung lượng RAM: 32GB
- Loại RAM: DDR4 8GB 3200Hz
- Số khe ram: 1 x 8GB
- Ổ cứng: SSD 240G/256G 2.5&quot; SATA
- Mainboard: AMD A520
- Tản nhiệt: Wraith Stealth
- Hệ điều hành: Window 11 Pro
- Loại CPU: AMD Ryzen 3 5500GT","Mua ngay PC Rosa Office 5500GT giá rẻ - Hỗ trợ trả góp 0%, đổi mới 30 ngày, bảo hành chính hãng, giao hàng tận nơi miễn phí.",Khác,10690000,Hãng khác,0,8,0,2025-09-07 20:22:33,2026-03-29 12:13:07
30,Apple Watch Ultra 2 2024 49mm 4G Viền Titan Dây Cao Su - Cũ Xước Cấn,"Mua Apple Watch Ultra 2 2024 49mm Viền Titan Dây Cao Su cũ giá rẻ - Nguồn gốc rõ ràng, bảo hành 6-12 tháng, đổi mới 30 ngày, luôn xuất bán đầy đủ VAT.","- Công nghệ màn hình: Retina LTPO2 OLEDĐộ sáng 3000 nit
- Kích thước màn hình: 1185 mm
- Đường kính mặt: 49 mm
- Kích thước cổ tay phù hợp: 13 – 20 cm
- Nghe,gọi: Nghe gọi qua eSim
- Tiện ích sức khoẻ: Chế độ luyện tập, Theo dõi giấc ngủ, Đo nhịp tim, Đo lượng oxy trong máu, Đếm bước chân, Tính calo tiêu thụ, Tính quãng đường chạy, Đo mức độ stress, Cảm biến nhiệt độ, Phát hiện té ngã, Cảnh báo nhịp tim bất thường, Đo điện tâm đồ, Đo VO2 max (Đo lượng tiêu thụ oxy tối đa), Theo dõi chu kỳ
- Tương thích: iOS 18 trở lên
- Thời lượng pin: Lên đến 36 giờ khi sử dụng bình thườngLên đến 72 giờ ở Chế Độ Nguồn Điện Thấp
- Hãng sản xuất: Apple Chính hãng","Mua Apple Watch Ultra 2 2024 49mm Viền Titan Dây Cao Su cũ giá rẻ - Nguồn gốc rõ ràng, bảo hành 6-12 tháng, đổi mới 30 ngày, luôn xuất bán đầy đủ VAT.",Khác,13690000,Apple Chính hãng,2,57,0,2024-11-28 04:02:59,2026-03-29 12:13:07
31,Bàn di chuột Asus Rog Strix Edge,"Mua Bàn di chuột Asus Rog Strix Edge chính hãng - Giá rẻ, đảm bảo chất lượng, độ bền cao, hỗ trợ giao hàng tận nơi toàn quốc.","- Hãng sản xuất: ASUS
- Chất liệu: VảiCao su","Mua Bàn di chuột Asus Rog Strix Edge chính hãng - Giá rẻ, đảm bảo chất lượng, độ bền cao, hỗ trợ giao hàng tận nơi toàn quốc.",Phụ kiện,350000,ASUS,2,177,0,2024-06-05 07:15:19,2026-03-29 12:13:07
32,Bàn phím cơ có dây E-Dra EK316 đen,"Mua Bàn phím cơ có dây E-Dra EK316 đen chính hãng - Giá rẻ, đảm bảo chất lượng, độ bền cao, hỗ trợ giao hàng tận nơi toàn quốc.","- Loại bàn phím: Full-size
- Số phím: 104 phím
- Tương thích: Windows
- Kết nối: Dây USB-A
- Khoảng cách kết nối (Độ dài dây): 1.5 mét
- Đèn LED: LED Rainbow
- Hãng sản xuất: E-dra","Mua Bàn phím cơ có dây E-Dra EK316 đen chính hãng - Giá rẻ, đảm bảo chất lượng, độ bền cao, hỗ trợ giao hàng tận nơi toàn quốc.",Phụ kiện,590000,E-dra,2,77,0,2025-02-08 19:26:14,2026-03-29 12:13:07
33,Bàn phím cơ có dây Rapoo V501-87 đen xám cam,"Mua ngay Bàn phím cơ có dây Rapoo V501-87 đen xám cam chính hãng, giá ưu đãi, bảo hành chính hãng, miễn phí giao hàng tận nơi.","- Loại bàn phím: Tenkeylesss 80%
- Số phím: 87 Phím
- Phím đặc biệt: Phím MultimediaKnob xoay
- Tương thích: Windows 10/11
- Kết nối: Kết nối có dây USB
- Đèn LED: LED RGB, 20 chế độ khác nhau
- Hãng sản xuất: Rapoo","Mua ngay Bàn phím cơ có dây Rapoo V501-87 đen xám cam chính hãng, giá ưu đãi, bảo hành chính hãng, miễn phí giao hàng tận nơi.",Phụ kiện,549000,Rapoo,80,94,0,2024-04-30 15:15:42,2026-03-29 12:13:07
34,Bàn phím cơ gaming E-Dra EK3104K đen,"Mua Bàn phím cơ gaming E-Dra EK3104K đen chính hãng - Giá rẻ, đảm bảo chất lượng, độ bền cao, hỗ trợ giao hàng tận nơi toàn quốc.","- Loại bàn phím: Full-size
- Số phím: 104 phím + 3 phím đa phương tiện
- Phím đặc biệt: Nút Xoay Knob
- Tương thích: Windows
- Kết nối: Dây USB-A to C
- Khoảng cách kết nối (Độ dài dây): 1.5 mét
- Đèn LED: LED Rainbow
- Hãng sản xuất: E-dra","Mua Bàn phím cơ gaming E-Dra EK3104K đen chính hãng - Giá rẻ, đảm bảo chất lượng, độ bền cao, hỗ trợ giao hàng tận nơi toàn quốc.",Phụ kiện,590000,E-dra,2,36,0,2024-11-08 14:36:56,2026-03-29 12:13:07
35,Bàn phím cơ gaming E-Dra EK315X đen xám,"Mua Bàn phím cơ gaming E-Dra EK315X đen xám chính hãng - Giá rẻ, đảm bảo chất lượng, độ bền cao, hỗ trợ giao hàng tận nơi toàn quốc.","- Loại bàn phím: Full-size
- Số phím: 104 phím
- Tương thích: Win XP, Win7, Win8, Win10.
- Kết nối: USB 2.4GhzDây USB-A to C
- Khoảng cách kết nối (Độ dài dây): Có dây: 1.8 métKhông dây: 10 mét
- Đèn LED: LED Rainbow
- Hãng sản xuất: E-dra","Mua Bàn phím cơ gaming E-Dra EK315X đen xám chính hãng - Giá rẻ, đảm bảo chất lượng, độ bền cao, hỗ trợ giao hàng tận nơi toàn quốc.",Phụ kiện,690000,E-dra,2,17,0,2025-02-18 12:22:03,2026-03-29 12:13:07
36,Bàn phím cơ gaming E-Dra EK315X xám đen,"Mua Bàn phím cơ gaming E-Dra EK315X xám đen chính hãng - Giá rẻ, đảm bảo chất lượng, độ bền cao, hỗ trợ giao hàng tận nơi toàn quốc.","- Loại bàn phím: Full-size
- Số phím: 104 phím
- Tương thích: Win XP, Win7, Win8, Win10.
- Kết nối: USB 2.4GhzDây USB-A to C
- Khoảng cách kết nối (Độ dài dây): Có dây: 1.8 métKhông dây: 10 mét
- Đèn LED: LED Rainbow
- Hãng sản xuất: E-dra","Mua Bàn phím cơ gaming E-Dra EK315X xám đen chính hãng - Giá rẻ, đảm bảo chất lượng, độ bền cao, hỗ trợ giao hàng tận nơi toàn quốc.",Phụ kiện,690000,E-dra,2,130,0,2026-01-12 02:13:40,2026-03-29 12:13:07
37,Bàn phím cơ gaming E-Dra EK398PROV2 đen,"Mua bàn phím cơ gaming E-Dra EK398PROV2 đen chính hãng - Giá rẻ, đảm bảo chất lượng, độ bền cao, hỗ trợ giao hàng tận nơi toàn quốc.","- Loại bàn phím: Full-size
- Số phím: 97 phím
- Phím đặc biệt: Tích hợp núm xoay
- Tương thích: Windows 98 / 2000 / ME / NT / XP / win 7,8,10
- Kết nối: USB 2.4GhzBluetoothDây USB-A to C
- Khoảng cách kết nối (Độ dài dây): Không dây: 10 métCó dây: 1.5 mét
- Đèn LED: LED RGB
- Hãng sản xuất: E-dra","Mua bàn phím cơ gaming E-Dra EK398PROV2 đen chính hãng - Giá rẻ, đảm bảo chất lượng, độ bền cao, hỗ trợ giao hàng tận nơi toàn quốc.",Phụ kiện,1190000,E-dra,2,157,0,2025-07-09 18:45:03,2026-03-29 12:13:07
38,Bàn phím cơ gaming E-Dra EK398X Alpha đen xám,"Mua Bàn phím cơ gaming E-Dra EK398X Alpha đen xám chính hãng - Giá rẻ, đảm bảo chất lượng, độ bền cao, hỗ trợ giao hàng tận nơi toàn quốc.","- Loại bàn phím: Full-size
- Số phím: 99 phím
- Tương thích: Windows 98 / 2000 / ME / NT / XP / win 7,8,10
- Kết nối: Dây USB-A
- Đèn LED: LED Rainbow
- Hãng sản xuất: E-dra","Mua Bàn phím cơ gaming E-Dra EK398X Alpha đen xám chính hãng - Giá rẻ, đảm bảo chất lượng, độ bền cao, hỗ trợ giao hàng tận nơi toàn quốc.",Phụ kiện,690000,E-dra,2,182,0,2024-09-06 12:34:34,2026-03-29 12:13:07
39,Bàn phím cơ gaming E-Dra EK398X Beta đen xám,"Mua Bàn phím cơ gaming E-Dra EK398X Beta đen xám chính hãng - Giá rẻ, đảm bảo chất lượng, độ bền cao, hỗ trợ giao hàng tận nơi toàn quốc.","- Loại bàn phím: Full-size
- Số phím: 99 phím
- Tương thích: Windows 98 / 2000 / ME / NT / XP / win 7,8,10
- Kết nối: Dây USB-A
- Đèn LED: LED Rainbow
- Hãng sản xuất: E-dra","Mua Bàn phím cơ gaming E-Dra EK398X Beta đen xám chính hãng - Giá rẻ, đảm bảo chất lượng, độ bền cao, hỗ trợ giao hàng tận nơi toàn quốc.",Phụ kiện,690000,E-dra,2,52,0,2025-10-09 10:05:05,2026-03-29 12:13:07
40,Chuột có dây E-dra EM6102,"Mua chuột có dây E-dra EM6102 chính hãng - Giá rẻ, đảm bảo chất lượng, độ bền cao, hỗ trợ giao hàng tận nơi toàn quốc.","- Tương thích: Windows 98 / 2000 / ME / NT / XP / win 7
- Độ phân giải: 1200/1600/2400/3600 DPI
- Kết nối: Dây USB-A
- Khoảng cách kết nối (Độ dài dây): 1.75 mét
- Đèn LED: LED Rainbow
- Hãng sản xuất: E-dra","Mua chuột có dây E-dra EM6102 chính hãng - Giá rẻ, đảm bảo chất lượng, độ bền cao, hỗ trợ giao hàng tận nơi toàn quốc.",Phụ kiện,160000,E-dra,2,119,0,2024-09-29 23:11:41,2026-03-29 12:13:07
41,Chuột có dây E-dra EM6102PRO,"Mua chuột có dây E-dra EM6102PRO chính hãng - Giá rẻ, đảm bảo chất lượng, độ bền cao, hỗ trợ giao hàng tận nơi toàn quốc.","- Tương thích: Windows 98 / 2000 / ME / NT / XP / win 7
- Độ phân giải: 1000/2000/3000/5000/7000/10000 DPI
- Kết nối: Dây USB-A
- Khoảng cách kết nối (Độ dài dây): 1.5 mét
- Đèn LED: LED RGB
- Hãng sản xuất: E-dra","Mua chuột có dây E-dra EM6102PRO chính hãng - Giá rẻ, đảm bảo chất lượng, độ bền cao, hỗ trợ giao hàng tận nơi toàn quốc.",Phụ kiện,295000,E-dra,2,29,0,2024-10-16 17:05:22,2026-03-29 12:13:07
42,Chuột gaming không dây E-dra EM623W,"Mua chuột gaming không dây E-dra EM623W chính hãng - Giá rẻ, đảm bảo chất lượng, độ bền cao, hỗ trợ giao hàng tận nơi toàn quốc.","- Tương thích: Windows 7/8/10/11
- Độ phân giải: 1200/2400/3200 DPI
- Kết nối: Wireless 2.4Ghz + Bluetooth
- Khoảng cách kết nối (Độ dài dây): 10 mét
- Đèn LED: LED RGB
- Hãng sản xuất: E-dra","Mua chuột gaming không dây E-dra EM623W chính hãng - Giá rẻ, đảm bảo chất lượng, độ bền cao, hỗ trợ giao hàng tận nơi toàn quốc.",Phụ kiện,280000,E-dra,2,128,0,2025-04-16 20:57:55,2026-03-29 12:13:07
43,Chuột gaming không dây E-dra EM631W,"Mua chuột gaming không dây E-dra EM631W chính hãng - Giá rẻ, đảm bảo chất lượng, độ bền cao, hỗ trợ giao hàng tận nơi toàn quốc.","- Tương thích: Windows 98 / 2000 / ME / NT / XP / win 7/ win 8/ win 10/ win 11
- Độ phân giải: 1200/2400/3200/4800/8000 DPI
- Kết nối: Dây USB-A to C + 2.4Ghz + Bluetooth
- Khoảng cách kết nối (Độ dài dây): Không dây: 10 métCó dây: 1.6 mét
- Đèn LED: LED RGB
- Hãng sản xuất: E-dra","Mua chuột gaming không dây E-dra EM631W chính hãng - Giá rẻ, đảm bảo chất lượng, độ bền cao, hỗ trợ giao hàng tận nơi toàn quốc.",Phụ kiện,310000,E-dra,2,84,0,2025-01-02 21:30:04,2026-03-29 12:13:07
44,OPPO A6t 6GB 256GB - Cũ đẹp,"Mua OPPO A6t 6GB 256GB cũ giá rẻ - Nguồn gốc rõ ràng, bảo hành 6-12 tháng, đổi mới 30 ngày, luôn xuất bán đầy đủ VAT.","- Kích thước màn hình: 6.75 inches
- Công nghệ màn hình: LCD
- Camera sau: 13MP + QVGA, f/2.2 + f/3.0
- Camera trước: 5MP, f/2.2
- Chipset: Qualcomm Snapdragon 685
- Công nghệ NFC: Có
- Dung lượng RAM: 6 GB
- Bộ nhớ trong: 256 GB
- Pin: 6100mAh
- Thẻ SIM: 2 Nano-SIM
- Hệ điều hành: ColorOS 15, nền tảng Android 15
- Tính năng màn hình: Kính cường lực Panda, Độ sáng: 1125 nits, 16.7 triệu màu
- Loại CPU: Qualcomm Snapdragon 685, tối đa 2.8GHz","Mua OPPO A6t 6GB 256GB cũ giá rẻ - Nguồn gốc rõ ràng, bảo hành 6-12 tháng, đổi mới 30 ngày, luôn xuất bán đầy đủ VAT.",Điện thoại,3990000,OPPO,2,127,0,2025-01-28 01:35:35,2026-03-29 12:13:07
45,Samsung Galaxy A57 5G 8GB 128GB - Đã kích hoạt,"Mua Samsung Galaxy A57 đã kích hoạt bảo hành, đổi mới 30 ngày, có trả góp 0%","- Kích thước màn hình: 6.7 inches
- Công nghệ màn hình: Super AMOLED Plus
- Camera sau: Camera chính: 50MPGóc siêu rộng 12MPMacro 5MP
- Camera trước: 12MP
- Chipset: Exynos 1680
- Công nghệ NFC: Có
- Dung lượng RAM: 8 GB
- Bộ nhớ trong: 128 GB
- Pin: 5000 mAh
- Hệ điều hành: Android 16
- Độ phân giải màn hình: 1080 x 2340 pixels (FullHD+)
- Tính năng màn hình: Tần số quét: 120Hz16 triệu màu1900 nits
- Loại CPU: 1 nhân 2.9 GHz, 3 nhân 2.6 GHz &amp; 4 nhân 1.95 GHz","Mua Samsung Galaxy A57 đã kích hoạt bảo hành, đổi mới 30 ngày, có trả góp 0%",Điện thoại,10490000,Samsung,2,42,0,2025-01-17 17:01:04,2026-03-29 12:13:07
46,Xiaomi Redmi 15C 8GB 256GB - Đã kích hoạt,"Mua Điện thoại Xiaomi Redmi 15C 8GB 256GB đã kích hoạt bảo hành, đổi mới 30 ngày, có trả góp 0%","- Kích thước màn hình: 6.9 inches
- Công nghệ màn hình: LCD
- Camera sau: 50MP, Ống kính -5P, f/1.8
- Camera trước: 8MP f/2.0
- Chipset: MediaTek Helio G81-Ultra
- Công nghệ NFC: Có
- Dung lượng RAM: 8 GB
- Bộ nhớ trong: 256 GB
- Pin: 6000mAh
- Thẻ SIM: 2 SIM (Nano-SIM)
- Hệ điều hành: Xiaomi HyperOS 2
- Độ phân giải màn hình: 1600 x 720 pixels (HD+)
- Tính năng màn hình: Độ sáng 660 nits810 nits (HBM)Tỉ lệ tương phản 1200:1Cảm ứng 240HzĐạt chứng nhận TÜV Rheinland: Giảm ánh sáng xanh, Không nhấp nháy, Thân thiện nhịp sinh họcHỗ trợ DC Dimming giảm nhấp nháy
- Loại CPU: Octa-core (Cortex-A75 + Cortex-A55), tốc độ tối đa 2.0GHz","Mua Điện thoại Xiaomi Redmi 15C 8GB 256GB đã kích hoạt bảo hành, đổi mới 30 ngày, có trả góp 0%",Điện thoại,3790000,Xiaomi,2,123,0,2025-12-01 01:03:55,2026-03-29 12:13:07
47,Đồng hồ thông minh Garmin Fenix 6S - Cũ Xước Cấn,"Mua Đồng hồ thông minh Garmin Fenix 6S Sapphire cũ giá rẻ - Nguồn gốc rõ ràng, bảo hành 6-12 tháng, đổi mới 30 ngày, luôn xuất bán đầy đủ VAT.","- Công nghệ màn hình: Mip
- Kích thước màn hình: 1.2 inch
- Đường kính mặt: 42mm
- Độ phân giải màn hình: 240 x 240 pixels
- Tiện ích sức khoẻ: Chế độ luyện tập, Theo dõi giấc ngủ, Đo nhịp tim, Đo lượng oxy trong máu, Đếm bước chân, Tính calo tiêu thụ, Tính quãng đường chạy
- Tương thích: Android,iOS
- Thời lượng pin: Đồng hồ thông minh: Tối đa 9 ngày GPSGPS Tối đa 25 giờ GPS và âm nhạc Âm nhạc: Tối đa 6 giờ
- Dòng sản phẩm: Fenix 6
- Hãng sản xuất: Garmin","Mua Đồng hồ thông minh Garmin Fenix 6S Sapphire cũ giá rẻ - Nguồn gốc rõ ràng, bảo hành 6-12 tháng, đổi mới 30 ngày, luôn xuất bán đầy đủ VAT.",Khác,4090000,Garmin,2,155,0,2025-02-25 20:35:41,2026-03-29 12:13:07
48,iPad Pro chip M5 11 inch 5G 512GB - Đổi bảo hành,"Mua iPad Pro M4 11 inch 5G 256GB cũ giá rẻ - Nguồn gốc rõ ràng, bảo hành 6-12 tháng, đổi mới 30 ngày, luôn xuất bán đầy đủ VAT.","- Kích thước màn hình: 11 inches
- Công nghệ màn hình: Ultra Retina XDR
- Camera sau: 12MP Wide, khẩu độ ƒ/1.8
- Camera trước: 12MP, khẩu độ ƒ/2.0, Center Stage (cạnh ngang)
- Chipset: Apple M5
- Công nghệ NFC: Không
- Dung lượng RAM: 12 GB
- Bộ nhớ trong: 512 GB
- Pin: Pin Li-Po 31,29 watt-giờ, thời gian sử dụng Wi-Fi đến 10 giờ
- Thẻ SIM: 1 eSIM
- Hệ điều hành: iPadOS 26
- Độ phân giải màn hình: 2420x1668 pixel
- Tính năng màn hình: Công nghệ ProMotion0 –120Hz True ToneDải màu rộng (P3)Lớp phủ chống phản chiếuKháng dầu chống bám vân tay
- Loại CPU: 9 lõi (3 hiệu năng + 6 tiết kiệm điện)
- Tương thích: Apple Pencil ProApple Pencil (USB-C)Magic Keyboard","Mua iPad Pro M4 11 inch 5G 256GB cũ giá rẻ - Nguồn gốc rõ ràng, bảo hành 6-12 tháng, đổi mới 30 ngày, luôn xuất bán đầy đủ VAT.",Tablet,38690000,Apple,2,124,0,2024-09-03 06:31:23,2026-03-29 12:13:07
49,Laptop Acer Aspire Go 14 AI AG14-71M-57WR NX.JFWSV.001 - Cũ Trầy Xước,"Mua ngay Laptop Acer Aspire Go 14 AI AG14-71M-57WR cũ giá rẻ - Nguồn gốc rõ ràng, bảo hành 6-12 tháng, đổi mới 30 ngày, luôn xuất bán đầy đủ VAT.","- Chip AI: 11 TOPS
- Loại card đồ họa: Intel Arc Graphics
- Dung lượng RAM: 16GB
- Loại RAM: DDR5 Up to 5600 MT/s
- Số khe ram: 2 khe (1 x 16GB, nâng cấp tối đa 96GB)
- Ổ cứng: 512GB PCIe NVMe SSD (Nâng cấp tối đa 2TB)
- Kích thước màn hình: 14 inches
- Công nghệ màn hình: Màn hình LCD TFT đèn nền LED Acer ComfyView Góc nhìn rộngĐộ phủ màu sRGB 100%Độ sáng 300nits
- Pin: Pin Li-ion 3 cell 55 Wh Bộ chuyển đổi AC USB Type-C 65 W PD
- Hệ điều hành: Windows 11 Home Single Language
- Độ phân giải màn hình: 1920 x 1200 pixels (FullHD+)
- Loại CPU: Intel Core Ultra 5 125H (14 lõi / 18 luồng, Tần số Turbo tối đa của E-core : 3.6 GHz, Tần số Turbo tối đa của P-core : 4.5 GHz,18 MB Intel Smart Cache)
- Cổng giao tiếp: 2x USB Type-C 2x USD 3.2 Gen 1 Type A 1x Cổng HDMI 2.1 hỗ trợ HDCP 1x Ethernet (RJ-45) 1x Thẻ nhớ microSD lên đến 512 GB (tương thích SDXC, tương thích exFAT) 1x Giắc cắm tai nghe/loa 3.5 mm, hỗ trợ tai nghe có micro tích hợp","Mua ngay Laptop Acer Aspire Go 14 AI AG14-71M-57WR cũ giá rẻ - Nguồn gốc rõ ràng, bảo hành 6-12 tháng, đổi mới 30 ngày, luôn xuất bán đầy đủ VAT.",Laptop,12690000,Acer,0,82,0,2026-02-19 07:41:07,2026-03-29 12:13:07
50,Laptop Acer Gaming Nitro V 15 ANV15-41-R732 - Cũ Đẹp,"Mua ngay Laptop Acer Gaming Nitro V 15 ANV15-41-R732 cũ giá rẻ - Nguồn gốc rõ ràng, bảo hành 6-12 tháng, đổi mới 30 ngày, luôn xuất bán đầy đủ VAT.","- Chip AI: 194 TOPs
- Loại card đồ họa: NVIDIA GeForce RTX 4050 6 GB GDDR6 VRAM, hỗ trợ 2560 NVIDIA CUDA Cores
- Dung lượng RAM: 16GB
- Loại RAM: DDR5 4800MHz
- Số khe ram: 2 khe (1 x 16GB, nâng cấp tối đa 64GB)
- Ổ cứng: 512GB PCIe NVMe SSD (nâng cấp tối đa 4 TB SSD)
- Kích thước màn hình: 15.6 inches
- Công nghệ màn hình: Độ sáng 300nitsĐộ phủ màu NTSC 45%Màn hình LCD TFT đèn nền LED Acer ComfyView
- Pin: 57Whr 4-cell, 135W 5.5PHY Adapter
- Hệ điều hành: Windows 11 Home SL
- Độ phân giải màn hình: 1920 x 1080 pixels (FullHD)
- Loại CPU: AMD Ryzen 5 6600H (6 lõi / 12 luồng, 3.3 GHz - 4.5 GHz / 3 MB L2 cache, up to 16 MB L3 cache)
- Cổng giao tiếp: 1x USB Type-C (40Gbps / DisplayPort / sạc) 3x USB-A 1x Cổng HDMI 2.1 hỗ trợ HDCP 1x Giắc cắm tai nghe/loa 3.5 mm, hỗ trợ tai nghe có micro tích hợp 1x Cổng Ethernet (RJ-45) 1x Giắc cắm DC-in cho bộ đổi nguồn AC","Mua ngay Laptop Acer Gaming Nitro V 15 ANV15-41-R732 cũ giá rẻ - Nguồn gốc rõ ràng, bảo hành 6-12 tháng, đổi mới 30 ngày, luôn xuất bán đầy đủ VAT.",Laptop,19890000,Acer,45,177,0,2025-09-22 15:12:50,2026-03-29 12:13:07
51,Laptop ASUS ExpertBook P5 P5405CSA-NZ0016W - Cũ Đẹp,"Mua ngay Laptop ASUS ExpertBook P5 P5405CSA-NZ0016W cũ giá rẻ - Nguồn gốc rõ ràng, bảo hành 6-12 tháng, đổi mới 30 ngày, luôn xuất bán đầy đủ VAT.","- Chip AI: Intel AI Boost NPU up to 40 TOPS
- Loại card đồ họa: Intel Arc 130V GPU
- Dung lượng RAM: 16GB
- Loại RAM: LPDDR5X Onboard
- Ổ cứng: 512GB M.2 2280 NVMe PCIe 4.0 SSD
- Kích thước màn hình: 14 inches
- Công nghệ màn hình: Độ sáng 400nitsMàn hình chống chóiĐộ phủ màu sRGB: 100%Góc nhìn 178/178
- Pin: 63WHrs, 3S1P, 3-cell Li-ion
- Hệ điều hành: Windows 11 Home
- Độ phân giải màn hình: 2560 x 1600 (WQXGA)
- Loại CPU: Intel Core Ultra 5 226V 16GB 1.6 GHz (8MB Cache, up to 4.5 GHz, 8 lõi, 8 luồng)
- Cổng giao tiếp: 2x USB 3.2 Gen 2 Type-A 2x Thunderbolt 4, tương thích với USB4, hỗ trợ display / sạc 1x HDMI 2.1 1x 3.5mm Combo Audio Jack","Mua ngay Laptop ASUS ExpertBook P5 P5405CSA-NZ0016W cũ giá rẻ - Nguồn gốc rõ ràng, bảo hành 6-12 tháng, đổi mới 30 ngày, luôn xuất bán đầy đủ VAT.",Laptop,17690000,ASUS,0,182,0,2025-10-20 10:24:55,2026-03-29 12:13:07
52,Laptop ASUS ROG Strix G16 G614JV-N4369W - Cũ Trầy Xước,"Mua ngay Laptop ASUS ROG Strix G16 G614JV-N4369W cũ giá rẻ - Nguồn gốc rõ ràng, bảo hành 6-12 tháng, đổi mới 30 ngày, luôn xuất bán đầy đủ VAT.","- Loại card đồ họa: NVIDIA GeForce RTX 4060 8GB GDDR6 (233 AI TOPs) Intel UHD Graphics
- Dung lượng RAM: 16GB
- Loại RAM: DDR5-4800 SO-DIMM
- Số khe ram: 2 Khe SO-DIMM (1 x 16GB, tối đa 32GB)
- Ổ cứng: 1TB PCIe 4.0 NVMe M.2 SSD (2 Khe cắm M.2 hỗ trợ SATA hoặc NVMe, nâng cấp tối đa 2TB)
- Kích thước màn hình: 16 inches
- Công nghệ màn hình: Thời gian phản hồi 3msĐộ sáng 500nitsĐộ phủ màu DCI-P3 100%Màn hình chống chói G-SyncROG Nebula DisplayDolby Vision HDRROG intelligent cooling
- Pin: 90WHrs, 4S1P, 4-cell Li-ionSạc lại từ 0-50% trong 30 phút
- Hệ điều hành: Windows 11 Home
- Độ phân giải màn hình: 2560 x 1600 (WQXGA)
- Loại CPU: Intel Core i7-13650HX 2.6 GHz 24M Cache, up to 4.9 GHz, 14 cores: 6 P-cores and 8 E-cores)
- Cổng giao tiếp: 1x RJ45 LAN 1x Thunderbolt 4 hỗ trợ DisplayPort (40Gbps) 1x USB 3.2 Gen 2 Type-C hỗ trợ DisplayPort / cung cấp điện / G-SYNC (10Gbps) 2x USB 3.2 Gen 2 Type-A (10Gbps) 1x HDMI 2.1 FRL 1x Giắc cắm âm thanh kết hợp 3.5mm","Mua ngay Laptop ASUS ROG Strix G16 G614JV-N4369W cũ giá rẻ - Nguồn gốc rõ ràng, bảo hành 6-12 tháng, đổi mới 30 ngày, luôn xuất bán đầy đủ VAT.",Laptop,24990000,ASUS,0,76,0,2025-03-02 11:45:27,2026-03-29 12:13:07
53,Laptop ASUS TUF Gaming F16 FX608JMR-RV048W - Cũ Trầy Xước,"Mua ngay Laptop ASUS TUF Gaming F16 FX608JMR-RV048W cũ giá rẻ - Nguồn gốc rõ ràng, bảo hành 6-12 tháng, đổi mới 30 ngày, luôn xuất bán đầy đủ VAT.","- Loại card đồ họa: NVIDIA GeForce RTX 5060 8GB GDDR7 115W (100W+15W)Intel UHD Graphics
- Dung lượng RAM: 16GB
- Loại RAM: DDR5-5600 SO-DIMM
- Số khe ram: 2 khe (1x 16GB, nâng cấp tối đa 32GB)
- Ổ cứng: 1TB PCIe 4.0 NVMe M.2 SSD (2 Khe cắm M.2 tối đa 2TB)
- Kích thước màn hình: 16 inches
- Công nghệ màn hình: Độ sáng 300 nits Độ phủ màu NTSC 72.00%, SRGB 100.00%, Adobe 75.35% Màn hình chống chói G-Sync
- Pin: 90WHrs, 4S1P, 4-cell Li-ion
- Hệ điều hành: Windows 11 Home
- Độ phân giải màn hình: 1920 x 1200 pixels (WUXGA)
- Loại CPU: Intel Core i7 14650HX 2.2 GHz (30MB Cache, up to 5.2 GHz, 16 lõi, 24 luồng)
- Cổng giao tiếp: 1x Cổng LAN RJ45 1x Thunderbolt 4 hỗ trợ DisplayPort / G-SYNC (40Gbps) 1x USB 3.2 Gen 2 Type-C hỗ trợ DisplayPort / cung cấp điện (10Gbps) 3x USB 3.2 Gen 2 Type-A (10Gbps) 1x HDMI 2.1 FRL 1x Giắc cắm âm thanh kết hợp 3.5mm","Mua ngay Laptop ASUS TUF Gaming F16 FX608JMR-RV048W cũ giá rẻ - Nguồn gốc rõ ràng, bảo hành 6-12 tháng, đổi mới 30 ngày, luôn xuất bán đầy đủ VAT.",Laptop,28390000,ASUS,0,149,0,2025-06-14 04:57:28,2026-03-29 12:13:07
54,Laptop ASUS Gaming V16 K3607VJ-RP106W - Cũ Trầy Xước,"Mua ngay Laptop ASUS Gaming V16 K3607VJ-RP106W cũ giá rẻ - Nguồn gốc rõ ràng, bảo hành 6-12 tháng, đổi mới 30 ngày, luôn xuất bán đầy đủ VAT.","- Loại card đồ họa: NVIDIA GeForce RTX 3050 6GB GDDR6Intel Graphics
- Dung lượng RAM: 16GB
- Loại RAM: DDR5 SO-DIMM
- Số khe ram: 2 khe DDR5 SO-DIMM (1x 16GB, nâng tối đa 32GB) Có thể nâng cấp, cần tháo vỏ dưới/trên
- Ổ cứng: 512GB M.2 NVMe PCIe 4.0 SSD
- Kích thước màn hình: 16 inches
- Công nghệ màn hình: Độ sáng 300nitsĐộ phủ màu 45% NTSC Màn hình chống chói
- Pin: 63WHrs, 3S1P, 3-cell Li-ion
- Hệ điều hành: Windows 11 Home
- Độ phân giải màn hình: 1920 x 1200 pixels (WUXGA)
- Loại CPU: Intel Core 7 240H 2.5 GHz (24MB Cache, up to 5.2 GHz, 10 lõi, 16 luồng)
- Cổng giao tiếp: 1x USB 3.2 Gen 1 Type-C hỗ trợ hiển thị/cung cấp điện (5Gbps) 2x USB 3.2 Gen 1 Type-A (5Gbps) 1x HDMI 2.1 FRL 1x Giắc cắm âm thanh kết hợp 3.5mm 1x DC-in","Mua ngay Laptop ASUS Gaming V16 K3607VJ-RP106W cũ giá rẻ - Nguồn gốc rõ ràng, bảo hành 6-12 tháng, đổi mới 30 ngày, luôn xuất bán đầy đủ VAT.",Laptop,15990000,ASUS,45,155,0,2025-05-14 12:20:02,2026-03-29 12:13:07
55,Laptop ASUS Vivobook S 14 FLIP TP3402VA-LZ632W - Cũ Trầy Xước,"Mua ngay Laptop ASUS Vivobook S 14 FLIP TP3402VA-LZ632W cũ giá rẻ - Nguồn gốc rõ ràng, bảo hành 6-12 tháng, đổi mới 30 ngày, luôn xuất bán đầy đủ VAT.","- Loại card đồ họa: Intel UHD Graphics
- Dung lượng RAM: 16GB
- Loại RAM: DDR4
- Số khe ram: 8GB DDR4 on board + 8GB DDR4 SO-DIMM (Có thể nâng cấp; Cần tháo vỏ dưới/trên)
- Ổ cứng: 512GB M.2 NVMe PCIe 4.0 SSD
- Kích thước màn hình: 14 inches
- Công nghệ màn hình: Độ sáng 300nitsĐộ phủ màu 45% NTSC TÜV Rheinland-certifiedWith stylus support
- Pin: 50WHrs, 3S1P, 3-cell Li-ion
- Hệ điều hành: Windows 11 Home
- Độ phân giải màn hình: 1920 x 1200 pixels (WUXGA)
- Loại CPU: Intel Core i5-13420H 2.1 GHz (12MB Cache, up to 4.6 GHz, 8 lõi, 12 luồng)
- Cổng giao tiếp: 1x USB 2.0 Type-A (480Mbps) 1x USB 3.2 Gen 2 Type-A (10Gbps) 1x USB 3.2 Gen 2 Type-C hỗ trợ hiển thị/cung cấp điện (10Gbps) 1x HDMI 2.1 TMDS 1x Giắc cắm âm thanh kết hợp 3.5mm 1x DC-in","Mua ngay Laptop ASUS Vivobook S 14 FLIP TP3402VA-LZ632W cũ giá rẻ - Nguồn gốc rõ ràng, bảo hành 6-12 tháng, đổi mới 30 ngày, luôn xuất bán đầy đủ VAT.",Laptop,14590000,ASUS,45,184,0,2024-11-03 06:53:22,2026-03-29 12:13:07
56,Laptop ASUS Vivobook S14 S3407VA-LY053W - Cũ Trầy Xước,"Mua ngay Laptop ASUS Vivobook S14 S3407VA-LY053W cũ giá rẻ - Nguồn gốc rõ ràng, bảo hành 6-12 tháng, đổi mới 30 ngày, luôn xuất bán đầy đủ VAT.","- Loại card đồ họa: Intel UHD Graphics
- Dung lượng RAM: 16GB
- Loại RAM: DDR5 SO-DIMM Onboard
- Ổ cứng: 512GB M.2 NVMe PCIe 4.0 SSD
- Kích thước màn hình: 14 inches
- Công nghệ màn hình: Độ sáng 300nitsĐộ phủ màu 45% NTSCMàn hình chống chóiTÜV Rheinland-certified
- Pin: 70WHrs, 4S1P, 4-cell Li-ion
- Hệ điều hành: Windows 11 Home
- Độ phân giải màn hình: 1920 x 1200 pixels (WUXGA)
- Loại CPU: Intel Core i7-13620H 2.4 GHz (24MB Cache, up to 4.9 GHz, 10 lõi, 16 luồng)
- Cổng giao tiếp: 2x USB 3.2 Gen 1 Type-A (tốc độ dữ liệu lên đến 5Gbps) 2x USB 3.2 Gen 1 Type-C hỗ trợ hiển thị/cung cấp điện (tốc độ dữ liệu lên đến 5Gbps) 1x HDMI 1.4 1x Giắc cắm âm thanh kết hợp 3.5mm","Mua ngay Laptop ASUS Vivobook S14 S3407VA-LY053W cũ giá rẻ - Nguồn gốc rõ ràng, bảo hành 6-12 tháng, đổi mới 30 ngày, luôn xuất bán đầy đủ VAT.",Laptop,16790000,ASUS,45,75,0,2025-10-19 22:06:32,2026-03-29 12:13:07
57,Laptop ASUS Vivobook S16 S3607CA-SH083WS - Cũ Đẹp,"Mua ngay Laptop ASUS Vivobook S16 S3607CA-SH083WS cũ giá rẻ - Nguồn gốc rõ ràng, bảo hành 6-12 tháng, đổi mới 30 ngày, luôn xuất bán đầy đủ VAT.","- Chip AI: Intel AI Boost NPU up to 13TOPS
- Loại card đồ họa: Intel Arc Graphics
- Dung lượng RAM: 16GB
- Loại RAM: DDR5
- Số khe ram: Có thể nâng cấp; Cần tháo vỏ dưới/trên
- Ổ cứng: 512GB M.2 NVMe PCIe 4.0 SSD
- Kích thước màn hình: 16 inches
- Công nghệ màn hình: Độ sáng 300 nits Độ sáng tối đa 500 nits Độ phủ màu 95% DCI-P3 Tỷ lệ tương phản 1.000.000:1 1.07 tỷ màu Màn hình chống chói Ánh sáng xanh thấp, giảm 70% ánh sáng xanh có hại
- Pin: 70WHrs, 4S1P, 4-cell Li-ion
- Hệ điều hành: Windows 11 Home
- Độ phân giải màn hình: 1920 x 1200 pixels
- Loại CPU: Intel Core Ultra 7 255H 2.0 GHz (24MB Cache, up to 5.1 GHz, 16 lõi, 16 luồng)
- Cổng giao tiếp: 2x USB 3.2 Gen 1 Type-A (tốc độ dữ liệu lên đến 5Gbps) 2x USB 3.2 Gen 1 Type-C hỗ trợ hiển thị/cấp nguồn (tốc độ dữ liệu lên đến 5Gbps) 1x HDMI 1.4 1x Giắc cắm âm thanh kết hợp 3.5mm","Mua ngay Laptop ASUS Vivobook S16 S3607CA-SH083WS cũ giá rẻ - Nguồn gốc rõ ràng, bảo hành 6-12 tháng, đổi mới 30 ngày, luôn xuất bán đầy đủ VAT.",Laptop,19490000,ASUS,95,13,0,2025-07-22 11:20:44,2026-03-29 12:13:07
58,Laptop Dell 15 DC15250 79N4M - Cũ Đẹp,"Mua ngay Laptop Dell 15 DC15250 79N4M cũ giá rẻ - Nguồn gốc rõ ràng, bảo hành 6-12 tháng, đổi mới 30 ngày, luôn xuất bán đầy đủ VAT.","- Loại card đồ họa: Intel Graphics
- Dung lượng RAM: 16GB
- Loại RAM: DDR4
- Số khe ram: 2 khe (2 x 8GB, nâng cấp tối đa 16GB)
- Ổ cứng: 512GB SSD
- Kích thước màn hình: 15.6 inches
- Công nghệ màn hình: Độ phủ màu 45% NTSCĐộ sáng 250 nitsMàn hình chống chói
- Pin: 3 cell, 41Wh
- Hệ điều hành: Windows 11
- Độ phân giải màn hình: 1920 x 1080 pixels (FullHD)
- Loại CPU: Intel Core 3-100U
- Cổng giao tiếp: Thẻ SD / Cổng USB 2.0 / Cổng âm thanh đa năng / Cổng HDMI 1.4 / Cổng USB 3.2 thế hệ 1 / USB loại C","Mua ngay Laptop Dell 15 DC15250 79N4M cũ giá rẻ - Nguồn gốc rõ ràng, bảo hành 6-12 tháng, đổi mới 30 ngày, luôn xuất bán đầy đủ VAT.",Laptop,9190000,Dell,45,63,0,2025-06-05 13:55:52,2026-03-29 12:13:07
59,Laptop Dell 15 DC15250 I5U165W11SLU - Cũ Trầy Xước,"Mua ngay Laptop Dell 15 DC15250 I5U165W11SLU cũ giá rẻ - Nguồn gốc rõ ràng, bảo hành 6-12 tháng, đổi mới 30 ngày, luôn xuất bán đầy đủ VAT.","- Loại card đồ họa: Intel UHD Graphics
- Dung lượng RAM: 16GB
- Loại RAM: DDR4 2666MHz
- Số khe ram: 2 khe (1 x 16GB)
- Ổ cứng: 512GB SSD PCIe Gen4x4 (M.2 2230)
- Kích thước màn hình: 15.6 inches
- Công nghệ màn hình: Màn hình chống chói
- Pin: Pin liền, 3-Cell Battery, 41WHr
- Hệ điều hành: Windows 11 Home + Office Home 2024 + 1 năm sử dụng Microsoft 365 Basic (miễn phí 1 năm, hết phải gia hạn)
- Độ phân giải màn hình: 1920 x 1080 pixels (FullHD)
- Loại CPU: Intel Core i5-1334U (12MB Cache, Turbo Boost 4.6GHz)
- Cổng giao tiếp: 1x USB 3.2 Gen 1 1x USB 2.0 1x USB 3.2 Gen 1 Type-C 1x HDMI 1.4 1x Khe cắm thẻ SD 1x Cổng âm thanh đa năng","Mua ngay Laptop Dell 15 DC15250 I5U165W11SLU cũ giá rẻ - Nguồn gốc rõ ràng, bảo hành 6-12 tháng, đổi mới 30 ngày, luôn xuất bán đầy đủ VAT.",Laptop,12590000,Dell,2,186,0,2024-06-07 01:33:37,2026-03-29 12:13:07
60,Laptop Dell Latitude 5320 P138G001 - Cũ Trầy Xước,"Mua Laptop Dell Latitude 5320 P138G001 cũ giá rẻ - Nguồn gốc rõ ràng, bảo hành 6-12 tháng, đổi mới 30 ngày, luôn xuất bán đầy đủ VAT.","- Loại card đồ họa: Intel Iris Xe Graphics
- Dung lượng RAM: 16GB
- Loại RAM: LPDDR4, 3200MHz
- Ổ cứng: 256GB SSD M2 PCIe NVMe
- Kích thước màn hình: 13.3 inches
- Công nghệ màn hình: Anti-Glare, 300 Nits
- Pin: 4 Cell 63Whr
- Hệ điều hành: Windows 10 Pro
- Độ phân giải màn hình: 1920 x 1080 pixels (FullHD)
- Loại CPU: Intel Core i7-1185G7 3.00 GHz upto 4.80 GHz/ 12 MB Intel® Smart Cache
- Cổng giao tiếp: 2 Thunderbolt 4, 1 USB 3.2 Gen 1 1 USB 3.2 Gen1 port with PowerShare, 1 HDMI 2.0","Mua Laptop Dell Latitude 5320 P138G001 cũ giá rẻ - Nguồn gốc rõ ràng, bảo hành 6-12 tháng, đổi mới 30 ngày, luôn xuất bán đầy đủ VAT.",Laptop,8490000,Dell,2,66,0,2025-12-19 09:42:49,2026-03-29 12:13:07
61,Laptop Dell Vostro 3530 V5I3001W1 - Cũ Trầy Xước,"Mua ngay Laptop Dell Vostro 3530 V5I3001W1 cũ giá rẻ - Nguồn gốc rõ ràng, bảo hành 6-12 tháng, đổi mới 30 ngày, luôn xuất bán đầy đủ VAT.","- Loại card đồ họa: Intel® UHD Graphics
- Dung lượng RAM: 8GB
- Loại RAM: DDR4 2666MHz, 2 khe hỗ trợ RAM tối đa 16 GB
- Ổ cứng: 256GB SSD M.2 PCIE
- Kích thước màn hình: 15.6 inches
- Công nghệ màn hình: Chống chói Anti Glare, WVA
- Pin: 3 Cell 41WHr
- Hệ điều hành: Windows 11 Home + Office Home &amp; Student 2021
- Độ phân giải màn hình: 1080 x 1920 pixels (FullHD)
- Loại CPU: Intel Core i3-1305U (3.3GHz~ 4.5GHz) 5 Cores 6 Threads
- Cổng giao tiếp: 1 x USB 3.2 Gen 1 port1 x USB 2.0 port1 x USB 3.2 Gen1 Type-Cport1 x Universal audio1 x HDMI 1.41 x RJ45 Ethernet1 x Power-adapter","Mua ngay Laptop Dell Vostro 3530 V5I3001W1 cũ giá rẻ - Nguồn gốc rõ ràng, bảo hành 6-12 tháng, đổi mới 30 ngày, luôn xuất bán đầy đủ VAT.",Laptop,7390000,Dell,2,87,0,2024-08-05 09:58:43,2026-03-29 12:13:07
62,Laptop Gigabyte Gaming A16 GA6H-CMHI2VN893SH - Cũ Trầy Xước,"Mua ngay Laptop Gigabyte Gaming A16 GA6H-CMHI2VN893SH cũ giá rẻ - Nguồn gốc rõ ràng, bảo hành 6-12 tháng, đổi mới 30 ngày, luôn xuất bán đầy đủ VAT.","- Loại card đồ họa: NVIDIA GeForce RTX 4050 (6GB of GDDR6 SDRAM, Bus Width: 96) Intel UHD Graphics
- Dung lượng RAM: 16GB
- Loại RAM: DDR5 - 5200MHz
- Số khe ram: 2 khe (1 x 16GB, hỗ trợ nâng cấp tối da 64GB)
- Ổ cứng: 512GB SSD1 PCIe (M.2 2280) Gen4x4 2x M.2 SSD slots (Supports 2x PCIe NVMe M.2 SSD, Up to 4TB)
- Kích thước màn hình: 16 inches
- Công nghệ màn hình: Màn hình chống chóiĐộ phủ màu 45% NTSC
- Pin: 4 Cell Int (76.1Wh)
- Hệ điều hành: Windows 11 Home Single Language 64-bit
- Độ phân giải màn hình: 1920 x 1200 pixels (FullHD+)
- Loại CPU: Intel Core i7-13620H (10 cores) - Max Turbo Frequency: 4.90 GHz
- Cổng giao tiếp: 1 x USB 2.0 Type-A 2 x USB 3.2 Gen 1 Type-A 1 x USB 3.2 Gen 1 Type-C (hỗ trợ Power Delivery/DisplayPort) 1 x HDMI 1 x RJ45 (LAN) 1 x giắc cắm âm thanh kết hợp Tai nghe/Micrô 1 x SSD2 PCIe (M.2 2280)","Mua ngay Laptop Gigabyte Gaming A16 GA6H-CMHI2VN893SH cũ giá rẻ - Nguồn gốc rõ ràng, bảo hành 6-12 tháng, đổi mới 30 ngày, luôn xuất bán đầy đủ VAT.",Laptop,20890000,Gigabyte,45,22,0,2024-10-19 16:28:17,2026-03-29 12:13:07
63,Laptop Lenovo IdeaPad Slim 3 OLED 15IRH10 83K1002NVN - Cũ Trầy Xước,"Mua ngay Laptop Lenovo IdeaPad Slim 3 15IRH10 83K1002NVN cũ giá rẻ - Nguồn gốc rõ ràng, bảo hành 6-12 tháng, đổi mới 30 ngày, luôn xuất bán đầy đủ VAT.","- Loại card đồ họa: Intel UHD Graphics
- Dung lượng RAM: 24GB
- Loại RAM: DDR5-4800
- Số khe ram: 2 khe (8GB Soldered DDR5-4800 + 16GB SO-DIMM DDR5-4800, tối đa 24GB)
- Ổ cứng: 512GB SSD M.2 2242 PCIe 4.0x4 NVMe (Tối đa hai ổ đĩa, 2x M.2 SSD • M.2 2242 SSD lên đến 1TB)
- Kích thước màn hình: 15.1 inches
- Công nghệ màn hình: Độ sáng 500nits Glossy Độ phủ màu 100% DCI-P3 DisplayHDR True Black 600
- Pin: 60WhĐầu tròn 65W (3 chân)
- Hệ điều hành: Windows 11 Home Single Language, English
- Độ phân giải màn hình: 2560 x 1600 (WQXGA)
- Loại CPU: Intel Core i5-13420H, 8 lõi (4P + 4E) / 12 luồng, P-core 2.1 / 4.6GHz, E-core 1.5 / 3.4GHz, 12MB
- Cổng giao tiếp: 2x USB-A (USB 5Gbps / USB 3.2 Gen 1) 1x USB-C (USB 5Gbps / USB 3.2 Gen 1), với USB PD 3.0 và DisplayPort 1.2 1x HDMI 1.4 1x giắc cắm kết hợp tai nghe / micrô (3.5 mm) 1x đầu đọc thẻ SD 1x đầu nối nguồn","Mua ngay Laptop Lenovo IdeaPad Slim 3 15IRH10 83K1002NVN cũ giá rẻ - Nguồn gốc rõ ràng, bảo hành 6-12 tháng, đổi mới 30 ngày, luôn xuất bán đầy đủ VAT.",Laptop,16790000,Lenovo,0,86,0,2024-10-07 22:47:14,2026-03-29 12:13:07
64,Laptop Lenovo IdeaPad Slim 5 14IAH10 83NC0016VN - Cũ Trầy Xước,"Mua ngay Laptop Lenovo IdeaPad Slim 5 14IAH10 83NC0016VN cũ giá rẻ - Nguồn gốc rõ ràng, bảo hành 6-12 tháng, đổi mới 30 ngày, luôn xuất bán đầy đủ VAT.","- Chip AI: Intel AI Boost, up to 13 TOPS
- Loại card đồ họa: Intel Arc 130T GPU
- Dung lượng RAM: 24GB
- Loại RAM: DDR5-4800
- Số khe ram: 2 khe (2x 12GB, tối đa 24GB)
- Ổ cứng: 1TB SSD M.2 2242 PCIe 4.0x4 NVMe
- Kích thước màn hình: 14 inches
- Công nghệ màn hình: Độ sáng 400nits Độ phủ màu 100% DCI-P3 DisplayHDR True Black 500
- Pin: 60Wh, 65W USB-C Slim (Wall-mount)
- Hệ điều hành: Windows 11 Home Single Language, English + Office Trial + Lenovo AI Now
- Độ phân giải màn hình: 1920 x 1200 pixels (WUXGA)
- Loại CPU: Intel Core Ultra 5 225H, 14 lõi (4P + 8E + 2LPE) / 14 luồng, Max Turbo up to 4.9GHz, 18MB
- Cổng giao tiếp: 1x USB-A (5Gbps / 3.2 Gen 1) 1x USB-A (5Gbps / 3.2 Gen 1), Luôn bật 2x USB-C (10Gbps / 3.2 Gen 2), với USB PD 3.0 và DisplayPort 1.4 1x HDMI 2.1, lên đến 4K/60Hz 1x Giắc cắm kết hợp tai nghe/micrô (3.5mm) 1x Đầu đọc thẻ nhớ microSD","Mua ngay Laptop Lenovo IdeaPad Slim 5 14IAH10 83NC0016VN cũ giá rẻ - Nguồn gốc rõ ràng, bảo hành 6-12 tháng, đổi mới 30 ngày, luôn xuất bán đầy đủ VAT.",Laptop,16390000,Lenovo,0,104,0,2025-05-06 14:05:48,2026-03-29 12:13:07
65,Laptop Lenovo IdeaPad Slim 5 14IRH10 83HR0000VN - Cũ Trầy Xước,"Mua ngay Laptop Lenovo IdeaPad Slim 5 14IRH10 83HR0000VN cũ giá rẻ - Nguồn gốc rõ ràng, bảo hành 6-12 tháng, đổi mới 30 ngày, luôn xuất bán đầy đủ VAT.","- Loại card đồ họa: Intel UHD Graphics
- Dung lượng RAM: 16GB
- Loại RAM: SO-DIMM DDR5-5600
- Số khe ram: 2 khe (2x 8GB, nâng cấp tối đa 32GB)
- Ổ cứng: 1TB SSD M.2 2242 PCIe 4.0x4 NVMe (Tối đa hai ổ đĩa, 2x M.2 SSD • M.2 2242 SSD lên đến 1TB)
- Kích thước màn hình: 14 inches
- Công nghệ màn hình: Độ sáng 400nits Độ phủ màu 100% DCI-P3 DisplayHDR True Black 500
- Pin: 60Wh, 65W USB-C Slim (Wall-mount)
- Hệ điều hành: Windows 11 Home Single Language, English
- Độ phân giải màn hình: 1920 x 1200 pixels (WUXGA)
- Loại CPU: Intel Core i5-13420H, 8 lõi (4P + 4E) / 12 luồng, P-core 2.1 / 4.6GHz, E-core 1.5 / 3.4GHz, 12MB
- Cổng giao tiếp: 1x USB-A (5Gbps / 3.2 Gen 1) 1x USB-A (5Gbps / 3.2 Gen 1), Luôn bật 2x USB-C (5Gbps / 3.2 Gen 1), với USB PD 3.0 và DisplayPort 1.4 1x HDMI 1.4b 1x giắc cắm kết hợp tai nghe / micrô (3.5 mm) 1x đầu đọc thẻ nhớ microSD","Mua ngay Laptop Lenovo IdeaPad Slim 5 14IRH10 83HR0000VN cũ giá rẻ - Nguồn gốc rõ ràng, bảo hành 6-12 tháng, đổi mới 30 ngày, luôn xuất bán đầy đủ VAT.",Laptop,14590000,Lenovo,0,21,0,2025-05-31 20:21:19,2026-03-29 12:13:07
66,Laptop Lenovo IdeaPad Slim 5 15ARP10 83J3001DVN - Cũ Trầy Xước,"Mua ngay Laptop Lenovo IdeaPad Slim 5 15ARP10 83J3001DVN cũ giá rẻ - Nguồn gốc rõ ràng, bảo hành 6-12 tháng, đổi mới 30 ngày, luôn xuất bán đầy đủ VAT.","- Loại card đồ họa: AMD Radeon 680M Graphics
- Dung lượng RAM: 16GB
- Loại RAM: LPDDR5x-6400 Onboard
- Số khe ram: Không nâng cấp
- Ổ cứng: 512GB SSD M.2 2242 PCIe 4.0x4 NVMe (Tối đa hai ổ đĩa, 2x M.2 SSD / M.2 2242 SSD lên đến 1TB)
- Kích thước màn hình: 15.1 inches
- Công nghệ màn hình: Độ sáng 500nits Độ phủ màu 100% DCI-P3 DisplayHDR True Black 600
- Pin: 70Wh, 65W USB-C Slim (Wall-mount)
- Hệ điều hành: Windows 11 Home Single Language, English
- Độ phân giải màn hình: 2560 x 1600 (WQXGA)
- Loại CPU: AMD Ryzen 7 7735HS (8 lõi / 16 luồng, 3.2 / 4.75GHz, 4MB L2 / 16MB L3)
- Cổng giao tiếp: 1x USB-A (5Gbps / 3.2 Gen 1) 1x USB-A (5Gbps / 3.2 Gen 1), Luôn bật 2x USB-C (10Gbps / 3.2 Gen 2), với USB PD 3.0 và DisplayPort 1.4 1x HDMI 2.1, lên đến 4K/60Hz 1x giắc cắm kết hợp tai nghe / micrô (3,5 mm) 1x đầu đọc thẻ nhớ microSD","Mua ngay Laptop Lenovo IdeaPad Slim 5 15ARP10 83J3001DVN cũ giá rẻ - Nguồn gốc rõ ràng, bảo hành 6-12 tháng, đổi mới 30 ngày, luôn xuất bán đầy đủ VAT.",Laptop,15590000,Lenovo,0,38,0,2025-09-25 17:58:33,2026-03-29 12:13:07
67,Laptop Lenovo LOQ 15ARP9 83JC00HYVN - Cũ Trầy Xước,"Mua ngay Laptop Lenovo LOQ 15ARP9 83JC00HXVN cũ giá rẻ - Nguồn gốc rõ ràng, bảo hành 6-12 tháng, đổi mới 30 ngày, luôn xuất bán đầy đủ VAT.","- Loại card đồ họa: NVIDIA GeForce RTX 3050 6GB GDDR6, Boost Clock 1732MHz, TGP 95W
- Dung lượng RAM: 24GB
- Loại RAM: SO-DIMM DDR5-4800
- Số khe ram: 2 khe (2x 12GB, nâng cấp tối đa 32GB DDR5-4800)
- Ổ cứng: 512GB SSD M.2 2242 PCIe 4.0x4 NVMe (Tối đa hai ổ đĩa, 2x M.2 SSD • M.2 2242 SSD tối đa 1TB mỗi ổ)
- Kích thước màn hình: 15.6 inches
- Công nghệ màn hình: Độ sáng 300nits Màn hình chống chóiĐộ phủ màu 100% sRGB G-SYNC
- Pin: 60Wh (Đầu mỏng 170W (3 chân))
- Hệ điều hành: Windows 11 Home Single Language, English
- Độ phân giải màn hình: 1920 x 1080 pixels (FullHD)
- Loại CPU: AMD Ryzen 5 7235HS (4 lõi / 8 luồng, 3.2 / 4.2GHz, 2MB L2 / 8MB L3)
- Cổng giao tiếp: 3x USB-A (USB 5Gbps / USB 3.2 Gen 1) 1x USB-C (USB 10Gbps / USB 3.2 Gen 2), với Lenovo PD 140W và DisplayPort 1.4 1x HDMI 2.1, lên đến 8K/60Hz 1x giắc cắm kết hợp tai nghe / micrô (3.5mm) 1x Ethernet (RJ-45) 1x đầu nối nguồn","Mua ngay Laptop Lenovo LOQ 15ARP9 83JC00HXVN cũ giá rẻ - Nguồn gốc rõ ràng, bảo hành 6-12 tháng, đổi mới 30 ngày, luôn xuất bán đầy đủ VAT.",Laptop,16090000,Lenovo,0,134,0,2025-08-10 23:07:21,2026-03-29 12:13:07
68,Laptop Lenovo LOQ 15IAX9E 83LK0079VN - Cũ Xước Cấn,"Mua ngay Laptop Lenovo LOQ 15IAX9E 83LK0079VN cũ giá rẻ - Nguồn gốc rõ ràng, bảo hành 6-12 tháng, đổi mới 30 ngày, luôn xuất bán đầy đủ VAT.","- Chip AI: AI-Powered Gaming PC
- Loại card đồ họa: NVIDIA GeForce RTX 3050 6GB GDDR6, Boost Clock 1432MHz, TGP 65W, 142 AI TOPS
- Dung lượng RAM: 16GB
- Loại RAM: SO-DIMM DDR5-4800
- Số khe ram: 1 khe (1x 16GB, nâng cấp tối đa 32GB DDR5-4800)
- Ổ cứng: 512GB SSD M.2 2242 PCIe 4.0x4 NVMe (Tối đa hai ổ đĩa, 2x M.2 SSD • M.2 2242 SSD tối đa 1TB mỗi ổ)
- Kích thước màn hình: 15.6 inches
- Công nghệ màn hình: Độ sáng 300nits Màn hình chống chóiĐộ phủ màu 100% sRGB
- Pin: 57Wh135W Slim Tip (3-pin)
- Hệ điều hành: Windows 11 Home Single Language, English
- Độ phân giải màn hình: 1920 x 1080 pixels (FullHD)
- Loại CPU: Intel Core i5-12450HX, 8C (4P + 4E) / 12T, P-core up to 4.4GHz, E-core up to 3.1GHz, 12MB
- Cổng giao tiếp: 2x USB-A (5Gbps / USB 3.2 Gen 1) 1x USB-C (5Gbps / USB 3.2 Gen 1), chỉ truyền dữ liệu 1x HDMI 2.1, lên đến 8K/60Hz 1x giắc cắm kết hợp tai nghe / micrô (3.5mm) 1x Ethernet (RJ-45) 1x Đầu đọc thẻ 1x Đầu nối nguồn","Mua ngay Laptop Lenovo LOQ 15IAX9E 83LK0079VN cũ giá rẻ - Nguồn gốc rõ ràng, bảo hành 6-12 tháng, đổi mới 30 ngày, luôn xuất bán đầy đủ VAT.",Laptop,15590000,Lenovo,0,7,0,2025-08-21 02:41:31,2026-03-29 12:13:07
69,Laptop Lenovo ThinkBook 16 G8 IRL 21SH0093VA - Cũ Trầy Xước,"Mua ngay Laptop Lenovo ThinkBook 16 G8 IRL 21SH0093VA cũ giá rẻ - Nguồn gốc rõ ràng, bảo hành 6-12 tháng, đổi mới 30 ngày, luôn xuất bán đầy đủ VAT.","- Loại card đồ họa: Intel Graphics
- Dung lượng RAM: 16GB
- Loại RAM: DDR5-5600
- Số khe ram: 2 khe (1 x 16GB, nâng cấp tối đa 64GB DDR5-5600)
- Ổ cứng: 512GB SSD M.2 2242 PCIe 4.0x4 NVMe (Hỗ trợ tối đa 2 ổ M.2 2280 SSD, dung lượng đến 2TB mỗi ổ)
- Kích thước màn hình: 16 inches
- Công nghệ màn hình: Độ sáng 300nits Màn hình chống chóiĐộ phủ màu 45% NTSC
- Pin: 45Wh, 65W USB-C (3-pin)
- Hệ điều hành: Free OS
- Độ phân giải màn hình: 1920 x 1200 pixels (WUXGA)
- Loại CPU: Intel Core 5 210H, 8 lõi (4P + 4E) / 12 luồng, P-core 2.2 / 4.8GHz, E-core 1.6 / 3.6GHz, 12MB
- Cổng giao tiếp: 1x USB-A 1x USB-A, Luôn bật 1x USB-C (10Gbps), với USB PD 3.0 và DP 1.4 1x USB-C (Thunderbolt 4 / 40Gbps), với USB PD 3.0 và DP 2.1 1x HDMI 2.1, lên đến 4K/60Hz 1x Giắc cắm kết hợp tai nghe/micrô (3.5mm) 1x RJ-45 1x Đầu đọc thẻ","Mua ngay Laptop Lenovo ThinkBook 16 G8 IRL 21SH0093VA cũ giá rẻ - Nguồn gốc rõ ràng, bảo hành 6-12 tháng, đổi mới 30 ngày, luôn xuất bán đầy đủ VAT.",Laptop,13490000,Lenovo,45,99,0,2025-05-24 03:17:50,2026-03-29 12:13:07
70,Laptop Lenovo Yoga Slim 7 14IMH9 83CV00D8VN - Đã Kích Hoạt,"Mua ngay Laptop Lenovo Yoga Slim 7 14IMH9 83CV00D8VN cũ giá rẻ - Nguồn gốc rõ ràng, bảo hành 6-12 tháng, đổi mới 30 ngày, luôn xuất bán đầy đủ VAT.","- Chip AI: Intel AI Boost, up to 11 TOPS
- Loại card đồ họa: Intel Arc Graphics
- Dung lượng RAM: 16GB
- Loại RAM: LPDDR5-6400
- Số khe ram: Onboard không nâng cấp
- Ổ cứng: 1TB SSD M.2 2242 PCIe 4.0x4 NVMe
- Kích thước màn hình: 14 inches
- Công nghệ màn hình: Độ sáng 400nits Độ phủ màu 100% DCI-P3EyesafeDolby VisionDisplayHDR True Black 500
- Pin: 65Wh, 65W USB-C Slim (Wall-mount)
- Hệ điều hành: Windows 11 Home Single Language, English + Microsoft 365 Basic + Office Home 2024
- Độ phân giải màn hình: 1920 x 1200 pixels (WUXGA)
- Loại CPU: Intel Core Ultra 5 125H, 14 lõi (4P + 8E + 2LPE) / 18 luồng, Max Turbo up to 4.5GHz, 18MB
- Cổng giao tiếp: 1x USB-A (USB 5Gbps / USB 3.2 Gen 1), Luôn bật 2x USB-C (Thunderbolt 4 / USB 4 40Gbps), với USB PD 3.1 và DisplayPort 1.4 1x HDMI 2.1, lên đến 4K/60Hz 1x Giắc cắm kết hợp tai nghe/micrô (3.5mm)","Mua ngay Laptop Lenovo Yoga Slim 7 14IMH9 83CV00D8VN cũ giá rẻ - Nguồn gốc rõ ràng, bảo hành 6-12 tháng, đổi mới 30 ngày, luôn xuất bán đầy đủ VAT.",Laptop,20890000,Lenovo,0,114,0,2025-07-23 00:21:03,2026-03-29 12:13:07
71,Laptop MSI Cyborg 14 A13UDX-099VN - Cũ Đẹp,"Mua ngay Laptop MSI Cyborg 14 A13UDX-099VN cũ giá rẻ - Nguồn gốc rõ ràng, bảo hành 6-12 tháng, đổi mới 30 ngày, luôn xuất bán đầy đủ VAT.","- Loại card đồ họa: Nvidia Geforce RTX 3050 6GB GDDR6 Intel Iris Xe Graphics
- Dung lượng RAM: 16GB
- Loại RAM: DDR5 5200Mhz
- Số khe ram: 2 khe (2 x 8GB)
- Ổ cứng: 512GB M.2 PCIe NVMe Solid State Drive 1 khe PCIe 2280; Đã sử dụng 1 khe
- Kích thước màn hình: 14 inches
- Công nghệ màn hình: Độ phủ màu 100% sRGBMàn hình chống chói
- Pin: 3 cell, 53.5Whr
- Hệ điều hành: Windows 11 Home SEA
- Độ phân giải màn hình: 1920 x 1200 pixels (FullHD+)
- Loại CPU: Intel Core i7-13620H Gen 13th (tốc độ tối đa: 4.9GHz, 10 lõi / 16 luồng, 24MB Cache)
- Cổng giao tiếp: 1 x Type-C (USB3.2 Gen 2 / DP) 2 x Type-A USB3.2 Gen 1 1 x HDMI 2.1 (4K @ 60Hz) 1 x RJ45","Mua ngay Laptop MSI Cyborg 14 A13UDX-099VN cũ giá rẻ - Nguồn gốc rõ ràng, bảo hành 6-12 tháng, đổi mới 30 ngày, luôn xuất bán đầy đủ VAT.",Laptop,16290000,MSI,0,36,0,2024-04-09 00:48:47,2026-03-29 12:13:07
72,Laptop MSI Gaming Katana A15 AI B8VE-402VN - Cũ Trầy Xước,"Mua ngay Laptop MSI Gaming Katana AI B8VE-402VN cũ giá rẻ - Nguồn gốc rõ ràng, bảo hành 6-12 tháng, đổi mới 30 ngày, luôn xuất bán đầy đủ VAT.","- Loại card đồ họa: NVIDIA GeForce RTX 4050 Laptop GPU 6GB GDDR6
- Dung lượng RAM: 16GB
- Loại RAM: DDR5-5600
- Số khe ram: 2 khe (Nâng cấp tối đa 64GB)
- Ổ cứng: 512GB SSD 2x M.2 (NVMe PCIe Gen4)
- Kích thước màn hình: 15.6 inches
- Pin: 3-Cell 53.5 Battery (Whr)
- Hệ điều hành: Windows 11 Home
- Độ phân giải màn hình: 1920 x 1080 pixels (FullHD)
- Loại CPU: AMD Ryzen R7-8845HS có kiến ​​trúc AMD XDNA
- Cổng giao tiếp: 1x Mic-in/Headphone-out Combo Jack 1x Type-C (USB3.2 Gen1 / DP) 2x Type-A USB3.2 Gen1 1x Type-A USB2.0 1x HDMI 2.1 (8K @ 60Hz / 4K @ 120Hz) 1x RJ45","Mua ngay Laptop MSI Gaming Katana AI B8VE-402VN cũ giá rẻ - Nguồn gốc rõ ràng, bảo hành 6-12 tháng, đổi mới 30 ngày, luôn xuất bán đầy đủ VAT.",Laptop,18590000,MSI,2,31,0,2024-05-17 13:32:20,2026-03-29 12:13:07
73,Laptop MSI Gaming Thin 15 B12UC-1416VN - Cũ Xước Cấn,"Mua ngay Laptop MSI Gaming Thin 15 B12UC-1416VN cũ giá rẻ - Nguồn gốc rõ ràng, bảo hành 6-12 tháng, đổi mới 30 ngày, luôn xuất bán đầy đủ VAT.","- Loại card đồ họa: Intel UHD Graphics + NVIDIA GeForce RTX 3050
- Dung lượng RAM: 8GB
- Loại RAM: DDR4 3200MHz
- Số khe ram: 2 khe (Máy nguyên bản 8GB, được tặng 8GB, tối đa 64GB)
- Ổ cứng: 1x 512GB M.2-2280 SSD slot (NVMe PCIe Gen4x4), Hỗ trợ nâng cấp: 1x 2.5&quot;&quot; SATA HDD
- Kích thước màn hình: 15.6 inches
- Công nghệ màn hình: Độ phủ màu 45% NTSCMàn hình chống chói
- Pin: 3-cell, 52.4WHr
- Hệ điều hành: Windows 11 Home
- Độ phân giải màn hình: 1920 x 1080 pixels (FullHD)
- Loại CPU: Intel Core i5-12450H
- Cổng giao tiếp: 1x Type-C (USB3.2 Gen1 / DisplayPort) 3x Type-A USB3.2 Gen1 1x HDMI (4K @ 30Hz) 1x RJ45 1x Mic-in 1x Headphone-out","Mua ngay Laptop MSI Gaming Thin 15 B12UC-1416VN cũ giá rẻ - Nguồn gốc rõ ràng, bảo hành 6-12 tháng, đổi mới 30 ngày, luôn xuất bán đầy đủ VAT.",Laptop,10990000,MSI,45,165,0,2025-09-29 18:19:34,2026-03-29 12:13:07
74,Laptop MSI Katana 15 B13UDXK-2213VN - Cũ Xước Cấn,"Mua ngay Laptop MSI Katana 15 B13UDXK-2213VN cũ giá rẻ - Nguồn gốc rõ ràng, bảo hành 6-12 tháng, đổi mới 30 ngày, luôn xuất bán đầy đủ VAT.","- Loại card đồ họa: NVIDIA GeForce RTX 3050, GDDR6 6GB Intel Graphics
- Dung lượng RAM: 16GB
- Loại RAM: DDR5 5200Mhz
- Số khe ram: 2 khe (2 x 8GB, nâng cấp tối đa 64 GB)
- Ổ cứng: 1TB NVMe PCIe SSD Gen4x4 w/o DRAM, 2 khe đã sử dụng 1 khe
- Kích thước màn hình: 15.6 inches
- Công nghệ màn hình: Độ phủ màu 45% NTSC Màn hình chống chói
- Pin: 3 cell, 53.5Whr
- Hệ điều hành: Windows 11 Home SEA
- Độ phân giải màn hình: 1920 x 1080 pixels (FullHD)
- Loại CPU: Intel Core i5-13500H (Tốc độ CPU (Base): 3.5Ghz / Tốc độ CPU Tối đa (Turbo Boost): 4.7GHz / Bộ nhớ đệm: 18MB)
- Cổng giao tiếp: 1x Type-C (USB3.2 Gen1 / DP) 2x Type-A USB3.2 Gen1 1x Type-A USB2.0 1x HDMI 2.1 (8K @ 60Hz / 4K @ 120Hz) 1x RJ45","Mua ngay Laptop MSI Katana 15 B13UDXK-2213VN cũ giá rẻ - Nguồn gốc rõ ràng, bảo hành 6-12 tháng, đổi mới 30 ngày, luôn xuất bán đầy đủ VAT.",Laptop,15090000,MSI,45,165,0,2024-11-30 03:14:14,2026-03-29 12:13:07
75,Laptop MSI Modern 14 B5M 204VN - Cũ Đẹp,"Mua laptop MSI Modern 14 B5M 204VN cũ giá rẻ - Nguồn gốc rõ ràng, bảo hành 6-12 tháng, đổi mới 30 ngày, luôn xuất bán đầy đủ VAT.","- Loại card đồ họa: AMD Radeon Graphics
- Dung lượng RAM: 16GB
- Loại RAM: DDR4 8GB (1 x 8GB) 3200MHz; 1 slots, up to 32GB
- Số khe ram: 2 khe (tối đa 64GB)
- Ổ cứng: 512GB SSD NVMe M.2 PCIe Gen 3 x4
- Kích thước màn hình: 14 inches
- Pin: 3 Cell, 39Whrs
- Hệ điều hành: Windows 11 SL 64 Bit
- Độ phân giải màn hình: 1920 x 1080 pixels (FullHD)
- Loại CPU: AMD Ryzen 5 5500U
- Cổng giao tiếp: 2x Type-C USB3.1 Gen1 2x Type-A USB3.1 Gen1 1x SD (XC/HC) 1x (4K @ 6Hz) HDMI","Mua laptop MSI Modern 14 B5M 204VN cũ giá rẻ - Nguồn gốc rõ ràng, bảo hành 6-12 tháng, đổi mới 30 ngày, luôn xuất bán đầy đủ VAT.",Laptop,7290000,MSI,2,194,0,2025-10-22 09:38:24,2026-03-29 12:13:07
76,Laptop MSI Prestige 14 AI Studio C1UDXG-058VN - Cũ Xước Cấn,"Mua ngay Laptop MSI Prestige 14 AI Studio C1UDXG-058VN cũ giá rẻ - Nguồn gốc rõ ràng, bảo hành 6-12 tháng, đổi mới 30 ngày, luôn xuất bán đầy đủ VAT.","- Chip AI: Intel AI Boost
- Loại card đồ họa: NVIDIA GeForce RTX 3050 6GB
- Dung lượng RAM: 16GB
- Loại RAM: DDR5-5600 2800(5600)MHz
- Số khe ram: 2 khe (1 x 16GB, Tối đa 32GB)
- Ổ cứng: 1TB NVMe SSD PCIe Gen4
- Kích thước màn hình: 14 inches
- Công nghệ màn hình: Màn hình chống chóiĐộ phủ màu 100%sRGB
- Pin: 4-Cell 90 Whrs
- Hệ điều hành: Windows 11 Home
- Độ phân giải màn hình: 1920 x 1200 pixels (FullHD+)
- Loại CPU: Intel Core Ultra 7 155H 16 lõi (6 P-cores + 8 E-cores + 2 Low Power E-cores), Max Turbo Frequency 4.8 GHz
- Cổng giao tiếp: 1x RJ45 1x Type-C (USB3.2 Gen 2 / DisplayPort/ Power Delivery 3.1) 1x Type-A USB3.2 Gen 2 1x HDMI 2.1 (8K @ 60Hz / 4K @ 120Hz)1x Mic-in/Headphone-out Combo Jack","Mua ngay Laptop MSI Prestige 14 AI Studio C1UDXG-058VN cũ giá rẻ - Nguồn gốc rõ ràng, bảo hành 6-12 tháng, đổi mới 30 ngày, luôn xuất bán đầy đủ VAT.",Laptop,19190000,MSI,0,113,0,2026-01-24 19:44:59,2026-03-29 12:13:07
77,Laptop MSI Vector 16 HX AI A2XWHG-010VN - Cũ Đẹp,"Mua ngay Laptop MSI Vector 16 HX AI A2XWHG-010VN cũ giá rẻ - Nguồn gốc rõ ràng, bảo hành 6-12 tháng, đổi mới 30 ngày, luôn xuất bán đầy đủ VAT.","- Loại card đồ họa: NVIDIA GeForce RTX 5070 Ti Laptop GPU, GDDR7 12GB Intel Graphics
- Dung lượng RAM: 16GB
- Loại RAM: DDR5-5600
- Số khe ram: 2 khe (2x 8GB, nâng cấp tối đa 96GB)
- Ổ cứng: 512GB*1 (1x M.2 SSD slot (NVMe PCIe Gen4), 1x M.2 SSD slot (NVMe PCIe Gen5) Compatible)
- Kích thước màn hình: 16 inches
- Công nghệ màn hình: Màn hình chống chóiG to G 3ms Độ phủ màu 100% DCI-P3 Độ sáng 500 nits
- Pin: 4-Cell 90 Whrs (Whr)
- Hệ điều hành: Windows 11 Home
- Độ phân giải màn hình: 2560 x 1600 pixels (2.5K)
- Loại CPU: Intel Core Ultra 7 255HX với Intel AI Boost (NPU), 20 lõi (8 P-cores + 12 E-cores), 20 luồng, 36MB cache, Max Turbo Frequency 5.2 GHz
- Cổng giao tiếp: 2x Thunderbolt 5 (DisplayPort/ Power Delivery 3.1) 2x Type-A USB3.2 Gen2 1x Đầu đọc thẻ SD Express 1x HDMI 2.1 (8K @ 60Hz / 4K @ 120Hz) 1x RJ45 1x SD Express","Mua ngay Laptop MSI Vector 16 HX AI A2XWHG-010VN cũ giá rẻ - Nguồn gốc rõ ràng, bảo hành 6-12 tháng, đổi mới 30 ngày, luôn xuất bán đầy đủ VAT.",Laptop,38990000,MSI,0,77,0,2024-11-20 10:20:11,2026-03-29 12:13:07
78,Loa Bluetooth GOOJODOQ AB4092,"Mua Loa Bluetooth GOOJODOQ AB4092 chính hãng - Giá tốt, bảo hành uy tín, giao hàng tận nơi toàn quốc. Mua ngay GOOJODOQ AB4092 tại đây.","- Công suất: 60 W
- Thời lượng pin: 3 giờ
- Cổng kết nối: AUXUSBTF Card
- Số loa kết nối cùng lúc: 2
- Tính năng khác: Hỗ trợ thẻ nhớ
- Hãng sản xuất: Goojodoq","Mua Loa Bluetooth GOOJODOQ AB4092 chính hãng - Giá tốt, bảo hành uy tín, giao hàng tận nơi toàn quốc. Mua ngay GOOJODOQ AB4092 tại đây.",Khác,1639000,Goojodoq,2,144,0,2024-08-26 05:11:33,2026-03-29 12:13:07
79,Loa Bluetooth GOOJODOQ AB4094,"Mua Loa Bluetooth GOOJODOQ AB4094 chính hãng - Giá tốt, bảo hành uy tín, giao hàng tận nơi toàn quốc. Mua ngay GOOJODOQ AB4094 tại đây.","- Tính năng khác: Hỗ trợ thẻ nhớ
- Hãng sản xuất: Goojodoq","Mua Loa Bluetooth GOOJODOQ AB4094 chính hãng - Giá tốt, bảo hành uy tín, giao hàng tận nơi toàn quốc. Mua ngay GOOJODOQ AB4094 tại đây.",Khác,159000,Goojodoq,2,113,0,2025-11-07 07:44:50,2026-03-29 12:13:07
80,Loa Bluetooth GOOJODOQ AB4095,"Mua Loa Bluetooth GOOJODOQ AB4095 chính hãng - Giá tốt, bảo hành uy tín, giao hàng tận nơi toàn quốc. Mua ngay GOOJODOQ AB4095 tại đây.","- Trọng lượng: 229 g
- Công nghệ âm thanh: Âm thanh Stereo
- Công suất: 5 W
- Thời lượng pin: 5 giờ (ở mức âm lượng 70%, tắt đèn)
- Tính năng khác: 3 mức độ ánh sángGhép nối TWS
- Hãng sản xuất: Goojodoq","Mua Loa Bluetooth GOOJODOQ AB4095 chính hãng - Giá tốt, bảo hành uy tín, giao hàng tận nơi toàn quốc. Mua ngay GOOJODOQ AB4095 tại đây.",Khác,339000,Goojodoq,70,86,0,2025-01-17 14:20:17,2026-03-29 12:13:07
81,Loa Bluetooth tích hợp đèn ngủ GOOJODOQ AB4097,"Mua Loa Bluetooth tích hợp đèn ngủ GOOJODOQ AB4097 chính hãng - Giá tốt, bảo hành uy tín, giao hàng tận nơi toàn quốc. Mua ngay GOOJODOQ AB4097 tại đây.","- Trọng lượng: 565 g
- Kích thước: 75 x 240 mm
- Công suất: 10 W
- Thời lượng pin: 3 – 5 giờ (ở mức âm lượng 50%)
- Cổng kết nối: AUX TF/Micro SD
- Tính năng khác: 24 chế độ đèn LEDĐộ trễ thấpGhép nối TWS
- Cấu tạo: 2 loa 52 mm
- Hãng sản xuất: Goojodoq","Mua Loa Bluetooth tích hợp đèn ngủ GOOJODOQ AB4097 chính hãng - Giá tốt, bảo hành uy tín, giao hàng tận nơi toàn quốc. Mua ngay GOOJODOQ AB4097 tại đây.",Khác,180000,Goojodoq,50,174,0,2024-04-24 20:28:19,2026-03-29 12:13:07
82,MacBook Pro 14 M3 Pro 2023 11 CPU - 14 GPU 18GB 1TB - Cũ Đẹp,"MacBook Pro 14 M3 Pro 2023 11 CPU - 14 GPU 18GB 1TB - Cũ Đẹp giá rẻ - Nguồn gốc rõ ràng, bảo hành 6-12 tháng, đổi mới 30 ngày, luôn xuất bán đầy đủ VAT.","- Loại card đồ họa: 14 nhânNeural Engine 16 nhân
- Dung lượng RAM: 18GB
- Ổ cứng: 1TB
- Kích thước màn hình: 14.2 inches
- Công nghệ màn hình: Độ sáng XDR: 1000 nit liên tục ở chế độ toàn màn hìnhĐộ sáng đỉnh 1600 nit (chỉ nội dung HDR)True ToneProMotion
- Pin: 70Wh
- Độ phân giải màn hình: 3024 x 1964 pixels
- Loại CPU: Apple M3 Pro 11 nhân
- Cổng giao tiếp: Hai cổng Thunderbolt / USB 4 (USB-C)Ba cổng Thunderbolt 4 (USB-C)Cổng HDMI Cổng HDMIKhe thẻ nhớ SDXCJack 3.5mm","MacBook Pro 14 M3 Pro 2023 11 CPU - 14 GPU 18GB 1TB - Cũ Đẹp giá rẻ - Nguồn gốc rõ ràng, bảo hành 6-12 tháng, đổi mới 30 ngày, luôn xuất bán đầy đủ VAT.",Khác,37990000,Apple,2,191,0,2024-07-04 23:02:43,2026-03-29 12:13:07
83,Màn hình Gaming Acer Nitro KG240Y M5 24 inch - Cũ Trầy Xước,"Mua Màn hình Gaming Acer Nitro KG240Y M5 24 inch cũ giá rẻ - Nguồn gốc rõ ràng, bảo hành 6-12 tháng, đổi mới 30 ngày, luôn xuất bán đầy đủ VAT.","- Kích thước thực tế (bao gồm viền): 24 inches
- Tấm nền: IPS
- Tỉ lệ màn hình: 16:9
- Tần số quét: 180 Hz
- Thời gian phản hồi: 1ms
- Độ tương phản động: 100,000,000:1
- Treo tường: 100 x 100 mm
- Cổng kết nối: HDMIDisplayPort
- Trọng lượng: 2.7kg
- Độ phân giải màn hình: 1920 x 1080","Mua Màn hình Gaming Acer Nitro KG240Y M5 24 inch cũ giá rẻ - Nguồn gốc rõ ràng, bảo hành 6-12 tháng, đổi mới 30 ngày, luôn xuất bán đầy đủ VAT.",Khác,1590000,Acer,2,87,0,2025-01-27 08:33:36,2026-03-29 12:13:07
84,Màn hình Gaming MSI MAG 274F 27 inch - Đã Kích Hoạt,"Mua Màn hình Gaming MSI MAG 274F 27 inch cũ giá rẻ - Nguồn gốc rõ ràng, bảo hành 6-12 tháng, đổi mới 30 ngày, luôn xuất bán đầy đủ VAT.","- Kích thước thực tế (bao gồm viền): 27 inches
- Tấm nền: IPS
- Tỉ lệ màn hình: 16:9
- Tần số quét: 200 Hz
- Thời gian phản hồi: 0.5ms
- Độ tương phản động: 100000000:1
- Treo tường: 100 x 100 mm
- Cổng kết nối: 1x HDMI 2.0b (FHD@200Hz) 1x DisplayPort 1.2a (HBR2)1x Headphone-out
- Kích thước: Có chân đế: 613.5 x 249.7 x 438.5 mmKhông có chân đế: 613.5 x 62.1 x 362.5 mm
- Trọng lượng: 4.2 kg / 6.25 kg
- Độ phân giải màn hình: 1920 x 1080 pixels","Mua Màn hình Gaming MSI MAG 274F 27 inch cũ giá rẻ - Nguồn gốc rõ ràng, bảo hành 6-12 tháng, đổi mới 30 ngày, luôn xuất bán đầy đủ VAT.",Khác,2690000,MSI,2,39,0,2024-05-19 20:49:09,2026-03-29 12:13:07
85,Màn hình Gaming MSI MAG 275CQF E18 27 inch - Đã Kích Hoạt,"Mua Màn hình Gaming MSI MAG 275CQF E18 27 inch cũ giá rẻ - Nguồn gốc rõ ràng, bảo hành 6-12 tháng, đổi mới 30 ngày, luôn xuất bán đầy đủ VAT.","- Kích thước thực tế (bao gồm viền): 27 inches
- Tấm nền: VA
- Tỉ lệ màn hình: 16:9
- Tần số quét: 180 Hz
- Thời gian phản hồi: 0.5ms
- Độ tương phản động: 100000000:1
- Treo tường: 100 x 100 mm
- Cổng kết nối: 2x HDMI 2.0b (WQHD@144Hz) 1x DisplayPort 1.4a (HBR3)1x Headphone-out
- Kích thước: Có chân đế: 611.5 x 249.7 x 439.1 mmKhông chân đế: 611.5 x 101.8 x 366.1 mm
- Trọng lượng: Có chân đế: 6.85 kgKhông chân đế: 4.6 kg
- Độ phân giải màn hình: 2560 x 1440 pixels","Mua Màn hình Gaming MSI MAG 275CQF E18 27 inch cũ giá rẻ - Nguồn gốc rõ ràng, bảo hành 6-12 tháng, đổi mới 30 ngày, luôn xuất bán đầy đủ VAT.",Khác,3190000,MSI,2,11,0,2025-06-24 01:10:07,2026-03-29 12:13:07
86,Màn hình LG 24U411A-B 24 inch - Đã Kích Hoạt,"Mua Màn hình LG 24U411A-B 24 inch cũ giá rẻ - Nguồn gốc rõ ràng, bảo hành 6-12 tháng, đổi mới 30 ngày, luôn xuất bán đầy đủ VAT.","- Kích thước thực tế (bao gồm viền): 24 inches
- Tấm nền: IPS
- Tỉ lệ màn hình: 16:9
- Tần số quét: 120 Hz
- Thời gian phản hồi: 1ms
- Treo tường: 100 x 100 mm
- Cổng kết nối: D-Sub HDMI
- Độ phân giải màn hình: 1920 x 1080 pixels","Mua Màn hình LG 24U411A-B 24 inch cũ giá rẻ - Nguồn gốc rõ ràng, bảo hành 6-12 tháng, đổi mới 30 ngày, luôn xuất bán đầy đủ VAT.",Khác,1790000,LG,2,176,0,2025-08-29 09:24:08,2026-03-29 12:13:07
87,Màn hình Gaming MSI MAG 244F 24 inch - Cũ Đẹp,"Mua Màn hình Gaming MSI MAG 244F 24 inch cũ giá rẻ - Nguồn gốc rõ ràng, bảo hành 6-12 tháng, đổi mới 30 ngày, luôn xuất bán đầy đủ VAT.","- Kích thước thực tế (bao gồm viền): 24 inches
- Tấm nền: IPS
- Tỉ lệ màn hình: 16:9
- Tần số quét: 200 Hz
- Thời gian phản hồi: 0.5ms
- Độ tương phản động: 100000000:1
- Treo tường: 100 x 100 mm
- Cổng kết nối: HDMI, DisplayPort, Headphone-out
- Độ phân giải màn hình: 1920 x 1080 pixels","Mua Màn hình Gaming MSI MAG 244F 24 inch cũ giá rẻ - Nguồn gốc rõ ràng, bảo hành 6-12 tháng, đổi mới 30 ngày, luôn xuất bán đầy đủ VAT.",Khác,1890000,MSI,2,21,0,2024-12-31 08:51:46,2026-03-29 12:13:07
88,Màn hình MSI Pro MP243L E14 24 inch - Cũ Đẹp,"Mua Màn hình MSI Pro MP243L E14 24 inch cũ giá rẻ - Nguồn gốc rõ ràng, bảo hành 6-12 tháng, đổi mới 30 ngày, luôn xuất bán đầy đủ VAT.","- Kích thước thực tế (bao gồm viền): 24 inches
- Tấm nền: IPS
- Tỉ lệ màn hình: 16:9
- Tần số quét: 144 Hz
- Thời gian phản hồi: 1ms
- Treo tường: 100 x 100 mm
- Cổng kết nối: 1x HDMI 2.0 (FHD@144Hz) 1x D-Sub (VGA)
- Kích thước: Có chân đế: 541.93 x 181.15 x 397.46 mmKhông chân đế: 541.93 x 43.71 x 322.25 mm
- Trọng lượng: Có chân đế: 4.75 kgKhông chân đế: 2.94 kg
- Độ phân giải màn hình: 1920 x 1080 pixels","Mua Màn hình MSI Pro MP243L E14 24 inch cũ giá rẻ - Nguồn gốc rõ ràng, bảo hành 6-12 tháng, đổi mới 30 ngày, luôn xuất bán đầy đủ VAT.",Khác,1490000,MSI,2,61,0,2025-11-08 04:59:54,2026-03-29 12:13:07
89,Máy ảnh kỹ thuật số Nikon D600 - Cũ đẹp,"Máy ảnh kỹ thuật số Nikon D600 cũ giá rẻ - Nguồn gốc rõ ràng, bảo hành 6-12 tháng, đổi mới 30 ngày, luôn xuất bán đầy đủ VAT.","- Hãng sản xuất: Nikon
- Loại máy ảnh: Full-frame
- Loại cảm biến: CMOS Full-frame (35.9 x 24 mm)
- Loại ống kính: Ống kính rời Ngàm Nikon F
- Chế độ lấy nét: AF-S, AF-C, MF
- Kích thước ảnh: 6016 x 4016
- Loại kính ngắm: Quang học (DSLR) Độ phủ khung ngắm: 100%Độ phóng đại: 0.7x
- Màn trập: 1/4000 – 30 giây","Máy ảnh kỹ thuật số Nikon D600 cũ giá rẻ - Nguồn gốc rõ ràng, bảo hành 6-12 tháng, đổi mới 30 ngày, luôn xuất bán đầy đủ VAT.",Khác,9500000,Nikon,0,147,0,2026-03-09 05:16:15,2026-03-29 12:13:07
90,Máy ảnh kỹ thuật số Nikon D600 - Cũ trầy xước,"Máy ảnh kỹ thuật số Nikon D600 cũ giá rẻ - Nguồn gốc rõ ràng, bảo hành 6-12 tháng, đổi mới 30 ngày, luôn xuất bán đầy đủ VAT.","- Hãng sản xuất: Nikon
- Loại máy ảnh: Full-frame
- Loại cảm biến: CMOS Full-frame (35.9 x 24 mm)
- Loại ống kính: Ống kính rời Ngàm Nikon F
- Chế độ lấy nét: AF-S, AF-C, MF
- Kích thước ảnh: 6016 x 4016
- Loại kính ngắm: Quang học (DSLR) Độ phủ khung ngắm: 100%Độ phóng đại: 0.7x
- Màn trập: 1/4000 – 30 giây","Máy ảnh kỹ thuật số Nikon D600 cũ giá rẻ - Nguồn gốc rõ ràng, bảo hành 6-12 tháng, đổi mới 30 ngày, luôn xuất bán đầy đủ VAT.",Khác,8800000,Nikon,0,78,0,2025-12-26 01:42:12,2026-03-29 12:13:07
91,Máy ảnh kỹ thuật số Nikon D600 VN Full Box - Đã kích hoạt,"Máy ảnh kỹ thuật số Nikon D600 VN Full Box đã kích hoạt bảo hành, đổi mới 30 ngày, có trả góp 0%","- Hãng sản xuất: Nikon
- Loại máy ảnh: Full-frame
- Loại cảm biến: CMOS Full-frame (35.9 x 24 mm)
- Loại ống kính: Ống kính rời Ngàm Nikon F
- Chế độ lấy nét: AF-S, AF-C, MF
- Kích thước ảnh: 6016 x 4016
- Loại kính ngắm: Quang học (DSLR) Độ phủ khung ngắm: 100%Độ phóng đại: 0.7x
- Màn trập: 1/4000 – 30 giây","Máy ảnh kỹ thuật số Nikon D600 VN Full Box đã kích hoạt bảo hành, đổi mới 30 ngày, có trả góp 0%",Khác,10500000,Nikon,0,167,0,2024-10-19 00:22:17,2026-03-29 12:13:07
92,Máy ảnh kỹ thuật số Nikon D600 - Cũ xước cấn,"Máy ảnh kỹ thuật số Nikon D600 cũ giá rẻ - Nguồn gốc rõ ràng, bảo hành 6-12 tháng, đổi mới 30 ngày, luôn xuất bán đầy đủ VAT.","- Hãng sản xuất: Nikon
- Loại máy ảnh: Full-frame
- Loại cảm biến: CMOS Full-frame (35.9 x 24 mm)
- Loại ống kính: Ống kính rời Ngàm Nikon F
- Chế độ lấy nét: AF-S, AF-C, MF
- Kích thước ảnh: 6016 x 4016
- Loại kính ngắm: Quang học (DSLR) Độ phủ khung ngắm: 100%Độ phóng đại: 0.7x
- Màn trập: 1/4000 – 30 giây","Máy ảnh kỹ thuật số Nikon D600 cũ giá rẻ - Nguồn gốc rõ ràng, bảo hành 6-12 tháng, đổi mới 30 ngày, luôn xuất bán đầy đủ VAT.",Khác,8000000,Nikon,0,165,0,2024-05-03 00:12:46,2026-03-29 12:13:07
93,Máy tính bảng Lenovo Yoga Tab Wifi 12GB 256GB TB710 ZAG60105VN - Đã kích hoạt,"Mua máy tính bảng Lenovo Yoga Tab TB710 đã kích hoạt bảo hành, đổi mới 30 ngày, có trả góp 0%","- Kích thước màn hình: 11.1 inches
- Công nghệ màn hình: LTPS LCD
- Camera sau: 13MP + 2MP
- Camera trước: 13MP
- Chipset: Qualcomm® Snapdragon® 8 Gen 3
- Công nghệ NFC: Không
- Dung lượng RAM: 12 GB
- Bộ nhớ trong: 256 GB
- Pin: 8860mAh
- Hệ điều hành: Android™ 15
- Độ phân giải màn hình: 3200 x 2000 pixel (3.2K)
- Tính năng màn hình: Độ sáng 600-800 nits, Tần số quét 144Hz, Độ phủ màu 98% DCI-P3, Đạt chứng nhận TÜV Rheinland
- Loại CPU: 6 nhân (1x Cortex-X4 3.3GHz + 4x Cortex-A720 2.95GHz + 1x Cortex-A520 2.1GHz)","Mua máy tính bảng Lenovo Yoga Tab TB710 đã kích hoạt bảo hành, đổi mới 30 ngày, có trả góp 0%",Khác,12490000,Lenovo,98,27,0,2025-09-06 17:53:12,2026-03-29 12:13:07
94,Xiaomi Pad 8 8GB 128GB - Đã kích hoạt,"Mua Máy tính bảng Xiaomi Pad 8 đã kích hoạt bảo hành, đổi mới 30 ngày, có trả góp 0%","- Kích thước màn hình: 11.2 inches
- Công nghệ màn hình: LCD
- Camera sau: 13 MP
- Camera trước: 8MP
- Chipset: Snapdragon 8s Gen 4
- Công nghệ NFC: Có
- Dung lượng RAM: 8 GB
- Bộ nhớ trong: 128 GB
- Pin: 9.200 mAh
- Hệ điều hành: Android 16
- Độ phân giải màn hình: 2136 x 3200 pixels
- Tính năng màn hình: 144 Hz, HDR10, HDR Vivid và Dolby Vision, 800 nits","Mua Máy tính bảng Xiaomi Pad 8 đã kích hoạt bảo hành, đổi mới 30 ngày, có trả góp 0%",Điện thoại,8990000,Xiaomi,2,195,0,2025-08-24 05:45:17,2026-03-29 12:13:07
95,Ống kính Canon EF 24-105mm F/4L IS USM - Cũ trầy xước,"Ống kính Canon EF 24-105mm F/4L IS USM cũ giá rẻ - Nguồn gốc rõ ràng, bảo hành 6-12 tháng, đổi mới 30 ngày, luôn xuất bán đầy đủ VAT.","- Hãng sản xuất: Canon
- Loại ống kính: Ngàm Canon EF Góc nhìn ngang : 74°−19°20’
- Khẩu độ: F/4L
- Cấu trúc quang học: 18 thấu kính thuộc 13 nhóm 8 lá khẩu
- Tiêu cự: 24-105 mm","Ống kính Canon EF 24-105mm F/4L IS USM cũ giá rẻ - Nguồn gốc rõ ràng, bảo hành 6-12 tháng, đổi mới 30 ngày, luôn xuất bán đầy đủ VAT.",Khác,7000000,Canon,2,34,0,2025-03-25 17:17:49,2026-03-29 12:13:07
96,Ống kính Canon EF 24-105mm F/4L IS USM VN Full Box - Đã kích hoạt,"Ống kính Canon EF 24-105mm F/4L IS USM đã kích hoạt bảo hành, đổi mới 30 ngày, có trả góp 0%","- Hãng sản xuất: Canon
- Loại ống kính: Ngàm Canon EF Góc nhìn ngang : 74°−19°20’
- Khẩu độ: F/4L
- Cấu trúc quang học: 18 thấu kính thuộc 13 nhóm 8 lá khẩu
- Tiêu cự: 24-105 mm","Ống kính Canon EF 24-105mm F/4L IS USM đã kích hoạt bảo hành, đổi mới 30 ngày, có trả góp 0%",Khác,8000000,Canon,2,28,0,2024-11-04 06:27:38,2026-03-29 12:13:07
97,Ống kính Canon EF 24-105mm F/4L IS USM - Cũ xước cấn,"Ống kính Canon EF 24-105mm F/4L IS USM cũ giá rẻ - Nguồn gốc rõ ràng, bảo hành 6-12 tháng, đổi mới 30 ngày, luôn xuất bán đầy đủ VAT.","- Hãng sản xuất: Canon
- Loại ống kính: Ngàm Canon EF Góc nhìn ngang : 74°−19°20’
- Khẩu độ: F/4L
- Cấu trúc quang học: 18 thấu kính thuộc 13 nhóm 8 lá khẩu
- Tiêu cự: 24-105 mm","Ống kính Canon EF 24-105mm F/4L IS USM cũ giá rẻ - Nguồn gốc rõ ràng, bảo hành 6-12 tháng, đổi mới 30 ngày, luôn xuất bán đầy đủ VAT.",Khác,6500000,Canon,2,109,0,2025-04-17 15:00:31,2026-03-29 12:13:07
98,Ống kính Canon EF 24-105mm F/4L IS USM - Cũ đẹp,"Ống kính Canon EF 24-105mm F/4L IS USM cũ giá rẻ - Nguồn gốc rõ ràng, bảo hành 6-12 tháng, đổi mới 30 ngày, luôn xuất bán đầy đủ VAT.","- Hãng sản xuất: Canon
- Loại ống kính: Ngàm Canon EF Góc nhìn ngang : 74°−19°20’
- Khẩu độ: F/4L
- Cấu trúc quang học: 18 thấu kính thuộc 13 nhóm 8 lá khẩu
- Tiêu cự: 24-105 mm","Ống kính Canon EF 24-105mm F/4L IS USM cũ giá rẻ - Nguồn gốc rõ ràng, bảo hành 6-12 tháng, đổi mới 30 ngày, luôn xuất bán đầy đủ VAT.",Khác,6000000,Canon,2,16,0,2025-03-06 11:50:20,2026-03-29 12:13:07
99,Ốp lưng iPhone 15 X Level Sparkling Magsafe,"Mua ngay Ốp lưng iPhone 15 X Level Sparkling Magsafe chính hãng - Giá rẻ, đảm bảo chất lượng, độ bền cao, hỗ trợ giao hàng tận nơi toàn quốc.","- Dòng sản phẩm: iPhone 15
- Phân loại ốp: Chống sốc, Ốp trong
- Tính năng: Hỗ trợ sạc MagSafe, Hỗ trợ sạc không dây, Siêu mỏng, Chống sốc, va đập, Chống trầy xước
- Dùng được cho: iPhone 15
- Hãng sản xuất: Hãng khác","Mua ngay Ốp lưng iPhone 15 X Level Sparkling Magsafe chính hãng - Giá rẻ, đảm bảo chất lượng, độ bền cao, hỗ trợ giao hàng tận nơi toàn quốc.",Điện thoại,150000,Hãng khác,0,131,0,2024-08-09 06:25:22,2026-03-29 12:13:07
100,Samsung Galaxy Watch5 44mm LTE - Cũ Xước Cấn,"Mua Đồng hồ Galaxy Watch 5 44mm LTE cũ giá rẻ - Nguồn gốc rõ ràng, bảo hành 6-12 tháng, đổi mới 30 ngày, luôn xuất bán đầy đủ VAT.","- Công nghệ màn hình: Amoled
- Kích thước màn hình: 1.4 inch
- Đường kính mặt: 44mm
- Bộ nhớ trong: 16 GB
- Nghe,gọi: Nghe gọi qua Bluetooth
- Tiện ích sức khoẻ: Chế độ luyện tập, Theo dõi giấc ngủ, Đo nhịp tim, Đo lượng oxy trong máu, Đếm bước chân, Tính calo tiêu thụ, Tính quãng đường chạy, Đo mức độ stress, Cảm biến nhiệt độ, Cảnh báo nhịp tim bất thường, Đo chỉ số năng lượng cơ thể, Đo điện tâm đồ, Đo VO2 max (Đo lượng tiêu thụ oxy tối đa), Đo huyết áp
- Tương thích: Android, iOS
- Thời lượng pin: Chế độ thông minh: 2 ngày
- Hãng sản xuất: Samsung Chính hãng","Mua Đồng hồ Galaxy Watch 5 44mm LTE cũ giá rẻ - Nguồn gốc rõ ràng, bảo hành 6-12 tháng, đổi mới 30 ngày, luôn xuất bán đầy đủ VAT.",Điện thoại,1390000,Samsung Chính hãng,45,168,0,2025-12-22 21:56:38,2026-03-29 12:13:07
101,Vòng đeo tay thông minh Huawei Band 11 - Đã Kích Hoạt,"Mua HUAWEI Band 11 màn hình 1.62&quot; cũ giá rẻ - Nguồn gốc rõ ràng, bảo hành 6-12 tháng, đổi mới 30 ngày, luôn xuất bán đầy đủ VAT.","- Công nghệ màn hình: Màn hình AMOLED Độ sáng tối đa lên đến 1500 nit
- Kích thước màn hình: 1.62 inch
- Đường kính mặt: 42.6 mm
- Kích thước cổ tay phù hợp: Đen, xanh lá, trắng: 130 - 210 mm Tím, Beige: 120 - 190 mm
- Nghe,gọi: Không
- Tiện ích sức khoẻ: Chế độ luyện tập, Theo dõi giấc ngủ, Đo nhịp tim, Đo lượng oxy trong máu, Đếm bước chân, Tính calo tiêu thụ, Tính quãng đường chạy, Đo mức độ stress, Theo dõi chu kỳ, Tình trạng HRV (Heart Rate Variability)
- Tương thích: Android 9.0 trở lên iOS 13.0 trở lên
- Thời lượng pin: Thời lượng sử dụng tối đa 14 ngày. Thời lượng sử dụng thường xuyên 8 ngày.Thời lượng sử dụng 3 ngày khi bật AOD.
- Hãng sản xuất: Huawei","Mua HUAWEI Band 11 màn hình 1.62&quot; cũ giá rẻ - Nguồn gốc rõ ràng, bảo hành 6-12 tháng, đổi mới 30 ngày, luôn xuất bán đầy đủ VAT.",Khác,790000,Huawei,27,151,0,2024-06-08 14:48:40,2026-03-29 12:13:07
102,Apple Watch Series 11 46mm (GPS) Viền Nhôm Dây Cao Su Size M/L - Cũ Trầy Xước,"Mua Apple Watch Series 11 46mm (GPS) Viền Nhôm Dây Cao Su Size M/L cũ giá rẻ - Nguồn gốc rõ ràng, bảo hành 6-12 tháng, đổi mới 30 ngày, luôn xuất bán đầy đủ VAT.","- Công nghệ màn hình: Màn hình Retina Luôn Bật với OLED góc rộng và LTPO3Độ sáng đỉnh lên đến 2000 nit Độ sáng tối thiểu 1 nit Mật độ 326 pixel mỗi inch
- Đường kính mặt: 46 mm
- Kích thước cổ tay phù hợp: Vừa với cổ tay cỡ 15 – 20 cm
- Nghe,gọi: Nghe gọi qua Bluetooth
- Tiện ích sức khoẻ: Chế độ luyện tập, Theo dõi giấc ngủ, Đo nhịp tim, Đo lượng oxy trong máu, Đếm bước chân, Tính calo tiêu thụ, Tính quãng đường chạy, Đo mức độ stress, Cảm biến nhiệt độ, Phát hiện té ngã, Cảnh báo nhịp tim bất thường, Đo điện tâm đồ, Đo VO2 max (Đo lượng tiêu thụ oxy tối đa), Theo dõi chu kỳ, Nhắc nhở ít vận động, Phát hiện chứng ngưng thở khi ngủ
- Tương thích: iPhone 11 trở lên, bao gồm iPhone SE (thế hệ thứ 2 trở lên), sử dụng iOS 26 trở lên
- Thời lượng pin: Pin dùng cả ngày, lên đến 24 giờ khi sử dụng bình thường Lên đến 38 giờ ở Chế Độ Nguồn Điện Thấp
- Hãng sản xuất: Apple Chính hãng","Mua Apple Watch Series 11 46mm (GPS) Viền Nhôm Dây Cao Su Size M/L cũ giá rẻ - Nguồn gốc rõ ràng, bảo hành 6-12 tháng, đổi mới 30 ngày, luôn xuất bán đầy đủ VAT.",Khác,7090000,Apple Chính hãng,2,73,0,2025-03-02 17:38:04,2026-03-29 12:13:07
103,Bàn phím cơ không dây Aula F108 Hồng Gradient,"Mua bàn phím cơ không dây Aula F108 Hồng Gradient chính hãng - Giá rẻ, đảm bảo chất lượng, độ bền cao, hỗ trợ giao hàng tận nơi toàn quốc.","- Loại bàn phím: Full-size
- Số phím: 108 phím
- Tương thích: WINXP/WIN7/WIN8/WIN10/Android/IOS/MAC
- Kết nối: 3 mode có dây Type-C &amp; không dây 2.4G &amp; BT
- Khoảng cách kết nối (Độ dài dây): Lên đến 10m
- Đèn LED: LED RGB 15 hiệu ứng ánh sáng
- Hãng sản xuất: Aula","Mua bàn phím cơ không dây Aula F108 Hồng Gradient chính hãng - Giá rẻ, đảm bảo chất lượng, độ bền cao, hỗ trợ giao hàng tận nơi toàn quốc.",Phụ kiện,1649000,Aula,2,81,0,2025-02-15 12:21:42,2026-03-29 12:13:07
104,Bàn phím cơ không dây AULA F75 Hồng Gradient,"Mua Bàn phím cơ không dây AULA F75 Hồng Gradient chính hãng - Giá rẻ, đảm bảo chất lượng, độ bền cao, hỗ trợ giao hàng tận nơi toàn quốc.","- Loại bàn phím: Tenkeyless 75%
- Số phím: 80 phím
- Phím đặc biệt: Phím tăng giảm âm lượng/độ sáng của đèn
- Tương thích: WINXP/WIN7/WIN8/WIN10 Android/IOS/MAC
- Kết nối: 3 mode có dây Type-C &amp; không dây 2.4G &amp; Bluetooth
- Khoảng cách kết nối (Độ dài dây): Độ dài dây:1.6m
- Đèn LED: LED RGB 16.8 triệu màu, 16 loại hiệu ứng
- Thời gian dùng: Khoảng 30.5 giờ (hiệu ứng ánh sáng mặc định) và khoảng 80 giờ (tắt led)
- Hãng sản xuất: Aula","Mua Bàn phím cơ không dây AULA F75 Hồng Gradient chính hãng - Giá rẻ, đảm bảo chất lượng, độ bền cao, hỗ trợ giao hàng tận nơi toàn quốc.",Phụ kiện,1399000,Aula,75,107,0,2025-06-20 14:52:37,2026-03-29 12:13:07
105,Bàn phím cơ không dây AULA F99 Hồng Gradient,"Mua bàn phím cơ không dây AULA F99 Hồng Gradient chính hãng - Giá rẻ, đảm bảo chất lượng, độ bền cao, hỗ trợ giao hàng tận nơi toàn quốc.","- Loại bàn phím: Full-size
- Số phím: 99 phím
- Tương thích: WIN XP7/8/10/Android/IOS/MAC
- Kết nối: 3 mode có dây Type-C &amp; không dây 2.4G &amp; BT
- Khoảng cách kết nối (Độ dài dây): 1.6 mKhoảng cách kết nối 10 m
- Đèn LED: LED RGB với 16 loại hiệu ứng ánh sáng
- Thời gian dùng: Khoảng 53 giờ (hiệu ứng ánh sáng mặc định)/ 400 giờ (tất cả đèn tắt)
- Hãng sản xuất: Aula","Mua bàn phím cơ không dây AULA F99 Hồng Gradient chính hãng - Giá rẻ, đảm bảo chất lượng, độ bền cao, hỗ trợ giao hàng tận nơi toàn quốc.",Phụ kiện,1799000,Aula,2,136,0,2024-10-04 14:04:53,2026-03-29 12:13:07
106,Bàn phím cơ không dây AULA S75 Pro Xám Đen Gradient,"Mua bàn phím cơ không dây AULA S75 Pro Xám Đen Gradient chính hãng - Giá rẻ, đảm bảo chất lượng, độ bền cao, hỗ trợ giao hàng tận nơi toàn quốc.","- Loại bàn phím: Tenkeyless
- Số phím: 80 phím
- Phím đặc biệt: Núm xoay đa chức năng
- Tương thích: WINXP/WIN7/WIN8/WIN10/Android/IOS/MAC
- Kết nối: 3 mode có dây Type-C &amp; không dây 2.4G &amp; BT
- Khoảng cách kết nối (Độ dài dây): 10 m
- Đèn LED: LED RGB 16.8 triệu màu
- Thời gian dùng: Khi sạc đầy pin: Khoảng 30 giờ (hiệu ứng ánh sáng mặc định) và khoảng 80 giờ (tắt led)
- Hãng sản xuất: Aula","Mua bàn phím cơ không dây AULA S75 Pro Xám Đen Gradient chính hãng - Giá rẻ, đảm bảo chất lượng, độ bền cao, hỗ trợ giao hàng tận nơi toàn quốc.",Phụ kiện,1499000,Aula,2,27,0,2025-05-29 07:58:34,2026-03-29 12:13:07
107,Bàn phím cơ không dây AULA S98 Pro Hồng Gradient,"Mua Bàn phím cơ không dây AULA S98 Pro Hồng Gradient chính hãng - Giá rẻ, đảm bảo chất lượng, độ bền cao, hỗ trợ giao hàng tận nơi toàn quốc.","- Loại bàn phím: Full-size
- Số phím: 96 phím
- Phím đặc biệt: Núm xoay đa chức năng
- Tương thích: WIN XP7/8/10/Android/IOS/MAC
- Kết nối: 3 mode có dây Type-C &amp; không dây 2.4G &amp; BT
- Khoảng cách kết nối (Độ dài dây): 10 m
- Đèn LED: LED RGB 19 hiệu ứng ánh sáng
- Thời gian dùng: khi sạc đầy pin: ≧ 20 giờ (hiệu ứng ánh sáng mặc định); ≧66.5 giờ (tắt đèn nền và đèn bên)
- Hãng sản xuất: Aula","Mua Bàn phím cơ không dây AULA S98 Pro Hồng Gradient chính hãng - Giá rẻ, đảm bảo chất lượng, độ bền cao, hỗ trợ giao hàng tận nơi toàn quốc.",Phụ kiện,1809000,Aula,2,195,0,2025-02-10 08:42:52,2026-03-29 12:13:07
108,Bàn phím cơ không dây AULA S98 Pro Xám Đen Gradient,"Mua Bàn phím cơ không dây AULA S98 Pro Xám Đen Gradient chính hãng - Giá rẻ, đảm bảo chất lượng, độ bền cao, hỗ trợ giao hàng tận nơi toàn quốc.","- Loại bàn phím: Full-size
- Số phím: 96 phím
- Phím đặc biệt: Núm xoay đa chức năng
- Tương thích: WIN XP7/8/10/Android/IOS/MAC
- Kết nối: 3 mode có dây Type-C &amp; không dây 2.4G &amp; BT
- Khoảng cách kết nối (Độ dài dây): 10 m
- Đèn LED: LED RGB 19 hiệu ứng ánh sáng
- Thời gian dùng: khi sạc đầy pin: ≧ 20 giờ (hiệu ứng ánh sáng mặc định); ≧66.5 giờ (tắt đèn nền và đèn bên)
- Hãng sản xuất: Aula","Mua Bàn phím cơ không dây AULA S98 Pro Xám Đen Gradient chính hãng - Giá rẻ, đảm bảo chất lượng, độ bền cao, hỗ trợ giao hàng tận nơi toàn quốc.",Phụ kiện,1699000,Aula,2,149,0,2024-10-04 11:57:00,2026-03-29 12:13:07
109,Chuột không dây Aula AM205,"Mua chuột không dây Aula AM205 chính hãng - Giá rẻ, đảm bảo chất lượng, độ bền cao, bảo hành uy tín, giao hàng tận nơi toàn quốc.","- Tương thích: Windows 2000/XP/7/8/10
- Độ phân giải: 800-1000-1200DPI
- Kết nối: USB Receiver
- Đèn LED: Không LED
- Hãng sản xuất: Aula","Mua chuột không dây Aula AM205 chính hãng - Giá rẻ, đảm bảo chất lượng, độ bền cao, bảo hành uy tín, giao hàng tận nơi toàn quốc.",Phụ kiện,129000,Aula,2,163,0,2025-05-20 06:51:13,2026-03-29 12:13:07
110,Samsung Galaxy A07 5G 4GB 128GB - Cũ trầy xước,"Mua điện thoại Samsung Galaxy A07 5G 4GB 128GB cũ giá rẻ - Nguồn gốc rõ ràng, bảo hành 6-12 tháng, đổi mới 30 ngày, luôn xuất bán đầy đủ VAT.","- Kích thước màn hình: 6.7 inches
- Công nghệ màn hình: PLS LCD
- Camera sau: 50 MP, F1.8 + 2 MP, F2.4
- Camera trước: 8 MP, F2.0
- Chipset: MediaTek Dimensity 6300 5G
- Dung lượng RAM: 4 GB
- Bộ nhớ trong: 128 GB
- Pin: 6000 mAh
- Thẻ SIM: 2 Nano-SIM
- Hệ điều hành: Android
- Độ phân giải màn hình: 720 x 1600 pixel
- Tính năng màn hình: Tần số quét: 120HzĐộ sâu màu sắc:16M
- Loại CPU: 8 nhân, 2.4GHz, 2GHz","Mua điện thoại Samsung Galaxy A07 5G 4GB 128GB cũ giá rẻ - Nguồn gốc rõ ràng, bảo hành 6-12 tháng, đổi mới 30 ngày, luôn xuất bán đầy đủ VAT.",Điện thoại,2790000,Samsung,2,178,0,2026-02-05 13:16:57,2026-03-29 12:13:07
111,Samsung Galaxy S25 FE 5G 8GB 256GB - Cũ đẹp,"Mua điện thoại Samsung Galaxy S25 FE cũ giá rẻ - Nguồn gốc rõ ràng, bảo hành 6-12 tháng, đổi mới 30 ngày, luôn xuất bán đầy đủ VAT.","- Kích thước màn hình: 6.7 inches
- Công nghệ màn hình: Dynamic AMOLED 2X
- Camera sau: 50MP, f/1.8 góc rộng12MP, f/2.2 góc siêu rộng8MP, f/2.4 Tele
- Camera trước: 12MP, f/2.2
- Chipset: Exynos 2400
- Công nghệ NFC: Có
- Dung lượng RAM: 8 GB
- Bộ nhớ trong: 256 GB
- Pin: 4900 mAh
- Thẻ SIM: 2 Nano-SIM + eSIM
- Hệ điều hành: Android 16, One UI 8
- Độ phân giải màn hình: 1080 x 2340 pixels (FullHD+)
- Tính năng màn hình: Độ sáng tối đa 1900 nitsGorilla® Victus+16 triệu màu
- Loại CPU: 10 nhân (3.2 GHz, 2.9 GHz, 2.6 GHz, 1.95 GHz)","Mua điện thoại Samsung Galaxy S25 FE cũ giá rẻ - Nguồn gốc rõ ràng, bảo hành 6-12 tháng, đổi mới 30 ngày, luôn xuất bán đầy đủ VAT.",Điện thoại,11690000,Samsung,2,152,0,2025-10-28 15:10:34,2026-03-29 12:13:07
112,Xiaomi Redmi Note 14 Pro 5G 12GB 512GB - Cũ xước cấn,"Mua điện thoại Xiaomi Redmi Note 14 Pro cũ giá rẻ - Nguồn gốc rõ ràng, bảo hành 6-12 tháng, đổi mới 30 ngày, luôn xuất bán đầy đủ VAT.","- Kích thước màn hình: 6.67 inches
- Công nghệ màn hình: AMOLED
- Camera sau: Chính 200 MP &amp; Phụ 8 MP, 2 MP
- Camera trước: 20 MP
- Chipset: MediaTek Dimensity 7300-Ultra 8 nhân
- Công nghệ NFC: Có
- Dung lượng RAM: 12 GB
- Bộ nhớ trong: 512 GB
- Pin: 5110 mAh
- Thẻ SIM: 2 Nano-SIM
- Hệ điều hành: Xiaomi HyperOS (Android 14)
- Độ phân giải màn hình: 1220 x 2712 pixels
- Tính năng màn hình: 1.5K (1220 x 2712 Pixels)6.67&quot; - Tần số quét 120 HzĐộ sáng tối đa: 3000 nitsKính cường lực Corning Gorilla Glass Victus 2Mở khoá khuôn mặt
- Loại CPU: 4 nhân 2.5 GHz &amp; 4 nhân 2 GHz","Mua điện thoại Xiaomi Redmi Note 14 Pro cũ giá rẻ - Nguồn gốc rõ ràng, bảo hành 6-12 tháng, đổi mới 30 ngày, luôn xuất bán đầy đủ VAT.",Điện thoại,5590000,Xiaomi,2,184,0,2024-04-16 18:56:36,2026-03-29 12:13:07
113,Đồng hồ thông minh Garmin Forerunner 265 - Cũ Xước Cấn,"Mua đồng hồ thông minh Garmin Forerunner 265 chính hãng cũ giá rẻ - Nguồn gốc rõ ràng, bảo hành 6-12 tháng, đổi mới 30 ngày, luôn xuất bán đầy đủ VAT.","- Công nghệ màn hình: Amoled
- Kích thước màn hình: 1.3 inch
- Đường kính mặt: 46.1 mm
- Bộ nhớ trong: 8 GB
- Kích thước cổ tay phù hợp: Từ 12 - 20 cm
- Tiện ích sức khoẻ: Chế độ luyện tập, Theo dõi giấc ngủ, Đo nhịp tim, Đo lượng oxy trong máu, Đếm bước chân, Tính calo tiêu thụ, Tính quãng đường chạy, Đo mức độ stress, Cảnh báo nhịp tim bất thường, Đo VO2 max (Đo lượng tiêu thụ oxy tối đa)
- Tương thích: Điện thoại chạy Android 6.0 trở lên iPhone chạy iOS 11 trở lên
- Thời lượng pin: Chế độ thông minh: 7 ngày Chế độ GPS: 24 giờ
- Hãng sản xuất: Garmin","Mua đồng hồ thông minh Garmin Forerunner 265 chính hãng cũ giá rẻ - Nguồn gốc rõ ràng, bảo hành 6-12 tháng, đổi mới 30 ngày, luôn xuất bán đầy đủ VAT.",Khác,5990000,Garmin,2,181,0,2025-08-25 09:28:04,2026-03-29 12:13:07
114,Đồng hồ thông minh Garmin Instinct 3 Solar - Cũ Đẹp,"Mua Đồng hồ Garmin Instinct 3 Solar cũ giá rẻ - Nguồn gốc rõ ràng, bảo hành 6-12 tháng, đổi mới 30 ngày, luôn xuất bán đầy đủ VAT.","- Công nghệ màn hình: Bộ nhớ trong từng điểm ảnh (MIP) đơn sắc, có thể nhìn thấy dưới ánh sáng mặt trời, phản xạ xuyên sáng
- Kích thước màn hình: 0.9 x 0.9 inch
- Đường kính mặt: 45 mm
- Kích thước cổ tay phù hợp: Phù hợp với cổ tay có chu vi từ 13.7 - 20.4 cm
- Nghe,gọi: Không
- Tiện ích sức khoẻ: Chế độ luyện tập, Theo dõi giấc ngủ, Đo nhịp tim, Đo lượng oxy trong máu, Đếm bước chân, Tính calo tiêu thụ, Tính quãng đường chạy, Đo mức độ stress, Cảm biến nhiệt độ, Tính tuổi thể chất, Đo chỉ số năng lượng cơ thể, Đo VO2 max (Đo lượng tiêu thụ oxy tối đa), Theo dõi chu kỳ, Tình trạng HRV (Heart Rate Variability), Bài tập thở, Nhắc nhở ít vận động, Nhắc nhở uống nước, Bài tập thư giãn
- Tương thích: iPhone, Android
- Thời lượng pin: Đồng hồ thông minh: 28 ngày Chế độ đồng hồ tiết kiệm pin: 65 ngày Chỉ GPS: 40 giờ/130 giờ với năng lượng mặt trời Tất cả các hệ thống vệ tinh: 28 giờ/50 giờ với năng lượng mặt trời GPS thám hiểm: 36 ngày/Không giới hạn với solar
- Hãng sản xuất: Garmin","Mua Đồng hồ Garmin Instinct 3 Solar cũ giá rẻ - Nguồn gốc rõ ràng, bảo hành 6-12 tháng, đổi mới 30 ngày, luôn xuất bán đầy đủ VAT.",Khác,7090000,Garmin,2,150,0,2025-12-20 01:44:07,2026-03-29 12:13:07
115,Laptop Acer Nitro V 15 ProPanel ANV15-51-73UU - Cũ Đẹp,"Mua ngay Laptop Acer Nitro V 15 ProPanel ANV15-51-73UU cũ giá rẻ - Nguồn gốc rõ ràng, bảo hành 6-12 tháng, đổi mới 30 ngày, luôn xuất bán đầy đủ VAT.","- Loại card đồ họa: NVIDIA GeForce RTX 3050 6GB GDDR6
- Dung lượng RAM: 16GB
- Loại RAM: DDR5 5200 MT/s
- Số khe ram: 2 khe rời (1x 16GB, Nâng cấp tối đa 64GB)
- Ổ cứng: 512GB PCIe NVMe SSD (nâng cấp tối đa 4 TB SSD)
- Kích thước màn hình: 15.6 inches
- Công nghệ màn hình: Độ sáng 300nits Độ phủ màu sRGB 100%Màn hình LCD TFT đèn nền LED ComfyView của Acer Góc nhìn rộng lên đến 170 độ Thiết kế siêu mỏng
- Pin: 57Whr 4-cell, 135W 5.5 PHY Adapter
- Hệ điều hành: Windows 11 Home SL
- Độ phân giải màn hình: 1920 x 1080 pixels (FullHD)
- Loại CPU: Intel Core i7-13620H (10 lõi / 12 luồng, 3.6 GHz, 4.9 GHz, 24 MB Intel Smart Cache)
- Cổng giao tiếp: 1x USB Type-C (DisplayPort / Thunderbolt 4 / Sạc / DC-in) 3x USB-A 1x HDMI 2.1 hỗ trợ HDCP 1x 3.5 mm headphone/speaker jack, supporting headsets with built-in microphone 1x Ethernet (RJ-45) 1x DC-in jack for AC adapter","Mua ngay Laptop Acer Nitro V 15 ProPanel ANV15-51-73UU cũ giá rẻ - Nguồn gốc rõ ràng, bảo hành 6-12 tháng, đổi mới 30 ngày, luôn xuất bán đầy đủ VAT.",Laptop,19790000,Acer,0,149,0,2024-11-25 18:44:16,2026-03-29 12:13:07
116,Laptop ASUS Gaming V16 V3607VH-RP025W - Cũ Xước Cấn,"Mua Laptop ASUS Gaming V16 V3607VH-RP025W cũ giá rẻ - Nguồn gốc rõ ràng, bảo hành 6-12 tháng, đổi mới 30 ngày, luôn xuất bán đầy đủ VAT.","- Loại card đồ họa: NVIDIA GeForce RTX 5050 8GB GDDR7 Intel Graphics
- Dung lượng RAM: 16GB
- Loại RAM: DDR5 SO-DIMM
- Số khe ram: Có thể nâng cấp; Cần tháo vỏ dưới/trên
- Ổ cứng: 512GB M.2 NVMe PCIe 4.0 SSD
- Kích thước màn hình: 16 inches
- Công nghệ màn hình: Độ sáng 300nitsMàn hình chống chóiĐộ phủ màu 45% NTSC
- Pin: 63WHrs, 3S1P, 3-cell Li-ion
- Hệ điều hành: Windows 11 Home
- Độ phân giải màn hình: 1920 x 1200 pixels (WUXGA)
- Loại CPU: Intel Core 7 240H 2.5 GHz (24MB Cache, up to 5.2 GHz, 10 lõi, 16 luồng)
- Cổng giao tiếp: 1x USB 3.2 Gen 1 Type-C hỗ trợ hiển thị/cung cấp điện (tốc độ dữ liệu lên đến 5Gbps) 2x USB 3.2 Gen 1 Type-A (tốc độ dữ liệu lên đến 5Gbps) 1x HDMI 2.1 FRL 1x Giắc cắm âm thanh kết hợp 3.5mm 1x DC-in","Mua Laptop ASUS Gaming V16 V3607VH-RP025W cũ giá rẻ - Nguồn gốc rõ ràng, bảo hành 6-12 tháng, đổi mới 30 ngày, luôn xuất bán đầy đủ VAT.",Laptop,22090000,ASUS,45,109,0,2024-10-22 11:56:18,2026-03-29 12:13:07
117,Laptop ASUS Vivobook 14 X1405VA-LY623W - Cũ Xước Cấn,"Mua ngay Laptop ASUS Vivobook 14 X1405VA-LY623W cũ giá rẻ - Nguồn gốc rõ ràng, bảo hành 6-12 tháng, đổi mới 30 ngày, luôn xuất bán đầy đủ VAT.","- Loại card đồ họa: Intel UHD Graphics
- Dung lượng RAM: 16GB
- Loại RAM: DDR4
- Số khe ram: 8GB DDR4 on board + 8GB DDR4 SO-DIMM
- Ổ cứng: 512GB M.2 NVMe PCIe 4.0 SSD
- Kích thước màn hình: 14 inches
- Công nghệ màn hình: Độ sáng 300nitsĐộ phủ màu 45% NTSCMàn hình chống chói
- Pin: 42WHrs, 3S1P, 3-cell Li-ion
- Hệ điều hành: Windows 11 Home
- Độ phân giải màn hình: 1920 x 1200 pixels (WUXGA)
- Loại CPU: Intel Core i5-13420H 2.1 GHz (12MB Cache, up to 4.6 GHz, 8 lõi, 12 luồng)
- Cổng giao tiếp: 1x USB 2.0 Type-A (tốc độ dữ liệu lên đến 480Mbps) 1x USB 3.2 Gen 1 Type-C hỗ trợ cấp nguồn (tốc độ dữ liệu lên đến 5Gbps) 2x USB 3.2 Gen 1 Type-A (tốc độ dữ liệu lên đến 5Gbps) 1x HDMI 1.4 1x Giắc cắm âm thanh kết hợp 3.5mm 1x DC-in","Mua ngay Laptop ASUS Vivobook 14 X1405VA-LY623W cũ giá rẻ - Nguồn gốc rõ ràng, bảo hành 6-12 tháng, đổi mới 30 ngày, luôn xuất bán đầy đủ VAT.",Laptop,10190000,ASUS,45,124,0,2026-03-13 14:03:19,2026-03-29 12:13:07
118,Laptop ASUS Vivobook S16 S5606CA-RI171WS - Cũ Đẹp,"Mua Laptop ASUS Vivobook S16 S5606CA-RI171WS cũ giá rẻ - Nguồn gốc rõ ràng, bảo hành 6-12 tháng, đổi mới 30 ngày, luôn xuất bán đầy đủ VAT.","- Chip AI: Intel AI Boost NPU up to 13TOPS
- Loại card đồ họa: Intel Arc Graphics
- Dung lượng RAM: 16GB
- Loại RAM: LPDDR5X Onboard
- Ổ cứng: 512GB M.2 NVMe PCIe 4.0 SSD
- Kích thước màn hình: 16 inches
- Công nghệ màn hình: Độ sáng 400nits Độ sáng tối đa 600nits HDR Độ phủ màu 100% DCI-P3 Ánh xạ gam màu HDR True Black 600 1.07 tỷ màu Ít hơn 70% ánh sáng xanh có hại TÜV Rheinland
- Pin: 75WHrs, 4S1P, 4-cell Li-ion
- Hệ điều hành: Windows 11 Home + Microsoft Office Home 2024 + Microsoft 365 Basic
- Độ phân giải màn hình: 2880 x 1800 pixels
- Loại CPU: Intel Core Ultra 7 255H 2.0 GHz (24MB Cache, up to 5.1 GHz, 16 lõi, 16 luồng); Intel AI Boost NPU up to 13TOPS
- Cổng giao tiếp: 2x USB 3.2 Gen 1 Type-A (5Gbps) 2x Thunderbolt 4 hỗ trợ hiển thị/cung cấp điện (40Gbps) 1x HDMI 2.1 TMDS 1x Giắc cắm âm thanh kết hợp 3.5mm Đầu đọc thẻ Micro SD","Mua Laptop ASUS Vivobook S16 S5606CA-RI171WS cũ giá rẻ - Nguồn gốc rõ ràng, bảo hành 6-12 tháng, đổi mới 30 ngày, luôn xuất bán đầy đủ VAT.",Laptop,21790000,ASUS,0,28,0,2025-02-10 20:57:33,2026-03-29 12:13:07
119,Laptop Dell Inspiron 14 5440 D0F3W - Cũ Đẹp,"Mua ngay Laptop Dell Inspiron 14 5440 D0F3W cũ giá rẻ - Nguồn gốc rõ ràng, bảo hành 6-12 tháng, đổi mới 30 ngày, luôn xuất bán đầy đủ VAT.","- Loại card đồ họa: Intel UMA Graphics
- Dung lượng RAM: 24GB
- Loại RAM: DDR5 ( 4400 MT/s )
- Số khe ram: 2 khe (8GB+16GB, tối đa 32GB)
- Ổ cứng: 1 khe tối đa 1TB
- Kích thước màn hình: 14 inches
- Công nghệ màn hình: Độ phủ màu 45% NTSC
- Pin: 3 cell 41 Wh
- Hệ điều hành: Windows 11 Home
- Độ phân giải màn hình: 1920 x 1080 pixels (FullHD)
- Loại CPU: Intel Core i5-1334U thế hệ thứ 13 / 10 nhân 12 luồng / up to 4.6 GHz, 12MB
- Cổng giao tiếp: Khe cắm thẻ SD / Tai nghe / USB 3.2 Gen 1 / Cổng HDMI 1.4 / USB 3.2 Gen 1 / USB 3.2 Gen 2 (10 Gbps) Type-C với Power Delivery và DisplayPort","Mua ngay Laptop Dell Inspiron 14 5440 D0F3W cũ giá rẻ - Nguồn gốc rõ ràng, bảo hành 6-12 tháng, đổi mới 30 ngày, luôn xuất bán đầy đủ VAT.",Laptop,13490000,Dell,45,199,0,2025-12-02 08:36:09,2026-03-29 12:13:07
120,Laptop Dell Vostro 3520 F0V0V - Cũ Đẹp,"Mua Laptop Dell Vostro 3520 F0V0V cũ giá rẻ - Nguồn gốc rõ ràng, bảo hành 6-12 tháng, đổi mới 30 ngày, luôn xuất bán đầy đủ VAT.","- Loại card đồ họa: Intel Iris Xe
- Dung lượng RAM: 16GB
- Loại RAM: DDR4
- Ổ cứng: 512 GB, M.2 2230, PCIe NVMe Gen4 x4
- Kích thước màn hình: 15.6 inches
- Pin: 3 cells , 41WHr
- Hệ điều hành: Free OS
- Độ phân giải màn hình: 1080 x 1920 pixels (FullHD)
- Loại CPU: Intel Core i5-1235U
- Cổng giao tiếp: 2 USB 3.2 Gen 11 USB 2.0 port 1 headset (headphone and microphone combo) port 1 HDMI 1.4 port HDMI 1.4 (Maximum resolution supported over HDMI is 1920x1080 @60Hz. No 4K/2K output) 1 RJ45 Ethernet port (flip-down","Mua Laptop Dell Vostro 3520 F0V0V cũ giá rẻ - Nguồn gốc rõ ràng, bảo hành 6-12 tháng, đổi mới 30 ngày, luôn xuất bán đầy đủ VAT.",Laptop,10090000,Dell,2,97,0,2024-09-09 00:36:22,2026-03-29 12:13:07
121,Laptop HP Pavilion 15-EG0542TU 4P5G9PA - Cũ Xước Cấn,"Mua ngay Laptop HP Pavilion 15-EG0542TU 4P5G9PA cũ giá rẻ - Nguồn gốc rõ ràng, bảo hành 6-12 tháng, đổi mới 30 ngày, luôn xuất bán đầy đủ VAT.","- Loại card đồ họa: Intel® UHD Graphics
- Dung lượng RAM: 4GB
- Loại RAM: DDR4 3200MHz, 2 khe cắm tối đa 32GB
- Ổ cứng: 256GB SSD PCIe® NVMe™ M.2
- Kích thước màn hình: 15.6 inches
- Công nghệ màn hình: Chống chói Anti Glare, Wled-backlit
- Pin: 3Cell 41WHrs
- Hệ điều hành: Windows 11 Home SL
- Độ phân giải màn hình: 1920 x 1080 pixels (FullHD)
- Loại CPU: Intel® Core™ i3-1125G4, 2.00GHz up to 3.70GHz, 4 nhân 8 luồng
- Cổng giao tiếp: 1 x SuperSpeed USB Type-C® 10Gbps signaling rate (USB Power Delivery, DisplayPort™ 1.4, HP Sleep and Charge) 2 x SuperSpeed USB Type-A 5Gbps signaling rate 1 x HDMI 2.0 1 x headphone/microphone combo","Mua ngay Laptop HP Pavilion 15-EG0542TU 4P5G9PA cũ giá rẻ - Nguồn gốc rõ ràng, bảo hành 6-12 tháng, đổi mới 30 ngày, luôn xuất bán đầy đủ VAT.",Laptop,4990000,HP,2,100,0,2024-12-23 04:20:44,2026-03-29 12:13:07
122,Laptop HP Victus 15-FA2731TX B85LNPA - Cũ Xước Cấn,"Mua ngay Laptop HP Victus 15-FA2731TX B85LNPA cũ giá rẻ - Nguồn gốc rõ ràng, bảo hành 6-12 tháng, đổi mới 30 ngày, luôn xuất bán đầy đủ VAT.","- Loại card đồ họa: NVIDIA GeForce RTX 3050 (6GB of GDDR6 SDRAM, Bus Width: 96- bit) Intel UHD Graphics
- Dung lượng RAM: 16GB
- Loại RAM: DDR4 3200MHz
- Số khe ram: 2 khe (1 x 16GB)
- Ổ cứng: 512GB SSD1 PCIe (M.2 2280)
- Kích thước màn hình: 15.6 inches
- Công nghệ màn hình: Màn hình chống chói
- Pin: 3 Cell Int (52.5Wh)
- Hệ điều hành: Windows 11 Home Single Language 64-bit
- Độ phân giải màn hình: 1920 x 1080 pixels (FullHD)
- Loại CPU: Intel Core i5-13420H (8 lõi) - Max Turbo Frequency: 4.60 GHz
- Cổng giao tiếp: 1 x USB 3.2 Gen 1 Type-C (hỗ trợ DisplayPort, HP Sleep and Charge) 2 x USB 3.2 Gen 1 Type-A (một cổng hỗ trợ HP Sleep and Charge) 1 x HDMI 1 x RJ45 (LAN) 1 x Giắc cắm âm thanh kết hợp tai nghe/micrô 1 x SSD2 PCIe (M.2 2280)","Mua ngay Laptop HP Victus 15-FA2731TX B85LNPA cũ giá rẻ - Nguồn gốc rõ ràng, bảo hành 6-12 tháng, đổi mới 30 ngày, luôn xuất bán đầy đủ VAT.",Laptop,16990000,HP,2,152,0,2025-09-25 03:28:08,2026-03-29 12:13:07
123,Laptop Lenovo IdeaPad Slim 3 14ARP10 83K600A8VN,"Mua ngay Laptop Lenovo IdeaPad Slim 3 14ARP10 83K600A8VN giá rẻ - Hỗ trợ trả góp 0%, đổi mới 30 ngày, bảo hành chính hãng, giao hàng tận nơi miễn phí.","- Loại card đồ họa: AMD Radeon 660M Graphics
- Dung lượng RAM: 16GB
- Loại RAM: DDR5-4800
- Số khe ram: 2 khe (8GB Soldered + 8GB SODIMM, nâng cấp tối đa 24GB (8GB soldered + 16GB SODIMM))
- Ổ cứng: 512GB SSD M.2 2242 PCIe 4.0x4 NVMe (Hai khe cắm M.2 2242 PCIe 4.0 x4, tối đa 1TB)
- Kích thước màn hình: 14 inches
- Công nghệ màn hình: Màn hình chống chóiĐộ sáng 300nits Độ phủ màu 45% NTSC
- Pin: 50Wh, 65W Round Tip (3-pin)
- Hệ điều hành: Windows 11 Home Single Language, English
- Độ phân giải màn hình: 1920 x 1200 pixels (WUXGA)
- Loại CPU: AMD Ryzen 5 7535HS (6 lõi / 12 luồng, 3.3 / 4.55GHz, 3MB L2 / 16MB L3)
- Cổng giao tiếp: 2 x USB-A (USB 5Gbps / USB 3.2 Gen 1) 1 x USB-C (USB 5Gbps / USB 3.2 Gen 1), hỗ trợ USB PD 45-65W và DisplayPort 1.2 1 x HDMI 1.4 1 x Giắc cắm tai nghe/micro kết hợp (3.5mm) 1 x Đầu đọc thẻ SD 1 x Đầu nối nguồn tròn","Mua ngay Laptop Lenovo IdeaPad Slim 3 14ARP10 83K600A8VN giá rẻ - Hỗ trợ trả góp 0%, đổi mới 30 ngày, bảo hành chính hãng, giao hàng tận nơi miễn phí.",Laptop,19590000,Lenovo,0,155,0,2026-02-06 12:49:41,2026-03-29 12:13:07
124,Laptop Lenovo IdeaPad Slim 3 15IRH10 83K1000GVN - Cũ Xước Cấn,"Mua ngay Laptop Lenovo IdeaPad Slim 3 15IRH10 83K1000GVN cũ giá rẻ - Nguồn gốc rõ ràng, bảo hành 6-12 tháng, đổi mới 30 ngày, luôn xuất bán đầy đủ VAT.","- Loại card đồ họa: Intel UHD Graphics
- Dung lượng RAM: 24GB
- Loại RAM: DDR5-4800
- Số khe ram: 2 khe (1 x 8GB Onboard + 1 x 16GB, tối đa 24GB)
- Ổ cứng: 512GB SSD M.2 2242 PCIe 4.0x4 NVMe (Tối đa hai ổ đĩa, nâng cấp lên đến 1TB)
- Kích thước màn hình: 15.3 inches
- Công nghệ màn hình: Độ sáng 300nits Màn hình chống chóiĐộ phủ màu 45% NTSC
- Pin: 60Wh (Đầu tròn 65W (3 chân))
- Hệ điều hành: Windows 11 Home Single Language, English
- Độ phân giải màn hình: 1920 x 1200 pixels (WUXGA)
- Loại CPU: Intel Core i5-13420H, 8 lõi (4P + 4E) / 12 luồng, P-core 2.1 / 4.6GHz, E-core 1.5 / 3.4GHz, 12MB
- Cổng giao tiếp: 2x USB-A (5Gbps / USB 3.2 Gen 1) 1x USB-C (5Gbps / USB 3.2 Gen 1), với USB PD 3.0 và DisplayPort 1.2 1x HDMI 1.4 1x giắc cắm kết hợp tai nghe / micrô (3.5 mm) 1x đầu đọc thẻ SD 1x đầu nối nguồn","Mua ngay Laptop Lenovo IdeaPad Slim 3 15IRH10 83K1000GVN cũ giá rẻ - Nguồn gốc rõ ràng, bảo hành 6-12 tháng, đổi mới 30 ngày, luôn xuất bán đầy đủ VAT.",Laptop,12890000,Lenovo,45,195,0,2024-11-14 11:51:28,2026-03-29 12:13:07
125,Laptop Lenovo IdeaPad Slim 3 16IRH10 83K20001VN - Cũ Trầy Xước,"Mua ngay Laptop Lenovo IdeaPad Slim 3 16IRH10 83K20001VN cũ giá rẻ - Nguồn gốc rõ ràng, bảo hành 6-12 tháng, đổi mới 30 ngày, luôn xuất bán đầy đủ VAT.","- Loại card đồ họa: Intel UHD Graphics
- Dung lượng RAM: 16GB
- Loại RAM: DDR5-4800
- Số khe ram: 8GB Soldered DDR5-4800 + 8GB SO-DIMM DDR5-4800 (Nâng cấp tối đa 24GB (8GB hàn + 16GB SO-DIMM) DDR5-4800)
- Ổ cứng: 512GB SSD M.2 2242 PCIe 4.0x4 NVMe (Tối đa hai ổ đĩa, 2x M.2 SSD • M.2 2242 SSD lên đến 1TB)
- Kích thước màn hình: 16 inches
- Công nghệ màn hình: Độ sáng 300nits Độ phủ màu 45% NTSCMàn hình chống chói
- Pin: 60WhĐầu tròn 65W (3 chân)
- Hệ điều hành: Windows 11 Home Single Language, English
- Độ phân giải màn hình: 1920 x 1200 pixels (WUXGA)
- Loại CPU: Intel Core i7-13620H, 10 lõi (6P + 4E) / 16 luồng, P-core 2.4 / 4.9GHz, E-core 1.8 / 3.6GHz, 24MB
- Cổng giao tiếp: 2x USB-A (USB 5Gbps / USB 3.2 Gen 1) 1x USB-C (USB 5Gbps / USB 3.2 Gen 1), với USB PD 3.0 và DisplayPort 1.2 1x HDMI 1.4 1x giắc cắm kết hợp tai nghe / micrô (3.5 mm) 1x đầu đọc thẻ SD 1x đầu nối nguồn","Mua ngay Laptop Lenovo IdeaPad Slim 3 16IRH10 83K20001VN cũ giá rẻ - Nguồn gốc rõ ràng, bảo hành 6-12 tháng, đổi mới 30 ngày, luôn xuất bán đầy đủ VAT.",Laptop,15290000,Lenovo,45,27,0,2025-08-24 14:37:51,2026-03-29 12:13:07
126,Laptop Lenovo IdeaPad Slim 5 14Q8X9 83HL005AVN - Cũ Đẹp,"Mua ngay Laptop Lenovo IdeaPad Slim 5 14Q8X9 83HL005AVN cũ giá rẻ - Nguồn gốc rõ ràng, bảo hành 6-12 tháng, đổi mới 30 ngày, luôn xuất bán đầy đủ VAT.","- Chip AI: Qualcomm Hexagon NPU, up to 45 TOPS
- Loại card đồ họa: Qualcomm Adreno
- Dung lượng RAM: 16GB
- Loại RAM: LPDDR5x-8448
- Số khe ram: Onboard không nâng cấp
- Ổ cứng: 512GB SSD M.2 2242 PCIe 4.0x4 NVMe (Một ổ đĩa, tối đa 1TB M.2 2242 SSD)
- Kích thước màn hình: 14 inches
- Công nghệ màn hình: Độ sáng 400nitsĐộ phủ màu 100% DCI-P3
- Pin: 57Wh, 65W USB-C Slim (Wall-mount)
- Hệ điều hành: Windows 11 Home Single Language (on ARM), English / Office Trial
- Độ phân giải màn hình: 1920 x 1200 pixels (WUXGA)
- Loại CPU: Snapdragon X X1-26-100, 8 lõi, Max Turbo up to 3.0GHz, 30MB
- Cổng giao tiếp: 1x USB-A (5Gbps / USB 3.2 Gen 1) 1x USB-A (5Gbps / USB 3.2 Gen 1), Luôn bật 2x USB-C (10Gbps / USB 3.2 Gen 2), với USB PD 3.0 và DP 1.4 1x HDMI 2.1, lên đến 4K/60Hz 1x Giắc cắm kết hợp tai nghe/micrô (3.5mm) 1x Đầu đọc thẻ microSD","Mua ngay Laptop Lenovo IdeaPad Slim 5 14Q8X9 83HL005AVN cũ giá rẻ - Nguồn gốc rõ ràng, bảo hành 6-12 tháng, đổi mới 30 ngày, luôn xuất bán đầy đủ VAT.",Laptop,15290000,Lenovo,0,67,0,2024-06-16 14:30:17,2026-03-29 12:13:07
127,Laptop Lenovo LOQ 15ARP10E 83S0004FVN - Cũ Xước Cấn,"Mua ngay Laptop Lenovo LOQ 15ARP10E 83S0004FVN cũ giá rẻ - Nguồn gốc rõ ràng, bảo hành 6-12 tháng, đổi mới 30 ngày, luôn xuất bán đầy đủ VAT.","- Loại card đồ họa: NVIDIA GeForce RTX 4050 6GB GDDR6, Boost Clock 1605MHz, TGP 65W, 194 AI TOPS
- Dung lượng RAM: 16GB
- Loại RAM: SODIMM DDR5-4800
- Số khe ram: 2 khe (1 x 16GB)
- Ổ cứng: 512GB SSD M.2 2242 PCIe 4.0x4 NVMe (Tối đa hai ổ đĩa, 2x SSD M.2 dung lượng tối đa 1TB mỗi ổ)
- Kích thước màn hình: 15.6 inches
- Công nghệ màn hình: Độ sáng 300nits Màn hình chống chóiĐộ phủ màu 100% sRGB FreeSync
- Pin: 57.5Wh, 135W Slim Tip (3-pin)
- Hệ điều hành: Windows 11 Home Single Language, English
- Độ phân giải màn hình: 1920 x 1080 pixels (FullHD)
- Loại CPU: AMD Ryzen 7 7735HS (8 lõi / 16 luồng, 3.2 / 4.75GHz, 4MB L2 / 16MB L3)
- Cổng giao tiếp: 2x USB-A (USB 5Gbps / USB 3.2 Gen 1) 1x USB-C (USB 5Gbps / USB 3.2 Gen 1, hỗ trợ PD 3.0) 1x HDMI 2.1 (hỗ trợ tối đa 8K/60Hz) 1x jack tai nghe/mic 3.5mm 1x cổng Ethernet RJ-45 1x khe đọc thẻ 1x cổng nguồn","Mua ngay Laptop Lenovo LOQ 15ARP10E 83S0004FVN cũ giá rẻ - Nguồn gốc rõ ràng, bảo hành 6-12 tháng, đổi mới 30 ngày, luôn xuất bán đầy đủ VAT.",Laptop,17890000,Lenovo,0,113,0,2024-06-27 09:49:56,2026-03-29 12:13:07
128,Laptop Lenovo LOQ 15IRX10 83JE01AGVN,"Mua ngay Laptop Lenovo LOQ 15IRX10 83JE01AGVN giá rẻ - Hỗ trợ trả góp 0%, đổi mới 30 ngày, bảo hành chính hãng, giao hàng tận nơi miễn phí.","- Loại card đồ họa: NVIDIA GeForce RTX 5050 8GB GDDR7, Boost Clock 2370MHz, TGP 100W, 440 AI TOPS
- Dung lượng RAM: 16GB
- Loại RAM: DDR5-5600
- Số khe ram: 2 khe (1 x 16GB, nâng cấp tối đa 32GB DDR5-5600)
- Ổ cứng: 512GB SSD M.2 2242 PCIe 4.0x4 NVMe (Hai khe cắm, hỗ trợ tối đa hai ổ đĩa, dung lượng lên đến 1TB mỗi ổ)
- Kích thước màn hình: 15.6 inches
- Công nghệ màn hình: Độ sáng 300nits Màn hình chống chóiĐộ phủ màu 100% sRGB G-SYNC
- Pin: 60Wh, 170W Slim Tip (3-pin)
- Hệ điều hành: Windows 11 Home Single Language, English
- Độ phân giải màn hình: 1920 x 1080 pixels (FullHD)
- Loại CPU: Intel Core i7-13645HX, 14 lõi (6P + 8E) / 20 luồng, P-core up to 4.9GHz, E-core up to 3.5GHz, 24MB Intel Smart Cache
- Cổng giao tiếp: 3 x USB-A (5Gbps / USB 3.2 Gen 1) 1 x USB-C (10Gbps / USB 3.2 Gen 2), hỗ trợ USB PD 65-100W và DisplayPort 1.4 1 x HDMI 2.1, độ phân giải lên đến 8K/60Hz 1 x Giắc cắm tai nghe/micro kết hợp (3.5mm) 1 x RJ-45 1 x Đầu nối nguồn","Mua ngay Laptop Lenovo LOQ 15IRX10 83JE01AGVN giá rẻ - Hỗ trợ trả góp 0%, đổi mới 30 ngày, bảo hành chính hãng, giao hàng tận nơi miễn phí.",Laptop,38490000,Lenovo,0,188,0,2024-07-05 14:32:26,2026-03-29 12:13:07
129,Laptop Lenovo ThinkBook 14 G9 IRL 21UY008TVN,"Mua ngay Laptop Lenovo ThinkBook 14 G9 IRL 21UY008TVN giá rẻ - Hỗ trợ trả góp 0%, đổi mới 30 ngày, bảo hành chính hãng, giao hàng tận nơi miễn phí.","- Loại card đồ họa: Intel UHD Graphics
- Dung lượng RAM: 16GB
- Loại RAM: DDR5-5200
- Số khe ram: 2 khe (1 x 16GB, nâng cấp tối đa 64GB DDR5-5200)
- Ổ cứng: 512GB SSD M.2 2242 PCIe 4.0x4 NVMe (Hỗ trợ tối đa hai ổ đĩa, 2 ổ SSD M.2, tối đa 2TB)
- Kích thước màn hình: 14 inches
- Công nghệ màn hình: Độ sáng 400nits Màn hình chống chóiĐộ phủ màu 45% NTSC
- Pin: 48Wh, 65W USB-C (3-pin)
- Hệ điều hành: Windows 11 Home Single Language, English (US) / English (UK)
- Độ phân giải màn hình: 1920 x 1200 pixels (WUXGA)
- Loại CPU: Intel Core i5-13420H, 8 lõi (4P + 4E) / 12 luồng, P-core up to 4.6GHz, E-core up to 3.4GHz, 12MB Intel Smart Cache
- Cổng giao tiếp: 1 x USB-A, luôn bật 1 x USB-A 1 x USB-C (USB PD 45-65W và DisplayPort 1.4) 1 x Thunderbolt 4 (USB PD 45-65W và DisplayPort 1.4) 1 xHDMI 2.1 (4K/60Hz) 1 x Giắc cắm tai nghe/micro kết hợp (3.5mm) 1 x RJ-45 1 x Đầu đọc thẻ SD","Mua ngay Laptop Lenovo ThinkBook 14 G9 IRL 21UY008TVN giá rẻ - Hỗ trợ trả góp 0%, đổi mới 30 ngày, bảo hành chính hãng, giao hàng tận nơi miễn phí.",Laptop,24990000,Lenovo,0,75,0,2024-07-10 05:12:22,2026-03-29 12:13:07
130,Laptop Lenovo ThinkBook 16 G8 IRL 21SH0097VN - Cũ Trầy Xước,"Mua ngay Laptop Lenovo ThinkBook 16 G8 IRL 21SH0097VN cũ giá rẻ - Nguồn gốc rõ ràng, bảo hành 6-12 tháng, đổi mới 30 ngày, luôn xuất bán đầy đủ VAT.","- Loại card đồ họa: Intel Graphics
- Dung lượng RAM: 16GB
- Loại RAM: SO-DIMM DDR5-5600
- Số khe ram: 2 khe (1x 16GB, tối đa 64GB)
- Ổ cứng: 512GB SSD M.2 2242 PCIe 4.0x4 NVMe (Tối đa hai ổ đĩa, 2x SSD M.2 • SSD M.2 2280, mỗi ổ có dung lượng tối đa 2TB)
- Kích thước màn hình: 16 inches
- Công nghệ màn hình: Độ sáng 300nits Màn hình chống chóiĐộ phủ màu 45% NTSC
- Pin: 45Wh, 65W USB-C (3-pin)
- Hệ điều hành: Windows 11 Home Single Language, English (US) / English (UK) + Office Trial + Absolute Home &amp; Office Basic 1-year
- Độ phân giải màn hình: 1920 x 1200 pixels (WUXGA)
- Loại CPU: Intel Core 5 210H, 8 lõi (4P + 4E) / 12 luồng, P-core 2.2 / 4.8GHz, E-core 1.6 / 3.6GHz, 12MB
- Cổng giao tiếp: 1x USB-A 1x USB-A Luôn bật 1x USB-C (10Gbps), với USB PD 3.0 và DP 1.4 1x USB-C (Thunderbolt 4 / 40Gbps), với USB PD 3.0 và DP 2.1 1x HDMI 2.1, lên đến 4K/60Hz 1x Giắc cắm kết hợp (3.5mm) 1x RJ-45 1x Đầu đọc thẻ SD","Mua ngay Laptop Lenovo ThinkBook 16 G8 IRL 21SH0097VN cũ giá rẻ - Nguồn gốc rõ ràng, bảo hành 6-12 tháng, đổi mới 30 ngày, luôn xuất bán đầy đủ VAT.",Laptop,14990000,Lenovo,45,29,0,2024-10-28 13:23:17,2026-03-29 12:13:07
131,Laptop Lenovo ThinkPad E14 Gen 7 21SX00BNVN,"Mua ngay Laptop Lenovo ThinkPad E14 Gen 7 21SX00BNVN giá rẻ - Hỗ trợ trả góp 0%, đổi mới 30 ngày, bảo hành chính hãng, giao hàng tận nơi miễn phí.","- Chip AI: Intel AI Boost, up to 11 TOPS
- Loại card đồ họa: Intel Arc Graphics
- Dung lượng RAM: 16GB
- Loại RAM: SODIMM DDR5-5600
- Số khe ram: 2 khe (1 x 16GB, nâng cấp tối đa 64GB DDR5-5600)
- Ổ cứng: 512GB SSD M.2 2242 PCIe 4.0x4 NVMe Opal 2.0 (Hỗ trợ tối đa hai ổ đĩa, 2 ổ SSD M.2, tối đa 1TB)
- Kích thước màn hình: 14 inches
- Công nghệ màn hình: Độ sáng 300nits Màn hình chống chóiĐộ phủ màu 45% NTSC
- Pin: 48Wh, 65W USB-C (3-pin)
- Hệ điều hành: Windows 11 Home Single Language, English (US) / English (UK)
- Độ phân giải màn hình: 1920 x 1200 pixels (WUXGA)
- Loại CPU: Intel Core Ultra 5 135H, 14 lõi (4P + 8E + 2LPE) / 18 luồng, Max Turbo up to 4.6GHz, 18MB Intel Smart Cache
- Cổng giao tiếp: 1 x USB-A (5Gbps) 1 x USB-A (10Gbps), luôn bật 1 x USB-C (Thunderbolt 4 / USB4 40Gbps), hỗ trợ USB PD 45-65W và DisplayPort 2.1 1 x HDMI 2.1, hỗ trợ độ phân giải lên đến 4K/60Hz 1 x Giắc cắm tai nghe/micro kết hợp (3.5mm) 1 x RJ-45","Mua ngay Laptop Lenovo ThinkPad E14 Gen 7 21SX00BNVN giá rẻ - Hỗ trợ trả góp 0%, đổi mới 30 ngày, bảo hành chính hãng, giao hàng tận nơi miễn phí.",Laptop,26990000,Lenovo,0,28,0,2025-03-21 14:16:03,2026-03-29 12:13:07
132,Loa Bluetooth GOOJODOQ AB4085,"Mua Loa Bluetooth GOOJODOQ AB4085 chính hãng - Giá tốt, bảo hành uy tín, giao hàng tận nơi toàn quốc. Mua ngay GOOJODOQ AB4085 tại đây.","- Công suất: 5 W
- Thời lượng pin: 3 giờ
- Tính năng khác: Hỗ trợ thẻ nhớ
- Hãng sản xuất: Goojodoq","Mua Loa Bluetooth GOOJODOQ AB4085 chính hãng - Giá tốt, bảo hành uy tín, giao hàng tận nơi toàn quốc. Mua ngay GOOJODOQ AB4085 tại đây.",Khác,129000,Goojodoq,2,49,0,2025-11-27 12:11:54,2026-03-29 12:13:07
133,Loa Bluetooth GOOJODOQ AB4088,"Mua Loa Bluetooth GOOJODOQ AB4088 chính hãng - Giá tốt, bảo hành uy tín, giao hàng tận nơi toàn quốc. Mua ngay GOOJODOQ AB4088 tại đây.","- Công suất: 5 W
- Thời lượng pin: 1.5 giờ - 5 giờ (Tùy chế độ)
- Tính năng khác: 7 chế độ ánh sángBáo thứcHiển thị thời gian
- Hãng sản xuất: Goojodoq","Mua Loa Bluetooth GOOJODOQ AB4088 chính hãng - Giá tốt, bảo hành uy tín, giao hàng tận nơi toàn quốc. Mua ngay GOOJODOQ AB4088 tại đây.",Khác,179000,Goojodoq,2,187,0,2025-03-23 05:59:43,2026-03-29 12:13:07
134,Máy ảnh kỹ thuật số Canon EOS R100 - Cũ trầy xước,"Máy ảnh kỹ thuật số Canon EOS R100 cũ giá rẻ - Nguồn gốc rõ ràng, bảo hành 6-12 tháng, đổi mới 30 ngày, luôn xuất bán đầy đủ VAT.","- Hãng sản xuất: Canon
- Loại máy ảnh: Mirrorless (không gương lật)
- Loại cảm biến: APS-C CMOS
- Loại ống kính: Ngàm ống kính: Canon RF
- Chế độ lấy nét: Continuous-Servo AF, Manual Focus, Single-Servo AF
- Loại kính ngắm: Loại kính ngắm: Electronic (OLED) Kích thước kính ngắm: 0.39&quot; Độ phân giải kính ngắm: 2,360,000 điểm ảnh Khoảng cách từ mắt kính ngắm: 22 mm Độ phủ khung ngắm: 100% Độ phóng đại khung ngắm: 0.95x Điều chỉnh độ cận thị: -3 đến +1
- Màn trập: Màn trập điện tử1/4000 lên đến 30 giây ở Chế độ Bulb1/4000 lên đến 1 giây ở Chế độ Manual","Máy ảnh kỹ thuật số Canon EOS R100 cũ giá rẻ - Nguồn gốc rõ ràng, bảo hành 6-12 tháng, đổi mới 30 ngày, luôn xuất bán đầy đủ VAT.",Khác,9800000,Canon,0,72,0,2024-12-03 08:32:13,2026-03-29 12:13:07
135,Máy ảnh kỹ thuật số Canon EOS R100 VN Full Box - Chưa kích hoạt,"Máy ảnh kỹ thuật số Canon EOS R100 cũ giá rẻ - Nguồn gốc rõ ràng, bảo hành 6-12 tháng, đổi mới 30 ngày, luôn xuất bán đầy đủ VAT.","- Hãng sản xuất: Canon
- Loại máy ảnh: Mirrorless (không gương lật)
- Loại cảm biến: APS-C CMOS
- Loại ống kính: Ngàm ống kính: Canon RF
- Chế độ lấy nét: Continuous-Servo AF, Manual Focus, Single-Servo AF
- Loại kính ngắm: Loại kính ngắm: Electronic (OLED) Kích thước kính ngắm: 0.39&quot; Độ phân giải kính ngắm: 2,360,000 điểm ảnh Khoảng cách từ mắt kính ngắm: 22 mm Độ phủ khung ngắm: 100% Độ phóng đại khung ngắm: 0.95x Điều chỉnh độ cận thị: -3 đến +1
- Màn trập: Màn trập điện tử1/4000 lên đến 30 giây ở Chế độ Bulb1/4000 lên đến 1 giây ở Chế độ Manual","Máy ảnh kỹ thuật số Canon EOS R100 cũ giá rẻ - Nguồn gốc rõ ràng, bảo hành 6-12 tháng, đổi mới 30 ngày, luôn xuất bán đầy đủ VAT.",Khác,13500000,Canon,0,137,0,2025-05-15 21:42:21,2026-03-29 12:13:07
136,Máy ảnh kỹ thuật số Canon EOS R100 VN Full Box - Đã kích hoạt,"Máy ảnh kỹ thuật số Canon EOS R100 cũ giá rẻ - Nguồn gốc rõ ràng, bảo hành 6-12 tháng, đổi mới 30 ngày, luôn xuất bán đầy đủ VAT.","- Hãng sản xuất: Canon
- Loại máy ảnh: Mirrorless (không gương lật)
- Loại cảm biến: APS-C CMOS
- Loại ống kính: Ngàm ống kính: Canon RF
- Chế độ lấy nét: Continuous-Servo AF, Manual Focus, Single-Servo AF
- Loại kính ngắm: Loại kính ngắm: Electronic (OLED) Kích thước kính ngắm: 0.39&quot; Độ phân giải kính ngắm: 2,360,000 điểm ảnh Khoảng cách từ mắt kính ngắm: 22 mm Độ phủ khung ngắm: 100% Độ phóng đại khung ngắm: 0.95x Điều chỉnh độ cận thị: -3 đến +1
- Màn trập: Màn trập điện tử1/4000 lên đến 30 giây ở Chế độ Bulb1/4000 lên đến 1 giây ở Chế độ Manual","Máy ảnh kỹ thuật số Canon EOS R100 cũ giá rẻ - Nguồn gốc rõ ràng, bảo hành 6-12 tháng, đổi mới 30 ngày, luôn xuất bán đầy đủ VAT.",Khác,11500000,Canon,0,80,0,2025-03-10 07:18:11,2026-03-29 12:13:07
137,Máy ảnh kỹ thuật số Canon EOS R100 - Cũ xước cấn,"Máy ảnh kỹ thuật số Canon EOS R100 cũ giá rẻ - Nguồn gốc rõ ràng, bảo hành 6-12 tháng, đổi mới 30 ngày, luôn xuất bán đầy đủ VAT.","- Hãng sản xuất: Canon
- Loại máy ảnh: Mirrorless (không gương lật)
- Loại cảm biến: APS-C CMOS
- Loại ống kính: Ngàm ống kính: Canon RF
- Chế độ lấy nét: Continuous-Servo AF, Manual Focus, Single-Servo AF
- Loại kính ngắm: Loại kính ngắm: Electronic (OLED) Kích thước kính ngắm: 0.39&quot; Độ phân giải kính ngắm: 2,360,000 điểm ảnh Khoảng cách từ mắt kính ngắm: 22 mm Độ phủ khung ngắm: 100% Độ phóng đại khung ngắm: 0.95x Điều chỉnh độ cận thị: -3 đến +1
- Màn trập: Màn trập điện tử1/4000 lên đến 30 giây ở Chế độ Bulb1/4000 lên đến 1 giây ở Chế độ Manual","Máy ảnh kỹ thuật số Canon EOS R100 cũ giá rẻ - Nguồn gốc rõ ràng, bảo hành 6-12 tháng, đổi mới 30 ngày, luôn xuất bán đầy đủ VAT.",Khác,9000000,Canon,0,30,0,2025-01-06 08:16:11,2026-03-29 12:13:07
138,Máy ảnh kỹ thuật số Nikon D7500 - Cũ trầy xước,"Máy ảnh kỹ thuật số Nikon D7500 cũ giá rẻ - Nguồn gốc rõ ràng, bảo hành 6-12 tháng, đổi mới 30 ngày, luôn xuất bán đầy đủ VAT.","- Hãng sản xuất: Nikon
- Loại máy ảnh: DSLR (gương lật)
- Loại cảm biến: CMOS, Nikon DX Format (23.5 x 15.6 mm)
- Loại ống kính: Nikon F Mount (hỗ trợ AF NIKKOR G, E, D…)
- Tiêu cự: Hệ số crop 1.5x (DX format)
- Chế độ lấy nét: AF-S, AF-C, AF-A, MF
- Kích thước ảnh: L: 5568 x 3712; M: 4176 x 2784; S: 2784 x 1856
- Loại kính ngắm: Phóng đại lấy nét: Kính ngắm 0.94x
- Màn trập: Cơ học điều khiển điện tử, 1/8000 – 30s, Bulb","Máy ảnh kỹ thuật số Nikon D7500 cũ giá rẻ - Nguồn gốc rõ ràng, bảo hành 6-12 tháng, đổi mới 30 ngày, luôn xuất bán đầy đủ VAT.",Khác,15500000,Nikon,2,29,0,2025-09-27 07:45:34,2026-03-29 12:13:07
139,Máy ảnh kỹ thuật số Nikon D7500 VN Full Box - Đã kích hoạt,"Máy ảnh kỹ thuật số Nikon D7500 cũ giá rẻ - Nguồn gốc rõ ràng, bảo hành 6-12 tháng, đổi mới 30 ngày, luôn xuất bán đầy đủ VAT.","- Hãng sản xuất: Nikon
- Loại máy ảnh: DSLR (gương lật)
- Loại cảm biến: CMOS, Nikon DX Format (23.5 x 15.6 mm)
- Loại ống kính: Nikon F Mount (hỗ trợ AF NIKKOR G, E, D…)
- Tiêu cự: Hệ số crop 1.5x (DX format)
- Chế độ lấy nét: AF-S, AF-C, AF-A, MF
- Kích thước ảnh: L: 5568 x 3712; M: 4176 x 2784; S: 2784 x 1856
- Loại kính ngắm: Phóng đại lấy nét: Kính ngắm 0.94x
- Màn trập: Cơ học điều khiển điện tử, 1/8000 – 30s, Bulb","Máy ảnh kỹ thuật số Nikon D7500 cũ giá rẻ - Nguồn gốc rõ ràng, bảo hành 6-12 tháng, đổi mới 30 ngày, luôn xuất bán đầy đủ VAT.",Khác,17500000,Nikon,2,23,0,2025-09-18 22:27:02,2026-03-29 12:13:07
140,Máy ảnh kỹ thuật số Nikon D7500 - Cũ xước cấn,"Máy ảnh kỹ thuật số Nikon D7500 cũ giá rẻ - Nguồn gốc rõ ràng, bảo hành 6-12 tháng, đổi mới 30 ngày, luôn xuất bán đầy đủ VAT.","- Hãng sản xuất: Nikon
- Loại máy ảnh: DSLR (gương lật)
- Loại cảm biến: CMOS, Nikon DX Format (23.5 x 15.6 mm)
- Loại ống kính: Nikon F Mount (hỗ trợ AF NIKKOR G, E, D…)
- Tiêu cự: Hệ số crop 1.5x (DX format)
- Chế độ lấy nét: AF-S, AF-C, AF-A, MF
- Kích thước ảnh: L: 5568 x 3712; M: 4176 x 2784; S: 2784 x 1856
- Loại kính ngắm: Phóng đại lấy nét: Kính ngắm 0.94x
- Màn trập: Cơ học điều khiển điện tử, 1/8000 – 30s, Bulb","Máy ảnh kỹ thuật số Nikon D7500 cũ giá rẻ - Nguồn gốc rõ ràng, bảo hành 6-12 tháng, đổi mới 30 ngày, luôn xuất bán đầy đủ VAT.",Khác,14500000,Nikon,2,93,0,2024-10-15 23:53:51,2026-03-29 12:13:07
141,Máy lạnh Panasonic 2.5HP 2025 (CU/CS-N24AKH-8),"Mua máy lạnh Panasonic 2.5HP 2025 (CU/CS-N24AKH-8) chính hãng - Giá rẻ, đảm bảo chất lượng, độ bền cao, bảo hành uy tín, giao hàng tận nơi toàn quốc.","- Loại máy: 1 chiều (chỉ làm lạnh)
- Kiểu dáng: Máy lạnh treo tường
- Phạm vi làm lạnh: Từ 30 - 40m2
- Công suất làm lạnh: 2.5 HP - 22.500 BTU
- Công suất tiêu thụ điện: 2.080W
- Khả năng lọc không khí: Nanoe-G lọc bụi mịn PM2.5
- Công nghệ làm lạnh nhanh: Powerful
- Hãng sản xuất: Panasonic","Mua máy lạnh Panasonic 2.5HP 2025 (CU/CS-N24AKH-8) chính hãng - Giá rẻ, đảm bảo chất lượng, độ bền cao, bảo hành uy tín, giao hàng tận nơi toàn quốc.",Khác,23690000,Panasonic,99,71,0,2025-12-12 00:45:45,2026-03-29 12:13:07
142,Máy lạnh Panasonic 2.0HP 2025 (CU/CS-N18AKH-8),"Mua máy lạnh Panasonic 2.0HP 2025 (CU/CS-N18AKH-8) chính hãng - Giá rẻ, đảm bảo chất lượng, độ bền cao, bảo hành uy tín, giao hàng tận nơi toàn quốc.","- Loại máy: 1 chiều (chỉ làm lạnh)
- Kiểu dáng: Máy lạnh treo tường
- Phạm vi làm lạnh: Từ 20 - 30m2
- Công suất làm lạnh: 2.0 HP - 18.000 BTU
- Công suất tiêu thụ điện: 1.6 kWh
- Khả năng lọc không khí: Nanoe-G lọc bụi mịn PM2.5
- Công nghệ làm lạnh nhanh: Powerful
- Hãng sản xuất: Panasonic","Mua máy lạnh Panasonic 2.0HP 2025 (CU/CS-N18AKH-8) chính hãng - Giá rẻ, đảm bảo chất lượng, độ bền cao, bảo hành uy tín, giao hàng tận nơi toàn quốc.",Khác,17190000,Panasonic,99,68,0,2024-04-02 23:15:59,2026-03-29 12:13:07
143,Máy lạnh Panasonic 1.5HP 2 chiều inverter 2024 (CU/CS-YZ12AKH-8),"Mua máy lạnh Panasonic 1.5HP 2 chiều inverter 2024 (CU/CS-YZ12AKH-8) chính hãng - Giá rẻ, đảm bảo chất lượng, độ bền cao, bảo hành uy tín, giao hàng tận nơi toàn quốc.","- Loại máy: 2 chiều (có sưởi ấm)
- Kiểu dáng: Máy lạnh treo tường
- Phạm vi làm lạnh: Từ 15 - 20m2
- Công suất làm lạnh: 1.5 HP - 12.000 BTUCông suất sưởi ấm: 13.100 BTU
- Công nghệ tiết kiệm điện: InverterChế độ Eco tích hợp A.I
- Công suất tiêu thụ điện: 1.08 kWh
- Khả năng lọc không khí: Nanoe-G lọc bụi mịn PM2.5
- Công nghệ làm lạnh nhanh: Powerful
- Hãng sản xuất: Panasonic","Mua máy lạnh Panasonic 1.5HP 2 chiều inverter 2024 (CU/CS-YZ12AKH-8) chính hãng - Giá rẻ, đảm bảo chất lượng, độ bền cao, bảo hành uy tín, giao hàng tận nơi toàn quốc.",Khác,15590000,Panasonic,99,8,0,2025-12-09 19:26:54,2026-03-29 12:13:07
144,Máy lạnh Panasonic 2.5HP inverter 2025 (CU/CS-U24BKH-8),"Mua máy lạnh Panasonic 2.5HP inverter 2025 (CU/CS-U24BKH-8) chính hãng - Giá rẻ, đảm bảo chất lượng, độ bền cao, bảo hành uy tín, giao hàng tận nơi toàn quốc.","- Loại máy: 1 chiều (chỉ làm lạnh)
- Kiểu dáng: Máy lạnh treo tường
- Phạm vi làm lạnh: Từ 30 - 40m2
- Công suất làm lạnh: 2.5 HP - 20.800 BTU
- Công nghệ tiết kiệm điện: InverterChế độ Eco tích hợp A.I
- Công suất tiêu thụ điện: 1.6 kWh
- Khả năng lọc không khí: Công nghệ lọc không khí Nanoe™ X thế hệ 2Nanoe-G lọc bụi mịn PM2.5
- Công nghệ làm lạnh nhanh: iAuto-X
- Hãng sản xuất: Panasonic","Mua máy lạnh Panasonic 2.5HP inverter 2025 (CU/CS-U24BKH-8) chính hãng - Giá rẻ, đảm bảo chất lượng, độ bền cao, bảo hành uy tín, giao hàng tận nơi toàn quốc.",Khác,33590000,Panasonic,2,98,0,2025-09-20 02:58:02,2026-03-29 12:13:07
145,Máy lạnh Panasonic 2.5HP 2 chiều inverter 2024 (CU/CS-YZ24BKH-8),"Mua máy lạnh Panasonic 2.5HP 2 chiều inverter 2024 (CU/CS-YZ24BKH-8) chính hãng - Giá rẻ, đảm bảo chất lượng, độ bền cao, bảo hành uy tín, giao hàng tận nơi toàn quốc.","- Loại máy: 2 chiều (có sưởi ấm)
- Kiểu dáng: Máy lạnh treo tường
- Phạm vi làm lạnh: Từ 30 - 40m2
- Công suất làm lạnh: 2.5 HP - 24.200 BTUCông suất sưởi ấm: 25.600 BTU
- Công nghệ tiết kiệm điện: InverterECO tích hợp A.I
- Khả năng lọc không khí: Nanoe-G lọc bụi mịn PM2.5
- Công nghệ làm lạnh nhanh: Powerful
- Hãng sản xuất: Panasonic","Mua máy lạnh Panasonic 2.5HP 2 chiều inverter 2024 (CU/CS-YZ24BKH-8) chính hãng - Giá rẻ, đảm bảo chất lượng, độ bền cao, bảo hành uy tín, giao hàng tận nơi toàn quốc.",Khác,35090000,Panasonic,99,46,0,2025-07-28 19:10:53,2026-03-29 12:13:07
146,Máy lạnh Panasonic 2.0HP inverter 2025 (CU/CS-U18BKH-8),"Mua máy lạnh Panasonic 2.0HP inverter 2025 (CU/CS-U18BKH-8) chính hãng - Giá rẻ, đảm bảo chất lượng, độ bền cao, bảo hành uy tín, giao hàng tận nơi toàn quốc.","- Loại máy: 1 chiều (chỉ làm lạnh)
- Kiểu dáng: Máy lạnh treo tường
- Phạm vi làm lạnh: Từ 20 - 30m2
- Công suất làm lạnh: 2 HP - 18.100 BTU
- Công nghệ tiết kiệm điện: InverterChế độ Eco tích hợp A.I
- Công suất tiêu thụ điện: 1.32 kWh
- Khả năng lọc không khí: Công nghệ lọc không khí Nanoe™ X thế hệ 2Nanoe-G lọc bụi mịn PM2.5
- Công nghệ làm lạnh nhanh: iAuto-X
- Hãng sản xuất: Panasonic","Mua máy lạnh Panasonic 2.0HP inverter 2025 (CU/CS-U18BKH-8) chính hãng - Giá rẻ, đảm bảo chất lượng, độ bền cao, bảo hành uy tín, giao hàng tận nơi toàn quốc.",Khác,24590000,Panasonic,2,176,0,2025-11-26 15:18:33,2026-03-29 12:13:07
147,Máy lạnh Panasonic 2.0HP 2 chiều inverter 2024 (CU/CS-YZ18AKH-8),"Mua máy lạnh Panasonic 2.0HP 2 chiều inverter 2024 (CU/CS-YZ18AKH-8) chính hãng - Giá rẻ, đảm bảo chất lượng, độ bền cao, bảo hành uy tín, giao hàng tận nơi toàn quốc.","- Loại máy: 2 chiều (có sưởi ấm)
- Kiểu dáng: Máy lạnh treo tường
- Phạm vi làm lạnh: Từ 20 - 30m2
- Công suất làm lạnh: 2.0 HP - 17.700 BTUCông suất sưởi ấm: 18.400 BTU
- Công nghệ tiết kiệm điện: InverterECO tích hợp A.I
- Công suất tiêu thụ điện: 1.42 kWh
- Khả năng lọc không khí: Nanoe-G lọc bụi mịn PM2.5
- Công nghệ làm lạnh nhanh: Powerful
- Hãng sản xuất: Panasonic","Mua máy lạnh Panasonic 2.0HP 2 chiều inverter 2024 (CU/CS-YZ18AKH-8) chính hãng - Giá rẻ, đảm bảo chất lượng, độ bền cao, bảo hành uy tín, giao hàng tận nơi toàn quốc.",Khác,18390000,Panasonic,99,173,0,2025-01-09 01:49:45,2026-03-29 12:13:07
148,Máy triệt lông lạnh Halio SilkGlow IPL Sapphire Cooling Hair Removal Device - Cũ,"Mua máy triệt lông lạnh Halio SilkGlow IPL Sapphire Cooling Hair Removal Device cũ giá rẻ - Nguồn gốc rõ ràng, bảo hành 6-12 tháng, đổi mới 30 ngày, luôn xuất bán đầy đủ VAT.","- Dòng điện vào: AC 100 - 240V ~ 50/60Hz
- Hãng sản xuất: Halio
- Công suất: 60W
- Tính năng khác: Độ dài xung ánh sáng: 550 - 1200nmNhiệt độ hoạt động: 0°C ~ 40°CĐộ ẩm hoạt động: ≤ 80%
- Tiện ích: Công nghệ Đèn Kép Tiên tiếCông nghệ IPL loại bỏ nan lông, trẻ hoá làn daCông nghệ Làm mát Sapphire5 chế độ và 5 cường độ triệtĐèn Led hiển thị cường độ triệt","Mua máy triệt lông lạnh Halio SilkGlow IPL Sapphire Cooling Hair Removal Device cũ giá rẻ - Nguồn gốc rõ ràng, bảo hành 6-12 tháng, đổi mới 30 ngày, luôn xuất bán đầy đủ VAT.",Khác,4150000,Halio,80,59,0,2025-03-27 14:34:40,2026-03-29 12:13:07
149,Microphone Saramonic Air SE-(1RX x 2TX),"Mua Microphone Saramonic Air SE-(1RX x 2TX) chính hãng - Giá tốt, bảo hành uy tín, giao hàng tận nơi toàn quốc. Mua ngay Saramonic Air SE-(1RX x 2TX) tại đây.","- Loại micro: Type-C, Lightning
- Phạm vi sử dụng: 200 m
- Dung lượng pin: 1300mAh
- Tỷ lệ lấy mẫu: 48 kHz (Sample Rate)
- Tỷ lệ tín hiệu trên tạp âm: &gt; 80 dB (SNR)
- Tần số đáp ứng: 20 Hz - 20 kHz
- Hãng sản xuất: Saramonic","Mua Microphone Saramonic Air SE-(1RX x 2TX) chính hãng - Giá tốt, bảo hành uy tín, giao hàng tận nơi toàn quốc. Mua ngay Saramonic Air SE-(1RX x 2TX) tại đây.",Khác,1890000,Saramonic,2,174,0,2025-10-13 06:39:05,2026-03-29 12:13:07
150,Ống kính Canon RF 50mm f/1.8 STM - Cũ xước cấn,"Ống kính Canon RF 50mm f/1.8 STM cũ giá rẻ - Nguồn gốc rõ ràng, bảo hành 6-12 tháng, đổi mới 30 ngày, luôn xuất bán đầy đủ VAT.","- Hãng sản xuất: Canon
- Loại ống kính: Ngàm Canon RFFull-Frame
- Khẩu độ: f/1.8 - f/22
- Cấu trúc quang học: 6 nguyên tố trong 5 nhóm 7 lá khẩu
- Tiêu cự: 50mm","Ống kính Canon RF 50mm f/1.8 STM cũ giá rẻ - Nguồn gốc rõ ràng, bảo hành 6-12 tháng, đổi mới 30 ngày, luôn xuất bán đầy đủ VAT.",Khác,3000000,Canon,2,45,0,2025-08-04 12:17:40,2026-03-29 12:13:07
151,Realme 15T 5G 8GB 256G - Cũ đẹp,"Mua Realme 15T 5G 12GB 256G cũ giá rẻ - Nguồn gốc rõ ràng, bảo hành 6-12 tháng, đổi mới 30 ngày, luôn xuất bán đầy đủ VAT.","- Kích thước màn hình: 6.57 inches
- Công nghệ màn hình: AMOLED
- Camera sau: Camera AI 50MP, f/1.8
- Camera trước: Camera AI 50MP, f/2.4
- Chipset: Dimensity 6400 Max 5G
- Dung lượng RAM: 8 GB
- Bộ nhớ trong: 256 GB
- Pin: 7000mAh
- Thẻ SIM: 2 Nano-SIM
- Hệ điều hành: realme UI 6.0 (Android 15)
- Độ phân giải màn hình: 1080 x 2372 pixels (FullHD+)
- Tính năng màn hình: Độ Sáng: 1400nit (HBM), 4000nit (Độ Sáng Tối Đa)Tần số quét 120HzTỷ Lệ Tương Phản: 5.000.000:11,07 Tỷ Màu
- Loại CPU: Tiến Trình 6nm, 8 nhân, Lên đến 2.5Ghz","Mua Realme 15T 5G 12GB 256G cũ giá rẻ - Nguồn gốc rõ ràng, bảo hành 6-12 tháng, đổi mới 30 ngày, luôn xuất bán đầy đủ VAT.",Khác,6190000,Realme,2,171,0,2024-12-28 16:55:25,2026-03-29 12:13:07
152,Tủ chống ẩm máy ảnh Nikatei NC-20C,"Mua tủ chống ẩm máy ảnh Nikatei NC-20C chính hãng - Giá rẻ, đảm bảo chất lượng, độ bền cao, bảo hành uy tín, giao hàng tận nơi toàn quốc.","- Dung tích: 20 lít
- Phạm vi điều chỉnh độ ẩm: 25% - 60%
- Công suất tiêu thụ: 5W/h
- Số khay chứa: 1 khoang chứa
- Tiện ích: Màn hình LCD hiển thị độ ẩm/nhiệt độĐiều chỉnh độ ẩm bằng núm cơKhóa Inox chống gỉGioăng cao su kín chống lọt khíHoạt động không ồn (không dùng quạt)
- Chất liệu: Tôn cao cấp dày 1.5mm
- Kích thước: 34.8 x 23 x 20 cm
- Trọng lượng: 3.8 kg
- Hãng sản xuất: Nikatei","Mua tủ chống ẩm máy ảnh Nikatei NC-20C chính hãng - Giá rẻ, đảm bảo chất lượng, độ bền cao, bảo hành uy tín, giao hàng tận nơi toàn quốc.",Khác,1963000,Nikatei,25,164,0,2026-02-09 11:17:16,2026-03-29 12:13:07
153,Tủ chống ẩm máy ảnh Nikatei NC-30C,"Mua tủ chống ẩm máy ảnh Nikatei NC-30C chính hãng - Giá rẻ, đảm bảo chất lượng, độ bền cao, bảo hành uy tín, giao hàng tận nơi toàn quốc.","- Dung tích: 30 lít
- Phạm vi điều chỉnh độ ẩm: 25% - 60%
- Công suất tiêu thụ: 3.5W/H
- Số khay chứa: 1 khay nhựa
- Tiện ích: Màn hình LED hiển thị độ ẩm/nhiệt độĐiều chỉnh độ ẩm cơ bên trongKhóa Inox chống gỉGioăng cao su kín khíCông nghệ hút ẩm IC không dùng quạt, vận hành êm
- Chất liệu: Tôn dày dập khuôn, sơn tĩnh điệnViền nhôm mạ bạc
- Kích thước: Trong: 28.8 x 29 x 36.5 cmNgoài: 29 x 32 x 42 cm
- Trọng lượng: 6.5 kg
- Hãng sản xuất: Nikatei","Mua tủ chống ẩm máy ảnh Nikatei NC-30C chính hãng - Giá rẻ, đảm bảo chất lượng, độ bền cao, bảo hành uy tín, giao hàng tận nơi toàn quốc.",Khác,2366000,Nikatei,25,104,0,2025-11-07 22:21:35,2026-03-29 12:13:07
154,Bàn phím + bao da iPad Air 13 (M2/M3) Zagg Pro Key 2 - Cũ,"Mua Bàn phím + bao da iPad Air 13 2024(M2) Zagg Pro Key 2 cũ giá rẻ - Nguồn gốc rõ ràng, bảo hành 6-12 tháng, đổi mới 30 ngày, luôn xuất bán đầy đủ VAT.","- Dòng sản phẩm: iPad Air 13 2024
- Loại bàn phím: Mini-size
- Số phím: 78 phím
- Tương thích: iPad Air 13 (M2/M3)
- Kết nối: Bluetooth
- Khoảng cách kết nối (Độ dài dây): Lên đến 10m
- Đèn LED: Có đèn đơn sắc
- Thời gian dùng: Lên đến 1 năm
- Hãng sản xuất: ZAGG","Mua Bàn phím + bao da iPad Air 13 2024(M2) Zagg Pro Key 2 cũ giá rẻ - Nguồn gốc rõ ràng, bảo hành 6-12 tháng, đổi mới 30 ngày, luôn xuất bán đầy đủ VAT.",Tablet,2574000,ZAGG,2,195,0,2024-06-25 10:07:54,2026-03-29 12:13:07
155,Bàn phím + bao da iPad Pro 11 (M4/M5) Esr Rebound Magnetic 360 - Cũ,"Mua bàn phím + bao da iPad Pro 11 (M4/M5) Esr Rebound Magnetic 360 cũ giá rẻ - Nguồn gốc rõ ràng, bảo hành 6-12 tháng, đổi mới 30 ngày, luôn xuất bán đầy đủ VAT.","- Dòng sản phẩm: iPad Pro 11 2024
- Phân loại ốp: Chống sốc, Bao da kiêm bàn phím
- Tính năng: Có chân đứng, Chống sốc, va đập, Chống trầy xước
- Dùng được cho: iPad Pro 11 (M4/M5)
- Hãng sản xuất: ESR","Mua bàn phím + bao da iPad Pro 11 (M4/M5) Esr Rebound Magnetic 360 cũ giá rẻ - Nguồn gốc rõ ràng, bảo hành 6-12 tháng, đổi mới 30 ngày, luôn xuất bán đầy đủ VAT.",Tablet,1854000,ESR,2,81,0,2025-09-25 17:52:45,2026-03-29 12:13:07
156,Camera IP Wifi 360° hồng ngoại 8MP 4K TP-Link Tapo C250,"Mua Camera IP Wifi 360° hồng ngoại 8MP 4K TP-Link Tapo C250 chính hãng giá tốt, có hồng ngoại - bảo hành uy tín, giao hàng miễn phí toàn quốc.","- Dòng camera: Camera trong nhà, Camera Wifi, Camera 360 Độ
- Độ phân giải: 8MP (4K)
- Góc nhìn: 88° (ngang), 46° (dọc)
- Góc xoay: Xoay ngang 340° (quan sát 360°)Xoay dọc 70° (bao phủ 116°)
- Tầm nhìn: Hồng ngoại ban đêm (IR), ~12m
- Kết nối: WiFi 2.4GHz (802.11 b/g/n)
- Kết nối cùng lúc: Nhiều thiết bị truy cập
- Tính năng: Trợ lý Google &amp; Amazon Alexa (điều khiển bằng giọng nói)Phát hiện chuyển độngPhát hiện con ngườiTheo dõi chuyển độngPhát hiện tiếng khóc em béĐàm thoại 2 chiềuMicrô &amp; loa tích hợpÂm thanh 2 chiều với khử ồnCòi báo động âm thanh (96dB)Thiết lập vùng phát hiệnChế độ riêng tư
- Hãng sản xuất: TP-Link","Mua Camera IP Wifi 360° hồng ngoại 8MP 4K TP-Link Tapo C250 chính hãng giá tốt, có hồng ngoại - bảo hành uy tín, giao hàng miễn phí toàn quốc.",Khác,1599000,TP-Link,2,160,0,2025-06-24 20:01:42,2026-03-29 12:13:07
157,Camera IP WiFi Xiaomi 2MP 1080P C201,"Mua Camera IP WiFi Xiaomi 2MP 1080P C201 chính hãng - Giá rẻ, đảm bảo chất lượng, độ bền cao, bảo hành uy tín, giao hàng tận nơi toàn quốc.","- Dòng camera: Camera trong nhà, Camera Wifi
- Độ phân giải: 2MP (1920 × 1080 Full HD)
- Góc nhìn: 110 độ
- Góc xoay: Xoay ngang 360°Xoay dọc 106°
- Tầm nhìn: Hồng ngoại ban đêm (IR), ~10m
- Kết nối: Wi-Fi IEEE 802.11b/g/n/ax 2.4GHz
- Kết nối cùng lúc: Hỗ trợ nhiều thiết bị truy cập
- Tính năng: Đàm thoại 2 chiềuPhát hiện chuyển độngPhát hiện con người (AI)Theo dõi chuyển động thông minhQuan sát ban đêm hồng ngoại (IR)Xoay 360° (quay quét toàn cảnh)Gửi cảnh báo thời gian thực về điện thoạiXem từ xa qua ứng dụng Xiaomi HomeLưu trữ thẻ nhớ microSD &amp; cloudChuẩn nén video H.265 tiết kiệm dung lượng
- Hãng sản xuất: Xiaomi","Mua Camera IP WiFi Xiaomi 2MP 1080P C201 chính hãng - Giá rẻ, đảm bảo chất lượng, độ bền cao, bảo hành uy tín, giao hàng tận nơi toàn quốc.",Điện thoại,590000,Xiaomi,0,113,0,2024-12-18 02:45:40,2026-03-29 12:13:07
158,Cáp Anker USB-A to C Work with CarPlay A82G2,"Mua cáp Anker USB-A to C Work with CarPlay A82G2 chính hãng - Giá rẻ, đảm bảo chất lượng, độ bền cao, hỗ trợ giao hàng tận nơi toàn quốc.","- Công suất sạc: 18W
- Sử dụng tối đa: 1 thiết bị
- Đầu vào: USB-A
- Đầu ra: USB-C
- Tiện ích: Chịu được uốn cong hơn 35000 lầnTruyền tải dữ liệu lên đến 480Mbps
- Chiều dài dây: 1.8 mét
- Hãng sản xuất: Anker","Mua cáp Anker USB-A to C Work with CarPlay A82G2 chính hãng - Giá rẻ, đảm bảo chất lượng, độ bền cao, hỗ trợ giao hàng tận nơi toàn quốc.",Phụ kiện,220000,Anker,0,80,0,2026-01-22 00:55:35,2026-03-29 12:13:07
159,Cáp Baseus 3 in 1 USB-C to M+L+C 100W dài 1.5m,"Mua Cáp Baseus 3 in 1 USB-C to M+L+C 100W dài 1.5m chính hãng, giá ưu đãi, bảo hành chính hãng, miễn phí giao hàng tận nơi.","- Công suất sạc: 100W
- Sử dụng tối đa: 3 thiết bị
- Đầu vào: USB-C
- Đầu ra: 1 x USB-C1 x Lightning1 x Micro-USB
- Tiện ích: Sạc nhiều thiết bị cùng lúcĐộ bền dây đạt lên tới 10000 lần uốn congTốc độ truyền tải dữ liệu 480MbpsTương thích với nhiều thiết bị khác nhau
- Công nghệ/Đạt chứng nhận: Power Delivery
- Chiều dài dây: 1.5 mét
- Hãng sản xuất: Baseus","Mua Cáp Baseus 3 in 1 USB-C to M+L+C 100W dài 1.5m chính hãng, giá ưu đãi, bảo hành chính hãng, miễn phí giao hàng tận nơi.",Phụ kiện,275000,Baseus,0,170,0,2026-01-20 19:35:41,2026-03-29 12:13:07
160,Chân đế dựng Haiyuan 2.1m - Cũ,"Mua Chân đế dựng Haiyuan 2.1m cũ giá rẻ - Nguồn gốc rõ ràng, bảo hành 6-12 tháng, đổi mới 30 ngày, luôn xuất bán đầy đủ VAT.","- Hãng sản xuất: Hãng khác
- Chất liệu: Kim loại
- Tính năng khác: Chiều cao tối đa: 210 cmCó 3 nấc khóa kéo dài thân2 xoay vòng vít chắc chắn, giúp cố định điện thoại vững chắc và an toàn","Mua Chân đế dựng Haiyuan 2.1m cũ giá rẻ - Nguồn gốc rõ ràng, bảo hành 6-12 tháng, đổi mới 30 ngày, luôn xuất bán đầy đủ VAT.",Khác,132000,Hãng khác,2,173,0,2025-06-07 01:03:04,2026-03-29 12:13:07
161,Cổng OTG Innostyle Nexalink USB-A to Wifi AWF6,"Mua Cổng OTG Innostyle Nexalink USB-A to Wifi AWF6 chính hãng - Giá rẻ, đảm bảo chất lượng, độ bền cao, hỗ trợ giao hàng tận nơi toàn quốc.","- Chuẩn Wi-Fi: Wi-Fi 6 (802.11ax)
- Băng tần sóng: 2.4GHz &amp; 5GHz
- Cổng kết nối: USB 3.0
- Số Ăng ten: 1 × Ăng-ten băng tần kép
- Tốc độ mạng: 5GHz: 286 Mbps2.4GHz: 214 Mbps
- Hãng sản xuất: Innostyle","Mua Cổng OTG Innostyle Nexalink USB-A to Wifi AWF6 chính hãng - Giá rẻ, đảm bảo chất lượng, độ bền cao, hỗ trợ giao hàng tận nơi toàn quốc.",Khác,190000,Innostyle,0,154,0,2024-09-05 15:20:34,2026-03-29 12:13:07
162,Cổng OTG Innostyle Nexalink USB-C &amp; USB-A to SD/TF Card Reader ST3,"Mua cổng OTG Innostyle Nexalink USB-C &amp; USB-A to SD/TF Card Reader ST3 chính hãng - Giá rẻ, đảm bảo chất lượng, độ bền cao, bảo hành uy tín, giao hàng tận nơi toàn quốc.","- Đầu vào: 1 x USB-C1 x USB-A
- Đầu ra: 1 x MicroSD1 x SD (TF)
- Tiện ích: Thiết bị có hỗ trợ OTGPlug &amp; Play không cần cài thêm driverTương thích: iOS, Android, Windows, MacOSTốc độ truyền dữ liệu lên tới 5Gbps
- Công nghệ/Đạt chứng nhận: Chứng nhận CE, FCC, RoHS, BSMI
- Hãng sản xuất: Innostyle","Mua cổng OTG Innostyle Nexalink USB-C &amp; USB-A to SD/TF Card Reader ST3 chính hãng - Giá rẻ, đảm bảo chất lượng, độ bền cao, bảo hành uy tín, giao hàng tận nơi toàn quốc.",Khác,390000,Innostyle,0,43,0,2024-09-28 16:55:24,2026-03-29 12:13:07
163,Điện thoại Meizu Mblu 22 3GB 64GB - Cũ đẹp,"Mua Điện thoại Meizu Mblu 22 3GB 64GB cũ giá rẻ - Nguồn gốc rõ ràng, bảo hành 6-12 tháng, đổi mới 30 ngày, luôn xuất bán đầy đủ VAT.","- Kích thước màn hình: 6.79 inches
- Công nghệ màn hình: IPS LCD
- Camera sau: 13 MP + ƒ/1.8
- Camera trước: 5 MP + ƒ/2.2
- Chipset: Unisoc SC9863A(28 nm)
- Dung lượng RAM: 3 GB
- Bộ nhớ trong: 64 GB
- Pin: 5000mAh
- Hệ điều hành: Android 15
- Tính năng màn hình: Tần số quét: 90HzĐộ phân giải: 1640 x 720Tỷ lệ khung hình: 20,5:9Tỷ lệ tương phản: 1500: 1PPI: 264 400 nit (điển hình)","Mua Điện thoại Meizu Mblu 22 3GB 64GB cũ giá rẻ - Nguồn gốc rõ ràng, bảo hành 6-12 tháng, đổi mới 30 ngày, luôn xuất bán đầy đủ VAT.",Điện thoại,1590000,Hãng khác,2,177,0,2024-07-05 15:27:00,2026-03-29 12:13:07
164,Xiaomi Redmi Note 15 8GB 128GB - Cũ đẹp,"Mua điện thoại REDMI Note 15 8GB/128GB cũ giá rẻ - Nguồn gốc rõ ràng, bảo hành 6-12 tháng, đổi mới 30 ngày, luôn xuất bán đầy đủ VAT.","- Kích thước màn hình: 6.77 inches
- Công nghệ màn hình: AMOLED
- Camera sau: Camera chính 108MP ƒ/1.7 + Camera phụ 2MP ƒ/2.4
- Camera trước: 20MP ƒ/2.2
- Chipset: MediaTek Helio G100-Ultra
- Dung lượng RAM: 8 GB
- Bộ nhớ trong: 128 GB
- Pin: 6000 mAh
- Hệ điều hành: Xiaomi HyperOS 2
- Độ phân giải màn hình: 1080 x 2392 pixels
- Tính năng màn hình: Độ sáng tối đa 3200 nits, 12-bit, DCI-P3, PWM 3840Hz, TÜV Rheinland giảm ánh sáng xanh, TÜV Rheinland thân thiện nhịp sinh học, TÜV Rheinland Flicker Free","Mua điện thoại REDMI Note 15 8GB/128GB cũ giá rẻ - Nguồn gốc rõ ràng, bảo hành 6-12 tháng, đổi mới 30 ngày, luôn xuất bán đầy đủ VAT.",Điện thoại,5390000,Xiaomi,2,51,0,2024-06-12 23:38:17,2026-03-29 12:13:07
165,Xiaomi Redmi Note 15 Pro 5G 12GB 256GB - Đã kích hoạt,"Mua điện thoại Xiaomi Redmi Note 15 Pro 5G 12GB/256GB đã kích hoạt bảo hành, đổi mới 30 ngày, có trả góp 0%","- Kích thước màn hình: 6.83 inches
- Công nghệ màn hình: AMOLED
- Camera sau: Camera chính: 200MP, OIS, f/1.7Camera góc siêu rộng: 8MP, f/2.2
- Camera trước: 20MP, f/2.2
- Chipset: MediaTek Dimensity 7400-Ultra
- Công nghệ NFC: Có
- Dung lượng RAM: 12 GB
- Bộ nhớ trong: 256 GB
- Pin: 6580mAh(typ)
- Thẻ SIM: 2 Nano SIM hoặc 1 Nano + 1 eSIM
- Hệ điều hành: Xiaomi HyperOS 2
- Độ phân giải màn hình: 2772 x 1280 pixels
- Tính năng màn hình: Tần số quét: lên đến 120HzDCI-P3 rộng, độ sâu màu 12-bitPWM dimming 3840HzĐộ sáng: 3200 nits1800 nits (HBM)Tỷ lệ tương phản: 8,000,000:1Điều chỉnh độ sáng tự động 16,000 cấp
- Loại CPU: 8 nhân lên đến 2.6 GHz","Mua điện thoại Xiaomi Redmi Note 15 Pro 5G 12GB/256GB đã kích hoạt bảo hành, đổi mới 30 ngày, có trả góp 0%",Điện thoại,8890000,Xiaomi,2,176,0,2025-07-17 13:46:01,2026-03-29 12:13:07
166,Đồng hồ thông minh Amazfit Active 3 Premium,"Mua Đồng hồ thông minh Amazfit Active 3 Premium chính hãng - Giá tốt, bảo hành uy tín, giao hàng tận nơi toàn quốc. Mua ngay Amazfit Active 3 Premium tại đây.","- Công nghệ màn hình: AMOLED
- Kích thước màn hình: 1.32 inch
- Nghe,gọi: Nghe gọi qua Bluetooth
- Tiện ích sức khoẻ: Theo dõi giấc ngủ, Đo nhịp tim, Đo lượng oxy trong máu, Đo mức độ stress, Cảm biến nhiệt độ, Cảnh báo nhịp tim bất thường, Theo dõi chu kỳ, Bài tập thở
- Tương thích: Android 7.0 trở lên iOS 14.0 trở lên
- Thời lượng pin: Sử dụng thông thường: Lên đến 12 ngày Sử dụng nhiều: Lên đến 7 ngày Chế độ AOD: Lên đến 4 ngày GPS liên tục: Lên đến 24 giờ GPS liên tục khi nghe nhạc: Lên đến 10 giờ GPS liên tục (chế độ tiết kiệm pin): Lên đến 76 giờ
- Hãng sản xuất: Amazfit","Mua Đồng hồ thông minh Amazfit Active 3 Premium chính hãng - Giá tốt, bảo hành uy tín, giao hàng tận nơi toàn quốc. Mua ngay Amazfit Active 3 Premium tại đây.",Khác,4490000,Amazfit,0,130,0,2024-08-28 04:23:24,2026-03-29 12:13:07
167,Đồng hồ thông minh Huawei Watch GT Runner 2,"Mua Đồng hồ thông minh Huawei Watch GT Runner 2 chính hãng - Giá tốt, bảo hành uy tín, giao hàng tận nơi toàn quốc. Mua ngay Huawei Watch GT Runner 2 tại đây.","- Công nghệ màn hình: AMOLED
- Kích thước màn hình: 1.32 inch
- Kích thước cổ tay phù hợp: Từ 12 - 19 cm
- Nghe,gọi: Nghe gọi qua Bluetooth
- Tiện ích sức khoẻ: Chế độ luyện tập, Theo dõi giấc ngủ, Đo nhịp tim, Đo lượng oxy trong máu, Đếm bước chân, Tính calo tiêu thụ, Tính quãng đường chạy, Đo mức độ stress, Phát hiện té ngã, Cảnh báo nhịp tim bất thường, Đo điện tâm đồ, Theo dõi chu kỳ, Tình trạng HRV (Heart Rate Variability)
- Tương thích: Android 9.0 trở lên iOS 13.0 trở lên
- Thời lượng pin: Pin có thể sử dụng được đến 14 ngày nếu dùng ít, 7 ngày nếu dùng thông thường, hoặc 32 giờ ở chế độ tập luyện ngoài trời
- Hãng sản xuất: Huawei","Mua Đồng hồ thông minh Huawei Watch GT Runner 2 chính hãng - Giá tốt, bảo hành uy tín, giao hàng tận nơi toàn quốc. Mua ngay Huawei Watch GT Runner 2 tại đây.",Khác,7990000,Huawei,2,76,0,2024-11-21 08:24:25,2026-03-29 12:13:07
168,Dán kính cường lực màn hình Samsung Galaxy A37 Zeelot Full viền đen cao cấp,"Mua Dán kính cường lực màn hình Samsung Galaxy A37 Zeelot Full viền đen cao cấp chính hãng - Giá rẻ, đảm bảo chất lượng, độ bền cao, hỗ trợ giao hàng tận nơi toàn quốc.","- Dòng sản phẩm: Galaxy A37
- Loại miếng dán: Dán cường lực màn hình
- Tính năng: Chống sốc, va đập, Chống trầy xước
- Dùng được cho: Samsung Galaxy A37
- Hãng sản xuất: Zeelot","Mua Dán kính cường lực màn hình Samsung Galaxy A37 Zeelot Full viền đen cao cấp chính hãng - Giá rẻ, đảm bảo chất lượng, độ bền cao, hỗ trợ giao hàng tận nơi toàn quốc.",Điện thoại,261000,Zeelot,0,147,0,2024-12-20 02:16:07,2026-03-29 12:13:07
169,Dán kính cường lực màn hình Samsung Galaxy A57 Zeelot Full viền đen cao cấp,"Mua Dán kính cường lực màn hình Samsung Galaxy A57 Zeelot Full viền đen cao cấp chính hãng - Giá rẻ, đảm bảo chất lượng, độ bền cao, hỗ trợ giao hàng tận nơi toàn quốc.","- Dòng sản phẩm: Galaxy A57
- Loại miếng dán: Dán cường lực màn hình
- Tính năng: Chống sốc, va đập, Chống trầy xước
- Dùng được cho: Samsung Galaxy A57
- Hãng sản xuất: Zeelot","Mua Dán kính cường lực màn hình Samsung Galaxy A57 Zeelot Full viền đen cao cấp chính hãng - Giá rẻ, đảm bảo chất lượng, độ bền cao, hỗ trợ giao hàng tận nơi toàn quốc.",Điện thoại,261000,Zeelot,0,44,0,2025-10-31 05:27:09,2026-03-29 12:13:07
170,MacBook Air M5 15 inch 2026 10CPU 10GPU 16GB 1TB Sạc 70W,"Mua ngay MacBook Air M5 15 inch 2026 10CPU 10GPU 16GB 1TB Sạc 70W giá rẻ - Hỗ trợ trả góp 0%, đổi mới 30 ngày, bảo hành chính hãng, giao hàng tận nơi miễn phí.","- Loại card đồ họa: GPU 10 lõi Neural Accelerators Công nghệ dò tia tốc độ cao bằng phần cứngNeural Engine 16 lõi Băng thông bộ nhớ 153GB/s
- Dung lượng RAM: 16GB
- Ổ cứng: 1TB
- Kích thước màn hình: 15.3 inches
- Công nghệ màn hình: Màn hình Liquid Retina Màn hình có đèn nền LED với công nghệ IPS Độ sáng 500 nit Hỗ trợ một tỷ màu Dải màu rộng (P3) Công nghệ True ToneHỗ trợ lên đến hai màn hình ngoài
- Pin: Pin Li-Po 66,5 watt‑giờ tích hợpThời gian xem video trực tuyến lên đến 18 giờ Thời gian duyệt web trên mạng không dây lên đến 15 giờ
- Hệ điều hành: macOS
- Độ phân giải màn hình: 2880 x 1864 pixels
- Loại CPU: Chip Apple M5 CPU 10 lõi với 4 lõi siêu xử lý và 6 lõi tiết kiệm điện
- Cổng giao tiếp: Cổng sạc MagSafe 3 Jack cắm tai nghe 3,5 mm Hai cổng Thunderbolt 4 (USB-C) hỗ trợ Sạc / DisplayPort / Thunderbolt 4 (lên đến 40Gb/s) / USB 4 (lên đến 40Gb/s)","Mua ngay MacBook Air M5 15 inch 2026 10CPU 10GPU 16GB 1TB Sạc 70W giá rẻ - Hỗ trợ trả góp 0%, đổi mới 30 ngày, bảo hành chính hãng, giao hàng tận nơi miễn phí.",Phụ kiện,40490000,Apple,0,60,0,2024-06-21 01:55:57,2026-03-29 12:13:07
171,MacBook Air M5 15 inch 2026 10CPU 10GPU 16GB 512GB Sạc 70W,"Mua ngay MacBook Air M5 15 inch 2026 10CPU 10GPU 16GB 512GB Sạc 70W giá rẻ - Hỗ trợ trả góp 0%, đổi mới 30 ngày, bảo hành chính hãng, giao hàng tận nơi miễn phí.","- Loại card đồ họa: GPU 10 lõi Neural Accelerators Công nghệ dò tia tốc độ cao bằng phần cứngNeural Engine 16 lõi Băng thông bộ nhớ 153GB/s
- Dung lượng RAM: 16GB
- Ổ cứng: 512GB
- Kích thước màn hình: 15.3 inches
- Công nghệ màn hình: Màn hình Liquid Retina Màn hình có đèn nền LED với công nghệ IPS Độ sáng 500 nit Hỗ trợ một tỷ màu Dải màu rộng (P3) Công nghệ True ToneHỗ trợ lên đến hai màn hình ngoài
- Pin: Pin Li-Po 66,5 watt‑giờ tích hợpThời gian xem video trực tuyến lên đến 18 giờ Thời gian duyệt web trên mạng không dây lên đến 15 giờ
- Hệ điều hành: macOS
- Độ phân giải màn hình: 2880 x 1864 pixels
- Loại CPU: Chip Apple M5 CPU 10 lõi với 4 lõi siêu xử lý và 6 lõi tiết kiệm điện
- Cổng giao tiếp: Cổng sạc MagSafe 3 Jack cắm tai nghe 3,5 mm Hai cổng Thunderbolt 4 (USB-C) hỗ trợ Sạc / DisplayPort / Thunderbolt 4 (lên đến 40Gb/s) / USB 4 (lên đến 40Gb/s)","Mua ngay MacBook Air M5 15 inch 2026 10CPU 10GPU 16GB 512GB Sạc 70W giá rẻ - Hỗ trợ trả góp 0%, đổi mới 30 ngày, bảo hành chính hãng, giao hàng tận nơi miễn phí.",Phụ kiện,34990000,Apple,0,80,0,2024-06-20 18:32:37,2026-03-29 12:13:07
172,MacBook Air M5 15 inch 2026 10CPU 10GPU 24GB 1TB Sạc 70W,"Mua ngay MacBook Air M5 15 inch 2026 10CPU 10GPU 24GB 1TB Sạc 70W giá rẻ - Hỗ trợ trả góp 0%, đổi mới 30 ngày, bảo hành chính hãng, giao hàng tận nơi miễn phí.","- Loại card đồ họa: GPU 10 lõi Neural Accelerators Công nghệ dò tia tốc độ cao bằng phần cứngNeural Engine 16 lõi Băng thông bộ nhớ 153GB/s
- Dung lượng RAM: 24GB
- Ổ cứng: 1TB
- Kích thước màn hình: 15.3 inches
- Công nghệ màn hình: Màn hình Liquid Retina Màn hình có đèn nền LED với công nghệ IPS Độ sáng 500 nit Hỗ trợ một tỷ màu Dải màu rộng (P3) Công nghệ True ToneHỗ trợ lên đến hai màn hình ngoài
- Pin: Pin Li-Po 66,5 watt‑giờ tích hợpThời gian xem video trực tuyến lên đến 18 giờ Thời gian duyệt web trên mạng không dây lên đến 15 giờ
- Hệ điều hành: macOS
- Độ phân giải màn hình: 2880 x 1864 pixels
- Loại CPU: Chip Apple M5 CPU 10 lõi với 4 lõi siêu xử lý và 6 lõi tiết kiệm điện
- Cổng giao tiếp: Cổng sạc MagSafe 3 Jack cắm tai nghe 3,5 mm Hai cổng Thunderbolt 4 (USB-C) hỗ trợ Sạc / DisplayPort / Thunderbolt 4 (lên đến 40Gb/s) / USB 4 (lên đến 40Gb/s)","Mua ngay MacBook Air M5 15 inch 2026 10CPU 10GPU 24GB 1TB Sạc 70W giá rẻ - Hỗ trợ trả góp 0%, đổi mới 30 ngày, bảo hành chính hãng, giao hàng tận nơi miễn phí.",Phụ kiện,45990000,Apple,0,129,0,2025-01-27 05:20:41,2026-03-29 12:13:07
173,MacBook Air M5 15 inch 2026 10CPU 10GPU 24GB 512GB Sạc 70W,"Mua ngay MacBook Air M5 15 inch 2026 10CPU 10GPU 24GB 512GB Sạc 70W giá rẻ - Hỗ trợ trả góp 0%, đổi mới 30 ngày, bảo hành chính hãng, giao hàng tận nơi miễn phí.","- Loại card đồ họa: GPU 10 lõi Neural Accelerators Công nghệ dò tia tốc độ cao bằng phần cứngNeural Engine 16 lõi Băng thông bộ nhớ 153GB/s
- Dung lượng RAM: 24GB
- Ổ cứng: 512GB
- Kích thước màn hình: 15.3 inches
- Công nghệ màn hình: Màn hình Liquid Retina Màn hình có đèn nền LED với công nghệ IPS Độ sáng 500 nit Hỗ trợ một tỷ màu Dải màu rộng (P3) Công nghệ True ToneHỗ trợ lên đến hai màn hình ngoài
- Pin: Pin Li-Po 66,5 watt‑giờ tích hợpThời gian xem video trực tuyến lên đến 18 giờ Thời gian duyệt web trên mạng không dây lên đến 15 giờ
- Hệ điều hành: macOS
- Độ phân giải màn hình: 2880 x 1864 pixels
- Loại CPU: Chip Apple M5 CPU 10 lõi với 4 lõi siêu xử lý và 6 lõi tiết kiệm điện
- Cổng giao tiếp: Cổng sạc MagSafe 3 Jack cắm tai nghe 3,5 mm Hai cổng Thunderbolt 4 (USB-C) hỗ trợ Sạc / DisplayPort / Thunderbolt 4 (lên đến 40Gb/s) / USB 4 (lên đến 40Gb/s)","Mua ngay MacBook Air M5 15 inch 2026 10CPU 10GPU 24GB 512GB Sạc 70W giá rẻ - Hỗ trợ trả góp 0%, đổi mới 30 ngày, bảo hành chính hãng, giao hàng tận nơi miễn phí.",Phụ kiện,40490000,Apple,0,42,0,2025-11-21 17:07:51,2026-03-29 12:13:07
174,MacBook Pro M5 Max 16 inch 2026 18CPU 32GPU 36GB 2TB Sạc 140W,"Mua ngay MacBook Pro M5 Max 16 inch 2026 18CPU 32GPU 36GB 2TB Sạc 140W giá rẻ - Hỗ trợ trả góp 0%, đổi mới 30 ngày, bảo hành chính hãng, giao hàng tận nơi miễn phí.","- Loại card đồ họa: GPU 32 lõi Neural Accelerators Công nghệ dò tia tốc độ cao bằng phần cứng Neural Engine 16 lõi Băng thông bộ nhớ 460GB/s
- Dung lượng RAM: 36GB
- Ổ cứng: 2TB
- Kích thước màn hình: 16.2 inches
- Công nghệ màn hình: Màn hình Liquid Retina XDR Tỷ lệ tương phản 1.000.000:1 Độ sáng XDR: 1.000 nit, tối đa 1.600 nit3 (chỉ nội dung HDR) Độ sáng SDR: lên đến 1.000 nit (ngoài trời) 1 tỷ màu Dải màu rộng (P3) Công nghệ True Tone Công nghệ ProMotion
- Pin: Pin Li-Po 100 watt-giờ Thời gian xem video trực tuyến lên đến 22 giờ Thời gian duyệt web trên mạng không dây lên đến 16 giờ
- Hệ điều hành: macOS
- Độ phân giải màn hình: 3456 x 2234 pixels
- Loại CPU: Chip Apple M5 Pro CPU 18 lõi với 6 lõi siêu xử lý và 12 lõi hiệu năng
- Cổng giao tiếp: Khe thẻ nhớ SDXC Cổng HDMI Jack cắm tai nghe 3.5 mm Cổng MagSafe 3 Ba cổng Thunderbolt 5 (USB-C) hỗ trợ: Sạc / DisplayPort / Thunderbolt 5 (lên đến 120Gb/s) / USB 4 (lên đến 120Gb/s)","Mua ngay MacBook Pro M5 Max 16 inch 2026 18CPU 32GPU 36GB 2TB Sạc 140W giá rẻ - Hỗ trợ trả góp 0%, đổi mới 30 ngày, bảo hành chính hãng, giao hàng tận nơi miễn phí.",Phụ kiện,104990000,Apple,0,20,0,2024-05-13 08:57:32,2026-03-29 12:13:07
175,MacBook Pro M5 Max 16 inch 2026 18CPU 40GPU 48GB 2TB Sạc 140W,"Mua ngay MacBook Pro M5 Max 16 inch 2026 18CPU 40GPU 48GB 2TB Sạc 140W giá rẻ - Hỗ trợ trả góp 0%, đổi mới 30 ngày, bảo hành chính hãng, giao hàng tận nơi miễn phí.","- Loại card đồ họa: GPU 40 lõi Neural Accelerators Công nghệ dò tia tốc độ cao bằng phần cứng Neural Engine 16 lõi Băng thông bộ nhớ 614GB/s
- Dung lượng RAM: 48GB
- Ổ cứng: 2TB
- Kích thước màn hình: 16.2 inches
- Công nghệ màn hình: Màn hình Liquid Retina XDR Tỷ lệ tương phản 1.000.000:1 Độ sáng XDR: 1.000 nit, tối đa 1.600 nit3 (chỉ nội dung HDR) Độ sáng SDR: lên đến 1.000 nit (ngoài trời) 1 tỷ màu Dải màu rộng (P3) Công nghệ True Tone Công nghệ ProMotion
- Pin: Pin Li-Po 100 watt-giờ Thời gian xem video trực tuyến lên đến 22 giờ Thời gian duyệt web trên mạng không dây lên đến 16 giờ
- Hệ điều hành: macOS
- Độ phân giải màn hình: 3456 x 2234 pixels
- Loại CPU: Chip Apple M5 Pro CPU 18 lõi với 6 lõi siêu xử lý và 12 lõi hiệu năng
- Cổng giao tiếp: Khe thẻ nhớ SDXC Cổng HDMI Jack cắm tai nghe 3.5 mm Cổng MagSafe 3 Ba cổng Thunderbolt 5 (USB-C) hỗ trợ: Sạc / DisplayPort / Thunderbolt 5 (lên đến 120Gb/s) / USB 4 (lên đến 120Gb/s)","Mua ngay MacBook Pro M5 Max 16 inch 2026 18CPU 40GPU 48GB 2TB Sạc 140W giá rẻ - Hỗ trợ trả góp 0%, đổi mới 30 ngày, bảo hành chính hãng, giao hàng tận nơi miễn phí.",Phụ kiện,119990000,Apple,0,159,0,2026-02-08 04:03:00,2026-03-29 12:13:07
176,MacBook Pro M5 Pro 16 inch 2026 18CPU 20GPU 48GB 2TB Sạc 140W,"Mua ngay MacBook Pro M5 Pro 16 inch 2026 18CPU 20GPU 48GB 2TB Sạc 140W giá rẻ - Hỗ trợ trả góp 0%, đổi mới 30 ngày, bảo hành chính hãng, giao hàng tận nơi miễn phí.","- Loại card đồ họa: GPU 20 lõi Neural Accelerators Công nghệ dò tia tốc độ cao bằng phần cứng Neural Engine 16 lõi Băng thông bộ nhớ 307GB/s
- Dung lượng RAM: 48GB
- Ổ cứng: 2TB
- Kích thước màn hình: 16.2 inches
- Công nghệ màn hình: Màn hình Liquid Retina XDR Tỷ lệ tương phản 1.000.000:1 Độ sáng XDR: 1.000 nit, tối đa 1.600 nit3 (chỉ nội dung HDR) Độ sáng SDR: lên đến 1.000 nit (ngoài trời) 1 tỷ màu Dải màu rộng (P3) Công nghệ True Tone Công nghệ ProMotion
- Pin: Pin Li-Po 100 watt-giờ Thời gian xem video trực tuyến lên đến 24 giờ Thời gian duyệt web trên mạng không dây lên đến 17 giờ
- Hệ điều hành: macOS
- Độ phân giải màn hình: 3456 x 2234 pixels
- Loại CPU: Chip Apple M5 Pro CPU 18 lõi với 6 lõi siêu xử lý và 12 lõi hiệu năng
- Cổng giao tiếp: Khe thẻ nhớ SDXC Cổng HDMI Jack cắm tai nghe 3.5 mm Cổng MagSafe 3 Ba cổng Thunderbolt 5 (USB-C) hỗ trợ: Sạc / DisplayPort / Thunderbolt 5 (lên đến 120Gb/s) / USB 4 (lên đến 120Gb/s)","Mua ngay MacBook Pro M5 Pro 16 inch 2026 18CPU 20GPU 48GB 2TB Sạc 140W giá rẻ - Hỗ trợ trả góp 0%, đổi mới 30 ngày, bảo hành chính hãng, giao hàng tận nơi miễn phí.",Phụ kiện,94990000,Apple,0,131,0,2024-08-20 11:11:19,2026-03-29 12:13:07
177,Màn hình di động VSP VP1560FST1 15.6 inch,"Mua Màn hình di động VSP VP1560FST1 15.6 inch chính hãng - Giá rẻ, đảm bảo chất lượng, độ bền cao, hỗ trợ trả góp 0%, giao hàng miễn phí toàn quốc.","- Kích thước thực tế (bao gồm viền): 15.6 inches
- Tấm nền: IPS
- Tỉ lệ màn hình: 16:9
- Tần số quét: 62 Hz
- Thời gian phản hồi: 5ms
- Treo tường: 75 x 75 mm
- Cổng kết nối: 2 x Type-C (USB-C đầy đủ tính năng) 1 x Mini HDMI Tai nghe: 1 cổng Earphone
- Kích thước: 356.5 × 224.5 × 12 mm
- Trọng lượng: 1200 g
- Độ phân giải màn hình: 1920 × 1080 pixels","Mua Màn hình di động VSP VP1560FST1 15.6 inch chính hãng - Giá rẻ, đảm bảo chất lượng, độ bền cao, hỗ trợ trả góp 0%, giao hàng miễn phí toàn quốc.",Khác,3090000,VSP,0,65,0,2025-02-13 22:41:53,2026-03-29 12:13:07
178,Màn hình MSI PRO MP225 E12VL 22 inch,"Mua Màn hình MSI PRO MP225 E12VL 22 inch chính hãng - Giá rẻ, đảm bảo chất lượng, độ bền cao, hỗ trợ trả góp 0%, giao hàng miễn phí toàn quốc.","- Kích thước thực tế (bao gồm viền): 22 inches
- Tấm nền: VA
- Tỉ lệ màn hình: 16:9
- Tần số quét: 120 Hz
- Thời gian phản hồi: 1ms
- Độ tương phản động: 100000000:1
- Treo tường: 100 x 100 mm
- Cổng kết nối: 1 x HDMI 1.4b (FHD@120Hz) 1 x D-Sub (VGA)
- Kích thước: Có chân đế: 492.8 x 182.4 x 378.0 mm Không chân đế: 492.8 x 49.9 x 283.1 mm
- Độ phân giải màn hình: 1920 x 1080 pixels","Mua Màn hình MSI PRO MP225 E12VL 22 inch chính hãng - Giá rẻ, đảm bảo chất lượng, độ bền cao, hỗ trợ trả góp 0%, giao hàng miễn phí toàn quốc.",Khác,1790000,MSI,0,119,0,2025-11-13 20:49:05,2026-03-29 12:13:07
179,Màn hình MSI PRO MP275 E14L 27 inch,"Mua Màn hình MSI PRO MP275 E14L 27 inch chính hãng - Giá rẻ, đảm bảo chất lượng, độ bền cao, hỗ trợ trả góp 0%, giao hàng miễn phí toàn quốc.","- Kích thước thực tế (bao gồm viền): 27 inches
- Tấm nền: IPS
- Tỉ lệ màn hình: 16:9
- Tần số quét: 144 Hz
- Thời gian phản hồi: 1ms
- Độ tương phản động: 100000000:1
- Treo tường: 100 x 100 mm
- Cổng kết nối: 1 x HDMI 2.0 (FHD@144Hz) 1 x D-Sub (VGA) Line-in Headphone-out
- Kích thước: Có chân đế: 612.1 x 206.8 x 457.3 mm Không chân đế: 612.1 x 54.6 x 358.8 mm
- Trọng lượng: 3.94 kg
- Độ phân giải màn hình: 1920 x 1080 pixels","Mua Màn hình MSI PRO MP275 E14L 27 inch chính hãng - Giá rẻ, đảm bảo chất lượng, độ bền cao, hỗ trợ trả góp 0%, giao hàng miễn phí toàn quốc.",Khác,2690000,MSI,0,100,0,2024-05-17 23:46:35,2026-03-29 12:13:07
180,Màn hình VSP IP2704S 27 inch,"Mua Màn hình VSP IP2704S 27 inch chính hãng - Giá rẻ, đảm bảo chất lượng, độ bền cao, hỗ trợ trả góp 0%, giao hàng miễn phí toàn quốc.","- Kích thước thực tế (bao gồm viền): 27 inches
- Tấm nền: IPS
- Tỉ lệ màn hình: 16:9
- Tần số quét: 100 Hz
- Thời gian phản hồi: 1ms
- Độ tương phản động: 1,000,000:1
- Treo tường: 75 x 75 mm
- Cổng kết nối: 1 x VGA 1 x HDMI 1.4 1 x Audio Out
- Kích thước: Có chân đế: 613.19 x 448.54 x 201.08 mm Không chân đế: 613.19 x 362.89 x 52.74 mm
- Trọng lượng: 3.5 kg
- Độ phân giải màn hình: 1920 x 1080 pixels","Mua Màn hình VSP IP2704S 27 inch chính hãng - Giá rẻ, đảm bảo chất lượng, độ bền cao, hỗ trợ trả góp 0%, giao hàng miễn phí toàn quốc.",Khác,1990000,VSP,0,58,0,2024-08-30 22:44:47,2026-03-29 12:13:07
181,Máy lạnh Daikin 1.5HP 2023 (FTF35XAV1V/RF35XAV1V),"Mua Máy lạnh Daikin 1.5HP 2023 (FTF35XAV1V/RF35XAV1V) chính hãng - Giá rẻ, đảm bảo chất lượng, độ bền cao, hỗ trợ giao hàng tận nơi toàn quốc.","- Loại máy: 1 chiều (chỉ làm lạnh)
- Kiểu dáng: Máy lạnh treo tường
- Phạm vi làm lạnh: Từ 15 - 20m2
- Công suất làm lạnh: 1.5 HP - 11.100 BTU
- Công nghệ tiết kiệm điện: Inverter
- Công nghệ làm lạnh nhanh: Powerful
- Hãng sản xuất: Daikin","Mua Máy lạnh Daikin 1.5HP 2023 (FTF35XAV1V/RF35XAV1V) chính hãng - Giá rẻ, đảm bảo chất lượng, độ bền cao, hỗ trợ giao hàng tận nơi toàn quốc.",Khác,10390000,Daikin,2,125,0,2024-08-24 14:44:27,2026-03-29 12:13:07
182,Máy lạnh Daikin 2.0HP 2023 (FTF50XV1V/RF50XV1V),"Mua Máy lạnh Daikin 2.0HP 2023 (FTF50XV1V/RF50XV1V) chính hãng - Giá rẻ, đảm bảo chất lượng, độ bền cao, hỗ trợ giao hàng tận nơi toàn quốc.","- Loại máy: 1 chiều (chỉ làm lạnh)
- Kiểu dáng: Máy lạnh treo tường
- Phạm vi làm lạnh: Từ 20 - 30m2
- Công suất làm lạnh: 2.0 HP - 17.100 BTU
- Công nghệ tiết kiệm điện: Inverter
- Công nghệ làm lạnh nhanh: Powerful
- Hãng sản xuất: Daikin","Mua Máy lạnh Daikin 2.0HP 2023 (FTF50XV1V/RF50XV1V) chính hãng - Giá rẻ, đảm bảo chất lượng, độ bền cao, hỗ trợ giao hàng tận nơi toàn quốc.",Khác,16490000,Daikin,2,26,0,2025-11-24 08:39:15,2026-03-29 12:13:07
183,Máy lạnh Panasonic 1.5HP 2025 (CU/CS-N12AKH-8),"Mua máy lạnh Panasonic 1.5HP 2025 (CU/CS-N12AKH-8) chính hãng - Giá rẻ, đảm bảo chất lượng, độ bền cao, bảo hành uy tín, giao hàng tận nơi toàn quốc.","- Loại máy: 1 chiều (chỉ làm lạnh)
- Kiểu dáng: Máy lạnh treo tường
- Phạm vi làm lạnh: Từ 15 - 20m2
- Công suất làm lạnh: 1.5HP - 11.700 BTU
- Khả năng lọc không khí: Nanoe-G lọc bụi mịn PM 2.5
- Công nghệ làm lạnh nhanh: Powerful
- Hãng sản xuất: Panasonic","Mua máy lạnh Panasonic 1.5HP 2025 (CU/CS-N12AKH-8) chính hãng - Giá rẻ, đảm bảo chất lượng, độ bền cao, bảo hành uy tín, giao hàng tận nơi toàn quốc.",Khác,11190000,Panasonic,99,140,0,2025-08-13 21:54:07,2026-03-29 12:13:07
184,Máy lạnh Panasonic 1.5HP 2023 (CU/CS-N12ZKH-8),"Mua máy lạnh Panasonic 1.5HP 2023 (CU/CS-N12ZKH-8) chính hãng - Giá rẻ, đảm bảo chất lượng, độ bền cao, bảo hành uy tín, giao hàng tận nơi toàn quốc.","- Loại máy: 1 chiều (chỉ làm lạnh)
- Kiểu dáng: Máy lạnh treo tường
- Phạm vi làm lạnh: Từ 15 - 20m2
- Công suất làm lạnh: 1.5HP - 11.700 BTU
- Khả năng lọc không khí: Nanoe-G lọc bụi mịn PM 2.5
- Công nghệ làm lạnh nhanh: Powerful
- Hãng sản xuất: Panasonic","Mua máy lạnh Panasonic 1.5HP 2023 (CU/CS-N12ZKH-8) chính hãng - Giá rẻ, đảm bảo chất lượng, độ bền cao, bảo hành uy tín, giao hàng tận nơi toàn quốc.",Khác,11290000,Panasonic,99,66,0,2024-10-28 05:32:16,2026-03-29 12:13:07
185,Máy lạnh Panasonic 1.0HP 2025 (CU/CS-N9AKH-8),"Mua máy lạnh Panasonic 1.0HP 2025 (CU/CS-N9AKH-8) chính hãng - Giá rẻ, đảm bảo chất lượng, độ bền cao, bảo hành uy tín, giao hàng tận nơi toàn quốc.","- Loại máy: 1 chiều (chỉ làm lạnh)
- Kiểu dáng: Máy lạnh treo tường
- Phạm vi làm lạnh: Dưới 15m2
- Công suất làm lạnh: 1HP - 9.040 BTU
- Khả năng lọc không khí: Nanoe-G lọc bụi mịn PM 2.5
- Công nghệ làm lạnh nhanh: Powerful
- Hãng sản xuất: Panasonic","Mua máy lạnh Panasonic 1.0HP 2025 (CU/CS-N9AKH-8) chính hãng - Giá rẻ, đảm bảo chất lượng, độ bền cao, bảo hành uy tín, giao hàng tận nơi toàn quốc.",Khác,8290000,Panasonic,99,45,0,2025-02-02 17:00:18,2026-03-29 12:13:07
186,Máy lạnh Panasonic 1.5HP 2026 (CU/CS-RU12CKH-8D),"Mua máy lạnh Panasonic 1.5HP 2026 (CU/CS-RU12CKH-8D) chính hãng - Giá rẻ, đảm bảo chất lượng, độ bền cao, bảo hành uy tín, giao hàng tận nơi toàn quốc.","- Loại máy: 1 chiều (chỉ làm lạnh)
- Kiểu dáng: Máy lạnh treo tường
- Phạm vi làm lạnh: Từ 15 - 20m2
- Công suất làm lạnh: 1.5HP - 12.000 BTU
- Công nghệ tiết kiệm điện: InverterChế độ Eco tích hợp A.I
- Công suất tiêu thụ điện: 1.05 kW/h
- Khả năng lọc không khí: Nanoe-G lọc bụi mịn PM 2.5Nanoe-X diệt khuẩn, khử mùi, duy trì độ ẩm
- Công nghệ làm lạnh nhanh: Powerful
- Hãng sản xuất: Panasonic","Mua máy lạnh Panasonic 1.5HP 2026 (CU/CS-RU12CKH-8D) chính hãng - Giá rẻ, đảm bảo chất lượng, độ bền cao, bảo hành uy tín, giao hàng tận nơi toàn quốc.",Khác,13790000,Panasonic,2,131,0,2024-10-22 16:40:30,2026-03-29 12:13:07
187,Máy lạnh Panasonic Inverter 1.5HP 2025 (CU/CS-U12BKH-8),"Mua ngay máy lạnh Panasonic Inverter 1.5HP 2025 (CU/CS-U12BKH-8) chính hãng - Giá rẻ, đảm bảo chất lượng, độ bền cao, hỗ trợ giao hàng tận nơi toàn quốc.","- Loại máy: 1 chiều (chỉ làm lạnh)
- Kiểu dáng: Máy lạnh treo tường
- Phạm vi làm lạnh: Từ 15 - 20m2
- Công suất làm lạnh: 1.5 HP - 11.900 BTU
- Công nghệ tiết kiệm điện: InverterECO tích hợp A.I
- Công suất tiêu thụ điện: 0.95 kWh
- Khả năng lọc không khí: Công nghệ lọc không khí Nanoe X thế hệ 2 Nanoe-G lọc bụi mịn PM2.5
- Công nghệ làm lạnh nhanh: iAuto-X
- Hãng sản xuất: Panasonic","Mua ngay máy lạnh Panasonic Inverter 1.5HP 2025 (CU/CS-U12BKH-8) chính hãng - Giá rẻ, đảm bảo chất lượng, độ bền cao, hỗ trợ giao hàng tận nơi toàn quốc.",Khác,14890000,Panasonic,2,116,0,2025-05-25 11:21:24,2026-03-29 12:13:07
188,Máy lạnh Panasonic Inverter 1.5HP 2023 (CU/CS-XU12BKH-8),"Mua ngay máy lạnh Panasonic Inverter 1.5HP 2023 (CU/CS-XU12BKH-8) chính hãng - Giá rẻ, đảm bảo chất lượng, độ bền cao, hỗ trợ giao hàng tận nơi toàn quốc.","- Loại máy: 1 chiều (chỉ làm lạnh)
- Kiểu dáng: Máy lạnh treo tường
- Phạm vi làm lạnh: Từ 15 - 20m2
- Công suất làm lạnh: 1.5 HP - 11.900 BTU
- Công nghệ tiết kiệm điện: InverterECO tích hợp A.I
- Công suất tiêu thụ điện: 0.95 kWh
- Khả năng lọc không khí: Công nghệ lọc không khí Nanoe X thế hệ 3 Nanoe-G lọc bụi mịn PM2.5
- Công nghệ làm lạnh nhanh: iAuto-X
- Hãng sản xuất: Panasonic","Mua ngay máy lạnh Panasonic Inverter 1.5HP 2023 (CU/CS-XU12BKH-8) chính hãng - Giá rẻ, đảm bảo chất lượng, độ bền cao, hỗ trợ giao hàng tận nơi toàn quốc.",Khác,16390000,Panasonic,2,181,0,2025-06-28 04:06:36,2026-03-29 12:13:07
189,Máy lạnh Panasonic Inverter 1.5HP 2023 (CU/CS-XU12ZKH-8),"Mua ngay máy lạnh Panasonic Inverter 1.5HP 2023 (CU/CS-XU12ZKH-8) chính hãng - Giá rẻ, đảm bảo chất lượng, độ bền cao, hỗ trợ giao hàng tận nơi toàn quốc.","- Loại máy: 1 chiều (chỉ làm lạnh)
- Kiểu dáng: Máy lạnh treo tường
- Phạm vi làm lạnh: Từ 15 - 20m2
- Công suất làm lạnh: 1.5 HP - 11.900 BTU
- Công nghệ tiết kiệm điện: InverterECO tích hợp A.I
- Công suất tiêu thụ điện: 0.95 kWh
- Khả năng lọc không khí: Công nghệ lọc không khí Nanoe™ X thế hệ 3 Nanoe-G lọc bụi mịn PM2.5
- Công nghệ làm lạnh nhanh: iAuto-X
- Hãng sản xuất: Panasonic","Mua ngay máy lạnh Panasonic Inverter 1.5HP 2023 (CU/CS-XU12ZKH-8) chính hãng - Giá rẻ, đảm bảo chất lượng, độ bền cao, hỗ trợ giao hàng tận nơi toàn quốc.",Khác,15890000,Panasonic,2,68,0,2026-02-11 15:59:42,2026-03-29 12:13:07
190,Máy lạnh Panasonic 1.0HP 2026 (CU/CS-RU9CKH-8D),"Mua máy lạnh Panasonic 1.0HP 2026 (CU/CS-RU9CKH-8D) chính hãng - Giá rẻ, đảm bảo chất lượng, độ bền cao, bảo hành uy tín, giao hàng tận nơi toàn quốc.","- Loại máy: 1 chiều (chỉ làm lạnh)
- Kiểu dáng: Máy lạnh treo tường
- Phạm vi làm lạnh: Dưới 15m2
- Công suất làm lạnh: 1HP - 9.040 BTU
- Công nghệ tiết kiệm điện: InverterChế độ Eco tích hợp A.I
- Công suất tiêu thụ điện: 0.68 kW/h
- Khả năng lọc không khí: Nanoe-G lọc bụi mịn PM 2.5Nanoe-X diệt khuẩn, khử mùi, duy trì độ ẩm
- Công nghệ làm lạnh nhanh: Powerful
- Hãng sản xuất: Panasonic","Mua máy lạnh Panasonic 1.0HP 2026 (CU/CS-RU9CKH-8D) chính hãng - Giá rẻ, đảm bảo chất lượng, độ bền cao, bảo hành uy tín, giao hàng tận nơi toàn quốc.",Khác,11390000,Panasonic,2,124,0,2025-12-11 09:54:04,2026-03-29 12:13:07
191,Máy lạnh Panasonic Inverter 1.0HP 2025 (CU/CS-U9BKH-8),"Mua ngay máy lạnh Panasonic Inverter 1.0HP 2025 (CU/CS-U9BKH-8) chính hãng - Giá rẻ, đảm bảo chất lượng, độ bền cao, hỗ trợ giao hàng tận nơi toàn quốc.","- Loại máy: 1 chiều (chỉ làm lạnh)
- Kiểu dáng: Máy lạnh treo tường
- Phạm vi làm lạnh: Dưới 15m2
- Công suất làm lạnh: 1 HP - 9.550 BTU
- Công nghệ tiết kiệm điện: InverterECO tích hợp A.I
- Công suất tiêu thụ điện: 0.7 kWh
- Khả năng lọc không khí: Công nghệ lọc không khí Nanoe X thế hệ 2 Nanoe-G lọc bụi mịn PM2.5
- Công nghệ làm lạnh nhanh: iAuto-X
- Hãng sản xuất: Panasonic","Mua ngay máy lạnh Panasonic Inverter 1.0HP 2025 (CU/CS-U9BKH-8) chính hãng - Giá rẻ, đảm bảo chất lượng, độ bền cao, hỗ trợ giao hàng tận nơi toàn quốc.",Khác,12290000,Panasonic,2,50,0,2025-10-28 04:57:22,2026-03-29 12:13:07
192,Máy lạnh Panasonic 1.0HP inverter 2023 (CU/CS-U9ZKH-8),"Mua máy lạnh Panasonic 1.0HP inverter 2023 (CU/CS-U9ZKH-8) chính hãng - Giá rẻ, đảm bảo chất lượng, độ bền cao, bảo hành uy tín, giao hàng tận nơi toàn quốc.","- Loại máy: 1 chiều (chỉ làm lạnh)
- Kiểu dáng: Máy lạnh treo tường
- Phạm vi làm lạnh: Dưới 15m2
- Công suất làm lạnh: 1.0HP - 8.700 BTU
- Công nghệ tiết kiệm điện: InverterChế độ Eco với công nghệ A.I
- Công suất tiêu thụ điện: 0.65 kW
- Khả năng lọc không khí: Công nghệ nanoe X diệt khuẩn, khử mùi, duy trì độ ẩmNanoe-G lọc bụi mịn PM 2.5
- Hãng sản xuất: Panasonic","Mua máy lạnh Panasonic 1.0HP inverter 2023 (CU/CS-U9ZKH-8) chính hãng - Giá rẻ, đảm bảo chất lượng, độ bền cao, bảo hành uy tín, giao hàng tận nơi toàn quốc.",Khác,12390000,Panasonic,2,99,0,2025-07-27 12:02:49,2026-03-29 12:13:07
193,Máy lạnh Panasonic Inverter 1.0HP 2023 (CU/CS-XU9BKH-8),"Mua ngay máy lạnh Panasonic Inverter 1.0HP 2023 (CU/CS-XU9BKH-8) chính hãng - Giá rẻ, đảm bảo chất lượng, độ bền cao, hỗ trợ giao hàng tận nơi toàn quốc.","- Loại máy: 1 chiều (chỉ làm lạnh)
- Kiểu dáng: Máy lạnh treo tường
- Phạm vi làm lạnh: Dưới 15m2
- Công suất làm lạnh: 1 HP - 9.550 BTU
- Công nghệ tiết kiệm điện: InverterECO tích hợp A.I
- Công suất tiêu thụ điện: 0.7 kWh
- Khả năng lọc không khí: Công nghệ lọc không khí Nanoe™ X thế hệ 3 Nanoe-G lọc bụi mịn PM2.5
- Công nghệ làm lạnh nhanh: iAuto-X
- Hãng sản xuất: Panasonic","Mua ngay máy lạnh Panasonic Inverter 1.0HP 2023 (CU/CS-XU9BKH-8) chính hãng - Giá rẻ, đảm bảo chất lượng, độ bền cao, hỗ trợ giao hàng tận nơi toàn quốc.",Khác,13290000,Panasonic,2,148,0,2024-10-08 19:22:27,2026-03-29 12:13:07
194,Máy lạnh Panasonic 1.0HP 2 chiều inverter 2024 (CU/CS-YZ9AKH-8),"Mua máy lạnh Panasonic 1.0HP 2 chiều inverter 2024 (CU/CS-YZ9AKH-8) chính hãng - Giá rẻ, đảm bảo chất lượng, độ bền cao, bảo hành uy tín, giao hàng tận nơi toàn quốc.","- Loại máy: 2 chiều (có sưởi ấm)
- Kiểu dáng: Máy lạnh treo tường
- Phạm vi làm lạnh: Dưới 15m2
- Công suất làm lạnh: 1 HP - 9.040 BTUCông suất sưởi ấm: 10.700 BTU
- Công nghệ tiết kiệm điện: InverterChế độ Eco tích hợp A.I
- Công suất tiêu thụ điện: 0.7 kWh
- Khả năng lọc không khí: Nanoe-G lọc bụi mịn PM2.5
- Công nghệ làm lạnh nhanh: Powerful
- Hãng sản xuất: Panasonic","Mua máy lạnh Panasonic 1.0HP 2 chiều inverter 2024 (CU/CS-YZ9AKH-8) chính hãng - Giá rẻ, đảm bảo chất lượng, độ bền cao, bảo hành uy tín, giao hàng tận nơi toàn quốc.",Khác,12290000,Panasonic,99,163,0,2024-04-21 15:29:58,2026-03-29 12:13:07
195,Máy lạnh Panasonic Inverter 2.5HP 2023 (CU/CS-XU24BKH-8),"Mua ngay máy lạnh Panasonic Inverter 2.5HP 2023 (CU/CS-XU24BKH-8) chính hãng - Giá rẻ, đảm bảo chất lượng, độ bền cao, hỗ trợ giao hàng tận nơi toàn quốc.","- Loại máy: 1 chiều (chỉ làm lạnh)
- Kiểu dáng: Máy lạnh treo tường
- Phạm vi làm lạnh: Từ 30 - 40m2
- Công suất làm lạnh: 2.5 HP - 20.800 BTU
- Công nghệ tiết kiệm điện: InverterECO tích hợp A.I
- Công suất tiêu thụ điện: 1.6 kWh
- Khả năng lọc không khí: Công nghệ lọc không khí Nanoe X thế hệ 3 Nanoe-G lọc bụi mịn PM2.5
- Công nghệ làm lạnh nhanh: iAuto-X
- Hãng sản xuất: Panasonic","Mua ngay máy lạnh Panasonic Inverter 2.5HP 2023 (CU/CS-XU24BKH-8) chính hãng - Giá rẻ, đảm bảo chất lượng, độ bền cao, hỗ trợ giao hàng tận nơi toàn quốc.",Khác,36990000,Panasonic,2,195,0,2024-12-29 10:47:52,2026-03-29 12:13:07
196,Máy lạnh Panasonic Inverter 2.0HP 2023 (CU/CS-XU18BKH-8),"Mua ngay máy lạnh Panasonic Inverter 2.0HP 2023 (CU/CS-XU18BKH-8) chính hãng - Giá rẻ, đảm bảo chất lượng, độ bền cao, hỗ trợ giao hàng tận nơi toàn quốc.","- Loại máy: 1 chiều (chỉ làm lạnh)
- Kiểu dáng: Máy lạnh treo tường
- Phạm vi làm lạnh: Từ 20 - 30m2
- Công suất làm lạnh: 2 HP - 18.100 BTU
- Công nghệ tiết kiệm điện: InverterECO tích hợp A.I
- Công suất tiêu thụ điện: 1.32 kWh
- Khả năng lọc không khí: Công nghệ lọc không khí Nanoe X thế hệ 3 Nanoe-G lọc bụi mịn PM2.5
- Công nghệ làm lạnh nhanh: iAuto-X
- Hãng sản xuất: Panasonic","Mua ngay máy lạnh Panasonic Inverter 2.0HP 2023 (CU/CS-XU18BKH-8) chính hãng - Giá rẻ, đảm bảo chất lượng, độ bền cao, hỗ trợ giao hàng tận nơi toàn quốc.",Khác,26590000,Panasonic,2,105,0,2025-08-05 04:40:43,2026-03-29 12:13:07
197,Máy tính bảng Lenovo Idea Tab Pro Wifi 8GB 256GB ZAE40190VN - Cũ xước cấn,"Máy tính bảng Lenovo Idea Tab Pro 8GB 256GB cũ giá rẻ - Nguồn gốc rõ ràng, bảo hành 6-12 tháng, đổi mới 30 ngày, luôn xuất bán đầy đủ VAT.","- Công nghệ màn hình: LCD
- Camera sau: 13MP
- Camera trước: 8MP
- Chipset: MediaTek Dimensity 8300
- Dung lượng RAM: 8 GB
- Bộ nhớ trong: 256 GB
- Pin: 10200mAh
- Hệ điều hành: Android 14
- Tính năng màn hình: Kích thước màn hình 12.7 inchĐộ phân giải 2944 x 1840 pixelTần số quét 144Hz273 PPI400 nitsMàn hình Paper-like-anti-glare-matte
- Loại CPU: 8C, 1x A715 @3.35 GHz + 3x A715@3.2 GHz + 4x A510@2.2 GHz
- Tương thích: Lenovo Tab Pen PlusLenovo Idea Tab Pro keyboard PackLenovo Idea Tab Pro Folio Case","Máy tính bảng Lenovo Idea Tab Pro 8GB 256GB cũ giá rẻ - Nguồn gốc rõ ràng, bảo hành 6-12 tháng, đổi mới 30 ngày, luôn xuất bán đầy đủ VAT.",Khác,6390000,Lenovo,2,41,0,2024-11-13 15:39:20,2026-03-29 12:13:07
198,Ống kính Canon RF 50mm f/1.8 STM - Cũ trầy xước,"Ống kính Canon RF 50mm f/1.8 STM cũ giá rẻ - Nguồn gốc rõ ràng, bảo hành 6-12 tháng, đổi mới 30 ngày, luôn xuất bán đầy đủ VAT.","- Hãng sản xuất: Canon
- Loại ống kính: Ngàm Canon RFFull-Frame
- Khẩu độ: f/1.8 - f/22
- Cấu trúc quang học: 6 nguyên tố trong 5 nhóm 7 lá khẩu
- Tiêu cự: 50mm","Ống kính Canon RF 50mm f/1.8 STM cũ giá rẻ - Nguồn gốc rõ ràng, bảo hành 6-12 tháng, đổi mới 30 ngày, luôn xuất bán đầy đủ VAT.",Khác,3800000,Canon,2,77,0,2024-09-10 11:04:17,2026-03-29 12:13:07
199,Ống kính Canon RF 50mm f/1.8 STM VN Full Box - Chưa kích hoạt,"Ống kính Canon RF 50mm f/1.8 STM cũ giá rẻ - Nguồn gốc rõ ràng, bảo hành 6-12 tháng, đổi mới 30 ngày, luôn xuất bán đầy đủ VAT.","- Hãng sản xuất: Canon
- Loại ống kính: Ngàm Canon RFFull-Frame
- Khẩu độ: f/1.8 - f/22
- Cấu trúc quang học: 6 nguyên tố trong 5 nhóm 7 lá khẩu
- Tiêu cự: 50mm","Ống kính Canon RF 50mm f/1.8 STM cũ giá rẻ - Nguồn gốc rõ ràng, bảo hành 6-12 tháng, đổi mới 30 ngày, luôn xuất bán đầy đủ VAT.",Khác,5900000,Canon,2,53,0,2025-01-31 04:16:33,2026-03-29 12:13:07
200,Ống kính Canon RF 50mm f/1.8 STM VN Full Box - Đã kích hoạt,"Ống kính Canon RF 50mm f/1.8 STM cũ giá rẻ - Nguồn gốc rõ ràng, bảo hành 6-12 tháng, đổi mới 30 ngày, luôn xuất bán đầy đủ VAT.","- Hãng sản xuất: Canon
- Loại ống kính: Ngàm Canon RFFull-Frame
- Khẩu độ: f/1.8 - f/22
- Cấu trúc quang học: 6 nguyên tố trong 5 nhóm 7 lá khẩu
- Tiêu cự: 50mm","Ống kính Canon RF 50mm f/1.8 STM cũ giá rẻ - Nguồn gốc rõ ràng, bảo hành 6-12 tháng, đổi mới 30 ngày, luôn xuất bán đầy đủ VAT.",Khác,4650000,Canon,2,147,0,2025-01-29 17:07:38,2026-03-29 12:13:07
201,Ốp lưng iPhone 16 Pro Max Pitaka Edge Happiness Rides In,"Mua Ốp lưng iPhone 16 Pro Max Pitaka Edge Happiness Rides In chính hãng - Giá rẻ, đảm bảo chất lượng, độ bền cao, bảo hành uy tín, giao hàng tận nơi toàn quốc.","- Dòng sản phẩm: iPhone 16 Pro Max
- Phân loại ốp: Chống sốc
- Tính năng: Hỗ trợ sạc MagSafe, Hỗ trợ sạc không dây, Chống sốc, va đập, Chống trầy xước
- Hãng sản xuất: PITAKA","Mua Ốp lưng iPhone 16 Pro Max Pitaka Edge Happiness Rides In chính hãng - Giá rẻ, đảm bảo chất lượng, độ bền cao, bảo hành uy tín, giao hàng tận nơi toàn quốc.",Điện thoại,2375000,PITAKA,0,115,0,2025-06-11 21:34:43,2026-03-29 12:13:07
202,Ốp lưng iPhone 17 Pro Max Pitaka Edge Happiness Rides In,"Mua Ốp lưng iPhone 17 Pro Max Pitaka Edge Happiness Rides In chính hãng - Giá rẻ, đảm bảo chất lượng, độ bền cao, bảo hành uy tín, giao hàng tận nơi toàn quốc.","- Dòng sản phẩm: iPhone 17 Pro Max
- Phân loại ốp: Chống sốc, Ốp nhựa cứng
- Tính năng: Hỗ trợ sạc MagSafe, Hỗ trợ sạc không dây, Chống sốc, va đập, Chống trầy xước
- Hãng sản xuất: PITAKA","Mua Ốp lưng iPhone 17 Pro Max Pitaka Edge Happiness Rides In chính hãng - Giá rẻ, đảm bảo chất lượng, độ bền cao, bảo hành uy tín, giao hàng tận nơi toàn quốc.",Điện thoại,2375000,PITAKA,0,122,0,2025-05-17 06:18:46,2026-03-29 12:13:07
203,Ốp lưng iPhone 17 Pro Pitaka Edge Happiness Rides In,"Mua Ốp lưng iPhone 17 Pro Pitaka Edge Happiness Rides In chính hãng - Giá rẻ, đảm bảo chất lượng, độ bền cao, bảo hành uy tín, giao hàng tận nơi toàn quốc.","- Dòng sản phẩm: iPhone 17 Pro
- Phân loại ốp: Chống sốc
- Tính năng: Hỗ trợ sạc MagSafe, Hỗ trợ sạc không dây, Chống sốc, va đập, Chống trầy xước
- Hãng sản xuất: PITAKA","Mua Ốp lưng iPhone 17 Pro Pitaka Edge Happiness Rides In chính hãng - Giá rẻ, đảm bảo chất lượng, độ bền cao, bảo hành uy tín, giao hàng tận nơi toàn quốc.",Điện thoại,2375000,PITAKA,0,122,0,2024-12-31 12:59:45,2026-03-29 12:13:07
204,Ốp lưng Samsung Galaxy A17 5G Araree Flexield Clear,"Mua ngay Ốp lưng Samsung Galaxy A17 5G Araree Flexield Clear - Giá rẻ, đảm bảo chất lượng, độ bền cao, hỗ trợ giao hàng tận nơi toàn quốc.","- Dòng sản phẩm: Galaxy A17
- Phân loại ốp: Chống sốc, Ốp trong
- Tính năng: Chống sốc, va đập, Chống trầy xước
- Dùng được cho: Samsung Galaxy A17
- Hãng sản xuất: Araree","Mua ngay Ốp lưng Samsung Galaxy A17 5G Araree Flexield Clear - Giá rẻ, đảm bảo chất lượng, độ bền cao, hỗ trợ giao hàng tận nơi toàn quốc.",Điện thoại,288000,Araree,0,126,0,2024-10-27 15:53:08,2026-03-29 12:13:07
205,Ốp lưng Samsung Galaxy A17 5G Araree Typo Skin,"Mua ngay Ốp lưng Samsung Galaxy A17 5G Araree Typo Skin - Giá rẻ, đảm bảo chất lượng, độ bền cao, hỗ trợ giao hàng tận nơi toàn quốc.","- Dòng sản phẩm: Galaxy A17
- Phân loại ốp: Chống sốc
- Tính năng: Chống sốc, va đập, Chống trầy xước
- Dùng được cho: Samsung Galaxy A17
- Hãng sản xuất: Araree","Mua ngay Ốp lưng Samsung Galaxy A17 5G Araree Typo Skin - Giá rẻ, đảm bảo chất lượng, độ bền cao, hỗ trợ giao hàng tận nơi toàn quốc.",Điện thoại,495000,Araree,0,165,0,2025-09-26 07:14:33,2026-03-29 12:13:07
206,Thẻ nhớ MicroSD Kodak UHS-I U3/V30/A1 (Adapter) 128GB,"Mua Thẻ nhớ MicroSD Kodak UHS-I U3/V30/A1 (Adapter) 128GB chính hãng - Giá rẻ, đảm bảo chất lượng, độ bền cao, hỗ trợ giao hàng tận nơi toàn quốc.","- Dung lượng: 128GB
- Loại thẻ nhớ: Micro SD
- Tốc độ đọc: 98MB/s
- Tốc độ ghi: 65MB/s
- Hãng sản xuất: Kodak","Mua Thẻ nhớ MicroSD Kodak UHS-I U3/V30/A1 (Adapter) 128GB chính hãng - Giá rẻ, đảm bảo chất lượng, độ bền cao, hỗ trợ giao hàng tận nơi toàn quốc.",Khác,990000,Kodak,2,111,0,2025-10-14 19:03:21,2026-03-29 12:13:07
207,Thẻ nhớ MicroSD Kodak UHS-I U3/V30/A1 (Adapter) 256GB,"Mua Thẻ nhớ MicroSD Kodak UHS-I U3/V30/A1 (Adapter) 256GB chính hãng - Giá rẻ, đảm bảo chất lượng, độ bền cao, hỗ trợ giao hàng tận nơi toàn quốc.","- Dung lượng: 256GB
- Loại thẻ nhớ: Micro SD
- Tốc độ đọc: 98MB/s
- Tốc độ ghi: 65MB/s
- Hãng sản xuất: Kodak","Mua Thẻ nhớ MicroSD Kodak UHS-I U3/V30/A1 (Adapter) 256GB chính hãng - Giá rẻ, đảm bảo chất lượng, độ bền cao, hỗ trợ giao hàng tận nơi toàn quốc.",Khác,1690000,Kodak,2,75,0,2025-10-27 23:09:58,2026-03-29 12:13:07
208,Thẻ nhớ MicroSD Kodak UHS-I U3/V30/A1 (Adapter) 32GB,"Mua Thẻ nhớ MicroSD Kodak UHS-I U3/V30/A1 (Adapter) 32GB chính hãng - Giá rẻ, đảm bảo chất lượng, độ bền cao, hỗ trợ giao hàng tận nơi toàn quốc.","- Dung lượng: 32GB
- Loại thẻ nhớ: Micro SD
- Tốc độ đọc: 98MB/s
- Tốc độ ghi: 65MB/s
- Hãng sản xuất: Kodak","Mua Thẻ nhớ MicroSD Kodak UHS-I U3/V30/A1 (Adapter) 32GB chính hãng - Giá rẻ, đảm bảo chất lượng, độ bền cao, hỗ trợ giao hàng tận nơi toàn quốc.",Khác,590000,Kodak,2,131,0,2025-04-11 08:37:19,2026-03-29 12:13:07
209,Thẻ nhớ MicroSD Kodak UHS-I U3/V30/A1 (Adapter) 512GB,"Mua Thẻ nhớ MicroSD Kodak UHS-I U3/V30/A1 (Adapter) 512GB chính hãng - Giá rẻ, đảm bảo chất lượng, độ bền cao, hỗ trợ giao hàng tận nơi toàn quốc.","- Dung lượng: 512GB
- Loại thẻ nhớ: Micro SD
- Tốc độ đọc: 98MB/s
- Tốc độ ghi: 65MB/s
- Hãng sản xuất: Kodak","Mua Thẻ nhớ MicroSD Kodak UHS-I U3/V30/A1 (Adapter) 512GB chính hãng - Giá rẻ, đảm bảo chất lượng, độ bền cao, hỗ trợ giao hàng tận nơi toàn quốc.",Khác,4990000,Kodak,2,63,0,2024-05-02 01:59:10,2026-03-29 12:13:07
210,Thẻ nhớ MicroSD Kodak UHS-I U3/V30/A1 (Adapter) 64GB,"Mua Thẻ nhớ MicroSD Kodak UHS-I U3/V30/A1 (Adapter) 64GB chính hãng - Giá rẻ, đảm bảo chất lượng, độ bền cao, hỗ trợ giao hàng tận nơi toàn quốc.","- Dung lượng: 64GB
- Loại thẻ nhớ: Micro SD
- Tốc độ đọc: 98MB/s
- Tốc độ ghi: 65MB/s
- Hãng sản xuất: Kodak","Mua Thẻ nhớ MicroSD Kodak UHS-I U3/V30/A1 (Adapter) 64GB chính hãng - Giá rẻ, đảm bảo chất lượng, độ bền cao, hỗ trợ giao hàng tận nơi toàn quốc.",Khác,690000,Kodak,2,158,0,2025-01-15 00:29:26,2026-03-29 12:13:07
211,Bàn phím + Bao da AI Samsung Galaxy Tab S11 Ultra - Cũ,"Mua Bàn phím + Bao da AI Samsung Galaxy Tab S11 Ultra cũ giá rẻ - Nguồn gốc rõ ràng, bảo hành 6-12 tháng, đổi mới 30 ngày, luôn xuất bán đầy đủ VAT.","- Dòng sản phẩm: Galaxy Tab S11 Series
- Phân loại ốp: Bao da kiêm bàn phím
- Tính năng: Có chân đứng
- Dùng được cho: Samsung Galaxy Tab S11 Ultra
- Hãng sản xuất: Samsung Chính hãng","Mua Bàn phím + Bao da AI Samsung Galaxy Tab S11 Ultra cũ giá rẻ - Nguồn gốc rõ ràng, bảo hành 6-12 tháng, đổi mới 30 ngày, luôn xuất bán đầy đủ VAT.",Điện thoại,3294000,Samsung Chính hãng,2,118,0,2025-01-03 02:09:44,2026-03-29 12:13:07
212,Bàn phím + Bao da AI Samsung Galaxy Tab S10 Plus/S9 Plus/S9 FE Plus - Cũ,"Mua Bàn phím + Bao da AI Samsung Galaxy Tab S10 Plus/S9 Plus/S9 FE Plus cũ giá rẻ - Nguồn gốc rõ ràng, bảo hành 6-12 tháng, đổi mới 30 ngày, luôn xuất bán đầy đủ VAT.","- Kích thước: 286.5x188.4x14.0 mm
- Phân loại ốp: Bao da kiêm bàn phím
- Tính năng: Có chân đứng
- Dùng được cho: Samsung Galaxy Tab S10 Plus/S9 Plus/S9 FE Plus
- Hãng sản xuất: Samsung Chính hãng","Mua Bàn phím + Bao da AI Samsung Galaxy Tab S10 Plus/S9 Plus/S9 FE Plus cũ giá rẻ - Nguồn gốc rõ ràng, bảo hành 6-12 tháng, đổi mới 30 ngày, luôn xuất bán đầy đủ VAT.",Điện thoại,2645400,Samsung Chính hãng,0,189,0,2024-12-07 20:40:01,2026-03-29 12:13:07
213,Case máy tính Xigmatek Xigmatek Cloud M DGT Arctic (No Fan) M-ATX trắng,"Mua Case máy tính Xigmatek Xigmatek Cloud M DGT Arctic (No Fan) M-ATX trắng chính hãng - Giá rẻ, đảm bảo chất lượng, độ bền cao, hỗ trợ giao hàng tận nơi toàn quốc.","- Loại case: Mid Tower
- Hỗ trợ quạt: Trên: 3 x 120 mm hoặc 2 x 140 mmBên hông: 2 x 120 mm hoặc 2 x 140 mmDưới: 3 x 120 mm hoặc 2 x 140 mmSau: 1 x 120 mm
- Số khe cắm PCI: 4
- Kích thước: 420 x 285 x 382 mm
- Hãng sản xuất: XIGMATEK
- Chất liệu: Thép
- Cổng giao tiếp: 1 x USB 3.01 x USB 2.01 x HD Audio","Mua Case máy tính Xigmatek Xigmatek Cloud M DGT Arctic (No Fan) M-ATX trắng chính hãng - Giá rẻ, đảm bảo chất lượng, độ bền cao, hỗ trợ giao hàng tận nơi toàn quốc.",Khác,890000,XIGMATEK,2,151,0,2025-05-18 05:51:29,2026-03-29 12:13:07
214,Case máy tính Xigmatek Xigmatek Cloud M DGT (No Fan) M-ATX đen,"Mua Case máy tính Xigmatek Xigmatek Cloud M DGT (No Fan) M-ATX đen chính hãng - Giá rẻ, đảm bảo chất lượng, độ bền cao, hỗ trợ giao hàng tận nơi toàn quốc.","- Loại case: Mid Tower
- Hỗ trợ quạt: Trên: 3 x 120 mm hoặc 2 x 140 mmBên hông: 2 x 120 mm hoặc 2 x 140 mmDưới: 3 x 120 mm hoặc 2 x 140 mmSau: 1 x 120 mm
- Số khe cắm PCI: 4
- Kích thước: 420 x 285 x 382 mm
- Hãng sản xuất: XIGMATEK
- Chất liệu: Thép
- Cổng giao tiếp: 1 x USB 3.01 x USB 2.01 x HD Audio","Mua Case máy tính Xigmatek Xigmatek Cloud M DGT (No Fan) M-ATX đen chính hãng - Giá rẻ, đảm bảo chất lượng, độ bền cao, hỗ trợ giao hàng tận nơi toàn quốc.",Khác,850000,XIGMATEK,2,143,0,2024-06-25 19:21:46,2026-03-29 12:13:07
215,CPU Intel Core i3 12100 (Tray),"Mua CPU Intel Core i3 12100 (Tray) chính hãng - Giá rẻ, đảm bảo chất lượng, độ bền cao, hỗ trợ giao hàng tận nơi toàn quốc.","- Chipset: Intel
- Dòng sản phẩm: Core i3
- Thế hệ CPU: Intel thế hệ 12
- Socket: LGA 1700
- Số nhân: 4
- Số luồng: 8
- Tốc độ xử lý: 3.30 - 4.30 GHz
- Cache: L1: 12 MBL2: 5 MB
- Phiên bản PCI Express: 4.05.0
- Chip đồ họa: Intel® UHD Graphics 730
- Điện năng tiêu thụ: 60 W (Tối đa 89 W)
- Công nghệ hỗ trợ: Intel® 64Intel® Thread DirectorCông nghệ theo dõi nhiệtCông Nghệ Intel® Speed ShiftCông nghệ Intel® Turbo Boost 2.0Công nghệ Intel SpeedStep® nâng caoIntel® Gaussian &amp; Neural Accelerator 3.0
- Hãng sản xuất: Intel","Mua CPU Intel Core i3 12100 (Tray) chính hãng - Giá rẻ, đảm bảo chất lượng, độ bền cao, hỗ trợ giao hàng tận nơi toàn quốc.",Khác,3690000,Intel,0,113,0,2024-08-17 23:40:08,2026-03-29 12:13:07
216,CPU Intel Core i5 12400 (Tray),"Mua CPU Intel Core i5 12400 (Tray) chính hãng - Giá rẻ, đảm bảo chất lượng, độ bền cao, hỗ trợ giao hàng tận nơi toàn quốc.","- Chipset: Intel
- Dòng sản phẩm: Core i5
- Thế hệ CPU: Intel thế hệ 12
- Socket: LGA 1700
- Số nhân: 6
- Số luồng: 12
- Tốc độ xử lý: 2.5 - 4.4 GHz
- Cache: L1: 18 MBL2: 7.5 MB
- Phiên bản PCI Express: 4.0 và 5.0
- Chip đồ họa: Intel UHD Graphics 730
- Điện năng tiêu thụ: 65W (Tối đa 117W)
- Công nghệ hỗ trợ: Intel Turbo Boost 2.0Intel SpeedStep nâng caoCông nghệ theo dõi nhiệtIntel OptaneIntel Gaussian &amp; Neural Accelerator 3.0Công Nghệ Intel Speed Shift
- Hãng sản xuất: Intel","Mua CPU Intel Core i5 12400 (Tray) chính hãng - Giá rẻ, đảm bảo chất lượng, độ bền cao, hỗ trợ giao hàng tận nơi toàn quốc.",Khác,4990000,Intel,0,189,0,2024-06-25 23:10:45,2026-03-29 12:13:07
217,CPU Intel Core i5 13400F (Tray),"Mua CPU Intel Core i5 13400F (Tray) chính hãng - Giá rẻ, đảm bảo chất lượng, độ bền cao, hỗ trợ giao hàng tận nơi toàn quốc.","- Chipset: Intel
- Dòng sản phẩm: Core i5
- Thế hệ CPU: Intel thế hệ 13
- Socket: LGA 1700
- Số nhân: 10
- Số luồng: 16
- Tốc độ xử lý: 2.5 - 4.6 GHz
- Cache: L1: 20 MBL2: 9.5 MB
- Phiên bản PCI Express: 4.0 và 5.0
- Điện năng tiêu thụ: 65W (Tối đa 148W)
- Công nghệ hỗ trợ: Intel Thread DirectorIntel Turbo Boost 2.0Intel SpeedStep nâng caoCông nghệ theo dõi nhiệtCông Nghệ Intel Speed Shift
- Hãng sản xuất: Intel","Mua CPU Intel Core i5 13400F (Tray) chính hãng - Giá rẻ, đảm bảo chất lượng, độ bền cao, hỗ trợ giao hàng tận nơi toàn quốc.",Khác,4290000,Intel,0,114,0,2025-07-27 00:21:00,2026-03-29 12:13:07
218,CPU Intel Core i5 14400F (Tray),"Mua CPU Intel Core i5 14400F (Tray) chính hãng - Giá rẻ, đảm bảo chất lượng, độ bền cao, hỗ trợ giao hàng tận nơi toàn quốc.","- Chipset: Intel
- Dòng sản phẩm: Core i5
- Thế hệ CPU: Intel thế hệ 14
- Socket: LGA 1700
- Số nhân: 10
- Số luồng: 16
- Tốc độ xử lý: 2.5 - 4.7 GHz
- Cache: L1: 20 MBL2: 9.5 MB
- Phiên bản PCI Express: 4.0 và 5.0
- Điện năng tiêu thụ: 65W (Tối đa 148W)
- Công nghệ hỗ trợ: Intel Thread DirectorIntel Turbo Boost 2.0Intel SpeedStep nâng caoCông nghệ theo dõi nhiệtCông Nghệ Intel Speed Shift
- Hãng sản xuất: Intel","Mua CPU Intel Core i5 14400F (Tray) chính hãng - Giá rẻ, đảm bảo chất lượng, độ bền cao, hỗ trợ giao hàng tận nơi toàn quốc.",Khác,4690000,Intel,0,145,0,2024-04-05 04:02:47,2026-03-29 12:13:07
219,CPU Intel Core i5 14600K (Tray),"Mua CPU Intel Core i5 14600K (Tray) chính hãng - Giá rẻ, đảm bảo chất lượng, độ bền cao, hỗ trợ giao hàng tận nơi toàn quốc.","- Chipset: Intel
- Dòng sản phẩm: Core i5
- Thế hệ CPU: Intel thế hệ 14
- Socket: LGA 1700
- Số nhân: 14
- Số luồng: 20
- Tốc độ xử lý: 3.5 - 5.3GHz
- Cache: L1: 24 MBL2: 20 MB
- Phiên bản PCI Express: 5.0 và 4.0
- Chip đồ họa: Intel® UHD 770
- Điện năng tiêu thụ: 125W (Tối đa 181W)
- Công nghệ hỗ trợ: Intel® Turbo Boost 2.0Hỗ trợ OpenGL 4.5
- Hãng sản xuất: Intel","Mua CPU Intel Core i5 14600K (Tray) chính hãng - Giá rẻ, đảm bảo chất lượng, độ bền cao, hỗ trợ giao hàng tận nơi toàn quốc.",Khác,7190000,Intel,0,131,0,2025-04-10 15:12:35,2026-03-29 12:13:07
220,CPU Intel Core i7 12700 (Tray),"Mua CPU Intel Core i7 12700 (Tray) chính hãng - Giá rẻ, đảm bảo chất lượng, độ bền cao, hỗ trợ giao hàng tận nơi toàn quốc.","- Chipset: Intel
- Dòng sản phẩm: Core i7
- Thế hệ CPU: Intel thế hệ 12
- Socket: LGA 1700
- Số nhân: 12
- Số luồng: 20
- Tốc độ xử lý: 3.6 - 4.9 GHz
- Cache: L1: 25MBL2: 12 MB
- Phiên bản PCI Express: 5.0 và 4.0
- Chip đồ họa: UHD Graphics 770
- Điện năng tiêu thụ: 125W (Tối đa 180W)
- Công nghệ hỗ trợ: Intel® Speed ShiftIntel® Turbo BoostIntel® Standard Manageability (ISM)Intel® OS GuardKhóa bảo mật
- Hãng sản xuất: Intel","Mua CPU Intel Core i7 12700 (Tray) chính hãng - Giá rẻ, đảm bảo chất lượng, độ bền cao, hỗ trợ giao hàng tận nơi toàn quốc.",Khác,8890000,Intel,0,67,0,2024-10-31 11:17:07,2026-03-29 12:13:07
221,CPU Intel Core i7 14700 (Tray),"Mua CPU Intel Core i7 14700 (Tray) chính hãng - Giá rẻ, đảm bảo chất lượng, độ bền cao, hỗ trợ giao hàng tận nơi toàn quốc.","- Chipset: Intel
- Dòng sản phẩm: Core i7
- Thế hệ CPU: Intel thế hệ 14
- Socket: LGA 1700
- Số nhân: 20
- Số luồng: 28
- Tốc độ xử lý: 2.1 - 5.4 GHz
- Cache: L1: 33 MBL2: 28 MB
- Phiên bản PCI Express: 4.0 và 5.0
- Chip đồ họa: Intel® UHD Graphics 770
- Điện năng tiêu thụ: 65W (tối đa 219W)
- Công nghệ hỗ trợ: Công Nghệ Intel® Turbo Boost Max 3.0Công nghệ Intel® Turbo Boost 2.0Intel® Thread DirectorCông Nghệ Intel® Speed ShiftTăng cường học sâu Intel® Deep Learning BoostIntel® 64Công nghệ Intel SpeedStep® nâng cao
- Hãng sản xuất: Intel","Mua CPU Intel Core i7 14700 (Tray) chính hãng - Giá rẻ, đảm bảo chất lượng, độ bền cao, hỗ trợ giao hàng tận nơi toàn quốc.",Khác,11690000,Intel,2,187,0,2025-06-21 03:26:04,2026-03-29 12:13:07
222,HONOR X7d 8GB 128GB - Đã kích hoạt,"Mua điện thoại HONOR X7d 8GB 128GB đã kích hoạt bảo hành, đổi mới 30 ngày, có trả góp 0%","- Kích thước màn hình: 6.77 inches
- Công nghệ màn hình: TFT LCD
- Camera sau: 108 MP, f/1.8 + 2MP
- Camera trước: 8MP, f/2.0
- Chipset: Qualcomm Snapdragon 685
- Dung lượng RAM: 8 GB
- Bộ nhớ trong: 128 GB
- Pin: 6500 mAh
- Thẻ SIM: 2 Nano-SIM
- Hệ điều hành: Android 15, MagicOS 9.0
- Tính năng màn hình: Độ phân giải HD+ (720 × 1.610 px), 120 Hz, 850 nits
- Loại CPU: 8 nhân: 4 × Cortex-A73 (2,8 GHz) + 4 × Cortex-A53 (1,9 GHz)","Mua điện thoại HONOR X7d 8GB 128GB đã kích hoạt bảo hành, đổi mới 30 ngày, có trả góp 0%",Điện thoại,4390000,HONOR,2,92,0,2025-01-18 14:48:14,2026-03-29 12:13:07
223,Masstel Izi S8 - Cũ đẹp,"Mua điện thoại Masstel Izi S8 cũ giá rẻ - Nguồn gốc rõ ràng, bảo hành 6-12 tháng, đổi mới 30 ngày, luôn xuất bán đầy đủ VAT.","- Kích thước màn hình: 1.77 inches
- Công nghệ màn hình: TFT LCD
- Chipset: T107 (UMS9117)
- Pin: 1400mAh
- Thẻ SIM: 2 Nano-SIM
- Tính năng màn hình: Độ phân giải: QQVGA (128 × 160)Phông chữ to, dễ sử dụng","Mua điện thoại Masstel Izi S8 cũ giá rẻ - Nguồn gốc rõ ràng, bảo hành 6-12 tháng, đổi mới 30 ngày, luôn xuất bán đầy đủ VAT.",Điện thoại,350000,Masstel,2,144,0,2025-02-09 06:48:57,2026-03-29 12:13:07
224,Điện thoại Meizu Mblu 22 3GB 64GB - Đã kích hoạt,"Mua Điện thoại Meizu Mblu 22 3GB 64GB đã kích hoạt bảo hành, đổi mới 30 ngày, có trả góp 0%","- Kích thước màn hình: 6.79 inches
- Công nghệ màn hình: IPS LCD
- Camera sau: 13 MP + ƒ/1.8
- Camera trước: 5 MP + ƒ/2.2
- Chipset: Unisoc SC9863A(28 nm)
- Dung lượng RAM: 3 GB
- Bộ nhớ trong: 64 GB
- Pin: 5000mAh
- Hệ điều hành: Android 15
- Tính năng màn hình: Tần số quét: 90HzĐộ phân giải: 1640 x 720Tỷ lệ khung hình: 20,5:9Tỷ lệ tương phản: 1500: 1PPI: 264 400 nit (điển hình)","Mua Điện thoại Meizu Mblu 22 3GB 64GB đã kích hoạt bảo hành, đổi mới 30 ngày, có trả góp 0%",Điện thoại,1790000,Hãng khác,2,122,0,2025-01-12 18:28:57,2026-03-29 12:13:07
225,Điện thoại Nubia Z70S Ultra 5G 12GB 256GB - Cũ xước cấn,"Mua điện thoại Nubia Z70S Ultra 5G cũ giá rẻ - Nguồn gốc rõ ràng, bảo hành 6-12 tháng, đổi mới 30 ngày, luôn xuất bán đầy đủ VAT.","- Kích thước màn hình: 6.85 inches
- Công nghệ màn hình: AMOLED
- Camera sau: Camera chính: 50 MP f/1.7Camera tele: 64 MP f/2.48 Camera góc siêu rộng: 50 MP f/2.0
- Camera trước: 16 MP
- Chipset: Snapdragon 8 Elite (3nm)
- Công nghệ NFC: Có
- Dung lượng RAM: 12 GB
- Bộ nhớ trong: 256 GB
- Pin: 6.600 mAh
- Thẻ SIM: 2 Nano-SIM
- Hệ điều hành: Nebula AIOS - Android 15
- Tính năng màn hình: Kích thước màn hình: 6.85 inchĐộ phân giải màn hình: 2688 x 1216 pixelsTần số quét: 144 HzĐộ sáng: 2000nits, 430PPI100% DCI-P3Longxi Durable Glass 2.0","Mua điện thoại Nubia Z70S Ultra 5G cũ giá rẻ - Nguồn gốc rõ ràng, bảo hành 6-12 tháng, đổi mới 30 ngày, luôn xuất bán đầy đủ VAT.",Điện thoại,12790000,Hãng khác,0,197,0,2024-05-20 13:39:04,2026-03-29 12:13:07
226,OPPO A5i 4GB 64GB - Cũ xước cấn,"Mua điện thoại OPPO A5i 4GB 64GB cũ giá rẻ - Nguồn gốc rõ ràng, bảo hành 6-12 tháng, đổi mới 30 ngày, luôn xuất bán đầy đủ VAT.","- Kích thước màn hình: 6.67 inches
- Công nghệ màn hình: LCD
- Camera sau: 8 MP Khẩu độ F/2.0
- Camera trước: 5 MP Khẩu độ F/2.2
- Chipset: Qualcomm Snapdragon 6s 4G Gen1
- Dung lượng RAM: 4 GB
- Bộ nhớ trong: 64 GB
- Pin: 5100mAh
- Thẻ SIM: 2 SIM (Nano-SIM)
- Hệ điều hành: ColorOS 14.0 (nền Android)
- Độ phân giải màn hình: 720 x 1604 (HD+)
- Tính năng màn hình: 1604 × 720 (HD+)
- Loại CPU: 8 nhân","Mua điện thoại OPPO A5i 4GB 64GB cũ giá rẻ - Nguồn gốc rõ ràng, bảo hành 6-12 tháng, đổi mới 30 ngày, luôn xuất bán đầy đủ VAT.",Điện thoại,1590000,OPPO,2,128,0,2025-11-30 14:57:41,2026-03-29 12:13:07
227,OPPO A6x 6GB 256GB - Đã kích hoạt,"Mua điện thoại OPPO A6X 6GB 256GB đã kích hoạt bảo hành, đổi mới 30 ngày, có trả góp 0%","- Kích thước màn hình: 6.75 inches
- Công nghệ màn hình: LCD
- Camera sau: Chính 13 MP &amp; Phụ QVGA
- Camera trước: 5 MP
- Chipset: Snapdragon 685
- Công nghệ NFC: Có
- Dung lượng RAM: 6 GB
- Bộ nhớ trong: 256 GB
- Pin: 6100 mAh
- Thẻ SIM: 2 Nano-SIM
- Hệ điều hành: Android 15
- Tính năng màn hình: Tần số quét 120 HzĐộ sáng tối đa: 1125 nitsĐộ phân giải: HD+ (720 x 1570 Pixels)
- Loại CPU: 8 nhân, 2.8 GHz","Mua điện thoại OPPO A6X 6GB 256GB đã kích hoạt bảo hành, đổi mới 30 ngày, có trả góp 0%",Điện thoại,4390000,OPPO,2,42,0,2024-09-04 00:19:20,2026-03-29 12:13:07
228,OPPO Reno14 5G 12GB 256GB - Cũ trầy xước,"Mua điện thoại OPPO Reno14 5G cũ giá rẻ - Nguồn gốc rõ ràng, bảo hành 6-12 tháng, đổi mới 30 ngày, luôn xuất bán đầy đủ VAT.","- Kích thước màn hình: 6.59 inches
- Công nghệ màn hình: AMOLED
- Camera sau: Chính 50MP OIS, F/1.8Tele 50MP OIS, F/2.8Góc rộng 8MP, F/2.2
- Camera trước: 50MP, F/2.0
- Chipset: MediaTek Dimensity 8350 5G, tối đa 3.35GHz
- Công nghệ NFC: Có
- Dung lượng RAM: 12 GB
- Bộ nhớ trong: 256 GB
- Pin: 6000mAh
- Thẻ SIM: 2 Nano-SIM
- Hệ điều hành: ColorOS 15, Android 15
- Độ phân giải màn hình: 1256 x 2760 pixels
- Tính năng màn hình: Tần số quét 120Hz, độ sáng 1200 nits, kính GG7i
- Loại CPU: 8 nhân, 3.35GHz","Mua điện thoại OPPO Reno14 5G cũ giá rẻ - Nguồn gốc rõ ràng, bảo hành 6-12 tháng, đổi mới 30 ngày, luôn xuất bán đầy đủ VAT.",Điện thoại,9090000,OPPO,2,35,0,2024-09-27 13:59:24,2026-03-29 12:13:07
229,Xiaomi 15 5G 12GB 512GB - Cũ xước cấn,"Mua điện thoại Xiaomi 15 512GB cũ giá rẻ - Nguồn gốc rõ ràng, bảo hành 6-12 tháng, đổi mới 30 ngày, luôn xuất bán đầy đủ VAT.","- Kích thước màn hình: 6.36 inches
- Công nghệ màn hình: CrystalRes AMOLED
- Camera sau: Camera chính Leica: 50MP, ƒ/1.62, OIS, Tiêu cự tương đương 23mmCamera tele Leica: 50MP, ƒ/2.0, OISCamera góc siêu rộng Leica: 50MP, ƒ/2.2, 115°
- Camera trước: Camera trước: 32MP, ƒ/2.0, 90°, Tiêu cự 21mm
- Chipset: Snapdragon 8 Elite (Tiến trình sản xuất 3nm)
- Công nghệ NFC: Có
- Dung lượng RAM: 12 GB
- Bộ nhớ trong: 512 GB
- Pin: 5240 mAh
- Thẻ SIM: Sim kép (nano-Sim và e-Sim) - Hỗ trợ 2 e-Sim
- Hệ điều hành: Xiaomi HyperOS 2
- Độ phân giải màn hình: 2670 x 1200 pixels
- Tính năng màn hình: Độ sáng 3200 nitsTự động tinh chỉnh tần số quét 1-120Hz Tốc độ phản hồi cảm ứng lên đến 300HzHỗ trợ 68 tỷ màuDải màu DCI-P3Hỗ trợ Dolby Vision, HDR10+, HDR10Độ sáng DCCông nghệ cảm ứng ướt
- Loại CPU: 2 x Lõi Prime, tốc độ tối đa 4,32GHz6 x Lõi hiệu suất, lên đến 3,53GHz","Mua điện thoại Xiaomi 15 512GB cũ giá rẻ - Nguồn gốc rõ ràng, bảo hành 6-12 tháng, đổi mới 30 ngày, luôn xuất bán đầy đủ VAT.",Điện thoại,12990000,Xiaomi,2,120,0,2024-06-14 01:41:34,2026-03-29 12:13:07
230,Ghế massage đa năng Philips PPM8502,"Mua Ghế massage đa năng Philips PPM8502 chính hãng - Giá rẻ, đảm bảo chất lượng, độ bền cao, hỗ trợ giao hàng tận nơi toàn quốc.","- Công suất: 28W
- Mức điều chỉnh: 3 cấp độ massage rung - 1 mức nhiệt - 3 thời gian massage
- Đầu massage đi kèm: Con lăn massage 3D
- Vùng massage: Lưng, mông, đùi
- Chế độ massage: 3 chế độ massage tự động, Chế độ chạy thử
- Chức năng: Massage thư giãn, giảm mỏi cơ, chườm ấm
- Công nghệ: Con lăn 3D + nhiệt 60°C
- Tiện ích: Remote có dâyTúi đựng remote tiện lợiDây thun co giãn để treo máy lên ghế3 thời gian massage: 5 phút, 10 phút, 15 phútChất liệu da pu &amp; vải lưới thoáng khí mềm mại
- Kích thước: 105 x 42 x 6 cmChiều dài dây: 80cm
- Trọng lượng: 2.77 kg
- Hãng sản xuất: Philips","Mua Ghế massage đa năng Philips PPM8502 chính hãng - Giá rẻ, đảm bảo chất lượng, độ bền cao, hỗ trợ giao hàng tận nơi toàn quốc.",Khác,2550000,Philips,0,182,0,2024-05-28 15:01:57,2026-03-29 12:13:07
231,Gọng kính Rokid Glasses,"Mua Gọng kính Rokid Glasses chính hãng - Giá rẻ, đảm bảo chất lượng, độ bền cao, bảo hành uy tín, giao hàng tận nơi toàn quốc.","- Hãng sản xuất: Rokid
- Tiện ích: Tương thích kính Rokid Glasses Mặc định tròng kính 0 độ Hỗ trợ cắt tròng theo yêu cầu (cận, viễn, loạn) yêu cầu số đo mắt Đặc thù gọng kính cận Rokid Glasses cần được phay phẳng giảm độ lồi của thấu kính để dễ dàng lắp ráp vào các khớp mặc định.
- Trọng lượng: 500 g","Mua Gọng kính Rokid Glasses chính hãng - Giá rẻ, đảm bảo chất lượng, độ bền cao, bảo hành uy tín, giao hàng tận nơi toàn quốc.",Khác,990000,Rokid,0,75,0,2024-06-28 00:18:20,2026-03-29 12:13:07
232,iPhone 17e 256GB,"Mua iPhone 17e (256GB, 512GB) đã kích hoạt bảo hành, đổi mới 30 ngày, có trả góp 0%","- Kích thước màn hình: 6.1 inches
- Công nghệ màn hình: Super Retina XDR
- Camera sau: 48MP, ƒ/1.6Telephoto 2x: 12MP, ƒ/1.6
- Camera trước: 12MP, ƒ/1.9
- Chipset: Apple A19
- Công nghệ NFC: Có
- Bộ nhớ trong: 256 GB
- Pin: Xem video: 26 giờXem video trực tuyến: 21 giờ
- Thẻ SIM: 2 SIM (nano‑SIM và eSIM)
- Hệ điều hành: iOS 26
- Độ phân giải màn hình: 2532 x 1170 pixels
- Tính năng màn hình: HDR460 ppiTrue ToneDải màu rộng (P3)Haptic TouchTỷ lệ tương phản 2.000.000:1Độ sáng 800 nit (tiêu chuẩn)Độ sáng đỉnh: 1200 nit (HDR)
- Loại CPU: 6 lõi với 2 lõi hiệu năng và 4 lõi tiết kiệm điện","Mua iPhone 17e (256GB, 512GB) đã kích hoạt bảo hành, đổi mới 30 ngày, có trả góp 0%",Điện thoại,16490000,Apple,2,88,0,2025-04-04 08:29:30,2026-03-29 12:13:07
233,Kính thông minh Rokid AI Glasses Style RV203,"Mua kính thông minh Rokid AI Glasses Style RV203 chính hãng - Giá rẻ, đảm bảo chất lượng, độ bền cao, bảo hành uy tín, giao hàng tận nơi toàn quốc.","- Hãng sản xuất: Rokid
- Camera: 12MP Sony IMX681 (3024 x 4032)Chất lượng hình ảnh tối đa 4KChất lượng video tối đa: 3K / 30fpsKhẩu độ F 2.25Tiêu cự 1.9 mGóc nghiêng 3°Camera: 109° (D)Hiển thị AR: 30°
- Âm thanh: Hệ thống 4 micro định hướngLoa kép AAC 0920
- Bộ nhớ: 2GB RAM / 32GB ROM
- Pin: 210 mAh6 giờ phát nhạc liên tục5 giờ cuộc gọi liên tục2 giờ dịch thuật liên tục45 phút quay video liên tục
- Tiện ích: Hệ thống xử lý: Snapdragon AR1 Gen 1Kết nối App Hi RokidĐiều khiển cử chỉ đầuPhím tắt AIChụp ảnh bằng một nút nhấnĐèn cảnh báo quyền riêng tưTích hợp ChatGPT thông minh
- Kích thước: Kích thước vật lý: Ngang: 149 mm / Dài: 157 mm / Cầu mũi: 21 mmKích thước tròng: Rộng: 53 mm / Cao: 50.6 mm
- Trọng lượng: 38.5 g","Mua kính thông minh Rokid AI Glasses Style RV203 chính hãng - Giá rẻ, đảm bảo chất lượng, độ bền cao, bảo hành uy tín, giao hàng tận nơi toàn quốc.",Khác,10990000,Rokid,0,13,0,2024-05-08 22:56:50,2026-03-29 12:13:07
234,Laptop ASUS ROG Flow Z13 GZ302EAC‑RU184WS,"Mua ngay Laptop ASUS ROG Flow Z13 GZ302EAC‑RU184WS giá rẻ - Hỗ trợ trả góp 0%, đổi mới 30 ngày, bảo hành chính hãng, giao hàng tận nơi miễn phí.","- Chip AI: AMD XDNA NPU up to 50TOPS
- Loại card đồ họa: AMD Radeon 8060S Graphics
- Dung lượng RAM: 128GB
- Loại RAM: 128GB LPDDR5X 8000 On board
- Ổ cứng: 1TB PCIe 4.0 NVMe M.2 SSD (2230)
- Kích thước màn hình: 13.4 inches
- Công nghệ màn hình: Thời gian phản hồi 3 ms Góc nhìn: 89° Độ sáng 500 nits Độ tương phản 1500:1 Độ phủ màu 100% DCI-P3 Adaptive-Sync Chứng nhận Pantone Validated ROG Nebula Display Hỗ trợ Dolby Vision HDR Hỗ trợ bút cảm ứng
- Pin: 70WHrs, 4S1P, 4-cell Li-ionSạc từ 0-50% trong 30 phút Bộ chuyển đổi nguồn AC hình chữ nhật, công suất 200W, đầu ra: 20V DC, 10A, 200W, đầu vào: 100-240V AC, 50/60Hz (phổ thông)
- Hệ điều hành: Windows 11 Home + Microsoft Office Home 2024 + Microsoft 365 Basic
- Độ phân giải màn hình: 2560 x 1600 (WQXGA)
- Loại CPU: AMD Ryzen AI MAX+ 395 3.0GHz (80MB Cache, up to 5.1GHz, 16 lõi, 32 luồng)
- Cổng giao tiếp: 1 x Jack cắm âm thanh combo 3.5mm 1 x HDMI 2.1 FRL 2 x Type-C USB 4 (40Gbps / DisplayPort / Power Delivery) 1 x USB 3.2 thế hệ 2 Type-A 1 x đầu đọc thẻ (microSD) (UHS-II) Support XG Mobile GC34","Mua ngay Laptop ASUS ROG Flow Z13 GZ302EAC‑RU184WS giá rẻ - Hỗ trợ trả góp 0%, đổi mới 30 ngày, bảo hành chính hãng, giao hàng tận nơi miễn phí.",Laptop,109990000,ASUS,0,98,0,2024-09-14 04:07:40,2026-03-29 12:13:07
235,Laptop ASUS TUF Gaming A16 FA608UM‑RV266W,"Mua ngay Laptop ASUS TUF Gaming A16 FA608UM‑RV266W giá rẻ - Hỗ trợ trả góp 0%, đổi mới 30 ngày, bảo hành chính hãng, giao hàng tận nơi miễn phí.","- Chip AI: AMD XDNA NPU up to 16TOPS
- Loại card đồ họa: NVIDIA GeForce RTX 5060 8GB GDDR7 AMD Radeon 780M Graphics
- Dung lượng RAM: 16GB
- Loại RAM: DDR5-5600 SO-DIMM
- Số khe ram: 2 khe (Nâng cấp tối đa 64GB)
- Ổ cứng: 512GB PCIe 4.0 NVMe M.2 SSD (2 khe cắm M.2 hỗ trợ cả SATA hoặc NVMe, tối đa 2TB)
- Kích thước màn hình: 16 inches
- Công nghệ màn hình: Thời gian phản hồi 3 ms Góc nhìn: 85°/85°/85°/85° Độ sáng 300 nits Độ tương phản 1000:1 Độ phủ màu: 72% NTSC / 100% sRGB / 75.35% AdobeRGB Màn hình chống chói NVIDIA G-Sync
- Pin: 90WHrs, 4S1P, 4-cell Li-ion, sạc từ 0-50% trong 30 phút
- Hệ điều hành: Windows 11 Home
- Độ phân giải màn hình: 1920 x 1200 pixels (WUXGA)
- Loại CPU: AMD Ryzen 7 260 3.8GHz (24MB Cache, up to 5.1 GHz, 8 lõi, 16 luồng)
- Cổng giao tiếp: 1 x RJ45 LAN 1 x USB 2.0 Type-A (480Mbps) 1 x USB 3.2 Gen 2 Type-C (DisplayPort, Power Delivery, G-SYNC, 10Gbps) 2 x USB 3.2 Gen 2 Type-A (10Gbps) 1 x USB-C USB 4 (DisplayPort, 40Gbps) 1 x HDMI 2.1 FRL 1x 3.5mm Combo Audio Jack","Mua ngay Laptop ASUS TUF Gaming A16 FA608UM‑RV266W giá rẻ - Hỗ trợ trả góp 0%, đổi mới 30 ngày, bảo hành chính hãng, giao hàng tận nơi miễn phí.",Laptop,42990000,ASUS,0,174,0,2026-02-05 19:50:07,2026-03-29 12:13:07
236,Laptop ASUS ZenBook S 14 UX5406AA SU415WS,"Mua ngay Laptop ASUS ZenBook S 14 UX5406AA SU415WS giá rẻ - Hỗ trợ trả góp 0%, đổi mới 30 ngày, bảo hành chính hãng, giao hàng tận nơi miễn phí.","- Chip AI: Intel NPU up to 50TOPS
- Loại card đồ họa: Intel Graphics
- Dung lượng RAM: 32GB
- Loại RAM: LPDDR5X Onboard
- Số khe ram: Không nâng cấp
- Ổ cứng: 512GB M.2 NVMe PCIe 4.0 SSD
- Kích thước màn hình: 14 inches
- Công nghệ màn hình: Độ sáng 500 nits Độ sáng HDR tối đa 1100 nits Độ phủ màu 100% DCI-P3 Gamut mapping Độ tương phản 1.000.000:1 VESA DisplayHDR True Black 1000 1.07 tỷ màu Giảm 70% ánh sáng xanh có hại SGS Eye Care Display
- Pin: 77WHrs, 4S1P, 4-cell Li-ion
- Hệ điều hành: Windows 11 Home + Microsoft Office Home 2024 + Microsoft 365 Basic
- Độ phân giải màn hình: 2880 x 1800 pixels
- Loại CPU: Intel Core Ultra 9 386H 2.1 GHz (18MB Cache, up to 4.9 GHz, 16 lõi, 16 luồng)
- Cổng giao tiếp: 1 x USB 3.2 Gen 2 Type-A (10Gbps) 2 x Thunderbolt 4 (Display/Power Delivery, 40Gbps) 1 x HDMI 2.1 1 x jack tai nghe/mic 3.5 mm","Mua ngay Laptop ASUS ZenBook S 14 UX5406AA SU415WS giá rẻ - Hỗ trợ trả góp 0%, đổi mới 30 ngày, bảo hành chính hãng, giao hàng tận nơi miễn phí.",Laptop,52990000,ASUS,0,41,0,2025-03-01 20:19:42,2026-03-29 12:13:07
237,Laptop Lenovo ThinkBook 14 G9 AHP 21V0005NVN,"Mua ngay Laptop Lenovo ThinkBook 14 G9 AHP 21V0005NVN giá rẻ - Hỗ trợ trả góp 0%, đổi mới 30 ngày, bảo hành chính hãng, giao hàng tận nơi miễn phí.","- Loại card đồ họa: AMD Radeon 740M Graphics
- Dung lượng RAM: 16GB
- Loại RAM: SODIMM DDR5-5600
- Số khe ram: 2 khe (1 x 16GB, nâng cấp tối đa 64GB DDR5-5600)
- Ổ cứng: 512GB SSD M.2 2242 PCIe 4.0x4 NVMe (Hỗ trợ tối đa hai ổ đĩa, 2 ổ SSD M.2, tối đa 2TB)
- Kích thước màn hình: 14 inches
- Công nghệ màn hình: Độ sáng 400nits Màn hình chống chóiĐộ phủ màu 45% NTSC
- Pin: 48Wh, 65W USB-C (3-pin)
- Hệ điều hành: Windows 11 Home Single Language, English (US) / English (UK)
- Độ phân giải màn hình: 1920 x 1200 pixels (WUXGA)
- Loại CPU: AMD Ryzen 5 220 (6 lõi / 12 luồng, 3.2 / 4.9GHz, 6MB L2 / 16MB L3)
- Cổng giao tiếp: 1 x USB-A (USB 5Gbps, Always On) 1 x USB-A (USB 5Gbps) 2 x USB-C (USB4 40Gbps, PD 45–65W, DisplayPort 1.4a) 1 x HDMI 2.1 (tối đa 4K/60Hz) 1 x Jack tai nghe/mic 3.5 mm 1 x Ethernet (RJ-45) 1 x Khe đọc thẻ SD","Mua ngay Laptop Lenovo ThinkBook 14 G9 AHP 21V0005NVN giá rẻ - Hỗ trợ trả góp 0%, đổi mới 30 ngày, bảo hành chính hãng, giao hàng tận nơi miễn phí.",Laptop,24990000,Lenovo,0,161,0,2024-07-27 03:37:24,2026-03-29 12:13:07
238,Laptop Lenovo ThinkPad X1 Carbon Gen 13 Aura Edition 21NS010BVN,"Mua ngay Laptop Lenovo ThinkPad X1 Carbon Gen 13 Aura Edition 21NS010BVN giá rẻ - Hỗ trợ trả góp 0%, đổi mới 30 ngày, bảo hành chính hãng, giao hàng tận nơi miễn phí.","- Chip AI: Intel AI Boost, up to 47 TOPS
- Loại card đồ họa: Intel Arc Graphics 140V
- Dung lượng RAM: 32GB
- Loại RAM: LPDDR5x-8533 Onboard
- Số khe ram: Không nâng cấp
- Ổ cứng: 512GB SSD M.2 2280 PCIe 5.0x4 Performance NVMe Opal 2.0 (Một ổ đĩa, SSD M.2 2280 dung lượng lên đến 2TB)
- Kích thước màn hình: 14 inches
- Công nghệ màn hình: Độ sáng 500 nits (chống chói / chống phản xạ / chống bám vân tay) Độ phủ màu 100% DCI-P3 DisplayHDR True Black 500 Dolby Vision
- Pin: 57Wh, 65W USB-C Slim GaN (3-pin)
- Hệ điều hành: Windows 11 Pro, English (US) / English (UK)
- Độ phân giải màn hình: 2880 x 1800 pixels
- Loại CPU: Intel Core Ultra 7 258V, 8 lõi (4P + 4LPE) / 8 luồng, Max Turbo up to 4.8GHz, 12MB Intel Smart Cache
- Cổng giao tiếp: 1 x USB-A (USB 3.2 Gen 1, 5Gbps) 1 x USB-A (USB 3.2 Gen 1, 5Gbps, Always On) 2 x USB-C (Thunderbolt 4 / USB4, 40Gbps, PD 3.0, DisplayPort 2.1) 1 x HDMI 2.1 (tối đa 4K/60Hz) 1 x Jack tai nghe/mic 3.5 mm","Mua ngay Laptop Lenovo ThinkPad X1 Carbon Gen 13 Aura Edition 21NS010BVN giá rẻ - Hỗ trợ trả góp 0%, đổi mới 30 ngày, bảo hành chính hãng, giao hàng tận nơi miễn phí.",Laptop,62990000,Lenovo,0,39,0,2024-05-24 12:50:37,2026-03-29 12:13:07
239,Laptop Lenovo V14 G5 IRL 83HD0033VN,"Mua ngay Laptop Lenovo V14 G5 IRL 83HD0033VN giá rẻ - Hỗ trợ trả góp 0%, đổi mới 30 ngày, bảo hành chính hãng, giao hàng tận nơi miễn phí.","- Loại card đồ họa: Intel Graphics
- Dung lượng RAM: 16GB
- Loại RAM: SODIMM DDR5-5200
- Số khe ram: 2 khe (1 x 16GB, nâng cấp tối đa 32GB DDR5-5200)
- Ổ cứng: 512GB SSD M.2 2242 PCIe 4.0x4 NVMe (Một ổ đĩa, SSD M.2 2242 dung lượng lên đến 1TB)
- Kích thước màn hình: 14 inches
- Công nghệ màn hình: Độ sáng 300nits Màn hình chống chóiĐộ phủ màu 45% NTSC
- Pin: 47Wh, 65W USB-C (3-pin)
- Hệ điều hành: Windows 11 Home Single Language, English (US) / English (UK)
- Độ phân giải màn hình: 1920 x 1080 pixels (FullHD)
- Loại CPU: Intel Core 5 210H, 8 lõi (4P + 4E) / 12 luồng, P-core 2.2 / 4.8GHz, E-core 1.6 / 3.6GHz, 12MB Intel Smart Cache
- Cổng giao tiếp: 2 x USB-A (USB 3.2 Gen 1, 5Gbps) 1 x USB-C (USB 3.2 Gen 1, 5Gbps, PD 45–65W, DisplayPort 1.2) 1 x HDMI 1.4b 1 x Jack tai nghe/mic 3.5 mm 1 x Ethernet (RJ-45) 1 x Cổng nguồn tròn","Mua ngay Laptop Lenovo V14 G5 IRL 83HD0033VN giá rẻ - Hỗ trợ trả góp 0%, đổi mới 30 ngày, bảo hành chính hãng, giao hàng tận nơi miễn phí.",Laptop,22990000,Lenovo,0,58,0,2026-03-03 10:26:05,2026-03-29 12:13:07
240,Laptop MSI Stealth 16 AI+ B3WF-007VN,"Mua ngay Laptop MSI Stealth 16 AI+ B3WF-007VN giá rẻ - Hỗ trợ trả góp 0%, đổi mới 30 ngày, bảo hành chính hãng, giao hàng tận nơi miễn phí.","- Loại card đồ họa: NVIDIA GeForce RTX 5060 GDDR7 8GB Intel Graphics
- Dung lượng RAM: 32GB
- Loại RAM: DDR5-7200
- Số khe ram: 2 khe (2 x 16GB, nâng cấp tối đa 128GB)
- Ổ cứng: 1TB*1, 2x M.2 SSD slot (NVMe PCIe Gen4) Max 4TB
- Kích thước màn hình: 16 inches
- Công nghệ màn hình: Độ phủ màu 100% DCI-P3 typ
- Pin: 4 Cells 90 Whrs
- Hệ điều hành: Windows 11 Home
- Độ phân giải màn hình: 2560 x 1600 pixels (QHD+)
- Loại CPU: Intel Core Ultra 9 386H, 16 lõi (4 P-cores + 8 E-cores + 4 Low Power E-cores), 16 luồng, 18MB Intel Smart Cache, Max Turbo Frequency 4.9 GHz
- Cổng giao tiếp: 2 x Thunderbolt 4 (DisplayPort, Power Delivery 3.0) 2 x USB 3.2 Gen 2 Type-A 1 x HDMI 2.1 (8K@60Hz / 4K@120Hz) 1 x RJ45","Mua ngay Laptop MSI Stealth 16 AI+ B3WF-007VN giá rẻ - Hỗ trợ trả góp 0%, đổi mới 30 ngày, bảo hành chính hãng, giao hàng tận nơi miễn phí.",Laptop,79990000,MSI,0,196,0,2024-04-07 21:39:06,2026-03-29 12:13:07
241,Laptop MSI Stealth 16 AI+ B3WG-008VN,"Mua ngay Laptop MSI Stealth 16 AI+ B3WG-008VN giá rẻ - Hỗ trợ trả góp 0%, đổi mới 30 ngày, bảo hành chính hãng, giao hàng tận nơi miễn phí.","- Loại card đồ họa: NVIDIA GeForce RTX 5070 GDDR7 8GB Intel Graphics
- Dung lượng RAM: 32GB
- Loại RAM: DDR5-7200
- Số khe ram: 2 khe (2 x 16GB, nâng cấp tối đa 128GB)
- Ổ cứng: 1TB*1, 2x M.2 SSD slot (NVMe PCIe Gen4) Max 4TB
- Kích thước màn hình: 16 inches
- Công nghệ màn hình: Độ phủ màu 100% DCI-P3 typ
- Pin: 4 Cells 90 Whrs
- Hệ điều hành: Windows 11 Home
- Độ phân giải màn hình: 2560 x 1600 pixels (QHD+)
- Loại CPU: Intel Core Ultra 9 386H, 16 lõi (4 P-cores + 8 E-cores + 4 Low Power E-cores), 16 luồng, 18MB Intel Smart Cache, Max Turbo Frequency 4.9 GHz
- Cổng giao tiếp: 2 x Thunderbolt 4 (DisplayPort, Power Delivery 3.0) 2 x USB 3.2 Gen 2 Type-A 1 x HDMI 2.1 (8K@60Hz / 4K@120Hz) 1 x RJ45","Mua ngay Laptop MSI Stealth 16 AI+ B3WG-008VN giá rẻ - Hỗ trợ trả góp 0%, đổi mới 30 ngày, bảo hành chính hãng, giao hàng tận nơi miễn phí.",Laptop,85990000,MSI,0,66,0,2024-07-26 04:17:15,2026-03-29 12:13:07
242,Mainboard MSI A520M-A Pro D4 AM4,"Mua Mainboard MSI A520M-A Pro D4 AM4 chính hãng - Giá rẻ, đảm bảo chất lượng, độ bền cao, hỗ trợ giao hàng tận nơi toàn quốc.","- Chipset: AMD
- Socket: AM4
- Kích thước: M-ATX
- Khe RAM tối đa: 2
- Kiểu RAM hỗ trợ: DDR4
- Dung lượng RAM tối đa: 64GB
- Số cổng USB: 6 x USB-A
- LAN: 1x Realtek® RTL8111H Gigabit LAN
- Âm thanh: Realtek® ALC892/ALC897 Codec
- Hãng sản xuất: MSI","Mua Mainboard MSI A520M-A Pro D4 AM4 chính hãng - Giá rẻ, đảm bảo chất lượng, độ bền cao, hỗ trợ giao hàng tận nơi toàn quốc.",Khác,1490000,MSI,0,10,0,2024-12-27 15:46:38,2026-03-29 12:13:07
243,Máy chiếu hiệu Wanbo T2 Ultra - Cũ,"Máy máy chiếu hiệu Wanbo T2 Ultra cũ giá rẻ - Nguồn gốc rõ ràng, bảo hành 6-12 tháng, đổi mới 30 ngày, luôn xuất bán đầy đủ VAT.","- Độ phân giải: Full HD
- Công nghệ hình ảnh: Hiệu chỉnh Keystone tự động (dọc ±30°) + (ngang ±30°)Điều chỉnh lấy nét tự độngTránh chướng ngại vật tự độngCăn chỉnh màn hình tự động
- Khoảng cách chiếu: 1.2 - 3.8m
- Kích thước màn hình phù hợp: 45 - 140 inch
- Công nghệ âm thanh: 2 x 5WĐộ ồn ≤30dB/m
- Hệ điều hành: Android TV 11.0
- Tính năng: Trợ lý ảo Google AssistantChân đế gimbal có thể điều chỉnh nhiều góc
- Tính năng thông minh: Kết nối không dây với điện thoạiWiFiBluetooth
- Cổng kết nối: 1 x HDMI1 x USB1 x AUX
- Hãng sản xuất: Hãng khác","Máy máy chiếu hiệu Wanbo T2 Ultra cũ giá rẻ - Nguồn gốc rõ ràng, bảo hành 6-12 tháng, đổi mới 30 ngày, luôn xuất bán đầy đủ VAT.",Khác,3650000,Hãng khác,0,104,0,2026-03-24 03:42:46,2026-03-29 12:13:07
244,Máy lọc không khí Levoit Core Mini Pro,"Mua Máy lọc không khí Levoit Core Mini Pro chính hãng - Giá rẻ, đảm bảo chất lượng, độ bền cao, hỗ trợ giao hàng tận nơi toàn quốc.","- Hiệu quả lọc bụi: PM 0.3
- Lưu lượng gió: 58 m3/h
- Màng lọc: Màng lọc thôMàng lọc HEPAMàng lọc than hoạt tính
- Độ ồn: 27 - 44 dB
- Công nghệ: QuietKEAPAir Turbo (VortextAir)
- Chế độ hoạt động: 3 chế độ quạt
- Tiện ích: Chức năng Aroma - tạo mùi hương giúp bạn thêm các loại tinh dầu yêu thích
- Hãng sản xuất: Levoit","Mua Máy lọc không khí Levoit Core Mini Pro chính hãng - Giá rẻ, đảm bảo chất lượng, độ bền cao, hỗ trợ giao hàng tận nơi toàn quốc.",Khác,1490000,Levoit,0,179,0,2025-06-05 16:48:18,2026-03-29 12:13:07
245,Máy lọc không khí Xiaomi Mi Air Purifier Elite - Cũ,"Mua Máy lọc không khí Xiaomi Mi Air Purifier Elite cũ giá rẻ - Nguồn gốc rõ ràng, bảo hành 6-12 tháng, đổi mới 30 ngày, luôn xuất bán đầy đủ VAT.","- Diện tích sử dụng: Dưới 125m²
- Hiệu quả lọc bụi: PM 2.5PM 10
- Lưu lượng gió: 600m³/giờ
- Màng lọc: Lớp tiền lọcMàng lọc HEPALớp lọc than hoạt tính
- Độ ồn: 20.2dB
- Công nghệ: Plasma
- Tiện ích: Giọng nói qua trợ lý ảoĐiều khiển từ xaTheo dõi chất lượng không khí qua màn hình ledĐèn LED UV-C tích hợp cho phép sản phẩm diệt vi khuẩn
- Hãng sản xuất: Xiaomi","Mua Máy lọc không khí Xiaomi Mi Air Purifier Elite cũ giá rẻ - Nguồn gốc rõ ràng, bảo hành 6-12 tháng, đổi mới 30 ngày, luôn xuất bán đầy đủ VAT.",Điện thoại,5150000,Xiaomi,98,41,0,2025-02-17 09:20:57,2026-03-29 12:13:07
246,Máy phun sương tạo ẩm xông tinh dầu FujiHome HM04EUV - Cũ,"Mua Máy phun sương tạo ẩm xông tinh dầu FujiHome HM04EUV cũ giá rẻ - Nguồn gốc rõ ràng, bảo hành 6-12 tháng, đổi mới 30 ngày, luôn xuất bán đầy đủ VAT.","- Dòng điện vào: 220V ~ 50Hz
- Diện tích sử dụng: 25 - 40m2
- Dung tích: 4L
- Hãng sản xuất: Fujihome
- Chất liệu: Nhựa ABS
- Công suất: 25W
- Tính năng khác: Tích hợp chức năng xông tinh dầuChức năng khử khuẩn UVLàm mát không khíCân bằng độ ẩm trong phòng
- Tiện ích: Điều khiển qua Remote, chạm cảm ứngCông suất phun 250ml/hThời gian phun liên tục có thê lên tới 17h","Mua Máy phun sương tạo ẩm xông tinh dầu FujiHome HM04EUV cũ giá rẻ - Nguồn gốc rõ ràng, bảo hành 6-12 tháng, đổi mới 30 ngày, luôn xuất bán đầy đủ VAT.",Khác,870000,Fujihome,0,83,0,2025-07-23 06:13:56,2026-03-29 12:13:07
247,OPPO Pad SE - Cũ trầy xước,"Mua OPPO Pad SE cũ giá rẻ - Nguồn gốc rõ ràng, bảo hành 6-12 tháng, đổi mới 30 ngày, luôn xuất bán đầy đủ VAT.","- Kích thước màn hình: 11 inches
- Công nghệ màn hình: LCD
- Camera sau: 5MP (f/2.2)
- Camera trước: 5MP (f/2.2)
- Chipset: MediaTek Helio G100
- Pin: 9098mAh (Định mức)9340mAh (Tiêu chuẩn)
- Hệ điều hành: ColorOS 15.0.1
- Độ phân giải màn hình: 1920 x 1200 pixels
- Tính năng màn hình: Tần số quét 90Hz, 1 tỷ màu (8+2) bits, Chế độ sống động: 98%, 207 PPI, Độ sáng tiêu chuẩn ngoài trời: 500nits
- Loại CPU: 8 nhân","Mua OPPO Pad SE cũ giá rẻ - Nguồn gốc rõ ràng, bảo hành 6-12 tháng, đổi mới 30 ngày, luôn xuất bán đầy đủ VAT.",Điện thoại,3790000,OPPO,98,141,0,2026-02-03 12:47:05,2026-03-29 12:13:07
248,Samsung Galaxy Tab S11 5G 12GB 256GB - Cũ đẹp,"Mua Samsung Galaxy Tab S11 Ultra 5G 12GB 256GB cũ giá rẻ - Nguồn gốc rõ ràng, bảo hành 6-12 tháng, đổi mới 30 ngày, luôn xuất bán đầy đủ VAT.","- Kích thước màn hình: 11 inches
- Công nghệ màn hình: Dynamic AMOLED 2X
- Camera sau: 13 MP
- Camera trước: 12 MP
- Chipset: MediaTek Dimensity 9400+
- Công nghệ NFC: Không
- Dung lượng RAM: 12 GB
- Bộ nhớ trong: 256 GB
- Pin: 8400 mAh
- Thẻ SIM: Nano-SIM + eSIM
- Hệ điều hành: Android 16
- Độ phân giải màn hình: 2560 x 1600 (WQXGA)
- Tính năng màn hình: Tần số quét 120 Hz
- Loại CPU: 8 nhân
- Tương thích: Bút S Pen","Mua Samsung Galaxy Tab S11 Ultra 5G 12GB 256GB cũ giá rẻ - Nguồn gốc rõ ràng, bảo hành 6-12 tháng, đổi mới 30 ngày, luôn xuất bán đầy đủ VAT.",Điện thoại,20390000,Samsung,2,110,0,2025-12-15 12:20:51,2026-03-29 12:13:07
249,Xiaomi Pad 7 Pro 8GB 256GB - Cũ xước cấn,"Mua máy tính bảng Xiaomi Mi Pad 7 Pro 8GB 256GB cũ giá rẻ - Nguồn gốc rõ ràng, bảo hành 6-12 tháng, đổi mới 30 ngày, luôn xuất bán đầy đủ VAT.","- Kích thước màn hình: 11.2 inches
- Công nghệ màn hình: IPS LCD
- Camera sau: 50 MP, f/1.8, 1/2.76&quot;, 0.64µm, PDAF
- Camera trước: 32 MP, f/2.2
- Chipset: Qualcomm SM8635 Snapdragon 8s Gen 3
- Công nghệ NFC: Không
- Dung lượng RAM: 8 GB
- Bộ nhớ trong: 256 GB
- Pin: 8850 mAh
- Hệ điều hành: Android 15, Xiaomi HyperOS 2
- Độ phân giải màn hình: 2136 x 3200 pixels
- Tính năng màn hình: 68 tỷ màu, 144Hz, HDR10, Dolby Vision, 800 nits; Tỷ lệ 3:2, mật độ điểm ảnh 345 ppi; DCI-P3
- Loại CPU: 1x2.8 GHz Cortex-X4 &amp; 4x2.6 GHz Cortex-A720 &amp; 3x1.9 GHz Cortex-A520","Mua máy tính bảng Xiaomi Mi Pad 7 Pro 8GB 256GB cũ giá rẻ - Nguồn gốc rõ ràng, bảo hành 6-12 tháng, đổi mới 30 ngày, luôn xuất bán đầy đủ VAT.",Điện thoại,7990000,Xiaomi,2,61,0,2024-12-06 17:15:16,2026-03-29 12:13:07
250,Ổ cứng di động HDD Adata HV320 1TB,"Mua Ổ cứng di động HDD Adata HV320 1TB chính hãng - Giá rẻ, đảm bảo chất lượng, độ bền cao, hỗ trợ giao hàng tận nơi toàn quốc.","- Loại ổ cứng: HDD
- Dung lượng ổ cứng: 1TB
- Kết nối: 1 x USB 3.2 Gen 1
- Hỗ trợ hệ điều hành: Windows Vista/7/8/8.1/10/11Mac OS X 10.6 hoặc mới hơnLinux 2.6 hoặc mới hơn
- Chất liệu: Nhựa
- Tính năng khác: Nhiệt độ hoạt động: 5°C - 50°CĐiện áp hoạt động: DC 5V, 900mATương thích ngược với USB 2.0
- Hãng sản xuất: ADATA","Mua Ổ cứng di động HDD Adata HV320 1TB chính hãng - Giá rẻ, đảm bảo chất lượng, độ bền cao, hỗ trợ giao hàng tận nơi toàn quốc.",Khác,2090000,ADATA,0,190,0,2026-01-21 07:22:07,2026-03-29 12:13:07
251,Ổ cứng di động HDD Adata HV320 2TB,"Mua Ổ cứng di động HDD Adata HV320 2TB chính hãng - Giá rẻ, đảm bảo chất lượng, độ bền cao, hỗ trợ giao hàng tận nơi toàn quốc.","- Loại ổ cứng: HDD
- Dung lượng ổ cứng: 2TB
- Kết nối: 1 x USB 3.2 Gen 1
- Hỗ trợ hệ điều hành: Windows Vista/7/8/8.1/10/11Mac OS X 10.6 hoặc mới hơnLinux 2.6 hoặc mới hơn
- Chất liệu: Nhựa
- Tính năng khác: Nhiệt độ hoạt động: 5°C - 50°CĐiện áp hoạt động: DC 5V, 900mATương thích ngược với USB 2.0
- Hãng sản xuất: ADATA","Mua Ổ cứng di động HDD Adata HV320 2TB chính hãng - Giá rẻ, đảm bảo chất lượng, độ bền cao, hỗ trợ giao hàng tận nơi toàn quốc.",Khác,3090000,ADATA,0,71,0,2024-04-25 18:18:52,2026-03-29 12:13:07
252,Ổ cứng SSD Patriot P400 Lite M.2 PCIe Gen 4x4 NVMe 1TB,"Mua Ổ cứng SSD Patriot P400 Lite M.2 PCIe Gen 4x4 NVMe 1TB chính hãng - Giá rẻ, đảm bảo chất lượng, độ bền cao, hỗ trợ giao hàng tận nơi toàn quốc.","- Loại ổ cứng: SSD
- Kết nối: M2 PCIe
- Dung lượng: 1TB
- Tốc độ đọc: 3500 MB/s
- Hỗ trợ hệ điều hành: Windows 7*/8*/8.1/10 (*có thể yêu cầu driver)
- Hãng sản xuất: Patriot","Mua Ổ cứng SSD Patriot P400 Lite M.2 PCIe Gen 4x4 NVMe 1TB chính hãng - Giá rẻ, đảm bảo chất lượng, độ bền cao, hỗ trợ giao hàng tận nơi toàn quốc.",Khác,4490000,Patriot,0,96,0,2025-02-25 18:27:55,2026-03-29 12:13:07
253,Ốp lưng iPhone 11 Pro Max Likgus PU Clear,"Mua Ốp lưng iPhone 11 Pro Max Likgus PU Clear chính hãng - Giá rẻ, đảm bảo chất lượng, độ bền cao, hỗ trợ giao hàng tận nơi toàn quốc.","- Dòng sản phẩm: iPhone 11 Pro max
- Phân loại ốp: Chống sốc, Ốp trong
- Tính năng: Chống sốc, va đập, Chống trầy xước
- Dùng được cho: iPhone 11 Pro Max
- Hãng sản xuất: Likgus","Mua Ốp lưng iPhone 11 Pro Max Likgus PU Clear chính hãng - Giá rẻ, đảm bảo chất lượng, độ bền cao, hỗ trợ giao hàng tận nơi toàn quốc.",Điện thoại,110000,Likgus,0,18,0,2026-03-05 00:17:48,2026-03-29 12:13:07
254,Ốp lưng iPhone 11 Pro Max Memumi Clear,"Mua Ốp lưng iPhone 11 Pro Max Memumi Clear chính hãng - Giá rẻ, đảm bảo chất lượng, độ bền cao, hỗ trợ giao hàng tận nơi toàn quốc.","- Dòng sản phẩm: iPhone 11 Pro max
- Phân loại ốp: Chống sốc, Ốp trong
- Tính năng: Chống sốc, va đập, Chống trầy xước
- Dùng được cho: iPhone 11 Pro Max
- Hãng sản xuất: Memumi","Mua Ốp lưng iPhone 11 Pro Max Memumi Clear chính hãng - Giá rẻ, đảm bảo chất lượng, độ bền cao, hỗ trợ giao hàng tận nơi toàn quốc.",Điện thoại,150000,Memumi,0,95,0,2024-09-29 05:50:48,2026-03-29 12:13:07
255,Ốp lưng iPhone 13 Pro Max Likgus PC,"Mua Ốp lưng iPhone 13 Pro Max Likgus PC chính hãng - Giá rẻ, đảm bảo chất lượng, độ bền cao, bảo hành uy tín, giao hàng tận nơi toàn quốc.","- Dòng sản phẩm: iPhone 13 Pro Max
- Phân loại ốp: Chống sốc
- Tính năng: Chống sốc, va đập, Chống trầy xước
- Dùng được cho: iPhone 13 Pro Max
- Hãng sản xuất: Likgus","Mua Ốp lưng iPhone 13 Pro Max Likgus PC chính hãng - Giá rẻ, đảm bảo chất lượng, độ bền cao, bảo hành uy tín, giao hàng tận nơi toàn quốc.",Điện thoại,150000,Likgus,0,134,0,2025-10-21 07:32:10,2026-03-29 12:13:07
256,Ốp lưng iPhone 13 Pro Max Memumi 3D Clear,"Mua Ốp lưng iPhone 13 Pro Max Memumi 3D Clear chính hãng - Giá rẻ, đảm bảo chất lượng, độ bền cao, hỗ trợ giao hàng tận nơi toàn quốc.","- Dòng sản phẩm: iPhone 13 Pro Max
- Phân loại ốp: Chống sốc, Ốp trong
- Tính năng: Chống sốc, va đập, Chống trầy xước
- Hãng sản xuất: Memumi","Mua Ốp lưng iPhone 13 Pro Max Memumi 3D Clear chính hãng - Giá rẻ, đảm bảo chất lượng, độ bền cao, hỗ trợ giao hàng tận nơi toàn quốc.",Điện thoại,261000,Memumi,0,123,0,2026-03-06 15:17:03,2026-03-29 12:13:07
257,Ốp lưng iPhone 14 Pro Max Memumi With Magsafe Clear,"Mua Ốp lưng iPhone 14 Pro Max Memumi With Magsafe Clear chính hãng - Giá rẻ, đảm bảo chất lượng, độ bền cao, hỗ trợ giao hàng tận nơi toàn quốc.","- Dòng sản phẩm: iPhone 14 Pro Max
- Phân loại ốp: Chống sốc, Ốp trong
- Tính năng: Hỗ trợ sạc MagSafe, Hỗ trợ sạc không dây, Chống sốc, va đập, Chống trầy xước
- Dùng được cho: iPhone 14 Pro Max
- Hãng sản xuất: Memumi","Mua Ốp lưng iPhone 14 Pro Max Memumi With Magsafe Clear chính hãng - Giá rẻ, đảm bảo chất lượng, độ bền cao, hỗ trợ giao hàng tận nơi toàn quốc.",Điện thoại,290000,Memumi,0,103,0,2024-12-11 14:51:42,2026-03-29 12:13:07
258,Ốp lưng iPhone 15 Likgus PU Clear,"Ốp lưng iPhone 15 Likgus PU Clear giá rẻ, chất lượng, giao hàng tận nơi","- Dòng sản phẩm: iPhone 15
- Phân loại ốp: Chống sốc, Ốp trong
- Tính năng: Chống sốc, va đập, Chống trầy xước
- Hãng sản xuất: Likgus","Ốp lưng iPhone 15 Likgus PU Clear giá rẻ, chất lượng, giao hàng tận nơi",Điện thoại,110000,Likgus,2,97,0,2025-03-31 14:10:56,2026-03-29 12:13:07
259,Ốp lưng iPhone 16 Pro Max Torras O1S With Magsafe,"Mua Ốp lưng iPhone 16 Pro Max Torras O1S With Magsafe chính hãng - Giá rẻ, đảm bảo chất lượng, độ bền cao, hỗ trợ giao hàng tận nơi toàn quốc.","- Dòng sản phẩm: iPhone 16 Pro Max
- Phân loại ốp: Chống sốc
- Tính năng: Hỗ trợ sạc MagSafe, Hỗ trợ sạc không dây, Chống sốc, va đập, Chống trầy xước
- Dùng được cho: iPhone 16 Pro Max
- Hãng sản xuất: Torras","Mua Ốp lưng iPhone 16 Pro Max Torras O1S With Magsafe chính hãng - Giá rẻ, đảm bảo chất lượng, độ bền cao, hỗ trợ giao hàng tận nơi toàn quốc.",Điện thoại,1000000,Torras,0,69,0,2026-01-15 22:02:36,2026-03-29 12:13:07
260,Ốp lưng iPhone 17 Pro Max Pitaka Edge Monogram Leaping,"Mua ốp lưng iPhone 17 Pro Max Pitaka Edge Monogram Leaping chính hãng - Giá rẻ, đảm bảo chất lượng, độ bền cao, bảo hành uy tín, giao hàng tận nơi toàn quốc.","- Dòng sản phẩm: iPhone 17 Pro Max
- Phân loại ốp: Chống sốc, Ốp nhựa cứng
- Tính năng: Hỗ trợ sạc MagSafe, Hỗ trợ sạc không dây, Chống sốc, va đập, Chống trầy xước
- Hãng sản xuất: PITAKA
- Chất liệu: Sợi Aramid (chuẩn hàng không vũ trụ) Công nghệ dệt độc quyền Fusion Weaving Công nghệ PitaTap™ (tối ưu cảm ứng nút camera control) Hoàn thiện dệt vân cao cấp, chống mài mòn
- Tiện ích: Bao phủ mặt lưng + cạnh viền liền mạch Chống trầy xước, bền bỉ theo thời gian Thiết kế ôm sát thân máy, cầm nắm chắc tay Giữ nguyên form mỏng, không làm dày máy","Mua ốp lưng iPhone 17 Pro Max Pitaka Edge Monogram Leaping chính hãng - Giá rẻ, đảm bảo chất lượng, độ bền cao, bảo hành uy tín, giao hàng tận nơi toàn quốc.",Điện thoại,1900000,PITAKA,0,90,0,2026-01-03 23:42:13,2026-03-29 12:13:07
261,Ốp lưng iPhone 17 Pro Pitaka Edge Monogram Leaping,"Mua ốp lưng iPhone 17 Pro Pitaka Edge Monogram Leaping chính hãng - Giá rẻ, đảm bảo chất lượng, độ bền cao, bảo hành uy tín, giao hàng tận nơi toàn quốc.","- Dòng sản phẩm: iPhone 17 Pro
- Phân loại ốp: Chống sốc, Ốp nhựa cứng
- Tính năng: Hỗ trợ sạc MagSafe, Hỗ trợ sạc không dây, Chống sốc, va đập, Chống trầy xước
- Hãng sản xuất: PITAKA
- Chất liệu: Sợi Aramid (chuẩn hàng không vũ trụ) Công nghệ dệt độc quyền Fusion Weaving Công nghệ PitaTap™ (tối ưu cảm ứng nút camera control) Hoàn thiện dệt vân cao cấp, chống mài mòn
- Tiện ích: Bao phủ mặt lưng + cạnh viền liền mạch Chống trầy xước, bền bỉ theo thời gian Thiết kế ôm sát thân máy, cầm nắm chắc tay Giữ nguyên form mỏng, không làm dày máy","Mua ốp lưng iPhone 17 Pro Pitaka Edge Monogram Leaping chính hãng - Giá rẻ, đảm bảo chất lượng, độ bền cao, bảo hành uy tín, giao hàng tận nơi toàn quốc.",Điện thoại,1900000,PITAKA,0,103,0,2026-01-10 13:14:24,2026-03-29 12:13:07
262,Ốp lưng Samsung Galaxy A37 5G Araree Flexield Clear,"Mua ngay Ốp lưng Samsung Galaxy A37 5G Araree Flexield Clear chính hãng - Giá rẻ, đảm bảo chất lượng, độ bền cao, hỗ trợ giao hàng tận nơi toàn quốc.","- Dòng sản phẩm: Galaxy A37
- Phân loại ốp: Chống sốc
- Tính năng: Chống sốc, va đập, Chống trầy xước
- Dùng được cho: Samsung Galaxy A37
- Hãng sản xuất: Samsung Chính hãng","Mua ngay Ốp lưng Samsung Galaxy A37 5G Araree Flexield Clear chính hãng - Giá rẻ, đảm bảo chất lượng, độ bền cao, hỗ trợ giao hàng tận nơi toàn quốc.",Điện thoại,288000,Samsung Chính hãng,2,200,0,2025-03-06 00:26:45,2026-03-29 12:13:07
263,Ốp lưng Samsung Galaxy A37 Clear chính hãng,"Mua ngay Ốp lưng Samsung Galaxy A37 Clear chính hãng - Giá rẻ, đảm bảo chất lượng, độ bền cao, hỗ trợ giao hàng tận nơi toàn quốc.","- Dòng sản phẩm: Galaxy A37
- Phân loại ốp: Chống sốc
- Tính năng: Chống sốc, va đập, Chống trầy xước
- Dùng được cho: Samsung Galaxy A37
- Hãng sản xuất: Samsung Chính hãng","Mua ngay Ốp lưng Samsung Galaxy A37 Clear chính hãng - Giá rẻ, đảm bảo chất lượng, độ bền cao, hỗ trợ giao hàng tận nơi toàn quốc.",Điện thoại,390000,Samsung Chính hãng,0,8,0,2025-04-11 16:16:02,2026-03-29 12:13:07
264,Ốp lưng Samsung Galaxy A57 5G Araree Duple M Clear,"Mua ngay Ốp lưng Samsung Galaxy A57 5G Araree Duple M Clear chính hãng - Giá rẻ, đảm bảo chất lượng, độ bền cao, hỗ trợ giao hàng tận nơi toàn quốc.","- Dòng sản phẩm: Galaxy A57
- Phân loại ốp: Chống sốc
- Tính năng: Chống sốc, va đập, Chống trầy xước
- Dùng được cho: Samsung Galaxy A57
- Hãng sản xuất: Samsung Chính hãng","Mua ngay Ốp lưng Samsung Galaxy A57 5G Araree Duple M Clear chính hãng - Giá rẻ, đảm bảo chất lượng, độ bền cao, hỗ trợ giao hàng tận nơi toàn quốc.",Điện thoại,549000,Samsung Chính hãng,0,103,0,2026-03-10 04:55:13,2026-03-29 12:13:07
265,Ốp lưng Samsung Galaxy A57 5G Araree Duple S,"Mua ngay Ốp lưng Samsung Galaxy A57 5G Araree Duple S chính hãng - Giá rẻ, đảm bảo chất lượng, độ bền cao, hỗ trợ giao hàng tận nơi toàn quốc.","- Dòng sản phẩm: Galaxy A57
- Phân loại ốp: Chống sốc
- Tính năng: Chống sốc, va đập, Chống trầy xước
- Dùng được cho: Samsung Galaxy A57
- Hãng sản xuất: Samsung Chính hãng","Mua ngay Ốp lưng Samsung Galaxy A57 5G Araree Duple S chính hãng - Giá rẻ, đảm bảo chất lượng, độ bền cao, hỗ trợ giao hàng tận nơi toàn quốc.",Điện thoại,630000,Samsung Chính hãng,0,97,0,2025-11-23 23:29:35,2026-03-29 12:13:07
266,Ốp lưng Samsung Galaxy A57 5G Araree Flexield Clear,"Mua ngay Ốp lưng Samsung Galaxy A57 5G Araree Flexield Clear chính hãng - Giá rẻ, đảm bảo chất lượng, độ bền cao, hỗ trợ giao hàng tận nơi toàn quốc.","- Dòng sản phẩm: Galaxy A57
- Phân loại ốp: Chống sốc
- Tính năng: Chống sốc, va đập, Chống trầy xước
- Dùng được cho: Samsung Galaxy A57
- Hãng sản xuất: Samsung Chính hãng","Mua ngay Ốp lưng Samsung Galaxy A57 5G Araree Flexield Clear chính hãng - Giá rẻ, đảm bảo chất lượng, độ bền cao, hỗ trợ giao hàng tận nơi toàn quốc.",Điện thoại,288000,Samsung Chính hãng,0,126,0,2025-11-03 03:41:01,2026-03-29 12:13:07
267,Ốp lưng Samsung Galaxy A57 Clear chính hãng,"Mua ngay Ốp lưng Samsung Galaxy A57 Clear chính hãng - Giá rẻ, đảm bảo chất lượng, độ bền cao, hỗ trợ giao hàng tận nơi toàn quốc.","- Dòng sản phẩm: Galaxy A57
- Phân loại ốp: Chống sốc
- Tính năng: Chống sốc, va đập, Chống trầy xước
- Dùng được cho: Samsung Galaxy A57
- Hãng sản xuất: Samsung Chính hãng","Mua ngay Ốp lưng Samsung Galaxy A57 Clear chính hãng - Giá rẻ, đảm bảo chất lượng, độ bền cao, hỗ trợ giao hàng tận nơi toàn quốc.",Điện thoại,390000,Samsung Chính hãng,0,61,0,2024-06-08 20:31:52,2026-03-29 12:13:07
268,Ốp lưng kèm đựng thẻ Samsung Galaxy A57 chính hãng,"Mua ngay Ốp lưng kèm đựng thẻ Samsung Galaxy A57 chính hãng - Giá rẻ, đảm bảo chất lượng, độ bền cao, hỗ trợ giao hàng tận nơi toàn quốc.","- Dòng sản phẩm: Galaxy A57
- Phân loại ốp: Chống sốc
- Tính năng: Chống sốc, va đập, Chống trầy xước
- Dùng được cho: Samsung Galaxy A57
- Hãng sản xuất: Samsung Chính hãng","Mua ngay Ốp lưng kèm đựng thẻ Samsung Galaxy A57 chính hãng - Giá rẻ, đảm bảo chất lượng, độ bền cao, hỗ trợ giao hàng tận nơi toàn quốc.",Điện thoại,550000,Samsung Chính hãng,0,187,0,2024-10-15 03:50:08,2026-03-29 12:13:07
269,Ốp lưng Samsung Galaxy A57 Rugged chính hãng,"Mua ngay Ốp lưng Samsung Galaxy A57 Rugged chính hãng - Giá rẻ, đảm bảo chất lượng, độ bền cao, hỗ trợ giao hàng tận nơi toàn quốc.","- Dòng sản phẩm: Galaxy A57
- Phân loại ốp: Chống sốc
- Tính năng: Chống sốc, va đập, Chống trầy xước
- Dùng được cho: Samsung Galaxy A57
- Hãng sản xuất: Samsung Chính hãng","Mua ngay Ốp lưng Samsung Galaxy A57 Rugged chính hãng - Giá rẻ, đảm bảo chất lượng, độ bền cao, hỗ trợ giao hàng tận nơi toàn quốc.",Điện thoại,390000,Samsung Chính hãng,0,128,0,2024-08-17 10:52:33,2026-03-29 12:13:07
270,Ốp lưng Samsung Galaxy A57 silicone chính hãng,"Mua ngay Ốp lưng Samsung Galaxy A57 silicone chính hãng - Giá rẻ, đảm bảo chất lượng, độ bền cao, hỗ trợ giao hàng tận nơi toàn quốc.","- Dòng sản phẩm: Galaxy A57
- Phân loại ốp: Chống sốc
- Tính năng: Chống sốc, va đập, Chống trầy xước
- Dùng được cho: Samsung Galaxy A57
- Hãng sản xuất: Samsung Chính hãng","Mua ngay Ốp lưng Samsung Galaxy A57 silicone chính hãng - Giá rẻ, đảm bảo chất lượng, độ bền cao, hỗ trợ giao hàng tận nơi toàn quốc.",Điện thoại,550000,Samsung Chính hãng,0,136,0,2026-02-18 22:19:27,2026-03-29 12:13:07
271,Ốp lưng Samsung Galaxy S26 Ultra UAG Chống Sốc Monarch Pro Kevlar,"Mua Ốp lưng Samsung Galaxy S26 Ultra UAG Chống Sốc Monarch Pro Kevlar chính hãng - Giá rẻ, đảm bảo chất lượng, độ bền cao, hỗ trợ giao hàng tận nơi toàn quốc.","- Dòng sản phẩm: Samsung Galaxy S26 Ultra
- Phân loại ốp: Chống sốc
- Tính năng: Chống sốc, va đập, Chống trầy xước
- Hãng sản xuất: UAG
- Chất liệu: Cấu trúc đa lớp (multi-layer protection) Lớp phủ Dupont™ Kevlar®: siêu nhẹ, chống mài mòn cao Lõi chống sốc (shock-absorbing core) Tấm polycarbonate (PC) tăng độ cứng Viền cao su chống va đập","Mua Ốp lưng Samsung Galaxy S26 Ultra UAG Chống Sốc Monarch Pro Kevlar chính hãng - Giá rẻ, đảm bảo chất lượng, độ bền cao, hỗ trợ giao hàng tận nơi toàn quốc.",Điện thoại,2000000,UAG,2,89,0,2025-04-19 16:36:15,2026-03-29 12:13:07
272,Ốp lưng Samsung Galaxy S26 Ultra UAG Chống Sốc Monarch Pro,"Mua Ốp lưng Samsung Galaxy S26 Ultra UAG Chống Sốc Monarch Pro chính hãng - Giá rẻ, đảm bảo chất lượng, độ bền cao, hỗ trợ giao hàng tận nơi toàn quốc.","- Dòng sản phẩm: Samsung Galaxy S26 Ultra
- Phân loại ốp: Chống sốc
- Tính năng: Chống sốc, va đập, Chống trầy xước
- Hãng sản xuất: UAG
- Chất liệu: Cấu trúc 5 lớp bảo vệ (multi-layer) Khung giáp đặc trưng (Armor Frame) Hoàn thiện: da cao cấp / sợi carbon Lõi chống sốc (shock-absorbing core) Tấm polycarbonate (PC) tăng độ cứng Viền cao su chống va đập","Mua Ốp lưng Samsung Galaxy S26 Ultra UAG Chống Sốc Monarch Pro chính hãng - Giá rẻ, đảm bảo chất lượng, độ bền cao, hỗ trợ giao hàng tận nơi toàn quốc.",Điện thoại,1600000,UAG,2,192,0,2025-12-29 21:37:18,2026-03-29 12:13:07
273,Quạt cầm tay mini Veeco VMF-06 2000mAh,"Mua ngay quạt cầm tay mini Veeco VMF-06 2000mAh chính hãng - Giá rẻ, đảm bảo chất lượng, độ bền cao, hỗ trợ giao hàng tận nơi toàn quốc.","- Pin: 2000mAhSử dụng trong 1-4h
- Hãng sản xuất: Veeco
- Chất liệu: Nhựa ABS
- Cổng sạc vào: USB-C5V - 1A
- Dung lượng Pin: 2000mAh
- Công suất: 5W
- Tiện ích: Độ ồn thấp100 cấp độ gió tùy chỉnhThiết kế tối giản, tinh tế dễ bỏ túi","Mua ngay quạt cầm tay mini Veeco VMF-06 2000mAh chính hãng - Giá rẻ, đảm bảo chất lượng, độ bền cao, hỗ trợ giao hàng tận nơi toàn quốc.",Khác,342000,Veeco,2,175,0,2025-08-27 12:11:08,2026-03-29 12:13:07
274,Quạt đứng lưu thông không khí AQUA AQS-FED2001R(W)-VN - Cũ,"Mua Quạt đứng lưu thông không khí AQUA AQS-FED2001R(W)-VN cũ giá rẻ - Nguồn gốc rõ ràng, bảo hành 6-12 tháng, đổi mới 30 ngày, luôn xuất bán đầy đủ VAT.","- Loại quạt: Quạt đứng
- Số cánh quạt: 3
- Các cấp độ: 3 tốc độ gió
- Bảng điều khiển: Cảm ứng kèm remote
- Chế độ: Gió mạnhGió trung bìnhGió nhẹ
- Chiều dài dây điện: 160 cm
- Tiện ích: Chức năng hẹn giờ bật/tắt lên đến 7 tiếng
- Dòng điện vào: 220 - 240v ~ 50Hz
- Hãng sản xuất: Aqua
- Chất liệu: Nhựa ABS
- Công suất: 35W","Mua Quạt đứng lưu thông không khí AQUA AQS-FED2001R(W)-VN cũ giá rẻ - Nguồn gốc rõ ràng, bảo hành 6-12 tháng, đổi mới 30 ngày, luôn xuất bán đầy đủ VAT.",Khác,519000,Aqua,0,140,0,2026-03-28 11:29:34,2026-03-29 12:13:07
275,Quạt đứng Toshiba F-LSA20(W)VN,"Mua Quạt đứng Toshiba F-LSA20(W)VN chính hãng - Giá rẻ, đảm bảo chất lượng, độ bền cao, hỗ trợ giao hàng tận nơi toàn quốc.","- Loại quạt: Quạt đứng
- Công suất: 60W
- Số cánh quạt: 5
- Các cấp độ: 3 cấp độ gió
- Bảng điều khiển: RemoteMàn hình LED
- Chế độ: Gió ngủGió yên tĩnhGió thường
- Chiều dài dây điện: 180 cm
- Tiện ích: Màn hình LED hiển thịThời gian hẹn giờ tối đa 7.5 giờGhi nhớ chế độ được cài đặt trước đó
- Kích thước: 45.2 x 135 x 40 cm
- Trọng lượng: 7.2 kg
- Hãng sản xuất: Toshiba","Mua Quạt đứng Toshiba F-LSA20(W)VN chính hãng - Giá rẻ, đảm bảo chất lượng, độ bền cao, hỗ trợ giao hàng tận nơi toàn quốc.",Khác,1590000,Toshiba,2,23,0,2024-07-26 21:27:56,2026-03-29 12:13:07
276,Ram PC Corsair Vengeance LPX Heat Spreader DDR4 3200MHz 8GB (1*8GB),"Mua Ram PC Corsair Vengeance LPX Heat Spreader DDR4 3200MHz 8GB (1*8GB) chính hãng - Giá rẻ, đảm bảo chất lượng, độ bền cao, hỗ trợ giao hàng tận nơi toàn quốc.","- Dung lượng: 8GB
- Loại RAM: DDR4
- Bus RAM: 3200MHz
- Hỗ trợ: DIMM (PC, Desktop)
- Độ trễ: 16-20-20-38
- Điện áp: 1.2 - 1.35V
- Đèn LED: Không hỗ trợ LED
- Hãng sản xuất: Corsair","Mua Ram PC Corsair Vengeance LPX Heat Spreader DDR4 3200MHz 8GB (1*8GB) chính hãng - Giá rẻ, đảm bảo chất lượng, độ bền cao, hỗ trợ giao hàng tận nơi toàn quốc.",Khác,2690000,Corsair,2,76,0,2026-03-15 05:14:10,2026-03-29 12:13:07
277,Ram PC Corsair Vengeance RGB DDR5 6000MHz 16GB (1*16GB),"Mua Ram PC Corsair Vengeance RGB DDR5 6000MHz 16GB (1*16GB) chính hãng - Giá rẻ, đảm bảo chất lượng, độ bền cao, hỗ trợ giao hàng tận nơi toàn quốc.","- Dung lượng: 16GB
- Loại RAM: DDR5
- Bus RAM: 6000MHz
- Hỗ trợ: DIMM (PC, Desktop)
- Độ trễ: 36-44-44-96
- Điện áp: 1.1 - 1.35V
- Đèn LED: Hỗ trợ LED
- Hãng sản xuất: Corsair","Mua Ram PC Corsair Vengeance RGB DDR5 6000MHz 16GB (1*16GB) chính hãng - Giá rẻ, đảm bảo chất lượng, độ bền cao, hỗ trợ giao hàng tận nơi toàn quốc.",Khác,7690000,Corsair,2,196,0,2024-11-07 17:07:58,2026-03-29 12:13:07
278,Robot hút bụi lau nhà Xiaomi Vacuum H50 Pro,"Mua Robot hút bụi lau nhà Xiaomi Vacuum H50 Pro chính hãng - Giá rẻ, đảm bảo chất lượng, độ bền cao, hỗ trợ giao hàng tận nơi toàn quốc.","- Chức năng: Hút bụi lau sàn
- Tính năng: Hỗ trợ tường ảo, Hỗ trợ lau nhà, Điều khiển qua ứng dụng, Tự động quay về đế sạc, Tự động điều chỉnh sức hút, Chống rối tóc - lông thú, Lưu trữ một bản đồ, Tự động hút bụi, Tự động giặt giẻ, Tự động sấy giẻ
- Dung tích ngăn chứa nước: Nước sạch: 4LNước bẩn: 4L
- Lực hút: 15.000Pa
- Ứng dụng kết nối: Xiaomi Home
- Trọng lượng: 3.9kg
- Tiện ích: Điều khiển qua app Xiaomi Home và giọng nóiHỗ trợ Google Assistant &amp; AlexaTúi rác dùng ~75 ngàyLau xoay kép 180rpm
- Kích thước: 355 x 353.5 x 93mm
- Công suất: 55W
- Hãng sản xuất: Xiaomi
- Tính năng khác: Cánh tay cơ học mở rộng (chổi + mop) làm sạch sát cạnhĐiều hướng LDS + cảm biến ánh sáng cấu trúc 129°Nhận diện thảm, tự nâng giẻ lauChống rối tóc kép (Y-comb + chổi cạnh)","Mua Robot hút bụi lau nhà Xiaomi Vacuum H50 Pro chính hãng - Giá rẻ, đảm bảo chất lượng, độ bền cao, hỗ trợ giao hàng tận nơi toàn quốc.",Điện thoại,14990000,Xiaomi,0,7,0,2025-06-19 10:56:00,2026-03-29 12:13:07
279,Robot hút bụi lau nhà Xiaomi Vacuum H50,"Mua Robot hút bụi lau nhà Xiaomi Vacuum H50 chính hãng - Giá rẻ, đảm bảo chất lượng, độ bền cao, hỗ trợ giao hàng tận nơi toàn quốc.","- Chức năng: Hút bụi lau sàn
- Tính năng: Hỗ trợ tường ảo, Hỗ trợ lau nhà, Điều khiển qua ứng dụng, Tự động quay về đế sạc, Chống rối tóc - lông thú, Lưu trữ một bản đồ, Tự động hút bụi, Tự động giặt giẻ, Tự động sấy giẻ
- Dung tích ngăn chứa nước: Nước sạch: 4LNước bẩn: 4L
- Lực hút: 10.000Pa
- Chế độ hút: Hút bụi trước khi lauHút bụiLau nhàHút &amp; lau
- Ứng dụng kết nối: Xiaomi Home
- Trọng lượng: 3.7kg
- Tiện ích: Điều khiển qua app Xiaomi Home và giọng nóiTự động đổ rác (túi dùng ~75 ngày)Làm sạch theo điểmLau xoay kép tốc độ cao 180rpm
- Kích thước: 355 × 353.5 × 93mm
- Công suất: 55W
- Hãng sản xuất: Xiaomi
- Tính năng khác: Điều hướng laser LDS, lập bản đồ 360°Tự động nâng khăn lau khi gặp thảm4 chế độ làm sạchChống rối tóc (lược chữ Y + chổi chống rối)","Mua Robot hút bụi lau nhà Xiaomi Vacuum H50 chính hãng - Giá rẻ, đảm bảo chất lượng, độ bền cao, hỗ trợ giao hàng tận nơi toàn quốc.",Điện thoại,11990000,Xiaomi,0,181,0,2025-08-31 17:35:06,2026-03-29 12:13:07
280,Tản nhiệt khí CPU Jonsbo CR-1200E RGB,"Mua Tản nhiệt khí CPU Jonsbo CR-1200E RGB chính hãng - Giá rẻ, đảm bảo chất lượng, độ bền cao, hỗ trợ giao hàng tận nơi toàn quốc.","- Loại tản nhiệt: Tản nhiệt khí
- Số vòng quay của quạt: 2000 RPM ±10%
- Độ ồn (dBA): ≤ 26.5 dB(A)
- Hãng sản xuất: Hãng khác
- Kết nối: 1 x 3-pin","Mua Tản nhiệt khí CPU Jonsbo CR-1200E RGB chính hãng - Giá rẻ, đảm bảo chất lượng, độ bền cao, hỗ trợ giao hàng tận nơi toàn quốc.",Khác,290000,Hãng khác,10,115,0,2026-03-25 04:58:28,2026-03-29 12:13:07
281,Thẻ nhớ SD Kodak UHS-I U3/V30/A1 128GB,"Mua Thẻ nhớ SD Kodak UHS-I U3/V30/A1 128GB chính hãng - Giá rẻ, đảm bảo chất lượng, độ bền cao, hỗ trợ giao hàng tận nơi toàn quốc.","- Dung lượng: 128GB
- Loại thẻ nhớ: Thẻ SD
- Tốc độ đọc: 100MB/s
- Tốc độ ghi: 85MB/s
- Hãng sản xuất: Kodak","Mua Thẻ nhớ SD Kodak UHS-I U3/V30/A1 128GB chính hãng - Giá rẻ, đảm bảo chất lượng, độ bền cao, hỗ trợ giao hàng tận nơi toàn quốc.",Khác,800000,Kodak,2,180,0,2025-10-13 15:14:16,2026-03-29 12:13:07
282,Thẻ nhớ SD Kodak UHS-I U3/V30/A1 256GB,"Mua Thẻ nhớ SD Kodak UHS-I U3/V30/A1 256GB chính hãng - Giá rẻ, đảm bảo chất lượng, độ bền cao, hỗ trợ giao hàng tận nơi toàn quốc.","- Dung lượng: 256GB
- Loại thẻ nhớ: Thẻ SD
- Tốc độ đọc: 100MB/s
- Tốc độ ghi: 85MB/s
- Hãng sản xuất: Kodak","Mua Thẻ nhớ SD Kodak UHS-I U3/V30/A1 256GB chính hãng - Giá rẻ, đảm bảo chất lượng, độ bền cao, hỗ trợ giao hàng tận nơi toàn quốc.",Khác,2190000,Kodak,2,172,0,2024-09-02 12:49:56,2026-03-29 12:13:07
283,Thẻ nhớ SD Kodak UHS-I U3/V30/A1 64GB,"Mua Thẻ nhớ SD Kodak UHS-I U3/V30/A1 64GB chính hãng - Giá rẻ, đảm bảo chất lượng, độ bền cao, hỗ trợ giao hàng tận nơi toàn quốc.","- Dung lượng: 64GB
- Loại thẻ nhớ: Thẻ SD
- Tốc độ đọc: 100MB/s
- Tốc độ ghi: 85MB/s
- Hãng sản xuất: Kodak","Mua Thẻ nhớ SD Kodak UHS-I U3/V30/A1 64GB chính hãng - Giá rẻ, đảm bảo chất lượng, độ bền cao, hỗ trợ giao hàng tận nơi toàn quốc.",Khác,690000,Kodak,2,105,0,2025-09-11 04:03:40,2026-03-29 12:13:07
284,VGA MSI GeForce RTX 5070 12GB VENTUS 2X,"Mua VGA MSI GeForce RTX 5070 12GB VENTUS 2X chính hãng - Giá rẻ, đảm bảo chất lượng, độ bền cao, hỗ trợ trả góp 0%, giao hàng miễn phí toàn quốc.","- Chipset: NVIDIA
- Dung lượng: 12GB
- Kiểu bộ nhớ: GDDR7
- Giao diện bộ nhớ: 192-bit
- Loại GPU: NVIDIA GeForce RTX 5070
- GPU clock: Hiệu suất cực cao: 2527 MHz (MSI Center) Tăng tốc: 2512 MHz
- Giao tiếp PCI: PCI Express Gen 5
- Số lượng đơn vị xử lí: 6144 CUDA
- Tản nhiệt: 2 quạt (Quạt TORX 5.0: Cánh quạt được liên kết bằng vòng cung có tác dụng ổn định và duy trì luồng khí áp suất cao)
- Đầu cấp nguồn: 16 chân x 1 (khuyến nghị sử dụng nguồn ATX 3.1)
- Nguồn đề xuất: 650W
- Hãng sản xuất: MSI","Mua VGA MSI GeForce RTX 5070 12GB VENTUS 2X chính hãng - Giá rẻ, đảm bảo chất lượng, độ bền cao, hỗ trợ trả góp 0%, giao hàng miễn phí toàn quốc.",Khác,21690000,MSI,2,41,0,2025-12-03 05:54:26,2026-03-29 12:13:07
285,VGA MSI GeForce RTX 5070 12GB VENTUS 3X,"Mua VGA MSI GeForce RTX 5070 12GB VENTUS 3X chính hãng - Giá rẻ, đảm bảo chất lượng, độ bền cao, hỗ trợ trả góp 0%, giao hàng miễn phí toàn quốc.","- Chipset: NVIDIA
- Dung lượng: 12GB
- Kiểu bộ nhớ: GDDR7
- Giao diện bộ nhớ: 192-bit
- Loại GPU: NVIDIA GeForce RTX 5070
- GPU clock: Hiệu suất cực cao: 2527 MHz (MSI Center) Tăng tốc: 2512 MHz
- Giao tiếp PCI: PCI Express Gen 5
- Số lượng đơn vị xử lí: 6144 CUDA
- Tản nhiệt: 3 quạt (Quạt TORX 5.0: Cánh quạt được liên kết bằng vòng cung có tác dụng ổn định và duy trì luồng khí áp suất cao)
- Đầu cấp nguồn: 16 chân x 1 (khuyến nghị sử dụng nguồn ATX 3.1)
- Nguồn đề xuất: 650W
- Hãng sản xuất: MSI","Mua VGA MSI GeForce RTX 5070 12GB VENTUS 3X chính hãng - Giá rẻ, đảm bảo chất lượng, độ bền cao, hỗ trợ trả góp 0%, giao hàng miễn phí toàn quốc.",Khác,22990000,MSI,2,177,0,2026-02-06 13:53:30,2026-03-29 12:13:07
286,Xiaomi MI Box S 4K (GEN 3) - Cũ,"Mua Xiaomi Mi Box S 4k GEN 3 cũ giá rẻ - Nguồn gốc rõ ràng, bảo hành 6-12 tháng, đổi mới 30 ngày, luôn xuất bán đầy đủ VAT.","- Độ phân giải: 4K UHD (3840 x 2160 pixel)
- Công nghệ: Hỗ trợ Dolby Audio® và DTS:X, Dolby Vision®, HDR10+
- Hệ điều hành: Google TV
- Ram: 2GB
- Bộ nhớ trong: 32GB
- Cổng kết nối: Wi-Fi: 2.4GHz / 5GHzBluetooth: 5.2Cổng HDMI 2.1 × 1Cổng USB 2.0 × 1Cổng nguồn × 1
- Hãng sản xuất: Xiaomi","Mua Xiaomi Mi Box S 4k GEN 3 cũ giá rẻ - Nguồn gốc rõ ràng, bảo hành 6-12 tháng, đổi mới 30 ngày, luôn xuất bán đầy đủ VAT.",Điện thoại,1350000,Xiaomi,2,140,0,2025-11-07 02:31:15,2026-03-29 12:13:07
287,Tai nghe chụp tai chống ồn Apple AirPods Max 2 2026,"Tai nghe Apple AirPods Max 2 2026 chính hãng, giá tốt - Nhận hàng sớm, giao nhanh toàn quốc, giảm thêm Smember. Mua Airpods Max 2 tại đây.","- Kích thước: 168.6 x 187.3 x 83.4 mm
- Trọng lượng: AirPods Max 2, bao gồm đệm tai: 386,2 gramSmart Case: 134,5 gram
- Công nghệ âm thanh: Trình điều khiển động do Apple thiết kế Bộ khuếch đại với độ lệch tương phản cao có thể tùy chỉnh Chủ Động Khử Tiếng Ồn Âm Thanh Thích Ứng Chế độ Xuyên Âm Nhận Biết Cuộc Hội Thoại Tách Lời Nói Âm Lượng Được Cá Nhân Hóa Giảm Âm
- Micro: Tổng cộng chín micrô: Tám micrô dành cho tính năng Chủ Động Khử Tiếng Ồn Ba micrô dành cho tính năng nhận diện giọng nói (hai micrô dùng chung với tính năng Chủ Động Khử Tiếng Ồn và một micrô bổ sung)
- Thời lượng sử dụng Pin: Lên đến 20 giờ với một lần sạc khi bật tính năng Chủ Động Khử Tiếng Ồn
- Tính năng khác: Các tính năng Trợ Năng giúp người khuyết tật tận dụng tối đa AirPods Max mới của mình. Các tính năng bao gồm: Âm thanh Nghe Trực Tiếp Mức âm thanh tai nghe Thích Nghi Tai Nghe
- Chipset: Chip tai nghe Apple H2 (mỗi bên củ tai)
- Hãng sản xuất: Apple Chính hãng","Tai nghe Apple AirPods Max 2 2026 chính hãng, giá tốt - Nhận hàng sớm, giao nhanh toàn quốc, giảm thêm Smember. Mua Airpods Max 2 tại đây.",Khác,14990000,Apple Chính hãng,0,81,0,2026-02-03 08:11:47,2026-03-29 12:13:07
288,Bàn phím + bao da Xiaomi Pad 8/8 Pro chính hãng touchpad,"Mua Bàn phím + bao da Xiaomi Pad 8/8 Pro chính hãng touchpad chính hãng - Giá rẻ, đảm bảo chất lượng, độ bền cao, hỗ trợ giao hàng tận nơi toàn quốc.","- Kích thước: 253.41 x 187.87 x 16.3 mm
- Chất liệu: PU + PC + Sợi thủy tinh (bao gồm nam châm)
- Dòng sản phẩm: Xiaomi
- Phân loại ốp: Chống sốc, Bao da kiêm bàn phím
- Tính năng: Có chân đứng, Chống sốc, va đập, Chống trầy xước
- Dùng được cho: Xiaomi Pad 8/8 Pro
- Hãng sản xuất: Xiaomi","Mua Bàn phím + bao da Xiaomi Pad 8/8 Pro chính hãng touchpad chính hãng - Giá rẻ, đảm bảo chất lượng, độ bền cao, hỗ trợ giao hàng tận nơi toàn quốc.",Điện thoại,4490000,Xiaomi,2,64,0,2025-01-21 11:26:21,2026-03-29 12:13:07
289,Bàn phím + bao da Xiaomi Pad 8/8 Pro chính hãng,"Mua bàn phím + bao da Xiaomi Pad 8/8 Pro chính hãng - Giá rẻ, đảm bảo chất lượng, độ bền cao, hỗ trợ giao hàng tận nơi toàn quốc.","- Chất liệu: PU + PC + Sợi thủy tinh (bao gồm nam châm)
- Dòng sản phẩm: Xiaomi
- Phân loại ốp: Chống sốc, Bao da kiêm bàn phím
- Tính năng: Có chân đứng, Chống sốc, va đập, Chống trầy xước
- Dùng được cho: Xiaomi Pad 8/8 Pro
- Hãng sản xuất: Xiaomi","Mua bàn phím + bao da Xiaomi Pad 8/8 Pro chính hãng - Giá rẻ, đảm bảo chất lượng, độ bền cao, hỗ trợ giao hàng tận nơi toàn quốc.",Điện thoại,2990000,Xiaomi,2,16,0,2025-04-03 13:44:46,2026-03-29 12:13:07
290,Bàn ủi hơi nước cầm tay Philips STH3000/20 1000W - Cũ,"Mua Bàn ủi hơi nước cầm tay Philips STH3000/20 1000W cũ giá rẻ - Nguồn gốc rõ ràng, bảo hành 6-12 tháng, đổi mới 30 ngày, luôn xuất bán đầy đủ VAT.","- Công suất: 1000W
- Hãng sản xuất: Philips
- Chất liệu: Mặt đế nhựa
- Tính năng khác: Dung tích nước 100mlLượng hơi nước phun 20 g/phút","Mua Bàn ủi hơi nước cầm tay Philips STH3000/20 1000W cũ giá rẻ - Nguồn gốc rõ ràng, bảo hành 6-12 tháng, đổi mới 30 ngày, luôn xuất bán đầy đủ VAT.",Khác,470000,Philips,9,184,0,2025-07-30 14:26:43,2026-03-29 12:13:07
291,Bao da Xiaomi Pad 8/8 Pro chính hãng,"Mua bao da Xiaomi Pad 8/8 Pro chính hãng chính hãng - Giá rẻ, đảm bảo chất lượng, độ bền cao, hỗ trợ giao hàng tận nơi toàn quốc.","- Chất liệu: PU + PC + Sợi thủy tinh (bao gồm nam châm)
- Dòng sản phẩm: Xiaomi
- Phân loại ốp: Chống sốc
- Tính năng: Có chân đứng, Chống sốc, va đập, Chống trầy xước
- Dùng được cho: Xiaomi Pad 8/8 Pro
- Hãng sản xuất: Xiaomi","Mua bao da Xiaomi Pad 8/8 Pro chính hãng chính hãng - Giá rẻ, đảm bảo chất lượng, độ bền cao, hỗ trợ giao hàng tận nơi toàn quốc.",Điện thoại,990000,Xiaomi,2,138,0,2025-11-16 18:55:56,2026-03-29 12:13:07
292,Bút cảm ứng Xiaomi Pen Pro 2026,"Mua Bút cảm ứng Xiaomi Pen Pro 2026 chính hãng - Giá rẻ, đảm bảo","- Pin: 100 mAh
- Hãng sản xuất: Xiaomi
- Tính năng khác: Viết khi màn hình tắtĐộ nhạy áp lực 16.384 cấp độ Độ trễ cực thấpTốc độ lấy mẫu cảm ứng 240HzNăm mức cài đặt lực nhấn có thể điều chỉnh","Mua Bút cảm ứng Xiaomi Pen Pro 2026 chính hãng - Giá rẻ, đảm bảo",Điện thoại,1990000,Xiaomi,0,26,0,2025-05-15 22:51:54,2026-03-29 12:13:07
293,Sạc Ugreen Robot Uno Gan Nexode Gen 2 2C1A 65W X662 - Cũ,"Mua Sạc Ugreen Robot Uno Gan Nexode Gen 2 2C1A 65W X662 cũ giá rẻ - Nguồn gốc rõ ràng, bảo hành 6-12 tháng, đổi mới 30 ngày, luôn xuất bán đầy đủ VAT.","- Công suất sạc: 65W
- Sử dụng tối đa: 3 thiết bị
- Đầu ra: 2 x USB-C, 1 x USB-A
- Tiện ích: Sạc nhanhCông nghệ GaNFast tiết kiệm năng lượng, giảm nhiệt, thiết kế nhỏ gọnMặt robot là màn hình LED hiển thị các biểu thức khác nhau về trạng thái sạcBảo vệ ngắn mạch, quá tải, nhiệt độ và quá điện áp
- Hãng sản xuất: Ugreen","Mua Sạc Ugreen Robot Uno Gan Nexode Gen 2 2C1A 65W X662 cũ giá rẻ - Nguồn gốc rõ ràng, bảo hành 6-12 tháng, đổi mới 30 ngày, luôn xuất bán đầy đủ VAT.",Phụ kiện,470000,Ugreen,50,157,0,2025-04-04 18:19:36,2026-03-29 12:13:07
294,Sạc Xiaomi HyperCharge 3 cổng 2C1A 90W BHR087MEU - Cũ,"Mua sạc Xiaomi HyperCharge 3 cổng 2C1A 90W BHR087MEU cũ giá rẻ - Nguồn gốc rõ ràng, bảo hành 6-12 tháng, đổi mới 30 ngày, luôn xuất bán đầy đủ VAT.","- Công suất sạc: 90W
- Sử dụng tối đa: 3 thiết bị
- Đầu ra: 2 x USB-C1 x USB-A
- Tiện ích: Power DeliveryQuick ChargeSạc nhanh Bảo vệ quá áp Bảo vệ quá nhiệt Bảo vệ quá dòng Bảo vệ điện trở dẫn điện bất thường Bảo vệ ngắn mạch Bảo vệ điện áp thấp Bảo vệ tĩnh điện Bảo vệ mã hóa cáp Chống sét Bảo vệ trường điện từ Lớp bảo vệ hoạt động đồng bộ để kiểm soát dòng điện và nhiệt độ
- Hãng sản xuất: Xiaomi","Mua sạc Xiaomi HyperCharge 3 cổng 2C1A 90W BHR087MEU cũ giá rẻ - Nguồn gốc rõ ràng, bảo hành 6-12 tháng, đổi mới 30 ngày, luôn xuất bán đầy đủ VAT.",Điện thoại,590000,Xiaomi,0,34,0,2026-02-09 22:50:07,2026-03-29 12:13:07
295,Dịch vụ gia hạn bảo hành Applecare+ cho iPad Air 11 inch (M4),"Mua dịch vụ gia hạn bảo hành Applecare+ cho iPad Air 11 inch (M4) chính hãng - Giá rẻ, đảm bảo chất lượng, độ bền cao, hỗ trợ giao hàng tận nơi toàn quốc.","- Hãng sản xuất: Apple Chính hãng
- Áp dụng: iPad Air 11 inch (M4)
- Thời hạn: Gia hạn thêm 1 năm bảo hành chính hãng (tổng 2 năm)
- Điều kiện: Thiết bị mới kích hoạt trong vòng 5 ngày tính từ thời điểm trên hóa đơn (có thể mua từ hệ thống CellphoneS hoặc các hệ thống bán lẻ khác) Cung cấp được hoá đơn mua hàng (đối với thiết bị mua từ hệ thống bán lẻ khác) Thiết bị nguyên vẹn chưa xảy ra hư hỏng, cấn móp, tai nạn Hàng chính hãng Apple Giá sản phẩm đã bao gồm VAT","Mua dịch vụ gia hạn bảo hành Applecare+ cho iPad Air 11 inch (M4) chính hãng - Giá rẻ, đảm bảo chất lượng, độ bền cao, hỗ trợ giao hàng tận nơi toàn quốc.",Tablet,2299000,Apple Chính hãng,80,117,0,2026-02-07 07:42:33,2026-03-29 12:13:07
296,Dịch vụ gia hạn bảo hành Applecare+ cho iPad Air 13 inch (M4),"Mua Dịch vụ gia hạn bảo hành Applecare+ cho iPad Air 13 inch (M4) chính hãng - Giá rẻ, đảm bảo chất lượng, độ bền cao, hỗ trợ giao hàng tận nơi toàn quốc.","- Hãng sản xuất: Apple Chính hãng
- Áp dụng: iPad Air 13 inch (M4)
- Thời hạn: Gia hạn thêm 1 năm bảo hành chính hãng (tổng 2 năm)
- Điều kiện: Thiết bị mới kích hoạt trong vòng 5 ngày tính từ thời điểm trên hóa đơn (có thể mua từ hệ thống CellphoneS hoặc các hệ thống bán lẻ khác) Cung cấp được hoá đơn mua hàng (đối với thiết bị mua từ hệ thống bán lẻ khác) Thiết bị nguyên vẹn chưa xảy ra hư hỏng, cấn móp, tai nạn Hàng chính hãng Apple Giá sản phẩm đã bao gồm VAT","Mua Dịch vụ gia hạn bảo hành Applecare+ cho iPad Air 13 inch (M4) chính hãng - Giá rẻ, đảm bảo chất lượng, độ bền cao, hỗ trợ giao hàng tận nơi toàn quốc.",Tablet,2799000,Apple Chính hãng,80,6,0,2026-03-25 10:07:58,2026-03-29 12:13:07
297,Dịch vụ gia hạn bảo hành Apple Care+ cho iPhone 17e,"Mua dịch vụ gia hạn bảo hành Apple Care+ cho iPhone 17E chính hãng - Giá rẻ, đảm bảo chất lượng, độ bền cao, hỗ trợ giao hàng tận nơi toàn quốc.","- Hãng sản xuất: Apple Chính hãng
- Áp dụng: iPhone 17e
- Thời hạn: Gia hạn thêm 1 năm bảo hành chính hãng (tổng 2 năm)
- Điều kiện: Thiết bị mới kích hoạt trong vòng 5 ngày tính từ thời điểm trên hóa đơn (có thể mua từ hệ thống CellphoneS hoặc các hệ thống bán lẻ khác) Cung cấp được hoá đơn mua hàng (đối với thiết bị mua từ hệ thống bán lẻ khác) Thiết bị nguyên vẹn chưa xảy ra hư hỏng, cấn móp, tai nạn Hàng chính hãng Apple Giá sản phẩm đã bao gồm VAT","Mua dịch vụ gia hạn bảo hành Apple Care+ cho iPhone 17E chính hãng - Giá rẻ, đảm bảo chất lượng, độ bền cao, hỗ trợ giao hàng tận nơi toàn quốc.",Điện thoại,3299000,Apple Chính hãng,80,68,0,2024-06-06 21:23:31,2026-03-29 12:13:07
298,Dịch vụ gia hạn bảo hành Applecare+ For Macbook Air 13 inch (M5),"Mua Dịch vụ gia hạn bảo hành Applecare+ For Macbook Air 13 inch (M5) chính hãng - Giá rẻ, đảm bảo chất lượng, độ bền cao, bảo hành uy tín, giao hàng tận nơi toàn quốc.","- Hãng sản xuất: Apple Chính hãng
- Áp dụng: Macbook Air 13 inch (M5)
- Thời hạn: Gia hạn thêm 2 năm bảo hành chính hãng (tổng 3 năm)
- Điều kiện: Thiết bị mới kích hoạt trong vòng 5 ngày tính từ thời điểm trên hóa đơn (có thể mua từ hệ thống CellphoneS hoặc các hệ thống bán lẻ khác) Cung cấp được hoá đơn mua hàng (đối với thiết bị mua từ hệ thống bán lẻ khác) Thiết bị nguyên vẹn chưa xảy ra hư hỏng, cấn móp, tai nạn Hàng chính hãng Apple Giá sản phẩm đã bao gồm VAT","Mua Dịch vụ gia hạn bảo hành Applecare+ For Macbook Air 13 inch (M5) chính hãng - Giá rẻ, đảm bảo chất lượng, độ bền cao, bảo hành uy tín, giao hàng tận nơi toàn quốc.",Khác,4990000,Apple Chính hãng,80,119,0,2025-04-02 23:19:26,2026-03-29 12:13:07
299,Dịch vụ gia hạn bảo hành Applecare+ For Macbook Air 15 inch (M5),"Mua Dịch vụ gia hạn bảo hành Applecare+ For Macbook Air 15 inch (M5) chính hãng - Giá rẻ, đảm bảo chất lượng, độ bền cao, bảo hành uy tín, giao hàng tận nơi toàn quốc.","- Hãng sản xuất: Apple Chính hãng
- Áp dụng: Macbook Air 15 inch (M5)
- Thời hạn: Gia hạn thêm 2 năm bảo hành chính hãng (tổng 3 năm)
- Điều kiện: Thiết bị mới kích hoạt trong vòng 5 ngày tính từ thời điểm trên hóa đơn (có thể mua từ hệ thống CellphoneS hoặc các hệ thống bán lẻ khác) Cung cấp được hoá đơn mua hàng (đối với thiết bị mua từ hệ thống bán lẻ khác) Thiết bị nguyên vẹn chưa xảy ra hư hỏng, cấn móp, tai nạn Hàng chính hãng Apple Giá sản phẩm đã bao gồm VAT","Mua Dịch vụ gia hạn bảo hành Applecare+ For Macbook Air 15 inch (M5) chính hãng - Giá rẻ, đảm bảo chất lượng, độ bền cao, bảo hành uy tín, giao hàng tận nơi toàn quốc.",Khác,5410000,Apple Chính hãng,80,40,0,2025-10-19 13:22:22,2026-03-29 12:13:07
300,Dịch vụ gia hạn bảo hành Applecare+ For Macbook Neo 13 inch (A18 Pro),"Mua Dịch vụ gia hạn bảo hành Applecare+ For Macbook Neo 13 inch (A18 Pro) chính hãng - Giá rẻ, đảm bảo chất lượng, độ bền cao, bảo hành uy tín, giao hàng tận nơi toàn quốc.","- Hãng sản xuất: Apple Chính hãng
- Áp dụng: Macbook Neo 13 inch (A18 Pro)
- Thời hạn: Gia hạn thêm 2 năm bảo hành chính hãng (tổng 3 năm)
- Điều kiện: Thiết bị mới kích hoạt trong vòng 5 ngày tính từ thời điểm trên hóa đơn (có thể mua từ hệ thống CellphoneS hoặc các hệ thống bán lẻ khác) Cung cấp được hoá đơn mua hàng (đối với thiết bị mua từ hệ thống bán lẻ khác) Thiết bị nguyên vẹn chưa xảy ra hư hỏng, cấn móp, tai nạn Hàng chính hãng Apple Giá sản phẩm đã bao gồm VAT","Mua Dịch vụ gia hạn bảo hành Applecare+ For Macbook Neo 13 inch (A18 Pro) chính hãng - Giá rẻ, đảm bảo chất lượng, độ bền cao, bảo hành uy tín, giao hàng tận nơi toàn quốc.",Khác,3599000,Apple Chính hãng,80,133,0,2024-06-24 14:11:14,2026-03-29 12:13:07
301,Dịch vụ gia hạn bảo hành Applecare+ For Macbook Pro 14 inch (M5 Pro/M5 Max),"Mua Dịch vụ gia hạn bảo hành Applecare+ For Macbook Pro 14 inch (M5 Pro/M5 Max) chính hãng - Giá rẻ, đảm bảo chất lượng, độ bền cao, bảo hành uy tín, giao hàng tận nơi toàn quốc.","- Hãng sản xuất: Apple Chính hãng
- Áp dụng: Macbook Pro 14 inch (M5 Pro/M5 Max)
- Thời hạn: Gia hạn thêm 2 năm bảo hành chính hãng (tổng 3 năm)
- Điều kiện: Thiết bị mới kích hoạt trong vòng 5 ngày tính từ thời điểm trên hóa đơn (có thể mua từ hệ thống CellphoneS hoặc các hệ thống bán lẻ khác) Cung cấp được hoá đơn mua hàng (đối với thiết bị mua từ hệ thống bán lẻ khác) Thiết bị nguyên vẹn chưa xảy ra hư hỏng, cấn móp, tai nạn Hàng chính hãng Apple Giá sản phẩm đã bao gồm VAT","Mua Dịch vụ gia hạn bảo hành Applecare+ For Macbook Pro 14 inch (M5 Pro/M5 Max) chính hãng - Giá rẻ, đảm bảo chất lượng, độ bền cao, bảo hành uy tín, giao hàng tận nơi toàn quốc.",Khác,7125000,Apple Chính hãng,80,37,0,2024-10-30 23:41:45,2026-03-29 12:13:07
302,Dịch vụ gia hạn bảo hành Applecare+ For Macbook Pro 16 inch (M5 Pro/M5 Max),"Mua Dịch vụ gia hạn bảo hành Applecare+ For Macbook Pro 16 inch (M5 Pro/M5 Max) chính hãng - Giá rẻ, đảm bảo chất lượng, độ bền cao, bảo hành uy tín, giao hàng tận nơi toàn quốc.","- Hãng sản xuất: Apple Chính hãng
- Áp dụng: Macbook Pro 16 inch (M5 Pro/M5 Max)
- Thời hạn: Gia hạn thêm 2 năm bảo hành chính hãng (tổng 3 năm)
- Điều kiện: Thiết bị mới kích hoạt trong vòng 5 ngày tính từ thời điểm trên hóa đơn (có thể mua từ hệ thống CellphoneS hoặc các hệ thống bán lẻ khác) Cung cấp được hoá đơn mua hàng (đối với thiết bị mua từ hệ thống bán lẻ khác) Thiết bị nguyên vẹn chưa xảy ra hư hỏng, cấn móp, tai nạn Hàng chính hãng Apple Giá sản phẩm đã bao gồm VAT","Mua Dịch vụ gia hạn bảo hành Applecare+ For Macbook Pro 16 inch (M5 Pro/M5 Max) chính hãng - Giá rẻ, đảm bảo chất lượng, độ bền cao, bảo hành uy tín, giao hàng tận nơi toàn quốc.",Khác,10499000,Apple Chính hãng,80,119,0,2024-05-14 07:04:30,2026-03-29 12:13:07
303,HONOR 400 5G 12GB 256GB - Cũ đẹp,"Mua điện thoại HONOR 400 cũ giá rẻ - Nguồn gốc rõ ràng, bảo hành 6-12 tháng, đổi mới 30 ngày, luôn xuất bán đầy đủ VAT.","- Kích thước màn hình: 6.55 inches
- Công nghệ màn hình: AMOLED
- Camera sau: Camera chính AI 200MP (f/1.9, OIS) + 12MP Camera Góc Siêu Rộng (f/2.2)
- Camera trước: 50MP (f/2.0)
- Chipset: Snapdragon 7 Gen 3
- Công nghệ NFC: Có
- Dung lượng RAM: 12 GB
- Bộ nhớ trong: 256 GB
- Pin: 6000 mAh (Li-Po, công nghệ Pin Silicon-Carbon)
- Thẻ SIM: 2 Nano SIM hoặc 1 Nano + 1 eSIM
- Hệ điều hành: MagicOS 9.0 (dựa trên Android 15)
- Độ phân giải màn hình: 2736 × 1264 pixels
- Tính năng màn hình: 1.07 tỷ màu
- Loại CPU: 8 lõi","Mua điện thoại HONOR 400 cũ giá rẻ - Nguồn gốc rõ ràng, bảo hành 6-12 tháng, đổi mới 30 ngày, luôn xuất bán đầy đủ VAT.",Điện thoại,8090000,HONOR,2,113,0,2024-04-24 20:57:52,2026-03-29 12:13:07
304,HONOR X5b 4GB 64GB - Cũ trầy xước,"Mua điện thoại HONOR X5b 4GB 64GB cũ giá rẻ - Nguồn gốc rõ ràng, bảo hành 6-12 tháng, đổi mới 30 ngày, luôn xuất bán đầy đủ VAT.","- Kích thước màn hình: 6.56 inches
- Công nghệ màn hình: IPS LCD
- Camera sau: 13MP (f/1.8)
- Camera trước: 5MP (khẩu độ f2.2)
- Chipset: MediaTek Helio G36
- Công nghệ NFC: Không
- Dung lượng RAM: 4 GB
- Bộ nhớ trong: 64 GB
- Pin: 5200mAh, 5V/2A
- Thẻ SIM: 2 SIM (Nano-SIM)
- Hệ điều hành: MagicOS 8.0 (Dựa trên Android 14)
- Độ phân giải màn hình: 720 x 1612 (HD+)
- Loại CPU: 4*Cortex-A53 lên đến 2.2Ghz+4*Cortex-A53 lên đến 1.6Ghz","Mua điện thoại HONOR X5b 4GB 64GB cũ giá rẻ - Nguồn gốc rõ ràng, bảo hành 6-12 tháng, đổi mới 30 ngày, luôn xuất bán đầy đủ VAT.",Điện thoại,1290000,Hãng khác,2,115,0,2024-11-14 00:10:21,2026-03-29 12:13:07
305,Điện thoại HONOR X6c 6GB 128GB - Cũ trầy xước,"Mua Điện thoại HONOR X6c 6GB 128GB cũ giá rẻ - Nguồn gốc rõ ràng, bảo hành 6-12 tháng, đổi mới 30 ngày, luôn xuất bán đầy đủ VAT.","- Kích thước màn hình: 6.6 inches
- Công nghệ màn hình: TFT LCD
- Camera sau: Camera chính 50MP (F1.8) + Cảm biến chiều sâu
- Camera trước: 5MP (F2.2)
- Chipset: MediaTek Helio G81 Ultra
- Công nghệ NFC: Có
- Dung lượng RAM: 6 GB
- Bộ nhớ trong: 128 GB
- Pin: 5300mAh, 35W (11V/3.2A)
- Thẻ SIM: 2 SIM (Nano-SIM)
- Hệ điều hành: MagicOS 9.0 (Trên nền tảng Android 15）
- Độ phân giải màn hình: 720 x 1604 (HD+)
- Tính năng màn hình: 16,7 triệu màuTFT LCDCử chỉ đa chạm, hỗ trợ tối đa 10 điểm chạm.
- Loại CPU: 2xA75 *2.0Ghz + 6xA55 *1.7Ghz","Mua Điện thoại HONOR X6c 6GB 128GB cũ giá rẻ - Nguồn gốc rõ ràng, bảo hành 6-12 tháng, đổi mới 30 ngày, luôn xuất bán đầy đủ VAT.",Điện thoại,2390000,Hãng khác,2,43,0,2024-07-10 16:24:24,2026-03-29 12:13:07
306,Infinix Hot 50 8GB 256GB - Cũ trầy xước,"Mua điện thoại Infinix Hot 50 4G 8GB 256GB cũ giá rẻ - Nguồn gốc rõ ràng, bảo hành 6-12 tháng, đổi mới 30 ngày, luôn xuất bán đầy đủ VAT.","- Kích thước màn hình: 6.78 inches
- Camera sau: 50MP + 2MP
- Camera trước: 8MP
- Chipset: MediaTek Helio G100
- Công nghệ NFC: Có
- Dung lượng RAM: 8 GB
- Bộ nhớ trong: 256 GB
- Pin: 5,000 mAh
- Thẻ SIM: 2 SIM (Nano-SIM)
- Hệ điều hành: Android 14
- Độ phân giải màn hình: 1080x2460 pixels
- Tính năng màn hình: 1080p IPS120Hz 800nit","Mua điện thoại Infinix Hot 50 4G 8GB 256GB cũ giá rẻ - Nguồn gốc rõ ràng, bảo hành 6-12 tháng, đổi mới 30 ngày, luôn xuất bán đầy đủ VAT.",Điện thoại,2790000,Hãng khác,2,178,0,2025-11-20 18:25:10,2026-03-29 12:13:07
307,Nubia V80 Design 8GB 256GB - Đã kích hoạt,"Mua Nubia V80 Design 8GB 256GB đã kích hoạt bảo hành, đổi mới 30 ngày, có trả góp 0%","- Kích thước màn hình: 6.75 inches
- Công nghệ màn hình: IPS LCD
- Camera sau: 50 MP + 2 MP + 0.08 MP
- Camera trước: 16 MP
- Chipset: Unisoc T7280
- Công nghệ NFC: Có
- Dung lượng RAM: 8 GB
- Bộ nhớ trong: 256 GB
- Pin: 5000 mAh
- Thẻ SIM: 2 Nano-SIM
- Hệ điều hành: Android 16
- Tính năng màn hình: Tần số quét 120Hz
- Loại CPU: Octa-core (2x2.2 GHz Cortex-A75 &amp; 6x2.0 GHz Cortex-A55)","Mua Nubia V80 Design 8GB 256GB đã kích hoạt bảo hành, đổi mới 30 ngày, có trả góp 0%",Điện thoại,3090000,Nubia,2,35,0,2024-07-10 11:22:10,2026-03-29 12:13:07
308,OPPO Find X9 12GB 256GB - Cũ xước cấn,"Mua điện thoại OPPO Find X9 12GB 256GB cũ giá rẻ - Nguồn gốc rõ ràng, bảo hành 6-12 tháng, đổi mới 30 ngày, luôn xuất bán đầy đủ VAT.","- Kích thước màn hình: 6.59 inches
- Công nghệ màn hình: AMOLED
- Camera sau: 50MP OIS (Chính) + 50MP OIS (Tele) + 50MP (Góc rộng) + 2MP (Mono)
- Camera trước: 32MP f/2.4
- Chipset: Dimensity 9500 5G
- Công nghệ NFC: Có
- Dung lượng RAM: 12 GB
- Bộ nhớ trong: 256 GB
- Pin: 7025mAh (Typ)
- Thẻ SIM: Dual nano-SIM hoặc 1 nano-SIM + 1 eSIM
- Hệ điều hành: ColorOS 16.0
- Độ phân giải màn hình: 1256 x 2760 pixels
- Tính năng màn hình: Tần số quét 120Hz, Cảm ứng 240Hz, 1.07 tỷ màu (10-bit), 100% DCI-P3, Độ sáng 1800nits
- Loại CPU: 8 nhân","Mua điện thoại OPPO Find X9 12GB 256GB cũ giá rẻ - Nguồn gốc rõ ràng, bảo hành 6-12 tháng, đổi mới 30 ngày, luôn xuất bán đầy đủ VAT.",Điện thoại,14590000,OPPO,0,120,0,2024-12-14 22:15:59,2026-03-29 12:13:07
309,OPPO Reno14 Pro 5G 12GB 256GB - Cũ đẹp,"Mua OPPO Reno14 Pro 5G 12GB 256GB cũ giá rẻ - Nguồn gốc rõ ràng, bảo hành 6-12 tháng, đổi mới 30 ngày, luôn xuất bán đầy đủ VAT.","- Kích thước màn hình: 6.83 inches
- Công nghệ màn hình: AMOLED
- Camera sau: Góc rộng: 50 MP; f/1.8Góc siêu rộng: 50MP; f/2.0Telephoto: 50MP; f/2.8
- Camera trước: 50MP, f/2.0
- Chipset: MediaTek Dimensity 8450
- Công nghệ NFC: Có
- Dung lượng RAM: 12 GB
- Bộ nhớ trong: 256 GB
- Pin: 6200mAh
- Thẻ SIM: 2 Nano-SIM
- Hệ điều hành: ColorOS 15.0
- Tính năng màn hình: 1272 × 2800 Pixels, 120Hz (60/90/120Hz), 100% DCI-P3, 1.07 tỷ màu (10-bit), 450 PPI, Độ sáng bình thường: 600nits (Tiêu chuẩn) HBM: 1200nits (Tiêu chuẩn), Corning® Gorilla® Glass 7i
- Loại CPU: 8 nhân","Mua OPPO Reno14 Pro 5G 12GB 256GB cũ giá rẻ - Nguồn gốc rõ ràng, bảo hành 6-12 tháng, đổi mới 30 ngày, luôn xuất bán đầy đủ VAT.",Điện thoại,10690000,OPPO,0,61,0,2025-03-20 19:31:41,2026-03-29 12:13:07
310,Samsung Galaxy S25 5G 12GB 512GB - Cũ trầy xước,"Mua điện thoại Samsung Galaxy S25 12GB 512GB cũ giá rẻ - Nguồn gốc rõ ràng, bảo hành 6-12 tháng, đổi mới 30 ngày, luôn xuất bán đầy đủ VAT.","- Kích thước màn hình: 6.2 inches
- Công nghệ màn hình: Dynamic AMOLED 2X
- Camera sau: Camera siêu rộng 12MP Camera góc rộng 50MPCamera Tele 10MP
- Camera trước: 12MP
- Chipset: Snapdragon 8 Elite dành cho Galaxy (3nm)
- Công nghệ NFC: Có
- Dung lượng RAM: 12 GB
- Bộ nhớ trong: 512 GB
- Pin: 4000 mAh
- Thẻ SIM: 2 Nano-SIM + eSIM
- Hệ điều hành: Android 15
- Độ phân giải màn hình: 2340 x 1080-pixel
- Tính năng màn hình: 120Hz2600 nitsCorning® Gorilla® Armor 2Mở khoá khuôn mặt
- Loại CPU: Tốc độ CPU 4.47GHz, 3.5GHz 8 nhân","Mua điện thoại Samsung Galaxy S25 12GB 512GB cũ giá rẻ - Nguồn gốc rõ ràng, bảo hành 6-12 tháng, đổi mới 30 ngày, luôn xuất bán đầy đủ VAT.",Điện thoại,15490000,Samsung,2,44,0,2025-06-30 19:45:49,2026-03-29 12:13:07
311,Samsung Galaxy S26 5G 12GB 256GB - Đã kích hoạt,"Mua Samsung Galaxy S26 12GB 256GB đã kích hoạt bảo hành, đổi mới 30 ngày, có trả góp 0%","- Kích thước màn hình: 6.3 inches
- Công nghệ màn hình: Dynamic AMOLED 2X
- Camera sau: Camera siêu rộng: 12MPCamera góc rộng: 50MPCamera Tele: 10MP
- Camera trước: 12MP
- Chipset: Exynos 2600 (2nm)
- Công nghệ NFC: Có
- Dung lượng RAM: 12 GB
- Bộ nhớ trong: 256 GB
- Pin: 4300 mAh
- Thẻ SIM: 2 Nano-SIM + eSIM
- Độ phân giải màn hình: 2340 x 1080-pixel
- Tính năng màn hình: Tần số quét: 1-120HzĐộ sáng tối đa: 2600 nits","Mua Samsung Galaxy S26 12GB 256GB đã kích hoạt bảo hành, đổi mới 30 ngày, có trả góp 0%",Điện thoại,19790000,Samsung,2,8,0,2025-04-07 12:38:34,2026-03-29 12:13:07
312,Samsung Galaxy S26 Plus 5G 12GB 256GB - Đã kích hoạt,"Mua điện thoại Samsung Galaxy S26+ (Plus) đã kích hoạt bảo hành, đổi mới 30 ngày, có trả góp 0%","- Kích thước màn hình: 6.7 inches
- Công nghệ màn hình: Dynamic AMOLED 2X
- Camera sau: Camera siêu rộng: 12MPCamera góc rộng: 50MPCamera Tele: 10MP
- Camera trước: 12MP
- Chipset: Exynos 2600 (2nm)
- Công nghệ NFC: Có
- Dung lượng RAM: 12 GB
- Bộ nhớ trong: 256 GB
- Pin: 4900 mAh
- Thẻ SIM: 2 Nano-SIM + eSIM
- Độ phân giải màn hình: 3120 x 1440 pixels (Quad HD+)
- Tính năng màn hình: Tần số quét: 1-120HzĐộ sáng tối đa: 2600 nits","Mua điện thoại Samsung Galaxy S26+ (Plus) đã kích hoạt bảo hành, đổi mới 30 ngày, có trả góp 0%",Điện thoại,23390000,Samsung,2,185,0,2025-07-20 12:23:22,2026-03-29 12:13:07
313,Samsung Galaxy S26 Ultra 5G 12GB 512GB - Đã kích hoạt,"Mua Samsung Galaxy S26 Ultra 512GB đã kích hoạt bảo hành, đổi mới 30 ngày, có trả góp 0%","- Kích thước màn hình: 6.9 inches
- Công nghệ màn hình: Dynamic AMOLED 2X
- Camera sau: Camera siêu rộng: 50MPCamera góc rộng: 200MPCamera Tele (5x): 50MPCamera Tele (3x): 10MP
- Camera trước: 12MP
- Chipset: Snapdragon 8 Elite Gen 5 dành cho Galaxy (3nm)
- Công nghệ NFC: Có
- Dung lượng RAM: 12 GB
- Bộ nhớ trong: 512 GB
- Pin: 5000 mAh
- Thẻ SIM: 2 Nano-SIM + eSIM
- Độ phân giải màn hình: 3120 x 1440 pixels (Quad HD+)
- Tính năng màn hình: Tần số quét: 1-120HzĐộ sáng tối đa: 2600 nits","Mua Samsung Galaxy S26 Ultra 512GB đã kích hoạt bảo hành, đổi mới 30 ngày, có trả góp 0%",Điện thoại,34190000,Samsung,2,33,0,2026-01-08 07:12:42,2026-03-29 12:13:07
314,vivo iQOO Z9x 8GB 256GB - Cũ đẹp,"Mua điện thoại vivo iQOO Z9x chính hãng cũ giá rẻ - Nguồn gốc rõ ràng, bảo hành 6-12 tháng, đổi mới 30 ngày, luôn xuất bán đầy đủ VAT.","- Kích thước màn hình: 6.72 inches
- Công nghệ màn hình: IPS LCD
- Camera sau: Camera góc rộng: 50 MP, f/1.8, PDAFCamera độ sâu: 2 MP, f/2.4
- Camera trước: Camera góc rộng: 8 MP, f/2.1
- Chipset: Qualcomm SM6450 Snapdragon 6 Gen 1 (4 nm)
- Công nghệ NFC: Không
- Dung lượng RAM: 8 GB
- Bộ nhớ trong: 256 GB
- Pin: 6000 mAh
- Thẻ SIM: 2 Nano-SIM
- Hệ điều hành: Android 14, OriginOS 4
- Độ phân giải màn hình: 1080 x 2408 pixels
- Tính năng màn hình: Độ phân giải Full-HD+, độ sáng 1,000 nits, tần số quét 120Hz, 16 triệu màu, Tỷ lệ 20:9 , mật độ phân giải ~393 ppi
- Loại CPU: 8 nhân (4x2.2 GHz &amp; 4x1.8 GHz)","Mua điện thoại vivo iQOO Z9x chính hãng cũ giá rẻ - Nguồn gốc rõ ràng, bảo hành 6-12 tháng, đổi mới 30 ngày, luôn xuất bán đầy đủ VAT.",Điện thoại,3290000,Vivo,2,47,0,2025-02-26 18:06:43,2026-03-29 12:13:07
315,Vivo Y19S Pro 4GB 128GB - Cũ đẹp,"Mua điện thoại Vivo Y19S Pro 4GB 128GB cũ giá rẻ - Nguồn gốc rõ ràng, bảo hành 6-12 tháng, đổi mới 30 ngày, luôn xuất bán đầy đủ VAT.","- Kích thước màn hình: 6.68 inches
- Công nghệ màn hình: IPS LCD
- Camera sau: Chính 50 MP &amp; Phụ 0.08 MP
- Camera trước: 5 MP, f/2.2
- Chipset: Unisoc Tiger T612
- Công nghệ NFC: Có
- Dung lượng RAM: 4 GB
- Bộ nhớ trong: 128 GB
- Pin: 6000 mAh
- Thẻ SIM: 2 Nano-SIM
- Hệ điều hành: Android 15
- Độ phân giải màn hình: 1608 × 720 pixels
- Tính năng màn hình: 90 Hz, 1000 nits, Kính cường lực","Mua điện thoại Vivo Y19S Pro 4GB 128GB cũ giá rẻ - Nguồn gốc rõ ràng, bảo hành 6-12 tháng, đổi mới 30 ngày, luôn xuất bán đầy đủ VAT.",Điện thoại,2790000,Vivo,2,179,0,2024-08-28 05:44:48,2026-03-29 12:13:07
316,Xiaomi Redmi Note 15 Pro 12GB 256GB - Cũ xước cấn,"Mua điện thoại Xiaomi Redmi Note 15 Pro 4G 12GB/256GB cũ giá rẻ - Nguồn gốc rõ ràng, bảo hành 6-12 tháng, đổi mới 30 ngày, luôn xuất bán đầy đủ VAT.","- Kích thước màn hình: 6.77 inches
- Công nghệ màn hình: AMOLED
- Camera sau: 200MP (chính) + 8MP (siêu rộng)
- Camera trước: 32MP
- Chipset: MediaTek Helio G200-Ultra
- Dung lượng RAM: 12 GB
- Bộ nhớ trong: 256 GB
- Pin: 6500mAh
- Hệ điều hành: Xiaomi HyperOS 2
- Độ phân giải màn hình: 1080 x 2392 pixels
- Tính năng màn hình: Độ sáng tối đa 3200 nits, 12-bit, DCI-P3, PWM 3840Hz, TÜV Rheinland","Mua điện thoại Xiaomi Redmi Note 15 Pro 4G 12GB/256GB cũ giá rẻ - Nguồn gốc rõ ràng, bảo hành 6-12 tháng, đổi mới 30 ngày, luôn xuất bán đầy đủ VAT.",Điện thoại,6190000,Xiaomi,2,75,0,2024-11-28 19:37:49,2026-03-29 12:13:07
317,Giá treo màn hình HyperWork T6 Pro V2 17-32 inch,"Mua Giá treo màn hình HyperWork T6 Pro V2 17-32 inch chính hãng - Giá rẻ, đảm bảo chất lượng, độ bền cao, hỗ trợ giao hàng tận nơi toàn quốc.","- Chuẩn VESA: 75 x 75 mm, 100 x 100 mm
- Góc xoay dọc: Xoay +90° ~ -90°
- Góc xoay ngang: Nghiêng trái, phải +90° ~ -90°
- Góc lật màn hình: Úp, ngửa +55° ~ -55°
- Độ dày bàn phù hợp: 10-88 mm (kẹp bàn) hoặc 10-40 mm (khoan bàn)
- Kích cỡ màn hình hỗ trợ: 17-32 inch
- Tải trọng màn hình tối đa: 2-9 kg
- Hãng sản xuất: HyperWork","Mua Giá treo màn hình HyperWork T6 Pro V2 17-32 inch chính hãng - Giá rẻ, đảm bảo chất lượng, độ bền cao, hỗ trợ giao hàng tận nơi toàn quốc.",Khác,859000,HyperWork,0,21,0,2026-01-02 10:10:15,2026-03-29 12:13:07
318,Laptop ASUS Vivobook S14 M3407HA-SF490W,"Mua ngay Laptop ASUS Vivobook S14 M3407HA-SF490W giá rẻ - Hỗ trợ trả góp 0%, đổi mới 30 ngày, bảo hành chính hãng, giao hàng tận nơi miễn phí.","- Chip AI: AMD XDNA NPU up to 16TOPS
- Loại card đồ họa: AMD Radeon Graphics
- Dung lượng RAM: 16GB
- Loại RAM: DDR5 on board
- Ổ cứng: 512GB M.2 NVMe PCIe 4.0 SSD
- Kích thước màn hình: 14 inches
- Công nghệ màn hình: Thời gian phản hồi 0.2 ms Độ sáng 300 nits Độ phủ màu 95% DCI-P3 Độ tương phản: 1.000.000:1 1.07 tỷ màu Chứng nhận TÜV Rheinland
- Pin: 70WHrs, 4S1P, 4-cell Li-ion
- Hệ điều hành: Windows 11 Home
- Độ phân giải màn hình: 1920 x 1200 pixels (WUXGA)
- Loại CPU: AMD Ryzen 7 260 3.8GHz (24MB Cache, up to 5.1 GHz, 8 lõi, 16 luồng)
- Cổng giao tiếp: 2 x USB 3.2 Gen 1 Type-A (5Gbps) 2 x USB 3.2 Gen 1 Type-C (Display/Power Delivery, 5Gbps) 1 x HDMI 2.1 1 x jack tai nghe/mic 3.5 mm","Mua ngay Laptop ASUS Vivobook S14 M3407HA-SF490W giá rẻ - Hỗ trợ trả góp 0%, đổi mới 30 ngày, bảo hành chính hãng, giao hàng tận nơi miễn phí.",Laptop,23990000,ASUS,0,39,0,2024-11-01 03:53:52,2026-03-29 12:13:07
319,Màn hình Aiwa AW-MF2228-Y 22 inch,"Mua Màn hình Aiwa AW-MF2228-Y 22 inch chính hãng - Giá rẻ, đảm bảo chất lượng, độ bền cao, hỗ trợ trả góp 0%, giao hàng miễn phí toàn quốc.","- Kích thước thực tế (bao gồm viền): 22 inches
- Tấm nền: VA
- Tỉ lệ màn hình: 16:9
- Tần số quét: 100 Hz
- Thời gian phản hồi: 2ms
- Treo tường: 75 x 75 mm
- Cổng kết nối: 1 x HDMI 1 x VGA
- Trọng lượng: 2.9 kg
- Độ phân giải màn hình: 1920 x 1080 pixels","Mua Màn hình Aiwa AW-MF2228-Y 22 inch chính hãng - Giá rẻ, đảm bảo chất lượng, độ bền cao, hỗ trợ trả góp 0%, giao hàng miễn phí toàn quốc.",Khác,1490000,Aiwa,0,167,0,2024-10-27 15:29:37,2026-03-29 12:13:07
320,Màn hình Gaming AOC 24G50Z 24 inch,"Mua Màn hình Gaming AOC 24G50Z 24 inch chính hãng - Giá rẻ, đảm bảo chất lượng, độ bền cao, hỗ trợ trả góp 0%, giao hàng miễn phí toàn quốc.","- Kích thước thực tế (bao gồm viền): 24 inches
- Tấm nền: IPS
- Tỉ lệ màn hình: 16:9
- Tần số quét: 260 Hz
- Thời gian phản hồi: 0.3ms
- Cổng kết nối: 1 x HDMI 2.0 1 x DisplayPort 1.4 HDCP 2.2 (HDMI, DisplayPort)","Mua Màn hình Gaming AOC 24G50Z 24 inch chính hãng - Giá rẻ, đảm bảo chất lượng, độ bền cao, hỗ trợ trả góp 0%, giao hàng miễn phí toàn quốc.",Khác,2790000,AOC,0,167,0,2024-07-04 23:23:30,2026-03-29 12:13:07
321,Màn hình Gaming AOC Q27G42ZE 27 inch,"Mua Màn hình Gaming AOC Q27G42ZE 27 inch chính hãng - Giá rẻ, đảm bảo chất lượng, độ bền cao, hỗ trợ trả góp 0%, giao hàng miễn phí toàn quốc.","- Kích thước thực tế (bao gồm viền): 27 inches
- Tấm nền: IPS
- Tỉ lệ màn hình: 16:9
- Tần số quét: 260 Hz
- Thời gian phản hồi: 1ms
- Treo tường: 100 x 100 mm
- Cổng kết nối: 2 x HDMI 2.0 1 x DisplayPort 1.4
- Độ phân giải màn hình: 2560 x 1440 pixels","Mua Màn hình Gaming AOC Q27G42ZE 27 inch chính hãng - Giá rẻ, đảm bảo chất lượng, độ bền cao, hỗ trợ trả góp 0%, giao hàng miễn phí toàn quốc.",Khác,4790000,AOC,0,33,0,2025-01-27 11:22:48,2026-03-29 12:13:07
322,Màn hình Gaming ASUS TUF VG34WQ5A 34 inch,"Mua Màn hình Gaming ASUS TUF VG34WQ5A 34 inch chính hãng - Giá rẻ, đảm bảo chất lượng, độ bền cao, hỗ trợ trả góp 0%, giao hàng miễn phí toàn quốc.","- Kích thước thực tế (bao gồm viền): 34 inches
- Tấm nền: VA
- Tỉ lệ màn hình: 21:9
- Tần số quét: 200 Hz
- Thời gian phản hồi: 0.5ms
- Treo tường: 100 x 100 mm
- Cổng kết nối: 2 x DisplayPort 1.4 (HBR3) 2 x HDMI 2.0 2 x USB 3.2 Gen 1 Type-A 1 x USB 3.2 (Signal) 1 x cổng tai nghe
- Kích thước: Có chân đế: 81.0 x 43.8 x 21.4 cm Không chân đế: 81.02 x 37.0 x 11.4 cm
- Trọng lượng: Có chân đế: 7.4 kg Không chân đế: 6.31 kg
- Độ phân giải màn hình: 3440 x 1440 pixels","Mua Màn hình Gaming ASUS TUF VG34WQ5A 34 inch chính hãng - Giá rẻ, đảm bảo chất lượng, độ bền cao, hỗ trợ trả góp 0%, giao hàng miễn phí toàn quốc.",Khác,7490000,ASUS,0,155,0,2024-08-30 05:58:18,2026-03-29 12:13:07
323,Màn hình ASUS VU279CFE-G 27 inch,"Mua Màn hình ASUS VU279CFE-G 27 inch chính hãng - Giá rẻ, đảm bảo chất lượng, độ bền cao, hỗ trợ trả góp 0%, giao hàng miễn phí toàn quốc.","- Kích thước thực tế (bao gồm viền): 27 inches
- Tấm nền: IPS
- Tỉ lệ màn hình: 16:9
- Tần số quét: 100 Hz
- Thời gian phản hồi: 1ms
- Treo tường: 75 x 75 mm
- Cổng kết nối: 1 x USB-C (DP Alt Mode, Power Delivery 15W) 1 x HDMI 1.4 Jack tai nghe 3.5 mm
- Kích thước: Không chân đế: 61.1 x 36.3 x 4.6 cm Có chân đế: 61.1 x 48.4 x 20.2 cm
- Trọng lượng: Không chân đế: 4.3 kg Có chân đế: 4.8 kg
- Độ phân giải màn hình: 1920 x 1080 pixels","Mua Màn hình ASUS VU279CFE-G 27 inch chính hãng - Giá rẻ, đảm bảo chất lượng, độ bền cao, hỗ trợ trả góp 0%, giao hàng miễn phí toàn quốc.",Khác,3290000,ASUS,0,164,0,2024-05-14 02:29:05,2026-03-29 12:13:07
324,Màn hình ASUS VU279CFE-P 27 inch,"Mua Màn hình ASUS VU279CFE-P 27 inch chính hãng - Giá rẻ, đảm bảo chất lượng, độ bền cao, hỗ trợ trả góp 0%, giao hàng miễn phí toàn quốc.","- Kích thước thực tế (bao gồm viền): 27 inches
- Tấm nền: IPS
- Tỉ lệ màn hình: 16:9
- Tần số quét: 100 Hz
- Thời gian phản hồi: 1ms
- Treo tường: 75 x 75 mm
- Cổng kết nối: 1 x USB-C (DP Alt Mode, Power Delivery 15W) 1 x HDMI 1.4 Jack tai nghe 3.5 mm
- Kích thước: Không chân đế: 61.1 x 36.3 x 4.6 cm Có chân đế: 61.1 x 48.4 x 20.2 cm
- Trọng lượng: Không chân đế: 4.3 kg Có chân đế: 4.8 kg
- Độ phân giải màn hình: 1920 x 1080 pixels","Mua Màn hình ASUS VU279CFE-P 27 inch chính hãng - Giá rẻ, đảm bảo chất lượng, độ bền cao, hỗ trợ trả góp 0%, giao hàng miễn phí toàn quốc.",Khác,3290000,ASUS,0,151,0,2026-03-12 14:42:05,2026-03-29 12:13:07
325,Màn hình cong MSI Pro MP341CQW E12 34 inch,"Mua Màn hình cong MSI Pro MP341CQW E12 34 inch chính hãng - Giá rẻ, đảm bảo chất lượng, độ bền cao, hỗ trợ giao hàng tận nơi toàn quốc.","- Kích thước thực tế (bao gồm viền): 34 inches
- Tấm nền: VA
- Tỉ lệ màn hình: 21:9
- Tần số quét: 120 Hz
- Thời gian phản hồi: 1ms
- Độ tương phản động: 100000000:1
- Treo tường: 100 x 100 mm
- Cổng kết nối: 2 x HDMI 2.0b (UWQHD@100Hz) 1 x DisplayPort 1.4a (HBR2) 1 x Headphone-out
- Kích thước: Có chân đế: 809.34 x 237 x 469.54 mm Không chân đế: 809.34 x 106.79 x 365.84 mm
- Trọng lượng: Có chân đế: 11.1 kg Không chân đế: 7.1 kg
- Độ phân giải màn hình: 3440 x 1440 pixels","Mua Màn hình cong MSI Pro MP341CQW E12 34 inch chính hãng - Giá rẻ, đảm bảo chất lượng, độ bền cao, hỗ trợ giao hàng tận nơi toàn quốc.",Khác,6590000,MSI,0,31,0,2026-01-01 04:21:24,2026-03-29 12:13:07
326,Màn hình E‑Dra EGM22F100V 22 inch,"Mua Màn hình E‑Dra EGM22F100V 22 inch chính hãng - Giá rẻ, đảm bảo chất lượng, độ bền cao, hỗ trợ trả góp 0%, giao hàng miễn phí toàn quốc.","- Kích thước thực tế (bao gồm viền): 22 inches
- Tấm nền: VA
- Tỉ lệ màn hình: 16:9
- Tần số quét: 100 Hz
- Thời gian phản hồi: 5ms
- Treo tường: 75 x 75 mm
- Cổng kết nối: 1 x DisplayPort 1 x HDMI 2.0
- Kích thước: 598 x 99 x 366 mm
- Trọng lượng: 2.55 kg
- Độ phân giải màn hình: 1920 x 1080 pixels","Mua Màn hình E‑Dra EGM22F100V 22 inch chính hãng - Giá rẻ, đảm bảo chất lượng, độ bền cao, hỗ trợ trả góp 0%, giao hàng miễn phí toàn quốc.",Khác,1490000,E-DRA,0,165,0,2026-01-24 12:21:17,2026-03-29 12:13:07
327,Màn hình Gaming E‑Dra EGM27F220PVS 27 inch,"Mua Màn hình Gaming E‑Dra EGM27F220PVS 27 inchchính hãng - Giá rẻ, đảm bảo chất lượng, độ bền cao, hỗ trợ trả góp 0%, giao hàng miễn phí toàn quốc.","- Kích thước thực tế (bao gồm viền): 27 inches
- Tấm nền: IPS
- Tỉ lệ màn hình: 16:9
- Tần số quét: 220 Hz
- Thời gian phản hồi: 1ms
- Treo tường: 75 x 75 mm
- Cổng kết nối: 1 x HDMI 1 x DisplayPort 1 x Cổng âm thanh
- Độ phân giải màn hình: 1920 x 1080 pixels","Mua Màn hình Gaming E‑Dra EGM27F220PVS 27 inchchính hãng - Giá rẻ, đảm bảo chất lượng, độ bền cao, hỗ trợ trả góp 0%, giao hàng miễn phí toàn quốc.",Khác,2890000,E-DRA,0,120,0,2025-05-01 22:42:22,2026-03-29 12:13:07
328,Màn hình Gaming E‑Dra EGM27F240S 27 inch,"Mua Màn hình Gaming E‑Dra EGM27F240S 27 inch chính hãng - Giá rẻ, đảm bảo chất lượng, độ bền cao, hỗ trợ trả góp 0%, giao hàng miễn phí toàn quốc.","- Kích thước thực tế (bao gồm viền): 27 inches
- Tấm nền: IPS
- Tỉ lệ màn hình: 16:9
- Tần số quét: 240 Hz
- Thời gian phản hồi: 1ms
- Treo tường: 75 x 75 mm
- Cổng kết nối: 1 x HDMI 1 x DisplayPort 1 x Cổng âm thanh
- Độ phân giải màn hình: 1920 x 1080 pixels","Mua Màn hình Gaming E‑Dra EGM27F240S 27 inch chính hãng - Giá rẻ, đảm bảo chất lượng, độ bền cao, hỗ trợ trả góp 0%, giao hàng miễn phí toàn quốc.",Khác,2890000,E-DRA,0,150,0,2025-07-13 07:16:49,2026-03-29 12:13:07
329,Màn hình Gaming LG UltraGear OLED 45GX950 45 inch,"Mua Màn hình Gaming LG UltraGear OLED 45GX950 45 inch chính hãng - Giá rẻ, đảm bảo chất lượng, độ bền cao, hỗ trợ trả góp 0%, giao hàng miễn phí toàn quốc.","- Kích thước thực tế (bao gồm viền): 45 inches
- Tấm nền: OLED
- Tỉ lệ màn hình: 21:9
- Tần số quét: 165 Hz
- Thời gian phản hồi: 0.03ms
- Treo tường: 100 x 100 mm
- Cổng kết nối: 2 x HDMI 1 x DisplayPort 2.1 1 x USB-C (truyền dữ liệu, tối đa 5120 x 2160 @165Hz, sạc 90W) 1 x jack tai nghe/mic 3.5 mm 2 x USB 3.0 Downstream 1 x USB-C Upstream
- Kích thước: Có chân đế: 991.6 x 665.6 x 342mm (đứng) 991.6 x 545.6 x 342mm (nằm) Không chân đế: 991.6 x 460.7 x 225.5mm
- Trọng lượng: Có chân đế: 14 kgKhông chân đế: 9.4 kg
- Độ phân giải màn hình: 5120 x 2160 pixels","Mua Màn hình Gaming LG UltraGear OLED 45GX950 45 inch chính hãng - Giá rẻ, đảm bảo chất lượng, độ bền cao, hỗ trợ trả góp 0%, giao hàng miễn phí toàn quốc.",Khác,56990000,LG,0,59,0,2025-06-02 23:46:47,2026-03-29 12:13:07
330,Màn hình thông minh Samsung M8 M80F LS32FM803UEXXV Vision AI 32 inch,"Mua Màn hình thông minh Samsung M8 M80F LS32FM803UEXXV Vision AI 32 inch chính hãng - Giá rẻ, đảm bảo chất lượng, độ bền cao, hỗ trợ trả góp 0%, giao hàng miễn phí toàn quốc.","- Kích thước thực tế (bao gồm viền): 32 inches
- Tấm nền: VA
- Tỉ lệ màn hình: 16:9
- Tần số quét: 60 Hz
- Thời gian phản hồi: 4ms
- Treo tường: 100 x 100 mm
- Cổng kết nối: Hiển thị không dây 1 x HDMI 2.0 HDCP 2.2 (HDMI) 2 x USB Hub (USB 2.0) 1 x USB-C (sạc 65W) HDCP 2.2 (USB-C) Wi-Fi 5 Bluetooth 5.2
- Kích thước: Có chân đế: 713.4 x 616.2 x 200.1 mm Không có chân đế: 713.4 x 423.8 x 24.5 mm
- Trọng lượng: Có chân đế: 7.0 kg Không có chân đế: 4.0 kg
- Độ phân giải màn hình: 3840 x 2160 pixels","Mua Màn hình thông minh Samsung M8 M80F LS32FM803UEXXV Vision AI 32 inch chính hãng - Giá rẻ, đảm bảo chất lượng, độ bền cao, hỗ trợ trả góp 0%, giao hàng miễn phí toàn quốc.",Điện thoại,11990000,Samsung,0,46,0,2024-09-20 19:11:43,2026-03-29 12:13:07
331,Máy chụp ảnh phim Fujifilm Quicksnap Flash Superia 400 27exp,"Mua Máy chụp ảnh phim Fujifilm Quicksnap Flash Superia 400 27exp chính hãng - Giá rẻ, đảm bảo chất lượng, độ bền cao, hỗ trợ giao hàng tận nơi toàn quốc.","- Hãng sản xuất: Fujifilm
- Loại máy ảnh: Máy ảnh phim
- Loại ống kính: Ống kính nhựa, 32mm f/10, ống kính lấy nét cố định
- Khẩu độ: f/10
- Tiêu cự: 32 mm
- Loại kính ngắm: Kính ngắm kiểu Galilean đảo ngược bằng nhựa
- Màn trập: 1/100 giây","Mua Máy chụp ảnh phim Fujifilm Quicksnap Flash Superia 400 27exp chính hãng - Giá rẻ, đảm bảo chất lượng, độ bền cao, hỗ trợ giao hàng tận nơi toàn quốc.",Khác,590000,Fujifilm,0,17,0,2026-03-02 07:01:26,2026-03-29 12:13:07
332,Máy chiếu Eroc Flip Full HD - Cũ,"Mua Máy chiếu Eroc Flip Full HD cũ giá rẻ - Nguồn gốc rõ ràng, bảo hành 6-12 tháng, đổi mới 30 ngày, luôn xuất bán đầy đủ VAT.","- Độ phân giải: Full HD
- Công nghệ hình ảnh: Công nghệ chiếu LCDNguồn sáng LEDỐng kính tráng quang họcĐộ phân giải thực 1080P
- Kích thước màn hình phù hợp: 40 - 150 inch
- Công nghệ âm thanh: Tích hợp loa kép stereoHỗ trợ Bluetooth 5.0 để kết nối loa ngoài
- Hệ điều hành: Android 12
- Tính năng: RAM 1GB + ROM 8GB
- Tính năng thông minh: Tự động lấy nétTrình chiếu không dâyChia sẻ màn hình điện thoại
- Cổng kết nối: 1 cổng HDMI1 cổng USB-A1 cổng tai ngheWifi: 2.4Ghz và 5GhzBluetooth: phiên bản 5.0
- Hãng sản xuất: Eroc","Mua Máy chiếu Eroc Flip Full HD cũ giá rẻ - Nguồn gốc rõ ràng, bảo hành 6-12 tháng, đổi mới 30 ngày, luôn xuất bán đầy đủ VAT.",Khác,2390000,Eroc,0,90,0,2024-04-22 23:20:38,2026-03-29 12:13:07
333,Máy chiếu hiệu Wanbo X5 Pro - Cũ,"Mua Máy chiếu hiệu Wanbo X5 Pro cũ giá rẻ - Nguồn gốc rõ ràng, bảo hành 6-12 tháng, đổi mới 30 ngày, luôn xuất bán đầy đủ VAT.","- Độ phân giải: Full HD
- Công nghệ hình ảnh: Hiệu chỉnh Keystone tự động (dọc ±30°) + (ngang ±30°)Điều chỉnh lấy nét tự độngTránh chướng ngại vật tự độngCăn chỉnh màn hình tự động
- Khoảng cách chiếu: 1.1 - 3.9 m
- Kích thước màn hình phù hợp: 40 - 140 inch
- Công nghệ âm thanh: 2 x 5WÂm thanh HiFi StereoĐộ ồn ≤26dB/m
- Hệ điều hành: Android TV 11.0
- Tính năng: Trợ lý ảo Google Assistant
- Tính năng thông minh: Kết nối không dây với điện thoạiWiFi băng tần kép 2.4G - 5G HzBluetooth 5.0
- Cổng kết nối: 1 x HDMI2 x USB1 x AUX
- Hãng sản xuất: Hãng khác","Mua Máy chiếu hiệu Wanbo X5 Pro cũ giá rẻ - Nguồn gốc rõ ràng, bảo hành 6-12 tháng, đổi mới 30 ngày, luôn xuất bán đầy đủ VAT.",Khác,4550000,Hãng khác,2,41,0,2024-07-05 13:30:28,2026-03-29 12:13:07
334,Máy chiếu Wanbo Vali 1 - Cũ,"Mua Máy chiếu Wanbo Vali 1 cũ giá rẻ - Nguồn gốc rõ ràng, bảo hành 6-12 tháng, đổi mới 30 ngày, luôn xuất bán đầy đủ VAT.","- Độ phân giải: Full HD
- Công nghệ hình ảnh: Hiệu chỉnh Keystone tự động (dọc ±30°) + (ngang ±30°)Điều chỉnh lấy nét tự độngTránh chướng ngại vật tự độngCăn chỉnh màn hình tự động
- Khoảng cách chiếu: 1.2 - 3.9 m
- Kích thước màn hình phù hợp: 40 - 130 inch
- Công nghệ âm thanh: 2 x 6WĐộ ồn ≤28dB/m
- Hệ điều hành: Android TV 11.0
- Tính năng: Trợ lý ảo Google Assistant
- Tính năng thông minh: ChromecastWiFi băng tần kép 2.4G - 5G HzBluetooth 5.0
- Cổng kết nối: 1 x HDMI1 x USB1 x AUX
- Hãng sản xuất: Wanbo","Mua Máy chiếu Wanbo Vali 1 cũ giá rẻ - Nguồn gốc rõ ràng, bảo hành 6-12 tháng, đổi mới 30 ngày, luôn xuất bán đầy đủ VAT.",Khác,3200000,Wanbo,2,69,0,2025-04-26 06:45:14,2026-03-29 12:13:07
335,Thiết bị phát hiện camera Baseus Heyo Series II - Cũ,"Mua Thiết bị phát hiện camera Baseus Heyo Series II cũ giá rẻ - Nguồn gốc rõ ràng, bảo hành 6-12 tháng, đổi mới 30 ngày, luôn xuất bán đầy đủ VAT.","- Pin: 60 mAh
- Hãng sản xuất: Baseus
- Chất liệu: Nhựa ABS + PC + Silica
- Cổng sạc vào: USB-C
- Tính năng khác: Tích hợp chuông báo động khi có người xâm nhập4 đèn Led hồng ngoại giúp bạn dễ dàng phát hiện camera giấu ẩnMàng filter giúp người nhìn bảo vệ mắt khi nhìn ánh sáng đỏ hồng ngoạiTích hợp đèn pin để soi chiếu camera ẩn","Mua Thiết bị phát hiện camera Baseus Heyo Series II cũ giá rẻ - Nguồn gốc rõ ràng, bảo hành 6-12 tháng, đổi mới 30 ngày, luôn xuất bán đầy đủ VAT.",Khác,190000,Baseus,0,88,0,2024-04-09 19:57:31,2026-03-29 12:13:07
336,Máy hút bụi cầm tay AQUA AQS-CCX600R(W)-VN - Cũ,"Mua máy hút bụi cầm tay AQUA AQS-CCX600R(W)-VN cũ giá rẻ - Nguồn gốc rõ ràng, bảo hành 6-12 tháng, đổi mới 30 ngày, luôn xuất bán đầy đủ VAT.","- Dòng điện vào: 220V ~ 50/60Hz
- Chức năng: Hút bụi
- Lực hút: 15.000Pa
- Dung tích ngăn chứa bụi: 800ml
- Trọng lượng: 1.67 kg
- Tiện ích: Bộ lọc HEPA
- Kích thước: 23 x 17.3 x 122.5 cmĐộ dài dây điện: 500 cm
- Công suất: 600W
- Hãng sản xuất: Aqua
- Chất liệu: Nhựa ABS, Inox","Mua máy hút bụi cầm tay AQUA AQS-CCX600R(W)-VN cũ giá rẻ - Nguồn gốc rõ ràng, bảo hành 6-12 tháng, đổi mới 30 ngày, luôn xuất bán đầy đủ VAT.",Khác,430000,Aqua,0,80,0,2024-04-27 06:05:40,2026-03-29 12:13:07
337,Máy hút bụi cầm tay Deerma DX115C 600W có dây - Cũ,"Máy hút bụi cầm tay Deerma DX115C 600W cũ giá rẻ - Nguồn gốc rõ ràng, bảo hành 6-12 tháng, đổi mới 30 ngày, luôn xuất bán đầy đủ VAT.","- Chức năng: Hút bụi
- Lực hút: 15000 Pa
- Dung tích ngăn chứa bụi: 1.2 lít
- Trọng lượng: 1.58 kg
- Tiện ích: Công nghệ lốc xoáy Pro-Cyclone, Rocket VacuumThiết kế 2 trong 1 (có thể tháo rời khỏi ống nối/thân máy)Có bộ lọc HEPA
- Kích thước: 20.6 x 101 x 12.8 cm (dây điện 5 mét)
- Công suất: 600W
- Hãng sản xuất: Deerma","Máy hút bụi cầm tay Deerma DX115C 600W cũ giá rẻ - Nguồn gốc rõ ràng, bảo hành 6-12 tháng, đổi mới 30 ngày, luôn xuất bán đầy đủ VAT.",Khác,390000,Deerma,0,151,0,2025-04-10 18:22:56,2026-03-29 12:13:07
338,Máy hút bụi lau nhà cầm tay Dreame H12 Pro - Cũ,"Máy hút bụi Dreame H12 Pro cũ giá rẻ - Nguồn gốc rõ ràng, bảo hành 6-12 tháng, đổi mới 30 ngày, luôn xuất bán đầy đủ VAT.","- Chức năng: Hút bụi lau sàn
- Tính năng: Hoạt động êm ái, Hỗ trợ lau nhà, Chống rối tóc - lông thú, Tự động giặt giẻ
- Thời gian hoạt động: 35 phút
- Dung tích ngăn chứa nước: Bình nước sạch: 900mLBình nước thải: 700mL
- Lực hút: 14.500 Pa
- Chế độ hút: Chế độ tự độngChế độ siêu sạchChế độ hút
- Trọng lượng: 4.9 kg
- Tiện ích: Diện tích lau dọn lên đến 180 - 200 m2Động cơ không chổi thanMàn hình LED hiện đạiĐộng cơ treo giảm độ rung, tiếng ồn và độ xócCuộn lăn trợ lực điệnTự làm sạch cuộn lănTự làm khô cuộn lănTắt tính năng nhắc nhởChế độ Ultra M
- Kích thước: 712 x 325 x 294 mm
- Công suất: 300W
- Hãng sản xuất: Dreame
- Cảm biến: Cảm biến phát hiện độ bẩn của bề mặt","Máy hút bụi Dreame H12 Pro cũ giá rẻ - Nguồn gốc rõ ràng, bảo hành 6-12 tháng, đổi mới 30 ngày, luôn xuất bán đầy đủ VAT.",Khác,5990000,Dreame,0,112,0,2025-03-02 03:23:05,2026-03-29 12:13:07
339,Máy hút bụi cầm tay Dreame H14 Station - Cũ,"Mua Máy hút bụi cầm tay Dreame H14 Station cũ giá rẻ - Nguồn gốc rõ ràng, bảo hành 6-12 tháng, đổi mới 30 ngày, luôn xuất bán đầy đủ VAT.","- Chức năng: Hút bụi lau sàn
- Tính năng: Điều khiển qua ứng dụng, Tự động điều chỉnh sức hút, Chống rối tóc - lông thú, Tự động giặt giẻ, Tự động sấy giẻ
- Thời gian hoạt động: 40 phút
- Dung tích ngăn chứa nước: Hộc chứa nước sạch 880mlHộc chưa nước bẩn 650ml
- Lực hút: 20000 Pa
- Chế độ hút: Tự độngHútTối ưuTuỳ chỉnh
- Ứng dụng kết nối: Dreamehome
- Trọng lượng: Máy hút bụi: 5,7 kgTrạm sạc: 3,8 kg
- Tiện ích: Tự làm sạch hộc nước bẩnXả nước áp lực cáo giúp loại bỏ tắc nghẽnHệ thống tiệt trùng nước 99,99%Cuộn lăn 480 vòng/phútTự động giặt với nước nóng 100°CTự động sấy khô bằng không khí nóng 75 °CMàn hình Led và nhắc nhở giọng nói
- Kích thước: 32 x 38 x 25 cm
- Công suất: 400W
- Hãng sản xuất: Dreame
- Tiện ích: Công nghệ ThermoClean loại bỏ vi khuẩnTrợ lực Glidewhell đẩy kéo dễ dàngHệ thống AutoFlow bổ sung nước sạch liên tụcCông nghệ 5D Rollingwash làm sạch hộc chứa","Mua Máy hút bụi cầm tay Dreame H14 Station cũ giá rẻ - Nguồn gốc rõ ràng, bảo hành 6-12 tháng, đổi mới 30 ngày, luôn xuất bán đầy đủ VAT.",Khác,9590000,Dreame,99,111,0,2025-12-14 04:32:20,2026-03-29 12:13:07
340,Máy hút bụi cầm tay Roidmi S1 Special - Cũ,"Máy hút bụi cầm tay không dây Roidmi S1 Special cũ giá rẻ - Nguồn gốc rõ ràng, bảo hành 6-12 tháng, đổi mới 30 ngày, luôn xuất bán đầy đủ VAT.","- Chức năng: Hút bụi
- Tính năng: Hoạt động êm ái, Chống rối tóc - lông thú
- Thời gian hoạt động: 50 phút
- Lực hút: 20.000 Pa
- Chế độ hút: Chế độ Standard (tiêu chuẩn)Chế độ Enhanced (tăng cường)
- Dung tích ngăn chứa bụi: 0.4L
- Trọng lượng: 2.6 kg
- Tiện ích: Đầu xoay linh hoạt 270°
- Kích thước: 119 x 25,9 x 15,8 cm
- Công suất: 415 W
- Hãng sản xuất: Roidmi","Máy hút bụi cầm tay không dây Roidmi S1 Special cũ giá rẻ - Nguồn gốc rõ ràng, bảo hành 6-12 tháng, đổi mới 30 ngày, luôn xuất bán đầy đủ VAT.",Khác,890000,Roidmi,2,46,0,2025-02-13 03:05:36,2026-03-29 12:13:07
341,Máy lạnh LG 1.5HP 2026 (IFC12M1),"Mua ngay máy lạnh LG 1.5HP 2026 (IFC12M1) chính hãng - Giá rẻ, đảm bảo chất lượng, độ bền cao, hỗ trợ giao hàng tận nơi toàn quốc.","- Loại máy: 1 chiều (chỉ làm lạnh)
- Kiểu dáng: Máy lạnh treo tường
- Phạm vi làm lạnh: Từ 15 - 20m2
- Công suất làm lạnh: 1.5 HP - 12.000 BTU
- Công nghệ tiết kiệm điện: InverterEnergy Ctrl - Kiểm soát năng lượng chủ động 4 mức
- Công suất tiêu thụ điện: 1.303 kWh
- Công nghệ làm lạnh nhanh: Jet Cool
- Hãng sản xuất: LG","Mua ngay máy lạnh LG 1.5HP 2026 (IFC12M1) chính hãng - Giá rẻ, đảm bảo chất lượng, độ bền cao, hỗ trợ giao hàng tận nơi toàn quốc.",Khác,9190000,LG,2,142,0,2024-04-12 21:08:21,2026-03-29 12:13:07
342,Máy lạnh LG 1.0HP 2026 (IFC09M1),"Mua ngay máy lạnh LG 1.0HP 2026 (IFC09M1) chính hãng - Giá rẻ, đảm bảo chất lượng, độ bền cao, hỗ trợ giao hàng tận nơi toàn quốc.","- Loại máy: 1 chiều (chỉ làm lạnh)
- Kiểu dáng: Máy lạnh treo tường
- Phạm vi làm lạnh: Dưới 15m2
- Công suất làm lạnh: 1 HP - 9.000 BTU
- Công nghệ tiết kiệm điện: InverterEnergy Ctrl - Kiểm soát năng lượng chủ động 4 mức
- Công suất tiêu thụ điện: 1.015 kWh
- Công nghệ làm lạnh nhanh: Jet Cool
- Hãng sản xuất: LG","Mua ngay máy lạnh LG 1.0HP 2026 (IFC09M1) chính hãng - Giá rẻ, đảm bảo chất lượng, độ bền cao, hỗ trợ giao hàng tận nơi toàn quốc.",Khác,7790000,LG,2,165,0,2024-04-13 23:14:20,2026-03-29 12:13:07
343,Máy lạnh LG 2.5HP 2026 (IEC24M2),"Mua ngay máy lạnh LG 2.5HP 2026 (IEC24M2) chính hãng - Giá rẻ, đảm bảo chất lượng, độ bền cao, hỗ trợ giao hàng tận nơi toàn quốc.","- Loại máy: 1 chiều (chỉ làm lạnh)
- Kiểu dáng: Máy lạnh treo tường
- Phạm vi làm lạnh: Từ 30 - 40m2
- Công suất làm lạnh: 2.5 HP - 21.200 BTU
- Công nghệ tiết kiệm điện: Dual InverterKw ManagerEnergy Ctrl - Kiểm soát năng lượng chủ động 4 mức
- Công suất tiêu thụ điện: 2.005 kWh
- Khả năng lọc không khí: Màng lọc sơ cấpBộ lọc PM2.5
- Công nghệ làm lạnh nhanh: Jet Cool
- Hãng sản xuất: LG","Mua ngay máy lạnh LG 2.5HP 2026 (IEC24M2) chính hãng - Giá rẻ, đảm bảo chất lượng, độ bền cao, hỗ trợ giao hàng tận nơi toàn quốc.",Khác,20090000,LG,2,130,0,2025-07-14 07:14:18,2026-03-29 12:13:07
344,Máy lạnh LG 2.5HP 2026 (IFC24M1),"Mua ngay máy lạnh LG 2.5HP 2026 (IFC24M1) chính hãng - Giá rẻ, đảm bảo chất lượng, độ bền cao, hỗ trợ giao hàng tận nơi toàn quốc.","- Loại máy: 1 chiều (chỉ làm lạnh)
- Kiểu dáng: Máy lạnh treo tường
- Phạm vi làm lạnh: Từ 30 - 40m2
- Công suất làm lạnh: 2.5 HP - 24.000 BTU
- Công nghệ tiết kiệm điện: InverterEnergy Ctrl - Kiểm soát năng lượng chủ động 4 mức
- Công suất tiêu thụ điện: 2.4 kWh
- Công nghệ làm lạnh nhanh: Jet Cool
- Hãng sản xuất: LG","Mua ngay máy lạnh LG 2.5HP 2026 (IFC24M1) chính hãng - Giá rẻ, đảm bảo chất lượng, độ bền cao, hỗ trợ giao hàng tận nơi toàn quốc.",Khác,20590000,LG,2,132,0,2024-10-22 09:47:02,2026-03-29 12:13:07
345,Máy lạnh LG 2.0HP 2026 (IEC18M2),"Mua ngay máy lạnh LG 2.0HP 2026 (IEC18M2) chính hãng - Giá rẻ, đảm bảo chất lượng, độ bền cao, hỗ trợ giao hàng tận nơi toàn quốc.","- Loại máy: 1 chiều (chỉ làm lạnh)
- Kiểu dáng: Máy lạnh treo tường
- Phạm vi làm lạnh: Từ 20 - 30m2
- Công suất làm lạnh: 2 HP - 18.100 BTU
- Công nghệ tiết kiệm điện: Dual InverterKw ManagerEnergy Ctrl - Kiểm soát năng lượng chủ động 4 mức
- Công suất tiêu thụ điện: 1.715 kWh
- Khả năng lọc không khí: Màng lọc sơ cấpBộ lọc PM2.5
- Công nghệ làm lạnh nhanh: Jet Cool
- Hãng sản xuất: LG","Mua ngay máy lạnh LG 2.0HP 2026 (IEC18M2) chính hãng - Giá rẻ, đảm bảo chất lượng, độ bền cao, hỗ trợ giao hàng tận nơi toàn quốc.",Khác,18690000,LG,2,82,0,2025-08-07 03:45:24,2026-03-29 12:13:07
346,Máy lạnh LG 2.0HP 2026 (IFC18M1),"Mua ngay máy lạnh LG 2.0HP 2026 (IFC18M1) chính hãng - Giá rẻ, đảm bảo chất lượng, độ bền cao, hỗ trợ giao hàng tận nơi toàn quốc.","- Loại máy: 1 chiều (chỉ làm lạnh)
- Kiểu dáng: Máy lạnh treo tường
- Phạm vi làm lạnh: Từ 20 - 30m2
- Công suất làm lạnh: 2 HP - 18.000 BTU
- Công nghệ tiết kiệm điện: InverterEnergy Ctrl - Kiểm soát năng lượng chủ động 4 mức
- Công suất tiêu thụ điện: 1.972 kWh
- Công nghệ làm lạnh nhanh: Jet Cool
- Hãng sản xuất: LG","Mua ngay máy lạnh LG 2.0HP 2026 (IFC18M1) chính hãng - Giá rẻ, đảm bảo chất lượng, độ bền cao, hỗ trợ giao hàng tận nơi toàn quốc.",Khác,13590000,LG,2,183,0,2025-05-02 19:41:45,2026-03-29 12:13:07
347,Nubia Pad Pro 8GB 256GB - Cũ đẹp,"Mua Nubia Pad Pro 12GB 256GB cũ giá rẻ - Nguồn gốc rõ ràng, bảo hành 6-12 tháng, đổi mới 30 ngày, luôn xuất bán đầy đủ VAT.","- Kích thước màn hình: 10.9 inches
- Công nghệ màn hình: TFT LCD
- Camera sau: 13MP
- Camera trước: 20MP
- Chipset: Snapdragon 8 Gen 3
- Công nghệ NFC: Có
- Dung lượng RAM: 8 GB
- Bộ nhớ trong: 256 GB
- Pin: 10100 mAh
- Hệ điều hành: MyOS 15.0
- Độ phân giải màn hình: 2880 x 1800 pixels
- Tính năng màn hình: Tần số quét 144HzHiển thị 1.07 tỷ màuHỗ trợ dải màu P3 Color GamutChứng nhận bảo vệ mắt SGS Low Blue Light
- Loại CPU: 8 nhân","Mua Nubia Pad Pro 12GB 256GB cũ giá rẻ - Nguồn gốc rõ ràng, bảo hành 6-12 tháng, đổi mới 30 ngày, luôn xuất bán đầy đủ VAT.",Khác,8290000,Nubia,2,42,0,2024-12-18 12:42:50,2026-03-29 12:13:07
348,Samsung Galaxy Tab A11 Plus 5G 6GB 128GB - Cũ đẹp,"Mua Samsung Galaxy Tab A11 Plus 5G 6GB 128GB cũ giá rẻ - Nguồn gốc rõ ràng, bảo hành 6-12 tháng, đổi mới 30 ngày, luôn xuất bán đầy đủ VAT.","- Kích thước màn hình: 11 inches
- Công nghệ màn hình: TFT LCD
- Camera sau: 8MP
- Camera trước: 5MP
- Chipset: MediaTek 7300
- Công nghệ NFC: Không
- Dung lượng RAM: 6 GB
- Bộ nhớ trong: 128 GB
- Pin: 7040 mAh
- Thẻ SIM: Nano-SIM
- Hệ điều hành: Android 16
- Độ phân giải màn hình: 1920 x 1200 pixels (WUXGA)
- Tính năng màn hình: Độ sâu màu 16M
- Loại CPU: 4 nhân 2.5 GHz &amp; 4 nhân 2 GHz
- Tương thích: Galaxy Buds Core, Galaxy Buds3 Pro, Galaxy Buds2 Pro, Galaxy Buds Pro, Galaxy Buds Live, Galaxy Buds+, Galaxy Buds3, Galaxy Buds2, Galaxy Buds, Galaxy Buds3 FE, Galaxy Buds FE","Mua Samsung Galaxy Tab A11 Plus 5G 6GB 128GB cũ giá rẻ - Nguồn gốc rõ ràng, bảo hành 6-12 tháng, đổi mới 30 ngày, luôn xuất bán đầy đủ VAT.",Điện thoại,5790000,Samsung,2,127,0,2025-06-28 00:11:10,2026-03-29 12:13:07
349,Máy xay sinh tố Sharp EM-S154PV-WH - Cũ,"Mua Máy xay sinh tố Sharp EM-S154PV-WH cũ giá rẻ - Nguồn gốc rõ ràng, bảo hành 6-12 tháng, đổi mới 30 ngày, luôn xuất bán đầy đủ VAT.","- Dòng điện vào: 220V ~ 50Hz
- Công suất: 400W
- Dung tích: 1.5 Lít
- Chất liệu cối xay: Cối nhựa kháng vỡ
- Tốc độ: 2 tốc độ1 chế độ nhồi
- Bảng điều khiển: Nút xoay
- Chế độ an toàn: Lắp đúng khớp mới hoạt động, Tự ngắt khi quá nhiệt
- Chiều dài dây điện: 78 cm
- Chất liệu: Lưỡi dao: Inox 301
- Tiện ích: Chân đế chống trượt
- Hãng sản xuất: Sharp","Mua Máy xay sinh tố Sharp EM-S154PV-WH cũ giá rẻ - Nguồn gốc rõ ràng, bảo hành 6-12 tháng, đổi mới 30 ngày, luôn xuất bán đầy đủ VAT.",Khác,470000,Sharp,2,22,0,2025-02-11 11:06:23,2026-03-29 12:13:07
350,Máy xay sinh tố và làm kem đá bào Magic Eco AC-181 - Cũ,"Mua Máy xay sinh tố và làm kem đá bào Magic Eco AC-181 cũ giá rẻ - Nguồn gốc rõ ràng, bảo hành 6-12 tháng, đổi mới 30 ngày, luôn xuất bán đầy đủ VAT.","- Dòng điện vào: 5V – 1A
- Công suất: 50W
- Dung tích: Dung tích bình sinh tố: 480 ml (mực nước tối đa 300ml)Dung tích khuôn đá: 140ml (mực nước tối đa 100ml)Dung tích cốc đựng kem: 580 ml
- Tốc độ: Xay sinh tố: 17.000 vòng/phútLàm kem đá bào: 100 vòng/phút
- Bảng điều khiển: Nút nhấn
- Chế độ an toàn: Lắp đúng khớp mới hoạt động
- Chất liệu: Lưỡi dao thép không gỉ
- Tiện ích: Chân đế chống trượt
- Hãng sản xuất: Magic
- Cổng sạc vào: USB-C
- Dung lượng Pin: 1500mAh","Mua Máy xay sinh tố và làm kem đá bào Magic Eco AC-181 cũ giá rẻ - Nguồn gốc rõ ràng, bảo hành 6-12 tháng, đổi mới 30 ngày, luôn xuất bán đầy đủ VAT.",Khác,630000,Magic,0,191,0,2024-04-28 11:05:50,2026-03-29 12:13:07
351,Ống kính Sony E 55-210mm F/4.5-6.3 OSS - Cũ đẹp,"Ống kính Sony E 55-210mm F/4.5-6.3 OSS cũ giá rẻ - Nguồn gốc rõ ràng, bảo hành 6-12 tháng, đổi mới 30 ngày, luôn xuất bán đầy đủ VAT.","- Hãng sản xuất: Sony
- Loại ống kính: Ngàm Sony E Góc Nhìn 29° - 7° 40&#x27;
- Khẩu độ: Lớn nhất f/4.5 - 6.3 Nhỏ nhất f/22 - 32
- Cấu trúc quang học: 13 nguyên tố trong 9 nhóm 7 lá khẩu
- Tiêu cự: 55 - 210mm (35mm Equivalent Focal Length: 82.5 to 315mm)","Ống kính Sony E 55-210mm F/4.5-6.3 OSS cũ giá rẻ - Nguồn gốc rõ ràng, bảo hành 6-12 tháng, đổi mới 30 ngày, luôn xuất bán đầy đủ VAT.",Khác,2990000,Sony,2,54,0,2025-11-20 05:31:57,2026-03-29 12:13:07
352,Ốp lưng iPhone 13 Pro Max Wiwu Calfskin Genuine Leather,"Mua Ốp lưng iPhone 13 Pro Max Wiwu Calfskin Genuine Leather chính hãng - Giá rẻ, đảm bảo chất lượng, độ bền cao, hỗ trợ giao hàng tận nơi toàn quốc.","- Dòng sản phẩm: iPhone 13 Pro Max
- Phân loại ốp: Chống sốc
- Tính năng: Chống sốc, va đập, Chống trầy xước
- Hãng sản xuất: Wiwu","Mua Ốp lưng iPhone 13 Pro Max Wiwu Calfskin Genuine Leather chính hãng - Giá rẻ, đảm bảo chất lượng, độ bền cao, hỗ trợ giao hàng tận nơi toàn quốc.",Điện thoại,190000,Wiwu,0,79,0,2024-09-22 11:51:54,2026-03-29 12:13:07
353,Ốp lưng iPhone 15 Pro Max Memumi With Magsafe,"Mua Ốp lưng iPhone 15 Pro Max Memumi With Magsafe chính hãng - Giá rẻ, đảm bảo chất lượng, độ bền cao, hỗ trợ giao hàng tận nơi toàn quốc.","- Dòng sản phẩm: iPhone 15 Pro Max
- Phân loại ốp: Chống sốc, Ốp trong
- Tính năng: Chống sốc, va đập, Chống trầy xước
- Hãng sản xuất: Memumi","Mua Ốp lưng iPhone 15 Pro Max Memumi With Magsafe chính hãng - Giá rẻ, đảm bảo chất lượng, độ bền cao, hỗ trợ giao hàng tận nơi toàn quốc.",Điện thoại,150000,Memumi,0,73,0,2024-12-17 21:26:16,2026-03-29 12:13:07
354,Ốp lưng Samsung Galaxy S26 Plus UAG Pathfinder Clear With Magsafe,"Mua Ốp lưng Samsung Galaxy S26 Plus UAG Pathfinder Clear With Magsafe chính hãng - Giá rẻ, đảm bảo chất lượng, độ bền cao, hỗ trợ giao hàng tận nơi toàn quốc.","- Dòng sản phẩm: Samsung Galaxy S26 Plus
- Phân loại ốp: Chống sốc
- Tính năng: Hỗ trợ sạc MagSafe, Hỗ trợ sạc không dây, Chống sốc, va đập, Chống trầy xước
- Hãng sản xuất: UAG
- Chất liệu: Kết hợp vỏ cứng + lõi mềm chống sốc TPU gia cố ở viền 25% vật liệu tái chế sau tiêu dùng (PCR)
- Tiện ích: Chống rơi: lên đến 18 ft (5.4 m) Chống sốc/va đập: khung chống va đập + TPU gia cố Tiêu chuẩn: đạt MIL-STD 810G-516.6 (3X drop test) Mô-đun nam châm tích hợp Tương thích phụ kiện từ tính Hỗ trợ Samsung Pay","Mua Ốp lưng Samsung Galaxy S26 Plus UAG Pathfinder Clear With Magsafe chính hãng - Giá rẻ, đảm bảo chất lượng, độ bền cao, hỗ trợ giao hàng tận nơi toàn quốc.",Điện thoại,1200000,UAG,25,95,0,2024-08-05 01:24:44,2026-03-29 12:13:07
355,Ốp lưng Samsung Galaxy S26 Plus UAG Plyo,"Mua Ốp lưng Samsung Galaxy S26 Plus UAG Plyo chính hãng - Giá rẻ, đảm bảo chất lượng, độ bền cao, hỗ trợ giao hàng tận nơi toàn quốc.","- Dòng sản phẩm: Samsung Galaxy S26 Plus
- Phân loại ốp: Chống sốc
- Tính năng: Chống sốc, va đập, Chống trầy xước
- Hãng sản xuất: UAG","Mua Ốp lưng Samsung Galaxy S26 Plus UAG Plyo chính hãng - Giá rẻ, đảm bảo chất lượng, độ bền cao, hỗ trợ giao hàng tận nơi toàn quốc.",Điện thoại,880000,UAG,0,13,0,2025-02-15 00:08:28,2026-03-29 12:13:07
356,Ốp lưng Samsung Galaxy S26 UAG Pathfinder Clear With Magsafe,"Mua Ốp lưng Samsung Galaxy S26 UAG Pathfinder Clear With Magsafe chính hãng - Giá rẻ, đảm bảo chất lượng, độ bền cao, hỗ trợ giao hàng tận nơi toàn quốc.","- Dòng sản phẩm: Samsung Galaxy S26
- Phân loại ốp: Chống sốc
- Tính năng: Chống sốc, va đập, Chống trầy xước
- Hãng sản xuất: UAG
- Chất liệu: Vỏ cứng + lõi mềm chống va đập Viền TPU gia cố bảo vệ góc Lõi họa tiết lục giác tăng khả năng hấp thụ lực 25% vật liệu tái chế (PCR)","Mua Ốp lưng Samsung Galaxy S26 UAG Pathfinder Clear With Magsafe chính hãng - Giá rẻ, đảm bảo chất lượng, độ bền cao, hỗ trợ giao hàng tận nơi toàn quốc.",Điện thoại,1200000,UAG,25,161,0,2024-11-14 22:46:29,2026-03-29 12:13:07
357,Ốp lưng Samsung Galaxy S26 Ultra UAG Dot With Magsafe,"Mua Ốp lưng Samsung Galaxy S26 Ultra UAG Dot With Magsafe chính hãng - Giá rẻ, đảm bảo chất lượng, độ bền cao, hỗ trợ giao hàng tận nơi toàn quốc.","- Dòng sản phẩm: Samsung Galaxy S26 Ultra
- Phân loại ốp: Chống sốc
- Tính năng: Hỗ trợ sạc MagSafe, Hỗ trợ sạc không dây, Chống sốc, va đập, Chống trầy xước
- Hãng sản xuất: UAG
- Chất liệu: Vỏ PC/TPU
- Tiện ích: Bảo vệ chống rơi ở độ cao 30 ftHỗ trợ Samsung Pay","Mua Ốp lưng Samsung Galaxy S26 Ultra UAG Dot With Magsafe chính hãng - Giá rẻ, đảm bảo chất lượng, độ bền cao, hỗ trợ giao hàng tận nơi toàn quốc.",Điện thoại,960000,UAG,0,150,0,2026-01-27 02:56:23,2026-03-29 12:13:07
358,Ốp lưng Samsung Galaxy S26 Ultra UAG Fiber Armor With Magsafe,"Mua Ốp lưng Samsung Galaxy S26 Ultra UAG Fiber Armor With Magsafe chính hãng - Giá rẻ, đảm bảo chất lượng, độ bền cao, hỗ trợ giao hàng tận nơi toàn quốc.","- Dòng sản phẩm: Samsung Galaxy S26 Ultra
- Phân loại ốp: Chống sốc
- Tính năng: Hỗ trợ sạc MagSafe, Hỗ trợ sạc không dây, Chống sốc, va đập, Chống trầy xước
- Hãng sản xuất: UAG","Mua Ốp lưng Samsung Galaxy S26 Ultra UAG Fiber Armor With Magsafe chính hãng - Giá rẻ, đảm bảo chất lượng, độ bền cao, hỗ trợ giao hàng tận nơi toàn quốc.",Điện thoại,2000000,UAG,2,160,0,2025-09-04 03:22:15,2026-03-29 12:13:07
359,Ốp lưng Samsung Galaxy S26 Ultra UAG Pathfinder Clear With Magsafe,"Mua Ốp lưng Samsung Galaxy S26 Ultra UAG Pathfinder Clear With Magsafe chính hãng - Giá rẻ, đảm bảo chất lượng, độ bền cao, hỗ trợ giao hàng tận nơi toàn quốc.","- Dòng sản phẩm: Samsung Galaxy S26 Ultra
- Phân loại ốp: Chống sốc
- Tính năng: Hỗ trợ sạc MagSafe, Hỗ trợ sạc không dây, Chống sốc, va đập, Chống trầy xước
- Hãng sản xuất: UAG
- Chất liệu: Vỏ PC/TPU
- Tiện ích: Bảo vệ chống rơi ở độ cao 30 ftHỗ trợ Samsung Pay","Mua Ốp lưng Samsung Galaxy S26 Ultra UAG Pathfinder Clear With Magsafe chính hãng - Giá rẻ, đảm bảo chất lượng, độ bền cao, hỗ trợ giao hàng tận nơi toàn quốc.",Điện thoại,1200000,UAG,0,67,0,2024-08-22 10:47:59,2026-03-29 12:13:07
360,Ốp lưng Samsung Galaxy S26 Ultra UAG Pathfinder With Magsafe,"Mua Ốp lưng Samsung Galaxy S26 Ultra UAG Pathfinder With Magsafe chính hãng - Giá rẻ, đảm bảo chất lượng, độ bền cao, hỗ trợ giao hàng tận nơi toàn quốc.","- Dòng sản phẩm: Samsung Galaxy S26 Ultra
- Phân loại ốp: Chống sốc
- Tính năng: Hỗ trợ sạc MagSafe, Hỗ trợ sạc không dây, Chống sốc, va đập, Chống trầy xước
- Hãng sản xuất: UAG
- Tiện ích: Bảo vệ chống rơi ở độ cao 18 ftHỗ trợ Samsung Pay","Mua Ốp lưng Samsung Galaxy S26 Ultra UAG Pathfinder With Magsafe chính hãng - Giá rẻ, đảm bảo chất lượng, độ bền cao, hỗ trợ giao hàng tận nơi toàn quốc.",Điện thoại,1200000,UAG,0,61,0,2025-12-19 22:05:36,2026-03-29 12:13:07
361,Ốp lưng Samsung Galaxy S26 Ultra UAG Plyo,"Mua Ốp lưng Samsung Galaxy S26 Ultra UAG Plyo chính hãng - Giá rẻ, đảm bảo chất lượng, độ bền cao, hỗ trợ giao hàng tận nơi toàn quốc.","- Dòng sản phẩm: Samsung Galaxy S26 Ultra
- Phân loại ốp: Chống sốc, Ốp trong
- Tính năng: Chống sốc, va đập, Chống trầy xước
- Hãng sản xuất: UAG","Mua Ốp lưng Samsung Galaxy S26 Ultra UAG Plyo chính hãng - Giá rẻ, đảm bảo chất lượng, độ bền cao, hỗ trợ giao hàng tận nơi toàn quốc.",Điện thoại,880000,UAG,0,17,0,2024-06-11 12:13:36,2026-03-29 12:13:07
362,Ốp lưng Samsung Galaxy S26 Ultra UAG Plyo With Magsafe,"Mua Ốp lưng Samsung Galaxy S26 Ultra UAG Plyo With Magsafe chính hãng - Giá rẻ, đảm bảo chất lượng, độ bền cao, hỗ trợ giao hàng tận nơi toàn quốc.","- Dòng sản phẩm: Samsung Galaxy S26 Ultra
- Phân loại ốp: Chống sốc
- Tính năng: Hỗ trợ sạc MagSafe, Hỗ trợ sạc không dây, Chống sốc, va đập, Chống trầy xước
- Hãng sản xuất: UAG
- Chất liệu: Viền TPU
- Tiện ích: Bảo vệ chống rơi ở độ cao 16 ftHỗ trợ Samsung PayĐạt tiêu chuẩn thử nghiệm thả rơi quân sự 3X (MIL-SPEC 810G-516.6)Công nghệ chống ố vàng","Mua Ốp lưng Samsung Galaxy S26 Ultra UAG Plyo With Magsafe chính hãng - Giá rẻ, đảm bảo chất lượng, độ bền cao, hỗ trợ giao hàng tận nơi toàn quốc.",Điện thoại,1200000,UAG,0,9,0,2025-06-23 05:14:07,2026-03-29 12:13:07
363,Ốp lưng Samsung Galaxy S26 Ultra UAG Trooper With Magsafe,"Mua Ốp lưng Samsung Galaxy S26 Ultra UAG Trooper With Magsafe chính hãng - Giá rẻ, đảm bảo chất lượng, độ bền cao, hỗ trợ giao hàng tận nơi toàn quốc.","- Dòng sản phẩm: Samsung Galaxy S26 Ultra
- Phân loại ốp: Chống sốc
- Tính năng: Hỗ trợ sạc MagSafe, Hỗ trợ sạc không dây, Chống sốc, va đập, Chống trầy xước
- Hãng sản xuất: UAG
- Chất liệu: Vỏ PC/TPU
- Tiện ích: Bảo vệ chống rơi ở độ cao 30 ft","Mua Ốp lưng Samsung Galaxy S26 Ultra UAG Trooper With Magsafe chính hãng - Giá rẻ, đảm bảo chất lượng, độ bền cao, hỗ trợ giao hàng tận nơi toàn quốc.",Điện thoại,1280000,UAG,0,34,0,2024-12-01 13:50:45,2026-03-29 12:13:07
364,OPPO A38 4GB 128GB - Cũ trầy xước,"Mua điện thoại OPPO A38 cũ giá rẻ - Nguồn gốc rõ ràng, bảo hành 6-12 tháng, đổi mới 30 ngày, luôn xuất bán đầy đủ VAT.","- Kích thước màn hình: 6.56 inches
- Công nghệ màn hình: IPS LCD
- Camera sau: Chính 50 MP &amp; Phụ 2 MP
- Camera trước: 5 MP
- Chipset: MediaTek Helio G85 8 nhân
- Công nghệ NFC: Không
- Dung lượng RAM: 4 GB
- Bộ nhớ trong: 128 GB
- Pin: 5000 mAh
- Thẻ SIM: 2 SIM (Nano-SIM)
- Hệ điều hành: Android 13
- Độ phân giải màn hình: 720 x 1612 (HD+)
- Tính năng màn hình: Tần số quét 90 Hz
- Loại CPU: 2 nhân 2.0 GHz &amp; 6 nhân 1.8 GHz","Mua điện thoại OPPO A38 cũ giá rẻ - Nguồn gốc rõ ràng, bảo hành 6-12 tháng, đổi mới 30 ngày, luôn xuất bán đầy đủ VAT.",Điện thoại,1990000,OPPO,2,47,0,2025-11-29 15:54:53,2026-03-29 12:13:07
365,Quạt làm mát sưởi ấm và tạo ẩm Fujihome AC01 - Cũ,"Mua Quạt làm mát sưởi ấm và tạo ẩm Fujihome AC01 cũ giá rẻ - Nguồn gốc rõ ràng, bảo hành 6-12 tháng, đổi mới 30 ngày, luôn xuất bán đầy đủ VAT.","- Bộ lọc không khí: Lưới lọc thô
- Công suất tiêu thụ: Công suất làm mát: 60W Công suất sưởi ấm: 1800W
- Diện tích sử dụng: 40m2
- Màng lọc: Màng lọc thô
- Kích thước: 29.5 x 24.5 x 81.2 cm
- Tính năng khác: Tích hợp chế độ khử khuẩn UVĐiều chỉnh được nhiệt độ: 16 - 32 độBồn chứa nước: 3 lít
- Hãng sản xuất: Fujihome","Mua Quạt làm mát sưởi ấm và tạo ẩm Fujihome AC01 cũ giá rẻ - Nguồn gốc rõ ràng, bảo hành 6-12 tháng, đổi mới 30 ngày, luôn xuất bán đầy đủ VAT.",Khác,1190000,Fujihome,0,184,0,2024-09-04 17:12:31,2026-03-29 12:13:07
366,Robot hút bụi lau nhà Ecovacs Deebot T9 - Cũ,"Mua Robot hút bụi Ecovacs Deebot T9 cũ giá rẻ - Nguồn gốc rõ ràng, bảo hành 6-12 tháng, đổi mới 30 ngày, luôn xuất bán đầy đủ VAT.","- Tính năng: Hỗ trợ tường ảo, Hỗ trợ lau nhà, Điều khiển qua ứng dụng, Tự động quay về đế sạc
- Thời gian hoạt động: 175 phút
- Lực hút: 3000 Pa
- Dung tích ngăn chứa bụi: 420mL
- Ứng dụng kết nối: Ecovacs Home App
- Tiện ích: Air Freshener khử mùi làm mátLập bản đồ TrueMapping 2.0Hệ thống TrueDetect 3D 2.0Lau rung Ozmo ProCông nghệ bản đồ 3D giả lậpTrợ lý ảo: Google Home, Amazon Alexa…
- Hãng sản xuất: Ecovacs
- Cảm biến: Cảm biến hồng ngoại va chạm đơn thuần, giảm nguy cơ mắc kẹt","Mua Robot hút bụi Ecovacs Deebot T9 cũ giá rẻ - Nguồn gốc rõ ràng, bảo hành 6-12 tháng, đổi mới 30 ngày, luôn xuất bán đầy đủ VAT.",Khác,4200000,Ecovacs,0,94,0,2025-06-30 21:57:38,2026-03-29 12:13:07
367,Robot hút bụi lau nhà cánh tay cơ học Roborock Saros Z70 - Cũ,"Mua Robot hút bụi lau nhà cánh tay cơ học Roborock Saros Z70 cũ giá rẻ - Nguồn gốc rõ ràng, bảo hành 6-12 tháng, đổi mới 30 ngày, luôn xuất bán đầy đủ VAT.","- Tính năng: Điều khiển qua ứng dụng, Tự động giặt giẻ, Tự động sấy giẻ
- Dung tích ngăn chứa nước: Dung tích bình chứa nước lau sàn 590ml
- Lực hút: 22.000Pa
- Ứng dụng kết nối: Roborock
- Tiện ích: Nhận biết và dọn dẹpCamera kép giúp góc nhìn rộngCông nghệ StarSight 2.0 điều hướng di chuyển trơn truCông nghệ FlexiArm vệ sinh mọi góc khuấtVượt bậc thềm 4cmNhận diện và tìm kiếm thú cưngSmartPlan™ 2.0 giúp tối ưu hóa dọn dẹp
- Kích thước: Kích thước robot: 350 x 353 x 79.8 mmKích thước trạm sạc: 381 x 475 x 488 mm
- Hãng sản xuất: Roborock
- Tính năng khác: Giặt giẻ lau bằng nước nóng 80°CVệ sinh trạm sạc bằng nước nóng 80°CSấy khô bằng khí nóng 55°CTự động pha nước lau sànTự động gom rácTự động tháo rời cây lau nhà","Mua Robot hút bụi lau nhà cánh tay cơ học Roborock Saros Z70 cũ giá rẻ - Nguồn gốc rõ ràng, bảo hành 6-12 tháng, đổi mới 30 ngày, luôn xuất bán đầy đủ VAT.",Khác,29000000,Roborock,0,50,0,2024-11-20 08:36:53,2026-03-29 12:13:07
368,Samsung Galaxy A24 4GB 128GB - Cũ xước cấn,"Mua Samsung Galaxy A24 cũ giá rẻ - Nguồn gốc rõ ràng, bảo hành 6-12 tháng, đổi mới 30 ngày, luôn xuất bán đầy đủ VAT.","- Kích thước màn hình: 6.5 inches
- Công nghệ màn hình: Super AMOLED
- Camera sau: Camera góc rộng: 50MP, f/1.8, PDAF, OIS Camera góc siêu rộng: 5MP, f/2.2, 123˚, 1/5&quot;, 1.12µm Camera macro: 2 MP, f/2.4
- Camera trước: Camera góc rộng: 13 MP, f/2.0
- Chipset: Mediatek MT8781 Helio G99 (6nm)
- Công nghệ NFC: Có
- Dung lượng RAM: 4 GB
- Bộ nhớ trong: 128 GB
- Pin: 5000 mAh
- Thẻ SIM: 2 SIM (Nano-SIM)
- Hệ điều hành: Android 13
- Độ phân giải màn hình: 1080 x 2340 pixels (FullHD+)
- Tính năng màn hình: Tần số quét 90Hz, 1000 nits
- Loại CPU: 2x2.2 GHz Cortex-A76 &amp; 6x2.0 GHz Cortex-A55","Mua Samsung Galaxy A24 cũ giá rẻ - Nguồn gốc rõ ràng, bảo hành 6-12 tháng, đổi mới 30 ngày, luôn xuất bán đầy đủ VAT.",Điện thoại,2390000,Samsung,2,141,0,2024-09-15 13:38:38,2026-03-29 12:13:07
369,Tai nghe Bluetooth chụp tai chống ồn Alpha Works Lite 500,"Mua tai nghe Alpha Works Lite 500 chính hãng - Giá tốt, bảo hành uy tín, giao hàng tận nơi toàn quốc. Mua ngay Alpha Works Lite 500 tại đây.","- Micro: 1
- Thời lượng sử dụng Pin: Lên đến 30 giờ
- Tính năng khác: Có thể gấp gọn Có hỗ trợ cáp AUX
- Hãng sản xuất: Alpha Works","Mua tai nghe Alpha Works Lite 500 chính hãng - Giá tốt, bảo hành uy tín, giao hàng tận nơi toàn quốc. Mua ngay Alpha Works Lite 500 tại đây.",Phụ kiện,590000,Alpha Works,0,88,0,2024-11-27 01:15:53,2026-03-29 12:13:07
370,Túi chống sốc Targus Puffer 14 inch,"Mua Túi chống sốc Targus Puffer 14 inch chính hãng - Giá rẻ, đảm bảo chất lượng, độ bền cao, hỗ trợ giao hàng tận nơi toàn quốc.","- Kích thước ngăn laptop: 14 inch
- Hãng sản xuất: Targus","Mua Túi chống sốc Targus Puffer 14 inch chính hãng - Giá rẻ, đảm bảo chất lượng, độ bền cao, hỗ trợ giao hàng tận nơi toàn quốc.",Khác,430000,Targus,0,79,0,2024-08-17 01:01:24,2026-03-29 12:13:07
371,Túi chống sốc Targus Puffer 16 inch,"Mua Túi chống sốc Targus Puffer 16 inch chính hãng - Giá rẻ, đảm bảo chất lượng, độ bền cao, hỗ trợ giao hàng tận nơi toàn quốc.","- Kích thước ngăn laptop: 16 inch
- Hãng sản xuất: Targus","Mua Túi chống sốc Targus Puffer 16 inch chính hãng - Giá rẻ, đảm bảo chất lượng, độ bền cao, hỗ trợ giao hàng tận nơi toàn quốc.",Khác,450000,Targus,0,41,0,2024-11-23 15:10:29,2026-03-29 12:13:07
372,Túi xách Targus Terra 3in1 16 inch TBA65202GL,"Mua Túi xách Targus Terra 3in1 16 inch TBA65202GL chính hãng - Giá rẻ, đảm bảo chất lượng, độ bền cao, hỗ trợ giao hàng tận nơi toàn quốc.","- Kích thước chung: 39.5 x 14 x 33.5 cm
- Chất liệu: Crinkled nylon
- Kích thước ngăn laptop: 16 inch
- Sức chứa tối đa: 18L
- Hãng sản xuất: Targus","Mua Túi xách Targus Terra 3in1 16 inch TBA65202GL chính hãng - Giá rẻ, đảm bảo chất lượng, độ bền cao, hỗ trợ giao hàng tận nơi toàn quốc.",Khác,950000,Targus,0,91,0,2024-09-21 13:52:23,2026-03-29 12:13:07
373,iPad Pro 11 2020 4G 512GB - Cũ trầy xước,"Mua Apple iPad Pro 11 2020 4G 512GB cũ giá rẻ - Nguồn gốc rõ ràng, bảo hành 6-12 tháng, đổi mới 30 ngày, luôn xuất bán đầy đủ VAT.","- Kích thước màn hình: 11 inches
- Camera sau: 12 MP góc rộng,khẩu độ f/1.810 MP góc siêu rộng, f/2.4
- Camera trước: 7 MP khẩu độ f/2.2
- Chipset: Apple A12Z Bionic
- Dung lượng RAM: 6 GB
- Bộ nhớ trong: 512 GB
- Pin: Khoảng 7600 mAh
- Thẻ SIM: Nano-SIM + eSIM
- Hệ điều hành: iOS
- Độ phân giải màn hình: 1668 x 2388 pixel
- Tính năng màn hình: Tầng số quét 120HzĐộ sáng 600 nits
- Loại CPU: 4 nhân 2.5GHz4 nhân 1.6GHz","Mua Apple iPad Pro 11 2020 4G 512GB cũ giá rẻ - Nguồn gốc rõ ràng, bảo hành 6-12 tháng, đổi mới 30 ngày, luôn xuất bán đầy đủ VAT.",Tablet,13490000,Apple,2,22,0,2025-10-23 01:51:19,2026-03-29 12:13:07
374,Bàn phím + Bao da iPad Air 11 (M2/M3) Logitech Folio Touch,"Mua Bàn phím + Bao da iPad Air 11 (M2/M3) Logitech Folio Touch chính hãng - Giá rẻ, đảm bảo chất lượng, độ bền cao, hỗ trợ giao hàng tận nơi toàn quốc.","- Dòng sản phẩm: iPad Air 11 2024
- Phân loại ốp: Chống sốc, Bao da, Bao da kiêm bàn phím
- Tính năng: Có chân đứng, Chống sốc, va đập, Chống trầy xước, Có trackpad, Bàn phím có đèn nền
- Dùng được cho: Apple iPad Air 11 (M2/M3)
- Loại bàn phím: Mini-size
- Số phím: 79 phím
- Tương thích: iPad Air 13 inch (M2, M3 &amp; M4)iPad Air 11 inch (M2, M3 &amp; M4)iPad Air (thế hệ thứ 5)
- Kết nối: Smart Connector
- Khoảng cách kết nối (Độ dài dây): Lên đến 10m
- Đèn LED: LED đơn sắc với 16 mức điều chỉnh
- Hãng sản xuất: Logitech","Mua Bàn phím + Bao da iPad Air 11 (M2/M3) Logitech Folio Touch chính hãng - Giá rẻ, đảm bảo chất lượng, độ bền cao, hỗ trợ giao hàng tận nơi toàn quốc.",Tablet,3900000,Logitech,0,183,0,2024-04-18 21:23:58,2026-03-29 12:13:07
375,Bàn phím + Bao da iPad Air 13 (M2/M3) Logitech Combo Touch,"Mua Bàn phím + Bao da iPad Air 13 (M2/M3) Logitech Combo Touch chính hãng - Giá rẻ, đảm bảo chất lượng, độ bền cao, hỗ trợ giao hàng tận nơi toàn quốc.","- Kích thước: 28.5 x 1.51 x 22.58 cm
- Dòng sản phẩm: iPad Air 13 2024
- Phân loại ốp: Chống sốc, Bao da, Bao da kiêm bàn phím
- Tính năng: Có chân đứng, Chống sốc, va đập, Chống trầy xước, Bàn phím có đèn nền
- Dùng được cho: Apple iPad Air 13 (M2/M3)
- Loại bàn phím: Mini-size
- Số phím: 79 phím
- Kết nối: Smart Connector
- Khoảng cách kết nối (Độ dài dây): Lên đến 10m
- Đèn LED: LED đơn sắc với 16 mức điều chỉnh
- Hãng sản xuất: Logitech","Mua Bàn phím + Bao da iPad Air 13 (M2/M3) Logitech Combo Touch chính hãng - Giá rẻ, đảm bảo chất lượng, độ bền cao, hỗ trợ giao hàng tận nơi toàn quốc.",Tablet,5300000,Logitech,0,25,0,2025-02-17 06:57:39,2026-03-29 12:13:07
376,Bàn phím + Bao da iPad Pro 11 (M4/M5)/Air 11 (M2/M3) Logitech Flip Folio Graphite,"Mua Bàn phím + Bao da iPad Pro 11 (M4/M5)/Air 11 (M2/M3) Logitech Flip Folio Graphite chính hãng - Giá rẻ, đảm bảo chất lượng, độ bền cao, hỗ trợ giao hàng tận nơi toàn quốc.","- Kích thước: Bao da: 25.3 x 2.04 x 18.1 cmBàn phím: 25.6 x 0.7 x 10.9 cm
- Dòng sản phẩm: iPad Pro 11 2024
- Phân loại ốp: Chống sốc, Bao da, Bao da kiêm bàn phím
- Tính năng: Có chân đứng, Chống sốc, va đập, Chống trầy xước
- Dùng được cho: Apple iPad Pro 11 (M4/M5)Apple iPad Air 11 (M2/M3)
- Loại bàn phím: Mini-size
- Số phím: 79 phím
- Tương thích: Windows 11 trở lênmacOS 11 trở lêniPadOS 17 trở lêniOS 14 trở lênAndroid 9 trở lênChromeOSLinuxChromebook
- Kết nối: Bluetooth
- Khoảng cách kết nối (Độ dài dây): Lên đến 10m
- Đèn LED: Không LED
- Thời gian dùng: Lên tới 2 năm (Trung bình 2 tiếng/ngày)
- Hãng sản xuất: Logitech","Mua Bàn phím + Bao da iPad Pro 11 (M4/M5)/Air 11 (M2/M3) Logitech Flip Folio Graphite chính hãng - Giá rẻ, đảm bảo chất lượng, độ bền cao, hỗ trợ giao hàng tận nơi toàn quốc.",Tablet,4200000,Logitech,0,112,0,2025-12-25 20:08:53,2026-03-29 12:13:07
377,Bàn phím + Bao da iPad Pro 13 (M4/M5)/Air 13 (M2/M3) Logitech Flip Folio Graphite,"Mua Bàn phím + Bao da iPad Pro 13 (M4/M5)/Air 13 (M2/M3) Logitech Flip Folio Graphite chính hãng - Giá rẻ, đảm bảo chất lượng, độ bền cao, hỗ trợ giao hàng tận nơi toàn quốc.","- Kích thước: Bao da: 28.5 x 2.04 x 21.9 cmBàn phím: 28.8 x 0.7 x 11.1 cm
- Dòng sản phẩm: iPad Pro 13 2024
- Phân loại ốp: Chống sốc, Bao da, Bao da kiêm bàn phím
- Tính năng: Có chân đứng, Chống sốc, va đập, Chống trầy xước
- Dùng được cho: Apple iPad Pro 13 (M4/M5)Apple iPad Air 13 (M2/M3)
- Loại bàn phím: Mini-size
- Số phím: 79 phím
- Tương thích: Windows 11 trở lênmacOS 11 trở lêniPadOS 17 trở lêniOS 14 trở lênAndroid 9 trở lênChromeOSLinuxChromebook
- Kết nối: Bluetooth
- Khoảng cách kết nối (Độ dài dây): Lên đến 10m
- Đèn LED: Không LED
- Thời gian dùng: Lên tới 2 năm (Trung bình 2 tiếng/ngày)
- Hãng sản xuất: Logitech","Mua Bàn phím + Bao da iPad Pro 13 (M4/M5)/Air 13 (M2/M3) Logitech Flip Folio Graphite chính hãng - Giá rẻ, đảm bảo chất lượng, độ bền cao, hỗ trợ giao hàng tận nơi toàn quốc.",Tablet,4750000,Logitech,0,137,0,2024-07-25 15:33:19,2026-03-29 12:13:07
378,Bàn phím + Bao da iPad Pro 13 (M4/M5) Logitech Combo Touch,"Mua Bàn phím + Bao da iPad Pro 13 (M4/M5) Logitech Combo Touch chính hãng - Giá rẻ, đảm bảo chất lượng, độ bền cao, hỗ trợ giao hàng tận nơi toàn quốc.","- Kích thước: 28.6 x 1.35 x 22.75 cm
- Dòng sản phẩm: iPad Pro 13 2024
- Phân loại ốp: Chống sốc, Bao da, Bao da kiêm bàn phím
- Tính năng: Có chân đứng, Chống sốc, va đập, Chống trầy xước, Bàn phím có đèn nền
- Dùng được cho: Apple iPad Pro 13 (M4/M5)
- Loại bàn phím: Mini-size
- Số phím: 79 phím
- Kết nối: Smart Connector
- Khoảng cách kết nối (Độ dài dây): Lên tới 10m
- Đèn LED: LED đơn sắc với 16 mức điều chỉnh
- Hãng sản xuất: Logitech","Mua Bàn phím + Bao da iPad Pro 13 (M4/M5) Logitech Combo Touch chính hãng - Giá rẻ, đảm bảo chất lượng, độ bền cao, hỗ trợ giao hàng tận nơi toàn quốc.",Tablet,5800000,Logitech,0,33,0,2025-05-28 00:02:44,2026-03-29 12:13:07
379,Bơm xe thông minh kèm định vị IDMIX,"Mua Bơm xe thông minh kèm định vị IDMIX chính hãng - Giá rẻ, đảm bảo chất lượng, độ bền cao, hỗ trợ giao hàng tận nơi toàn quốc.",- Hãng sản xuất: IDMIX,"Mua Bơm xe thông minh kèm định vị IDMIX chính hãng - Giá rẻ, đảm bảo chất lượng, độ bền cao, hỗ trợ giao hàng tận nơi toàn quốc.",Khác,2250000,IDMIX,0,185,0,2024-08-18 00:31:54,2026-03-29 12:13:07
380,Camera hành trình Vietmap TS-C1,"Mua Camera hành trình Vietmap TS-C1 chính hãng - Giá rẻ, đảm bảo chất lượng, độ bền cao, hỗ trợ giao hàng tận nơi toàn quốc.","- Dòng điện vào: 5V/1.5A
- Dòng camera: Dùng cho Oto
- Vị trí lắp đặt trên xe: Gắn kính chắn gió
- Góc ống kính: Góc rộng 150°
- Thông số màn hình: LCD 0.96 inch
- Kết nối không dây: Wi-Fi
- Nguồn điện trực tiếp: 5V - 1.5A
- Thông số pin: Siêu tụ
- Kết nối phụ kiện rời: Giá đỡ 3M
- Tính năng khác: Kết nối WIFI chia sẻ videoGhi hình vòng lặp khi thẻ nhớ đầyDễ dàng lắp đặt, không gây cản trở tầm nhìnTự động khóa và bảo vệ video khi xảy ra va chạm, rung lắc
- Hãng sản xuất: Vietmap","Mua Camera hành trình Vietmap TS-C1 chính hãng - Giá rẻ, đảm bảo chất lượng, độ bền cao, hỗ trợ giao hàng tận nơi toàn quốc.",Khác,1290000,Vietmap,0,129,0,2025-11-14 02:12:22,2026-03-29 12:13:07
381,Chuột không dây Bluetooth Rapoo M680 Silent,"Mua Chuột không dây Bluetooth Rapoo M680 Silent chính hãng - Giá rẻ, đảm bảo chất lượng, độ bền cao, hỗ trợ giao hàng tận nơi toàn quốc.","- Phím đặc biệt: Nút cuộn vô cực
- Tương thích: Windows® XP/Vista/7/8/10/11
- Độ phân giải: 1000/1600/2400/3200/4800 DPI
- Kết nối: Bluetooth 4.0Bluetooth 5.0USB Receiver
- Khoảng cách kết nối (Độ dài dây): 10 mét
- Đèn LED: Không LED
- Thời gian dùng: Lên tới 150 ngày
- Hãng sản xuất: Rapoo","Mua Chuột không dây Bluetooth Rapoo M680 Silent chính hãng - Giá rẻ, đảm bảo chất lượng, độ bền cao, hỗ trợ giao hàng tận nơi toàn quốc.",Phụ kiện,690000,Rapoo,2,117,0,2025-03-06 12:43:50,2026-03-29 12:13:07
382,Cổng chuyển đổi Ugreen 6 in 1 CM511 60384 - Cũ,"Mua Cổng chuyển đổi Ugreen 6 in 1 CM511 60384 cũ giá rẻ - Nguồn gốc rõ ràng, bảo hành 6-12 tháng, đổi mới 30 ngày, luôn xuất bán đầy đủ VAT.","- Công suất sạc: 100W
- Đầu vào: USB-C
- Đầu ra: HDMI x 1USB-A 3.0 x 2USB-C x 1TF x 1SD x 1
- Tiện ích: Tương thích ngược USB 2.0 / USB 1.1
- Công nghệ/Đạt chứng nhận: Công nghệ PD
- Chất lượng nội dung: HDMI hỗ trợ độ phân giải 4K@30hz
- Chức năng: Tốc độ USB: 5GbpsTốc độ đọc SD/TF: 100MB/s
- Hãng sản xuất: Ugreen","Mua Cổng chuyển đổi Ugreen 6 in 1 CM511 60384 cũ giá rẻ - Nguồn gốc rõ ràng, bảo hành 6-12 tháng, đổi mới 30 ngày, luôn xuất bán đầy đủ VAT.",Khác,710000,Ugreen,2,129,0,2024-07-01 17:34:56,2026-03-29 12:13:07
383,Sạc 9fit Slim PD 65W 2C GAN - Cũ,"Mua Sạc 9fit Slim PD 65W 2C GAN cũ giá rẻ - Nguồn gốc rõ ràng, bảo hành 6-12 tháng, đổi mới 30 ngày, luôn xuất bán đầy đủ VAT.","- Công suất sạc: 65W
- Sử dụng tối đa: 2 thiết bị
- Đầu ra: USB-C
- Tiện ích: Sạc nhanhCông nghệ GaN tăng hiệu quả và tốc độ sạc, tản nhiệt tốtChân sạc gập tiện lợi cho việc di chuyển và cất giữ
- Công nghệ/Đạt chứng nhận: Công nghệ PD &amp; PPSChứng nhận RoHS, CE/FCC/ETL
- Hãng sản xuất: 9Fit","Mua Sạc 9fit Slim PD 65W 2C GAN cũ giá rẻ - Nguồn gốc rõ ràng, bảo hành 6-12 tháng, đổi mới 30 ngày, luôn xuất bán đầy đủ VAT.",Phụ kiện,390000,9Fit,50,180,0,2026-01-21 15:39:43,2026-03-29 12:13:07
384,Sạc Anker 4 cổng 3C1A GAN 70W A121C - Cũ,"Mua ngay sạc Anker 4 cổng 3C1A GAN 70W A121C cũ giá rẻ - Nguồn gốc rõ ràng, bảo hành 6-12 tháng, đổi mới 30 ngày, luôn xuất bán đầy đủ VAT.","- Công suất sạc: 70W
- Sử dụng tối đa: 4 thiết bị
- Đầu ra: 3 x USB-C1 x USB-A
- Tiện ích: Sạc nhanh 2 vi xử lý độc lập Chuẩn sạc hỗ trợ: PD 3.0, PPS, QC 3.0, SCP, FCP
- Công nghệ/Đạt chứng nhận: Công nghệ GaN IICông nghệ lõi kép MegacoreCông nghệ kiểm soát nhiệt độ ActiveShield 2.0Công nghệ ActiveShield Ultra
- Hãng sản xuất: Anker","Mua ngay sạc Anker 4 cổng 3C1A GAN 70W A121C cũ giá rẻ - Nguồn gốc rõ ràng, bảo hành 6-12 tháng, đổi mới 30 ngày, luôn xuất bán đầy đủ VAT.",Phụ kiện,525000,Anker,0,150,0,2026-01-12 00:40:48,2026-03-29 12:13:07
385,Sạc nhanh Belkin 50W 2 cổng USB-C PD/PPS Cubic Wall Charger - Cũ,"Mua Sạc nhanh Belkin 50W 2 cổng USB-C PD/PPS Cubic Wall Charger cũ giá rẻ - Nguồn gốc rõ ràng, bảo hành 6-12 tháng, đổi mới 30 ngày, luôn xuất bán đầy đủ VAT.","- Công suất sạc: 50W
- Sử dụng tối đa: 2 thiết bị
- Đầu ra: 2 x USB-C
- Tiện ích: Sạc nhanhCó chân gập
- Công nghệ/Đạt chứng nhận: Công nghệ GaN
- Hãng sản xuất: Belkin","Mua Sạc nhanh Belkin 50W 2 cổng USB-C PD/PPS Cubic Wall Charger cũ giá rẻ - Nguồn gốc rõ ràng, bảo hành 6-12 tháng, đổi mới 30 ngày, luôn xuất bán đầy đủ VAT.",Phụ kiện,490000,Belkin,50,182,0,2025-04-21 10:56:16,2026-03-29 12:13:07
386,Sạc Mophie Essentials 1C1A GaN 35W - 737 - Cũ,"Mua Sạc Mophie Essentials 1C1A GaN 35W - 737 cũ giá rẻ - Nguồn gốc rõ ràng, bảo hành 6-12 tháng, đổi mới 30 ngày, luôn xuất bán đầy đủ VAT.","- Công suất sạc: 35W
- Sử dụng tối đa: 2 thiết bị
- Đầu ra: 1 x USB-C1 x USB-A
- Tiện ích: Thiết kế chân gập tiện lợi
- Công nghệ/Đạt chứng nhận: Power DeliveryCông nghệ GaN (Gallium Nitride)Công nghệ PPS (Programmable Power Supply)
- Hãng sản xuất: Mophie","Mua Sạc Mophie Essentials 1C1A GaN 35W - 737 cũ giá rẻ - Nguồn gốc rõ ràng, bảo hành 6-12 tháng, đổi mới 30 ngày, luôn xuất bán đầy đủ VAT.",Phụ kiện,310000,Mophie,2,18,0,2024-11-13 03:04:23,2026-03-29 12:13:07
387,Sạc nhanh Baseus GaN6 Pro 2C + 2U 65W EU kèm cáp C-C 100W 1m - Cũ,"Mua Sạc nhanh Baseus GaN6 Pro 2C + 2U 65W EU kèm cáp C-C 100W 1m cũ giá rẻ - Nguồn gốc rõ ràng, bảo hành 6-12 tháng, đổi mới 30 ngày, luôn xuất bán đầy đủ VAT.","- Công suất sạc: 65W
- Sử dụng tối đa: 4 thiết bị
- Đầu vào: AC
- Đầu ra: 2 x USB-C 2 x USB-A
- Tiện ích: Công nghệ GaN (Gallium Nitride)Sạc nhanhCông nghệ bảo vệ đa lớp: bảo vệ quá dòng, quá áp, ngắn mạch và quá nhiệt
- Công nghệ/Đạt chứng nhận: Công nghệ Power Delivery (PD) và Quick Charge (QC)
- Hãng sản xuất: Baseus","Mua Sạc nhanh Baseus GaN6 Pro 2C + 2U 65W EU kèm cáp C-C 100W 1m cũ giá rẻ - Nguồn gốc rõ ràng, bảo hành 6-12 tháng, đổi mới 30 ngày, luôn xuất bán đầy đủ VAT.",Phụ kiện,610000,Baseus,0,96,0,2024-04-20 10:03:14,2026-03-29 12:13:07
388,Sạc nhanh Belkin 20W 1 cổng USB-C PD/PPS Cubic Wall Charger - Cũ,"Mua Sạc nhanh Belkin 20W 1 cổng USB-C PD/PPS Cubic Wall Charger cũ giá rẻ - Nguồn gốc rõ ràng, bảo hành 6-12 tháng, đổi mới 30 ngày, luôn xuất bán đầy đủ VAT.","- Công suất sạc: 20W
- Sử dụng tối đa: 1 thiết bị
- Đầu ra: 1 x USB-C
- Tiện ích: Sạc nhanhCông nghệ PD 3.1Có chân gập
- Hãng sản xuất: Belkin","Mua Sạc nhanh Belkin 20W 1 cổng USB-C PD/PPS Cubic Wall Charger cũ giá rẻ - Nguồn gốc rõ ràng, bảo hành 6-12 tháng, đổi mới 30 ngày, luôn xuất bán đầy đủ VAT.",Phụ kiện,190000,Belkin,50,123,0,2025-05-03 06:16:07,2026-03-29 12:13:07
389,Sạc nhanh Belkin 45W 1 cổng USB-C PD/PPS Cubic Wall Charger - Cũ,"Mua Sạc nhanh Belkin 45W 1 cổng USB-C PD/PPS Cubic Wall Charger cũ giá rẻ - Nguồn gốc rõ ràng, bảo hành 6-12 tháng, đổi mới 30 ngày, luôn xuất bán đầy đủ VAT.","- Công suất sạc: 45W
- Sử dụng tối đa: 1 thiết bị
- Đầu ra: 1 x USB-C
- Tiện ích: Sạc nhanhCông nghệ PD 3.1Có chân gập
- Hãng sản xuất: Belkin","Mua Sạc nhanh Belkin 45W 1 cổng USB-C PD/PPS Cubic Wall Charger cũ giá rẻ - Nguồn gốc rõ ràng, bảo hành 6-12 tháng, đổi mới 30 ngày, luôn xuất bán đầy đủ VAT.",Phụ kiện,440000,Belkin,50,149,0,2026-02-23 16:06:05,2026-03-29 12:13:07
390,Sạc nhanh Trusmi 1A + 1C PD 20W (EU) CH07 - Cũ,"Mua Sạc nhanh Trusmi 1A + 1C PD 20W (EU) CH07 cũ giá rẻ - Nguồn gốc rõ ràng, bảo hành 6-12 tháng, đổi mới 30 ngày, luôn xuất bán đầy đủ VAT.","- Công suất sạc: 20W
- Sử dụng tối đa: 2 thiết bị
- Đầu ra: 1 x USB-C, 1 x USB-A
- Tiện ích: Sạc nhanhCông nghệ GaN (Gallium Nitride) giúp củ sạc nhỏ gọn mà còn hiệu quả hơnBảo vệ quá dòng, quá áp và quá nhiệt
- Công nghệ/Đạt chứng nhận: Công nghệ PD
- Hãng sản xuất: Trusmi","Mua Sạc nhanh Trusmi 1A + 1C PD 20W (EU) CH07 cũ giá rẻ - Nguồn gốc rõ ràng, bảo hành 6-12 tháng, đổi mới 30 ngày, luôn xuất bán đầy đủ VAT.",Phụ kiện,125000,Trusmi,0,27,0,2024-09-29 16:42:38,2026-03-29 12:13:07
391,Sạc nhanh mini Trusmi PD 45W GAN 1A1C kèm cáp type-C to type-C 60W CH06 - Cũ,"Mua Sạc nhanh mini Trusmi PD 45W GAN 1A1C kèm cáp type-C to type-C 60W CH06 cũ giá rẻ - Nguồn gốc rõ ràng, bảo hành 6-12 tháng, đổi mới 30 ngày, luôn xuất bán đầy đủ VAT.","- Công suất sạc: 45W
- Sử dụng tối đa: 2 thiết bị
- Đầu ra: 1 x USB-C, 1 x USB-A
- Tiện ích: Sạc nhanhCông nghệ GaN (Gallium Nitride), mang lại hiệu suất cao hơn, kích thước nhỏ gọn hơn và hoạt động mátVỏ ngoài chịu nhiệt và bền bỉ bảo vệ bộ sạc
- Công nghệ/Đạt chứng nhận: Công nghệ Power Delivery
- Chiều dài dây: 1m
- Hãng sản xuất: Trusmi","Mua Sạc nhanh mini Trusmi PD 45W GAN 1A1C kèm cáp type-C to type-C 60W CH06 cũ giá rẻ - Nguồn gốc rõ ràng, bảo hành 6-12 tháng, đổi mới 30 ngày, luôn xuất bán đầy đủ VAT.",Phụ kiện,290000,Trusmi,2,189,0,2024-07-11 05:31:50,2026-03-29 12:13:07
392,Đế sạc Anker Maggo đứng 1C 15W 2 trong 1 kèm cáp Type-C A25M7 - Cũ,"Mua Đế sạc Anker Maggo đứng 1C 15W 2 trong 1 kèm cáp Type-C A25M7 cũ giá rẻ - Nguồn gốc rõ ràng, bảo hành 6-12 tháng, đổi mới 30 ngày, luôn xuất bán đầy đủ VAT.","- Công suất sạc: 15W
- Sử dụng tối đa: 2 thiết bị
- Đầu vào: USB-C
- Tiện ích: Tương Thích MagSafeĐế sạc có khả năng xoay 45° dọc và 360° ngangĐèn LED kép hiển thị rõ ràng trạng thái sạcChuẩn Qi2
- Chiều dài dây: 1.5 mét
- Hãng sản xuất: Anker","Mua Đế sạc Anker Maggo đứng 1C 15W 2 trong 1 kèm cáp Type-C A25M7 cũ giá rẻ - Nguồn gốc rõ ràng, bảo hành 6-12 tháng, đổi mới 30 ngày, luôn xuất bán đầy đủ VAT.",Phụ kiện,650000,Anker,25,81,0,2025-07-26 21:16:50,2026-03-29 12:13:07
393,Samsung Galaxy S26 Ultra 5G 12GB 256GB - Đã kích hoạt,"Mua Samsung Galaxy S26 Ultra 12gb/256gb đã kích hoạt bảo hành, đổi mới 30 ngày, có trả góp 0%","- Kích thước màn hình: 6.9 inches
- Công nghệ màn hình: Dynamic AMOLED 2X
- Camera sau: Camera siêu rộng: 50MPCamera góc rộng: 200MPCamera Tele (5x): 50MPCamera Tele (3x): 10MP
- Camera trước: 12MP
- Chipset: Snapdragon 8 Elite Gen 5 dành cho Galaxy (3nm)
- Công nghệ NFC: Có
- Dung lượng RAM: 12 GB
- Bộ nhớ trong: 256 GB
- Pin: 5000 mAh
- Thẻ SIM: 2 Nano-SIM + eSIM
- Độ phân giải màn hình: 3120 x 1440 pixels (Quad HD+)
- Tính năng màn hình: Tần số quét: 1-120HzĐộ sáng tối đa: 2600 nits","Mua Samsung Galaxy S26 Ultra 12gb/256gb đã kích hoạt bảo hành, đổi mới 30 ngày, có trả góp 0%",Điện thoại,29690000,Samsung,2,124,0,2024-05-09 21:08:52,2026-03-29 12:13:07
394,Vivo Y19S Pro 6GB 128GB - Cũ Đẹp,"Mua điện thoại Vivo Y19S Pro 6GB 128GB cũ giá rẻ - Nguồn gốc rõ ràng, bảo hành 6-12 tháng, đổi mới 30 ngày, luôn xuất bán đầy đủ VAT.","- Kích thước màn hình: 6.68 inches
- Công nghệ màn hình: IPS LCD
- Camera sau: Chính 50 MP &amp; Phụ 0.08 MP
- Camera trước: 5 MP, f/2.2
- Chipset: Unisoc Tiger T612
- Công nghệ NFC: Có
- Dung lượng RAM: 6 GB
- Bộ nhớ trong: 128 GB
- Pin: 6000 mAh
- Thẻ SIM: 2 Nano-SIM
- Hệ điều hành: Android 15
- Độ phân giải màn hình: 1608 × 720 pixels
- Tính năng màn hình: 90 Hz, 1000 nits, Kính cường lực","Mua điện thoại Vivo Y19S Pro 6GB 128GB cũ giá rẻ - Nguồn gốc rõ ràng, bảo hành 6-12 tháng, đổi mới 30 ngày, luôn xuất bán đầy đủ VAT.",Điện thoại,2990000,Vivo,2,141,0,2024-11-24 14:53:23,2026-03-29 12:13:07
395,Xiaomi 17 Ultra 5G 16GB 512GB - Đã kích hoạt,"Mua điện thoại Xiaomi 17 Ultra đã kích hoạt bảo hành, đổi mới 30 ngày, có trả góp 0%","- Kích thước màn hình: 6.9 inches
- Công nghệ màn hình: LTPO AMOLED
- Camera sau: Camera chính: 200 MPGóc siêu rộng: 50 MP
- Camera trước: 50 MP
- Chipset: Qualcomm Snapdragon 8 Elite Gen 5
- Công nghệ NFC: Có
- Dung lượng RAM: 16 GB
- Bộ nhớ trong: 512 GB
- Pin: 6000 mAh
- Thẻ SIM: 2 Nano-SIM
- Hệ điều hành: Android 16 với HyperOS
- Tính năng màn hình: Độ phân giải màn hình: 2608 × 1200 pixelsĐộ sáng tối đa 3500 nits
- Loại CPU: 8 nhân","Mua điện thoại Xiaomi 17 Ultra đã kích hoạt bảo hành, đổi mới 30 ngày, có trả góp 0%",Điện thoại,32390000,Xiaomi,2,174,0,2025-01-25 12:59:25,2026-03-29 12:13:07
396,Cổng chuyển đổi Ugreen 5 in 1 CM511 - Cũ,"Mua Cổng chuyển đổi Ugreen 5 in 1 CM511 cũ giá rẻ - Nguồn gốc rõ ràng, bảo hành 6-12 tháng, đổi mới 30 ngày, luôn xuất bán đầy đủ VAT.","- Công suất sạc: 100W
- Đầu vào: USB-C
- Đầu ra: 1 x HDMI 3 x USB 3.0 1 x USB-C
- Tiện ích: Tương thích hệ điều hành Mac, Windows, Linux, AndroidTương thích ngược với USB 2.0
- Công nghệ/Đạt chứng nhận: Công nghệ PD
- Chất lượng nội dung: Hỗ trợ độ phân giải 4K 60Hz
- Chức năng: Tốc độ truyền dữ liệu qua cổng USB 3.0 5Gbps
- Hãng sản xuất: Ugreen","Mua Cổng chuyển đổi Ugreen 5 in 1 CM511 cũ giá rẻ - Nguồn gốc rõ ràng, bảo hành 6-12 tháng, đổi mới 30 ngày, luôn xuất bán đầy đủ VAT.",Khác,552000,Ugreen,0,21,0,2026-03-21 09:46:52,2026-03-29 12:13:07
397,iPhone 16 Pro 256GB 2 SIM - Cũ trầy xước,"Mua điện thoại iPhone 16 Pro 256GB 2 SIM cũ giá rẻ - Nguồn gốc rõ ràng, bảo hành 6-12 tháng, đổi mới 30 ngày, luôn xuất bán đầy đủ VAT.","- Kích thước màn hình: 6.3 inches
- Công nghệ màn hình: Super Retina XDR OLED
- Camera sau: Camera chính: 48MP, f/1.78, 24mm, chống rung quang học dịch chuyển cảm biến thế hệ thứ hai, Focus Pixels 100%, hỗ trợ ảnh có độ phân giải siêu caoHỗ trợ Telephoto 2x 12MP: 52 mm, ƒ/1.6 Camera góc siêu rộng: 48MP, 13 mm, ƒ/2.2 và trường ảnh 120°, H
- Camera trước: 12MP, ƒ/1.9, Tự động lấy nét theo pha Focus Pixels
- Chipset: Apple A18 Pro
- Công nghệ NFC: Có
- Bộ nhớ trong: 256 GB
- Thẻ SIM: 2 Nano SIM hoặc 1 Nano + 1 eSIM
- Hệ điều hành: iOS 18
- Độ phân giải màn hình: 2622 x 1206 pixels
- Tính năng màn hình: Dynamic IslandMàn hình HDRTrue ToneDải màu rộng (P3)Haptic TouchTỷ lệ tương phản 2.000.000:1Độ sáng tối đa 1000 nit460 ppiLớp phủ kháng dầu chống in dấu vân tayHỗ trợ hiển thị đồng thời nhiều ngôn ngữ và ký tự
- Loại CPU: CPU 6 lõi mới với 2 lõi hiệu năng và 4 lõi tiết kiệm điện
- Tương thích: Tương Thích Với Thiết Bị Trợ Thính","Mua điện thoại iPhone 16 Pro 256GB 2 SIM cũ giá rẻ - Nguồn gốc rõ ràng, bảo hành 6-12 tháng, đổi mới 30 ngày, luôn xuất bán đầy đủ VAT.",Điện thoại,24590000,Apple,0,120,0,2026-03-05 20:00:41,2026-03-29 12:13:07
398,Laptop Acer Aspire Lite 14 AL14-52M-52UU,"Mua ngay Laptop Acer Aspire Lite 14 AL14-52M-52UU giá rẻ - Hỗ trợ trả góp 0%, đổi mới 30 ngày, bảo hành chính hãng, giao hàng tận nơi miễn phí.","- Loại card đồ họa: Intel UHD Graphics
- Dung lượng RAM: 16GB
- Loại RAM: DDR5 4800MHz
- Số khe ram: 2 khe (1 x 16GB, nâng cấp tối đa 64GB)
- Ổ cứng: 512GB PCIe NVMe SSD (nâng cấp tối đa 2TB SSD)
- Kích thước màn hình: 14 inches
- Công nghệ màn hình: Độ phủ màu sRGB 100% Độ sáng 300 nits Màn hình LCD TFT đèn nền LED Acer ComfyView
- Pin: 58Wh 3-cell Li-ion battery Adapter 65W Type-C
- Hệ điều hành: Windows 11 Home SL
- Độ phân giải màn hình: 2240 x 1400 pixels
- Loại CPU: Intel Core i5-1335U (10 lõi / 12 luồng, Tần số Turbo tối đa của E-core : 3.4 GHz, Tần số Turbo tối đa của P-core : 4.6 GHz, 12 MB Intel Smart Cache)
- Cổng giao tiếp: 1 x USB-C (USB 3.2 Gen 1, 5Gbps, DisplayPort, sạc 5–20V / 3.25A) 3 x USB-A (USB 3.2 Gen 1) 1 x HDMI 1.4 (HDCP) 1 x Jack tai nghe/loa 3,5mm (hỗ trợ headset có micro) 1 x Khe thẻ microSD","Mua ngay Laptop Acer Aspire Lite 14 AL14-52M-52UU giá rẻ - Hỗ trợ trả góp 0%, đổi mới 30 ngày, bảo hành chính hãng, giao hàng tận nơi miễn phí.",Laptop,18990000,Acer,0,178,0,2026-03-15 12:11:12,2026-03-29 12:13:07
399,Laptop ASUS VivoBook S14 S3407CA-SF913W,"Mua ngay Laptop ASUS VivoBook S14 S3407CA-SF913W giá rẻ - Hỗ trợ trả góp 0%, đổi mới 30 ngày, bảo hành chính hãng, giao hàng tận nơi miễn phí.","- Chip AI: Intel AI Boost NPU up to 13TOPS
- Loại card đồ họa: Intel Graphics
- Dung lượng RAM: 16GB
- Loại RAM: DDR5 on board
- Ổ cứng: 512GB M.2 NVMe PCIe 4.0 SSD
- Kích thước màn hình: 14 inches
- Công nghệ màn hình: Độ sáng 300 nits Độ phủ màu 95% DCI-P3 Tỷ lệ tương phản 1.000.000:1 1.07 tỷ màu Giảm 70% ánh sáng xanh có hại Chứng nhận TÜV Rheinland
- Pin: 70WHrs, 4S1P, 4-cell Li-ion
- Hệ điều hành: Windows 11 Home
- Độ phân giải màn hình: 1920 x 1200 pixels (WUXGA)
- Loại CPU: Intel Core Ultra 5 225H 1.7 GHz (18MB Cache, up to 4.9 GHz, 14 lõi, 14 luồng)
- Cổng giao tiếp: 2 x USB-A (USB 3.2 Gen 1, 5Gbps) 2 x USB-C (USB 3.2 Gen 1, 5Gbps, hỗ trợ Display / Power Delivery) 1 x HDMI 1.4 1 x Jack tai nghe/micro 3,5mm","Mua ngay Laptop ASUS VivoBook S14 S3407CA-SF913W giá rẻ - Hỗ trợ trả góp 0%, đổi mới 30 ngày, bảo hành chính hãng, giao hàng tận nơi miễn phí.",Laptop,26490000,ASUS,0,150,0,2024-08-16 05:22:02,2026-03-29 12:13:07
400,Laptop ASUS VivoBook S14 S3407CA-SF923W,"Mua ngay Laptop ASUS VivoBook S14 S3407CA-SF923W giá rẻ - Hỗ trợ trả góp 0%, đổi mới 30 ngày, bảo hành chính hãng, giao hàng tận nơi miễn phí.","- Chip AI: Intel AI Boost NPU up to 13TOPS
- Loại card đồ họa: Intel Graphics
- Dung lượng RAM: 16GB
- Loại RAM: DDR5 on board
- Ổ cứng: 512GB M.2 NVMe PCIe 4.0 SSD
- Kích thước màn hình: 14 inches
- Công nghệ màn hình: Độ sáng 300 nits Độ phủ màu 95% DCI-P3 Tỷ lệ tương phản 1.000.000:1 1.07 tỷ màu Giảm 70% ánh sáng xanh có hại Chứng nhận TÜV Rheinland
- Pin: 70WHrs, 4S1P, 4-cell Li-ion
- Hệ điều hành: Windows 11 Home
- Độ phân giải màn hình: 1920 x 1200 pixels (WUXGA)
- Loại CPU: Intel Core Ultra 7 255H 2.0 GHz (24MB Cache, up to 5.1 GHz, 16 lõi, 16 luồng)
- Cổng giao tiếp: 2 x USB-A (USB 3.2 Gen 1, 5Gbps) 2 x USB-C (USB 3.2 Gen 1, 5Gbps, hỗ trợ Display / Power Delivery) 1 x HDMI 1.4 1 x Jack tai nghe/micro 3,5mm","Mua ngay Laptop ASUS VivoBook S14 S3407CA-SF923W giá rẻ - Hỗ trợ trả góp 0%, đổi mới 30 ngày, bảo hành chính hãng, giao hàng tận nơi miễn phí.",Laptop,28490000,ASUS,0,188,0,2025-02-09 20:12:03,2026-03-29 12:13:07
401,Laptop Dell 15 DC15255 G8MK9 - Nhập khẩu chính hãng,"Mua ngay Laptop Dell 15 DC15255 G8MK9 giá rẻ - Hỗ trợ trả góp 0%, đổi mới 30 ngày, bảo hành chính hãng, giao hàng tận nơi miễn phí.","- Loại card đồ họa: AMD Radeon Graphics
- Dung lượng RAM: 16GB
- Loại RAM: DDR4
- Số khe ram: 2 khe ram tối đa 16GB
- Ổ cứng: 512GB SSD
- Kích thước màn hình: 15.6 inches
- Công nghệ màn hình: Độ phủ màu 45% NTSC
- Pin: 3-cell, 41 Wh
- Hệ điều hành: Windows 11
- Độ phân giải màn hình: 1920 x 1080 pixels (FullHD)
- Loại CPU: AMD Ryzen 7 7730U
- Cổng giao tiếp: 1 x Khe thẻ SD 1 x USB-A (USB 2.0, 480Mbps) 1 x Cổng Universal Audio 1 x HDMI 1.4 1 x USB-A (USB 3.2 Gen 1, 5Gbps) 1 x USB-C (USB 3.2 Gen 1, 5Gbps)","Mua ngay Laptop Dell 15 DC15255 G8MK9 giá rẻ - Hỗ trợ trả góp 0%, đổi mới 30 ngày, bảo hành chính hãng, giao hàng tận nơi miễn phí.",Laptop,18990000,Dell,0,110,0,2025-07-11 15:07:31,2026-03-29 12:13:07
402,Laptop Lenovo LOQ 15ARP10E 83S000DEVN,"Mua ngay Laptop Lenovo LOQ 15ARP10E 83S000DEVN giá rẻ - Hỗ trợ trả góp 0%, đổi mới 30 ngày, bảo hành chính hãng, giao hàng tận nơi miễn phí.","- Loại card đồ họa: NVIDIA GeForce RTX 3050 6GB GDDR6, Boost Clock 990MHz, TGP 65W
- Dung lượng RAM: 16GB
- Loại RAM: SODIMM DDR5-4800
- Số khe ram: 2 khe (Tối đa 16GB DDR5-4800)
- Ổ cứng: 512GB SSD M.2 2242 PCIe 4.0x4 NVMe (Hỗ trợ tối đa hai ổ đĩa, 2 ổ SSD M.2, tối đa 1TB)
- Kích thước màn hình: 15.6 inches
- Công nghệ màn hình: Độ sáng 300nits Màn hình chống chóiĐộ phủ màu 100% sRGB FreeSync
- Pin: 57.5Wh, 135W Slim Tip (3-pin)
- Hệ điều hành: Windows 11 Home Single Language, English
- Độ phân giải màn hình: 1920 x 1080 pixels (FullHD)
- Loại CPU: AMD Ryzen 7 170 (8 lõi / 16 luồng, 3.2 / 4.75GHz, 4MB L2 / 16MB L3)
- Cổng giao tiếp: 2 x USB-A (USB 3.2 Gen 1, 5Gbps) 1 x USB-C (USB 3.2 Gen 1, 5Gbps, PD 3.0) 1 x HDMI 2.1 (tối đa 8K/60Hz) 1 x Jack tai nghe/micro 3,5mm 1 x Ethernet (RJ-45) 1 x Khe đọc thẻ 1 x Cổng nguồn Slim Tip","Mua ngay Laptop Lenovo LOQ 15ARP10E 83S000DEVN giá rẻ - Hỗ trợ trả góp 0%, đổi mới 30 ngày, bảo hành chính hãng, giao hàng tận nơi miễn phí.",Laptop,27490000,Lenovo,0,126,0,2025-02-07 15:53:50,2026-03-29 12:13:07
403,Laptop Lenovo ThinkBook 16 G9 IRL 21US008FVN,"Mua ngay Laptop Lenovo ThinkBook 16 G9 IRL 21US008FVN giá rẻ - Hỗ trợ trả góp 0%, đổi mới 30 ngày, bảo hành chính hãng, giao hàng tận nơi miễn phí.","- Loại card đồ họa: Intel UHD Graphics
- Dung lượng RAM: 16GB
- Loại RAM: SODIMM DDR5-5200
- Số khe ram: 2 khe (1 x 16GB, tối đa 64GB DDR5-5200)
- Ổ cứng: 512GB SSD M.2 2242 PCIe 4.0x4 NVMe (Hỗ trợ tối đa hai ổ đĩa, 2 ổ SSD M.2, tối đa 2TB)
- Kích thước màn hình: 16 inches
- Công nghệ màn hình: Độ sáng 400nits Màn hình chống chóiĐộ phủ màu 45% NTSC
- Pin: 48Wh, 65W USB-C (3-pin)
- Hệ điều hành: Windows 11 Home Single Language, English (US) / English (UK)
- Độ phân giải màn hình: 1920 x 1200 pixels (WUXGA)
- Loại CPU: Intel Core i5-13420H, 8 lõi (4P + 4E) / 12 luồng, P-core up to 4.6GHz, E-core up to 3.4GHz, 12MB Intel Smart Cache
- Cổng giao tiếp: 1 x USB-A (5Gbps, Always On) 1 x USB-A (5Gbps) 1 x USB-C (10Gbps, PD 45–65W, DisplayPort 1.4) 1 x Thunderbolt 4 (PD 45–65W, DisplayPort 1.4) 1 x HDMI 2.1 (4K/60Hz) 1 x Jack tai nghe/micro 3.5mm 1 x RJ-45 1 x Khe thẻ SD","Mua ngay Laptop Lenovo ThinkBook 16 G9 IRL 21US008FVN giá rẻ - Hỗ trợ trả góp 0%, đổi mới 30 ngày, bảo hành chính hãng, giao hàng tận nơi miễn phí.",Laptop,26990000,Lenovo,0,32,0,2025-03-17 16:43:18,2026-03-29 12:13:07
404,Laptop Lenovo ThinkPad E16 Gen 3 21SR00AAVN,"Mua ngay Laptop Lenovo ThinkPad E16 Gen 3 21SR00AAVN giá rẻ - Hỗ trợ trả góp 0%, đổi mới 30 ngày, bảo hành chính hãng, giao hàng tận nơi miễn phí.","- Chip AI: Intel AI Boost, up to 11 TOPS
- Loại card đồ họa: Intel Arc Graphics
- Dung lượng RAM: 16GB
- Loại RAM: SODIMM DDR5-5600
- Số khe ram: 2 khe (1 x 16GB, tối đa 64GB DDR5-5600)
- Ổ cứng: 512GB SSD M.2 2242 PCIe 4.0x4 NVMe Opal 2.0, tối đa 1TB
- Kích thước màn hình: 16 inches
- Công nghệ màn hình: Độ sáng 300nits Màn hình chống chóiĐộ phủ màu 45% NTSC
- Pin: 48Wh, 65W USB-C (3-pin)
- Hệ điều hành: Windows 11 Home Single Language, English (US) / English (UK)
- Độ phân giải màn hình: 1920 x 1200 pixels (WUXGA)
- Loại CPU: Intel Core Ultra 5 135H, 14 lõi (4P + 8E + 2LPE) / 18 luòng, Max Turbo up to 4.6GHz, 18MB Intel Smart Cache
- Cổng giao tiếp: 1 x USB-A (USB 3.2 Gen 1, 5Gbps) 1 x USB-A (USB 3.2 Gen 2, 10Gbps, Always On) 1 x USB-C (Thunderbolt 4 / USB4, 40Gbps, PD 45–65W, DisplayPort 2.1) 1 x HDMI 2.1 (4K/60Hz) 1 x Jack tai nghe/micro 3,5mm 1 x Ethernet (RJ-45)","Mua ngay Laptop Lenovo ThinkPad E16 Gen 3 21SR00AAVN giá rẻ - Hỗ trợ trả góp 0%, đổi mới 30 ngày, bảo hành chính hãng, giao hàng tận nơi miễn phí.",Laptop,27990000,Lenovo,0,67,0,2025-03-11 16:25:32,2026-03-29 12:13:07
405,Laptop Lenovo V15 G5 IRL 83HF00BRVA,"Mua ngay Laptop Lenovo V15 G5 IRL 83HF00BRVA giá rẻ - Hỗ trợ trả góp 0%, đổi mới 30 ngày, bảo hành chính hãng, giao hàng tận nơi miễn phí.","- Loại card đồ họa: Intel UHD Graphics
- Dung lượng RAM: 8GB
- Loại RAM: SODIMM DDR5-5200
- Số khe ram: 2 khe (1 x 8GB, nâng cấp tối đa 32GB DDR5-5200)
- Ổ cứng: 512GB SSD M.2 2242 PCIe 4.0x4 NVMe (One drive, up to 1TB M.2 2242 SSD)
- Kích thước màn hình: 15.6 inches
- Công nghệ màn hình: Độ sáng 300nits Màn hình chống chóiĐộ phủ màu 45% NTSC
- Pin: 47Wh, 65W USB-C (3-pin)
- Hệ điều hành: Free OS
- Độ phân giải màn hình: 1920 x 1080 pixels (FullHD)
- Loại CPU: Intel Core i5-13420H, 8 lõi (4P + 4E) / 12 luồng, P-core up to 4.6GHz, E-core up to 3.4GHz, 12MB Intel Smart Cache
- Cổng giao tiếp: 2 x USB-A (USB 3.2 Gen 1, 5Gbps) 1 x USB-C (USB 3.2 Gen 1, 5Gbps, PD 45–65W, DisplayPort 1.2) 1 x HDMI 1.4b 1 x Jack tai nghe/micro 3,5mm 1 x Ethernet (RJ-45) 1 x Cổng nguồn tròn","Mua ngay Laptop Lenovo V15 G5 IRL 83HF00BRVA giá rẻ - Hỗ trợ trả góp 0%, đổi mới 30 ngày, bảo hành chính hãng, giao hàng tận nơi miễn phí.",Laptop,17990000,Lenovo,0,161,0,2024-07-03 10:33:57,2026-03-29 12:13:07
406,Laptop MSI Cyborg 15 B13WFKG-658VN,"Mua ngay Laptop MSI Cyborg 15 B13WFKG-658VN giá rẻ - Hỗ trợ trả góp 0%, đổi mới 30 ngày, bảo hành chính hãng, giao hàng tận nơi miễn phí.","- Loại card đồ họa: NVIDIA GeForce RTX 5060 với 572 AI TOPSIntel UHD Graphics
- Dung lượng RAM: 16GB
- Loại RAM: DDR5-5600
- Số khe ram: 2 khe (1 x 16GB, nâng cấp tối đa 96GB)
- Ổ cứng: 1TB * 1 (NVMe SSD PCIe Gen4), tối đa 4TB
- Kích thước màn hình: 15.6 inches
- Công nghệ màn hình: Màn hình chống chói
- Pin: 4-Cell
- Hệ điều hành: Windows 11 Home
- Độ phân giải màn hình: 1920 x 1080 pixels (FullHD)
- Loại CPU: Intel Core i7-13620H (10 lõi) - Max Turbo Frequency: 4.90 GHz
- Cổng giao tiếp: 1 x USB-C (USB 3.2 Gen 2, DisplayPort, Power Delivery 3.0) 2 x USB-A (USB 3.2 Gen 2) 1 x HDMI 2.1 (4K/60Hz)","Mua ngay Laptop MSI Cyborg 15 B13WFKG-658VN giá rẻ - Hỗ trợ trả góp 0%, đổi mới 30 ngày, bảo hành chính hãng, giao hàng tận nơi miễn phí.",Laptop,36490000,MSI,0,154,0,2024-11-12 01:09:45,2026-03-29 12:13:07
407,Laptop MSI Prestige 14 AI+ EVO C2VMG-020VN,"Mua ngay Laptop MSI Prestige 14 AI+ EVO C2VMG-020VN giá rẻ - Hỗ trợ trả góp 0%, đổi mới 30 ngày, bảo hành chính hãng, giao hàng tận nơi miễn phí.","- Chip AI: Intel AI Boost 47 TOP
- Loại card đồ họa: Intel Arc 140V GPU (16GB)
- Dung lượng RAM: 32GB
- Loại RAM: LPDDR5x-8533
- Số khe ram: Không nâng cấp
- Ổ cứng: 1TB SSD1 PCIe (M.2 2280) - nâng cấp tối đa 8TB
- Kích thước màn hình: 14 inches
- Công nghệ màn hình: Độ phủ màu 100% DCI-P3 (typical) Độ sáng 400 nits Low Blue Light &amp; Flicker-free chứng nhận bởi SGS
- Pin: 4 Cell Int (90Wh)
- Hệ điều hành: Windows 11 Home Single Language 64-bit
- Độ phân giải màn hình: 2880 x 1800 pixels
- Loại CPU: Intel Core Ultra 7 258V (8 lõi) - Max Turbo Frequency: 4. 80 GHz
- Cổng giao tiếp: 2 x Thunderbolt 4 (Power Delivery, DisplayPort) 1 x USB-A (USB 3.2 Gen 2) 1 x HDMI 1 x RJ45 (LAN) 1 x Jack tai nghe/micro 3,5mm 1 x Khe SSD PCIe M.2 2280","Mua ngay Laptop MSI Prestige 14 AI+ EVO C2VMG-020VN giá rẻ - Hỗ trợ trả góp 0%, đổi mới 30 ngày, bảo hành chính hãng, giao hàng tận nơi miễn phí.",Laptop,32790000,MSI,0,80,0,2024-05-18 12:16:13,2026-03-29 12:13:07
408,Máy lạnh Casper 1.5HP 2025 (SC-12FB36A),"Mua ngay máy lạnh Casper 1.5HP 2025 (SC-12FB36A) chính hãng - Giá rẻ, đảm bảo chất lượng, độ bền cao, hỗ trợ giao hàng tận nơi toàn quốc.","- Loại máy: 1 chiều (chỉ làm lạnh)
- Kiểu dáng: Máy lạnh treo tường
- Phạm vi làm lạnh: Từ 15 - 20m2
- Công suất làm lạnh: 1.5 HP - 11.700 BTU
- Công nghệ tiết kiệm điện: Eco
- Công suất tiêu thụ điện: 1.105 kWh
- Công nghệ làm lạnh nhanh: Turbo
- Hãng sản xuất: Casper","Mua ngay máy lạnh Casper 1.5HP 2025 (SC-12FB36A) chính hãng - Giá rẻ, đảm bảo chất lượng, độ bền cao, hỗ trợ giao hàng tận nơi toàn quốc.",Khác,6690000,Casper,2,5,0,2025-07-07 00:21:33,2026-03-29 12:13:07
409,Máy lạnh Casper 1.0HP 2025 (SC-09FB36A),"Mua ngay máy lạnh Casper 1.0HP 2025 (SC-09FB36A) chính hãng - Giá rẻ, đảm bảo chất lượng, độ bền cao, hỗ trợ giao hàng tận nơi toàn quốc.","- Loại máy: 1 chiều (chỉ làm lạnh)
- Kiểu dáng: Máy lạnh treo tường
- Phạm vi làm lạnh: Dưới 15m2
- Công suất làm lạnh: 1 HP - 8.900 BTU
- Công nghệ tiết kiệm điện: Eco
- Công suất tiêu thụ điện: 0.833 kWh
- Công nghệ làm lạnh nhanh: Turbo
- Hãng sản xuất: Casper","Mua ngay máy lạnh Casper 1.0HP 2025 (SC-09FB36A) chính hãng - Giá rẻ, đảm bảo chất lượng, độ bền cao, hỗ trợ giao hàng tận nơi toàn quốc.",Khác,5790000,Casper,2,179,0,2024-09-16 09:21:11,2026-03-29 12:13:07
410,Máy lạnh Casper 1.5HP 2025 (JC-12IU36),"Mua ngay máy lạnh Casper 1.5HP 2025 (JC-12IU36) chính hãng - Giá rẻ, đảm bảo chất lượng, độ bền cao, hỗ trợ giao hàng tận nơi toàn quốc.","- Loại máy: 1 chiều (chỉ làm lạnh)
- Kiểu dáng: Máy lạnh treo tường
- Phạm vi làm lạnh: Từ 15 - 20m2
- Công suất làm lạnh: 12.000 BTU - 1.5HP
- Công nghệ tiết kiệm điện: InverterCông nghệ I-saving
- Khả năng lọc không khí: Hệ thống lọc không khí đa lớp
- Công nghệ làm lạnh nhanh: Turbo
- Hãng sản xuất: Casper","Mua ngay máy lạnh Casper 1.5HP 2025 (JC-12IU36) chính hãng - Giá rẻ, đảm bảo chất lượng, độ bền cao, hỗ trợ giao hàng tận nơi toàn quốc.",Khác,8590000,Casper,2,193,0,2025-01-10 23:00:26,2026-03-29 12:13:07
411,Máy lạnh Casper 1.5HP 2024 (QC-12IS36),"Mua ngay máy lạnh Casper 1.5HP 2024 (QC-12IS36) chính hãng - Giá rẻ, đảm bảo chất lượng, độ bền cao, hỗ trợ giao hàng tận nơi toàn quốc.","- Loại máy: 1 chiều (chỉ làm lạnh)
- Kiểu dáng: Máy lạnh treo tường
- Phạm vi làm lạnh: Từ 15 - 20m2
- Công suất làm lạnh: 1.5 HP - 12.200 BTU
- Công nghệ tiết kiệm điện: InverterCông nghệ I-saving
- Công suất tiêu thụ điện: 1.4 kWh
- Khả năng lọc không khí: Lưới lọc bụi
- Công nghệ làm lạnh nhanh: Turbo
- Hãng sản xuất: Casper","Mua ngay máy lạnh Casper 1.5HP 2024 (QC-12IS36) chính hãng - Giá rẻ, đảm bảo chất lượng, độ bền cao, hỗ trợ giao hàng tận nơi toàn quốc.",Khác,9390000,Casper,2,26,0,2025-05-12 17:22:20,2026-03-29 12:13:07
412,Máy lạnh Casper 1.5HP 2025 (QC-12IU36A),"Mua ngay máy lạnh Casper 1.5HP 2025 (QC-12IU36A) chính hãng - Giá rẻ, đảm bảo chất lượng, độ bền cao, hỗ trợ giao hàng tận nơi toàn quốc.","- Loại máy: 1 chiều (chỉ làm lạnh)
- Kiểu dáng: Máy lạnh treo tường
- Phạm vi làm lạnh: Từ 15 - 20m2
- Công suất làm lạnh: 1.5 HP - 12.200 BTU
- Công nghệ tiết kiệm điện: InverterCông nghệ I-saving
- Công suất tiêu thụ điện: 1.4 kWh
- Công nghệ làm lạnh nhanh: Turbo
- Hãng sản xuất: Casper","Mua ngay máy lạnh Casper 1.5HP 2025 (QC-12IU36A) chính hãng - Giá rẻ, đảm bảo chất lượng, độ bền cao, hỗ trợ giao hàng tận nơi toàn quốc.",Khác,7190000,Casper,2,195,0,2025-09-21 17:22:37,2026-03-29 12:13:07
413,Máy lạnh Casper 1.0HP 2025 (JC-09IU36),"Mua ngay máy lạnh Casper 1.0HP 2025 (JC-09IU36) chính hãng - Giá rẻ, đảm bảo chất lượng, độ bền cao, hỗ trợ giao hàng tận nơi toàn quốc.","- Loại máy: 1 chiều (chỉ làm lạnh)
- Kiểu dáng: Máy lạnh treo tường
- Phạm vi làm lạnh: Dưới 15m2
- Công suất làm lạnh: 9.000 BTU - 1HP
- Công nghệ tiết kiệm điện: Inverteri-Saving
- Khả năng lọc không khí: Hệ thống lọc không khí đa lớp
- Công nghệ làm lạnh nhanh: Turbo
- Hãng sản xuất: Casper","Mua ngay máy lạnh Casper 1.0HP 2025 (JC-09IU36) chính hãng - Giá rẻ, đảm bảo chất lượng, độ bền cao, hỗ trợ giao hàng tận nơi toàn quốc.",Khác,7690000,Casper,2,22,0,2025-09-27 06:55:50,2026-03-29 12:13:07
414,Máy lạnh Casper 1.0HP 2024 (QC-09IS36),"Mua ngay máy lạnh Casper 1.0HP 2024 (QC-09IS36) chính hãng - Giá rẻ, đảm bảo chất lượng, độ bền cao, hỗ trợ giao hàng tận nơi toàn quốc.","- Loại máy: 1 chiều (chỉ làm lạnh)
- Kiểu dáng: Máy lạnh treo tường
- Phạm vi làm lạnh: Dưới 15m2
- Công suất làm lạnh: 1 HP - 9.500 BTU
- Công nghệ tiết kiệm điện: InverterCông nghệ I-saving
- Công suất tiêu thụ điện: 1.03 kWh
- Khả năng lọc không khí: Lưới lọc bụi
- Công nghệ làm lạnh nhanh: Turbo
- Hãng sản xuất: Casper","Mua ngay máy lạnh Casper 1.0HP 2024 (QC-09IS36) chính hãng - Giá rẻ, đảm bảo chất lượng, độ bền cao, hỗ trợ giao hàng tận nơi toàn quốc.",Khác,7490000,Casper,2,77,0,2025-01-03 15:47:16,2026-03-29 12:13:07
415,Máy lạnh Casper 1.0HP 2025 (QC-09IU36A),"Mua ngay máy lạnh Casper 1.0HP 2025 (QC-09IU36A) chính hãng - Giá rẻ, đảm bảo chất lượng, độ bền cao, hỗ trợ giao hàng tận nơi toàn quốc.","- Loại máy: 1 chiều (chỉ làm lạnh)
- Kiểu dáng: Máy lạnh treo tường
- Phạm vi làm lạnh: Dưới 15m2
- Công suất làm lạnh: 1 HP - 9.500 BTU
- Công nghệ tiết kiệm điện: InverterCông nghệ I-saving
- Công suất tiêu thụ điện: 1.03 kWh
- Công nghệ làm lạnh nhanh: Turbo
- Hãng sản xuất: Casper","Mua ngay máy lạnh Casper 1.0HP 2025 (QC-09IU36A) chính hãng - Giá rẻ, đảm bảo chất lượng, độ bền cao, hỗ trợ giao hàng tận nơi toàn quốc.",Khác,7990000,Casper,2,85,0,2025-04-15 22:48:04,2026-03-29 12:13:07
416,Samsung Galaxy S26 Ultra dán bảo vệ camera Zagg Invisibleshield Glass Elite,"Mua samsung Galaxy S26 Ultra dán bảo vệ camera Zagg Invisibleshield Glass Elite chính hãng - Giá rẻ, đảm bảo chất lượng, độ bền cao, bảo hành uy tín, giao hàng tận nơi toàn quốc.","- Dòng sản phẩm: Samsung Galaxy S26 Ultra
- Loại miếng dán: Dán bảo vệ camera
- Tính năng: Chống sốc, va đập, Chống trầy xước
- Hãng sản xuất: ZAGG","Mua samsung Galaxy S26 Ultra dán bảo vệ camera Zagg Invisibleshield Glass Elite chính hãng - Giá rẻ, đảm bảo chất lượng, độ bền cao, bảo hành uy tín, giao hàng tận nơi toàn quốc.",Điện thoại,405000,ZAGG,0,78,0,2025-09-12 18:03:36,2026-03-29 12:13:07
417,Ốp lưng iPhone 17 Wiwu MCC-101 with Magsafe,"Mua ngay Ốp lưng iPhone 17 Wiwu MCC-101 with Magsafe chính hãng - Giá rẻ, đảm bảo chất lượng, độ bền cao, hỗ trợ giao hàng tận nơi toàn quốc.","- Dòng sản phẩm: iPhone 17
- Phân loại ốp: Chống sốc
- Tính năng: Hỗ trợ sạc MagSafe, Hỗ trợ sạc không dây, Chống sốc, va đập, Chống trầy xước
- Hãng sản xuất: Wiwu","Mua ngay Ốp lưng iPhone 17 Wiwu MCC-101 with Magsafe chính hãng - Giá rẻ, đảm bảo chất lượng, độ bền cao, hỗ trợ giao hàng tận nơi toàn quốc.",Điện thoại,225000,Wiwu,0,98,0,2025-01-24 00:16:49,2026-03-29 12:13:07
418,Ốp lưng iPhone 17 Wiwu MCC-201 with Magsafe Clear,"Mua ngay Ốp lưng iPhone 17 Wiwu MCC-201 with Magsafe Clear chính hãng - Giá rẻ, đảm bảo chất lượng, độ bền cao, hỗ trợ giao hàng tận nơi toàn quốc.","- Dòng sản phẩm: iPhone 17
- Phân loại ốp: Chống sốc, Ốp trong
- Tính năng: Hỗ trợ sạc MagSafe, Hỗ trợ sạc không dây, Chống sốc, va đập, Chống trầy xước
- Hãng sản xuất: Wiwu","Mua ngay Ốp lưng iPhone 17 Wiwu MCC-201 with Magsafe Clear chính hãng - Giá rẻ, đảm bảo chất lượng, độ bền cao, hỗ trợ giao hàng tận nơi toàn quốc.",Điện thoại,270000,Wiwu,0,176,0,2025-09-25 08:46:22,2026-03-29 12:13:07
419,Ốp lưng Samsung Galaxy S26 Ultra Mipow Mattex with Magsafe,"Mua Ốp lưng Samsung Galaxy S26 Ultra Mipow Mattex with Magsafe chính hãng - Giá rẻ, đảm bảo chất lượng, độ bền cao, hỗ trợ giao hàng tận nơi toàn quốc.","- Dòng sản phẩm: Samsung Galaxy S26 Ultra
- Phân loại ốp: Chống sốc, Ốp nhựa cứng
- Tính năng: Hỗ trợ sạc MagSafe, Hỗ trợ sạc không dây, Siêu mỏng, Chống sốc, va đập, Chống ngả màu, Chống trầy xước
- Hãng sản xuất: Mipow","Mua Ốp lưng Samsung Galaxy S26 Ultra Mipow Mattex with Magsafe chính hãng - Giá rẻ, đảm bảo chất lượng, độ bền cao, hỗ trợ giao hàng tận nơi toàn quốc.",Điện thoại,464000,Mipow,0,123,0,2024-12-22 05:09:34,2026-03-29 12:13:07
420,Ốp lưng Samsung Galaxy S26 Ultra Mipow Qi2 Tempered with Magsafe Clear,"Mua Ốp lưng Samsung Galaxy S26 Ultra Mipow Qi2 Tempered with Magsafe Clear chính hãng - Giá rẻ, đảm bảo chất lượng, độ bền cao, bảo hành uy tín, giao hàng tận nơi toàn quốc.","- Dòng sản phẩm: Samsung Galaxy S26 Ultra
- Phân loại ốp: Chống sốc, Ốp trong
- Tính năng: Hỗ trợ sạc MagSafe, Hỗ trợ sạc không dây, Chống sốc, va đập, Chống ngả màu, Chống trầy xước
- Hãng sản xuất: Mipow","Mua Ốp lưng Samsung Galaxy S26 Ultra Mipow Qi2 Tempered with Magsafe Clear chính hãng - Giá rẻ, đảm bảo chất lượng, độ bền cao, bảo hành uy tín, giao hàng tận nơi toàn quốc.",Điện thoại,448000,Mipow,0,161,0,2025-12-02 09:54:55,2026-03-29 12:13:07
421,Ốp lưng Samsung Galaxy S26 Ultra Mipow Tempered Clear,"Mua Ốp lưng Samsung Galaxy S26 Ultra Mipow Tempered Clear chính hãng - Giá rẻ, đảm bảo chất lượng, độ bền cao, bảo hành uy tín, giao hàng tận nơi toàn quốc.","- Dòng sản phẩm: Samsung Galaxy S26 Ultra
- Phân loại ốp: Chống sốc, Ốp trong
- Tính năng: Chống sốc, va đập, Chống ngả màu, Chống trầy xước
- Hãng sản xuất: Mipow","Mua Ốp lưng Samsung Galaxy S26 Ultra Mipow Tempered Clear chính hãng - Giá rẻ, đảm bảo chất lượng, độ bền cao, bảo hành uy tín, giao hàng tận nơi toàn quốc.",Điện thoại,280000,Mipow,0,72,0,2026-02-24 13:24:07,2026-03-29 12:13:07
422,Ốp lưng kèm phụ kiện chụp ảnh Xiaomi 17 Ultra chính hãng,"Mua Ốp lưng kèm phụ kiện chụp ảnh Xiaomi 17 Ultra chính hãng chính hãng - Giá rẻ, đảm bảo chất lượng, độ bền cao, hỗ trợ giao hàng tận nơi toàn quốc.","- Pin: 2000mAh
- Dòng sản phẩm: Xiaomi
- Phân loại ốp: Chống sốc
- Tính năng: Chống sốc, va đập, Chống trầy xước
- Dùng được cho: Xiaomi 17 Ultra
- Hãng sản xuất: Xiaomi
- Cổng giao tiếp: USB-C
- Tiện ích: Nút chụp hai nấcNúm xoay tùy chỉnhĐược thiết kế cho độ bám vững chắc như máy ảnhGạt nhẹ cần zoom để chuyển đổi độ dài tiêu cự","Mua Ốp lưng kèm phụ kiện chụp ảnh Xiaomi 17 Ultra chính hãng chính hãng - Giá rẻ, đảm bảo chất lượng, độ bền cao, hỗ trợ giao hàng tận nơi toàn quốc.",Điện thoại,4300000,Xiaomi,0,77,0,2025-02-17 15:44:04,2026-03-29 12:13:07
423,Pin Energizer Specialty CR2032 (1 viên/vỉ) 2032 BP1,"Mua Pin Energizer Specialty CR2032 (1 viên/vỉ) 2032 BP1 chính hãng - Giá rẻ, đảm bảo chất lượng, độ bền cao, hỗ trợ giao hàng tận nơi toàn quốc.","- Loại pin: Pin CR2032
- Điện thế: 3V
- Hãng sản xuất: Energizer","Mua Pin Energizer Specialty CR2032 (1 viên/vỉ) 2032 BP1 chính hãng - Giá rẻ, đảm bảo chất lượng, độ bền cao, hỗ trợ giao hàng tận nơi toàn quốc.",Khác,30000,Energizer,0,103,0,2024-09-30 06:20:16,2026-03-29 12:13:07
424,Pin dự phòng StarGO Gem Power 20000mAh 22.5W tích hợp cáp 2C+1L - Cũ,"Mua pin dự phòng StarGO Gem Power 20000mAh 22.5W tích hợp cáp 2C+1L cũ giá rẻ - Nguồn gốc rõ ràng, bảo hành 6-12 tháng, đổi mới 30 ngày, luôn xuất bán đầy đủ VAT.","- Dung lượng pin: 20.000 mAh
- Công suất sạc: 22.5W
- Cổng sạc ra: 1 x USB-A2 x Cáp USB-C1 x Cáp Lightning
- Cổng sạc vào: 2 x USB-C
- Tiện ích: Sạc nhanh Bảo vệ quá dòng Bảo vệ quá áp Bảo vệ ngắn mạch Bảo vệ quá tải Bảo vệ quá sạc Bảo vệ điện (overpower) Bảo vệ nhiệt độ Khôi phục bảo vệ Bảo vệ trường điện
- Lõi pin: Polymer
- Kích thước: 15.16 x 6.67 x 3.06 cm
- Hãng sản xuất: StarGO","Mua pin dự phòng StarGO Gem Power 20000mAh 22.5W tích hợp cáp 2C+1L cũ giá rẻ - Nguồn gốc rõ ràng, bảo hành 6-12 tháng, đổi mới 30 ngày, luôn xuất bán đầy đủ VAT.",Phụ kiện,310000,StarGO,2,188,0,2025-11-04 22:26:51,2026-03-29 12:13:07
425,Pin sạc dự phòng Anker 10000mAh 30W tích hợp cáp USB-C có chân cắm A1637 - Cũ,"Mua Pin sạc dự phòng Anker 10000mAh 30W tích hợp cáp USB-C có chân cắm A1637 cũ giá rẻ - Nguồn gốc rõ ràng, bảo hành 6-12 tháng, đổi mới 30 ngày, luôn xuất bán đầy đủ VAT.","- Dung lượng pin: 10000mAh
- Công suất sạc: 30W
- Cổng sạc ra: 1 x USB-C1 cáp USB-C
- Cổng sạc vào: 1 x USB-C
- Tiện ích: Sạc nhanh Chiều dài cáp: 25.5 cm Màn hình hiển thị LCD
- Kích thước: 10.8 × 5.1 × 3.1 cm
- Trọng lượng: 250g
- Hãng sản xuất: Anker","Mua Pin sạc dự phòng Anker 10000mAh 30W tích hợp cáp USB-C có chân cắm A1637 cũ giá rẻ - Nguồn gốc rõ ràng, bảo hành 6-12 tháng, đổi mới 30 ngày, luôn xuất bán đầy đủ VAT.",Phụ kiện,200000,Anker,2,65,0,2025-09-22 20:33:41,2026-03-29 12:13:07
426,Pin dự phòng Baseus Enerfill Bipow 2 Pro màn hình số 20.000mAh 22.5W kèm cáp - Cũ,"Mua pin dự phòng Baseus Enerfill Bipow 2 Pro màn hình số 20.000mAh 22.5W kèm cáp cũ giá rẻ - Nguồn gốc rõ ràng, bảo hành 6-12 tháng, đổi mới 30 ngày, luôn xuất bán đầy đủ VAT.","- Dung lượng pin: 20.000mAh
- Công suất sạc: 22.5W
- Cổng sạc ra: 1 x USB-C1 x USB-AKèm 1 cáp sạc Type C dài 22cm
- Cổng sạc vào: 1 x USB-C
- Kích thước: 12.2 x 6.9 x 3.2 cm
- Trọng lượng: 356g
- Hãng sản xuất: Baseus","Mua pin dự phòng Baseus Enerfill Bipow 2 Pro màn hình số 20.000mAh 22.5W kèm cáp cũ giá rẻ - Nguồn gốc rõ ràng, bảo hành 6-12 tháng, đổi mới 30 ngày, luôn xuất bán đầy đủ VAT.",Phụ kiện,390000,Baseus,0,87,0,2024-04-25 12:27:05,2026-03-29 12:13:07
427,Pin dự phòng Cuktech 10 Mini 10000mAh 55W PB1055 - Cũ,"Mua pin dự phòng Cuktech 10 Mini 10000mAh 55W PB1055 cũ giá rẻ - Nguồn gốc rõ ràng, bảo hành 6-12 tháng, đổi mới 30 ngày, luôn xuất bán đầy đủ VAT.","- Dung lượng pin: 10000mAh
- Công suất sạc: 55W
- Cổng sạc ra: 2 x USB-C1 x USB-A
- Cổng sạc vào: 2 x USB-C
- Tiện ích: Sạc nhanhHiển thị thông số sạc Hỗ trợ sạc nhanh đa thương hiệu chuẩn ADC2.0 Có thể mang lên máy bayChứng nhận CCC
- Hiệu suất sạc: 5600mAh (5V = 3A)
- Kích thước: 9.03 x 5 x 3.3 cm
- Hãng sản xuất: Cuktech","Mua pin dự phòng Cuktech 10 Mini 10000mAh 55W PB1055 cũ giá rẻ - Nguồn gốc rõ ràng, bảo hành 6-12 tháng, đổi mới 30 ngày, luôn xuất bán đầy đủ VAT.",Phụ kiện,630000,Cuktech,0,188,0,2024-06-15 12:06:52,2026-03-29 12:13:07
428,Pin dự phòng Cuktech P+Series 2C1A 25000mAh 210W có màn hình No.20 P23 - Cũ,"Mua pin dự phòng Cuktech P+Series 2C1A 25000mAh 210W có màn hình No.20 P23 cũ giá rẻ - Nguồn gốc rõ ràng, bảo hành 6-12 tháng, đổi mới 30 ngày, luôn xuất bán đầy đủ VAT.","- Dung lượng pin: 25000mAh
- Công suất sạc: 210W
- Cổng sạc ra: 2 x USB-C1 x USB-A
- Cổng sạc vào: 2 x USB-C
- Tiện ích: Sạc nhanh Giao thức sạc PD3.1 Màn hình TFT trực quan Tích hợp 5 chip giám sát nhiệt độ Bảo vệ nhiệt độ Bảo vệ ngắn mạch Bảo vệ Reset Bảo vệ quá dòng đầu vào Bảo vệ quá áp đầu vào Bảo vệ quá áp đầu ra Bảo vệ quá dòng &amp; ngắn mạch phần cứng Bảo vệ quá dòng đầu ra Bảo vệ xả sạc quá mức ở pinChứng nhận CCC
- Hiệu suất sạc: 13500mAh
- Lõi pin: Lithium-ion polymer battery
- Kích thước: 15.99 x 5.51 x 5.51 cm
- Hãng sản xuất: Cuktech","Mua pin dự phòng Cuktech P+Series 2C1A 25000mAh 210W có màn hình No.20 P23 cũ giá rẻ - Nguồn gốc rõ ràng, bảo hành 6-12 tháng, đổi mới 30 ngày, luôn xuất bán đầy đủ VAT.",Phụ kiện,1750000,Cuktech,0,194,0,2024-04-17 18:29:12,2026-03-29 12:13:07
429,Pin dự phòng Cuktech CP13 1C1A 10000mAh 30W PB100S - Cũ,"Mua pin dự phòng Cuktech CP13 1C1A 10000mAh 30W PB100S cũ giá rẻ - Nguồn gốc rõ ràng, bảo hành 6-12 tháng, đổi mới 30 ngày, luôn xuất bán đầy đủ VAT.","- Dung lượng pin: 10000mAh
- Công suất sạc: 30W
- Cổng sạc ra: 1 x USB-C1 x USB-A
- Cổng sạc vào: 1 x USB-C
- Tiện ích: Sạc nhanh Hỗ trợ sạc dòng điện thấp Được phép mang lên máy bay Cảm biến nhiệt NTC tích hợp Theo dõi nhiệt độ lõi pin, đảm bảo an toàn khi sạc Chống quá nhiệt Chống quá áp Chống quá dòng Chống ngắn mạch Chống sạc ngược Quản lý nhiệt thông minhChứng nhận CCC
- Hiệu suất sạc: 5500mAh (5V/6A)
- Lõi pin: Pin lithium ion
- Kích thước: 8 x 5.78 x 2.84 cm
- Trọng lượng: ~195g
- Hãng sản xuất: Cuktech","Mua pin dự phòng Cuktech CP13 1C1A 10000mAh 30W PB100S cũ giá rẻ - Nguồn gốc rõ ràng, bảo hành 6-12 tháng, đổi mới 30 ngày, luôn xuất bán đầy đủ VAT.",Phụ kiện,390000,Cuktech,0,186,0,2025-05-21 06:23:48,2026-03-29 12:13:07
430,Pin dự phòng Cuktech CP133L 10000mAh 33W tích hợp cáp Type-C LPB100 - Cũ,"Mua pin dự phòng Cuktech CP133L 10000mAh 33W tích hợp cáp Type-C LPB100 cũ giá rẻ - Nguồn gốc rõ ràng, bảo hành 6-12 tháng, đổi mới 30 ngày, luôn xuất bán đầy đủ VAT.","- Dung lượng pin: 10000mAh
- Công suất sạc: 33W
- Cổng sạc ra: 1 x USB-C1 x USB-ATích hợp cáp Type-C
- Cổng sạc vào: 1 x USB-C
- Tiện ích: Sạc nhanh Công nghệ PD3.0/PPS/QC3.0/QC Chống quá nhiệt Chống quá áp Chống quá dòng Chống ngắn mạch Chống sạc ngược Quản lý nhiệt thông minhChứng nhận CCC
- Hiệu suất sạc: 5800mAh (5V–2A)
- Lõi pin: Pin lithium ion
- Kích thước: 9 x 5.85 x 2.9 cm
- Trọng lượng: 215g
- Hãng sản xuất: Cuktech","Mua pin dự phòng Cuktech CP133L 10000mAh 33W tích hợp cáp Type-C LPB100 cũ giá rẻ - Nguồn gốc rõ ràng, bảo hành 6-12 tháng, đổi mới 30 ngày, luôn xuất bán đầy đủ VAT.",Phụ kiện,470000,Cuktech,0,74,0,2025-08-30 12:21:05,2026-03-29 12:13:07
431,Pin dự phòng Cuktech P+Series 2C1A 15000mAh 100W có màn hình No.10 Plus PB150P - Cũ,"Mua pin dự phòng Cuktech P+Series 2C1A 15000mAh 100W có màn hình No.10 Plus PB150P cũ giá rẻ - Nguồn gốc rõ ràng, bảo hành 6-12 tháng, đổi mới 30 ngày, luôn xuất bán đầy đủ VAT.","- Dung lượng pin: 15000mAh
- Công suất sạc: 100W
- Cổng sạc ra: 2 x USB-C1 x USB-A
- Cổng sạc vào: 1 x USB-C
- Tiện ích: Sạc nhanh Cơ chế bảo vệ an ninh 9 lớpChứng nhận CCC
- Hiệu suất sạc: 8300mAh (5V-2A)
- Lõi pin: Pin lithium ion
- Kích thước: 15.37 x 3.48 x 5.1 cm
- Trọng lượng: 345g
- Hãng sản xuất: Cuktech","Mua pin dự phòng Cuktech P+Series 2C1A 15000mAh 100W có màn hình No.10 Plus PB150P cũ giá rẻ - Nguồn gốc rõ ràng, bảo hành 6-12 tháng, đổi mới 30 ngày, luôn xuất bán đầy đủ VAT.",Phụ kiện,870000,Cuktech,0,78,0,2026-03-20 15:04:16,2026-03-29 12:13:07
432,Pin dự phòng Ugreen không dây Ugreen Qi2 10000mAh 30W PB761 - Cũ,"Mua Pin dự phòng Ugreen không dây Ugreen Qi2 10000mAh 30W PB761 cũ giá rẻ - Nguồn gốc rõ ràng, bảo hành 6-12 tháng, đổi mới 30 ngày, luôn xuất bán đầy đủ VAT.","- Dung lượng pin: 10000mAh
- Công suất sạc: Có dây: 30WKhông dây: 15W
- Cổng sạc ra: 1 x USB-C1 x Magsafe
- Cổng sạc vào: 1 x USB-C
- Tiện ích: Tích hợp đèn LED trắng hiển thị lượng pinSạc nhiều thiết bị cùng lúc
- Lõi pin: Lithium Polymer
- Kích thước: 105 x 69 x 20 mm
- Trọng lượng: 222 g
- Hãng sản xuất: Ugreen","Mua Pin dự phòng Ugreen không dây Ugreen Qi2 10000mAh 30W PB761 cũ giá rẻ - Nguồn gốc rõ ràng, bảo hành 6-12 tháng, đổi mới 30 ngày, luôn xuất bán đầy đủ VAT.",Phụ kiện,790000,Ugreen,0,135,0,2025-08-14 16:06:53,2026-03-29 12:13:07
433,Pin dự phòng MoveSpeed 20000mAh 35W có màn LCD tích hợp cáp USB-C MSP20,"Mua Pin dự phòng MoveSpeed 20000mAh 35W có màn LCD tích hợp cáp USB-C MSP20 chính hãng - Giá rẻ, đảm bảo chất lượng, độ bền cao, hỗ trợ giao hàng tận nơi toàn quốc.","- Dung lượng pin: 20000mAh
- Công suất sạc: 35W
- Cổng sạc ra: 1 x USB-C 2 x USB-A1 x cáp USB-C
- Cổng sạc vào: 1 x USB-C1 x cáp USB-C
- Tiện ích: Sạc nhanhSạc nhiều thiết bị cùng lúcMàn hình LED hiển thị dung lượng pinTích hợp cáp sạc trên pin dự phòng
- Lõi pin: Pin lithium polymer
- Kích thước: 68.8 x 147.4 x 30.5 mm
- Trọng lượng: 441.8 g
- Hãng sản xuất: MoveSpeed","Mua Pin dự phòng MoveSpeed 20000mAh 35W có màn LCD tích hợp cáp USB-C MSP20 chính hãng - Giá rẻ, đảm bảo chất lượng, độ bền cao, hỗ trợ giao hàng tận nơi toàn quốc.",Phụ kiện,650000,MoveSpeed,0,75,0,2024-05-16 07:29:27,2026-03-29 12:13:07
434,Pin dự phòng Movespeed Magnetic Semi-Solid 10000mAh MSP08,"Mua pin dự phòng Movespeed Magnetic Semi-Solid 10000mAh MSP08 chính hãng - Giá rẻ, đảm bảo chất lượng, độ bền cao, bảo hành uy tín, giao hàng tận nơi toàn quốc.","- Dung lượng pin: 10000mAh
- Công suất sạc: 18W
- Cổng sạc ra: 1 x USB-C1 x Magsafe
- Cổng sạc vào: 1 x USB-C
- Tiện ích: Sạc nhanhĐèn LED hiển thị dung lượng pinBảo vệ quá áp, quá điện, quá dòng, dưới áp suất, quá nhiệt, chống cháyChứng nhận CCC, EU, ECO, PSE, CE, FCC, UN 38.3
- Lõi pin: Li-polymer
- Kích thước: 103.4 x 16.4 x 67 mm
- Trọng lượng: 188.6 g
- Hãng sản xuất: MoveSpeed","Mua pin dự phòng Movespeed Magnetic Semi-Solid 10000mAh MSP08 chính hãng - Giá rẻ, đảm bảo chất lượng, độ bền cao, bảo hành uy tín, giao hàng tận nơi toàn quốc.",Phụ kiện,890000,MoveSpeed,0,188,0,2025-03-04 19:15:14,2026-03-29 12:13:07
435,Pin dự phòng Pisen Mr White Power Station 10500mAh 10W D322 - Cũ,"Mua Pin dự phòng Pisen Mr White Power Station 10500mAh 10W D322 cũ giá rẻ - Nguồn gốc rõ ràng, bảo hành 6-12 tháng, đổi mới 30 ngày, luôn xuất bán đầy đủ VAT.","- Dung lượng pin: 10.500 mAh
- Công suất sạc: 10 W
- Cổng sạc ra: 2 x USB-A
- Dòng điện ra: 5V - 2A
- Cổng sạc vào: 1 x Type-C, 1 x micro USB
- Dòng điện vào: 5V - 2A
- Hãng sản xuất: Pisen","Mua Pin dự phòng Pisen Mr White Power Station 10500mAh 10W D322 cũ giá rẻ - Nguồn gốc rõ ràng, bảo hành 6-12 tháng, đổi mới 30 ngày, luôn xuất bán đầy đủ VAT.",Phụ kiện,220000,Pisen,99,173,0,2024-11-14 21:47:19,2026-03-29 12:13:07
436,Pin dự phòng Riversong Horizon 20 Pro 20000mAh 22.5W tích hợp cáp đôi USB-C - Cũ,"Mua pin dự phòng Riversong Horizon 20 Pro 20000mAh 22.5W tích hợp cáp đôi USB-C cũ giá rẻ - Nguồn gốc rõ ràng, bảo hành 6-12 tháng, đổi mới 30 ngày, luôn xuất bán đầy đủ VAT.","- Dung lượng pin: 20000mAh
- Công suất sạc: 22.5W
- Cổng sạc ra: 1 x USB-A1 x USB-C1 x cáp USB-C1 x cáp Lightning
- Cổng sạc vào: 1 x USB-C
- Tiện ích: Màn hình LED hiển thị dung lượng pinSạc nhiều thiết bị cùng lúc
- Lõi pin: Polymer
- Hãng sản xuất: Riversong","Mua pin dự phòng Riversong Horizon 20 Pro 20000mAh 22.5W tích hợp cáp đôi USB-C cũ giá rẻ - Nguồn gốc rõ ràng, bảo hành 6-12 tháng, đổi mới 30 ngày, luôn xuất bán đầy đủ VAT.",Phụ kiện,330000,Riversong,60,123,0,2025-03-25 14:45:06,2026-03-29 12:13:07
437,Pin sạc dự phòng Robot 10000mAh 10W RT190S - Cũ,"Mua Pin sạc dự phòng Robot 10000mAh 10W RT190S cũ giá rẻ - Nguồn gốc rõ ràng, bảo hành 6-12 tháng, đổi mới 30 ngày, luôn xuất bán đầy đủ VAT.","- Dung lượng pin: 10000mAh
- Công suất sạc: 10 W
- Cổng sạc ra: 2 x USB-A
- Cổng sạc vào: 1 x USB-C1 x Micro-USB
- Tiện ích: Đèn LED hiển thị dung lượng pinSạc nhiều thiết bị cùng lúc
- Trọng lượng: 225 g
- Hãng sản xuất: Robot","Mua Pin sạc dự phòng Robot 10000mAh 10W RT190S cũ giá rẻ - Nguồn gốc rõ ràng, bảo hành 6-12 tháng, đổi mới 30 ngày, luôn xuất bán đầy đủ VAT.",Phụ kiện,168000,Robot,2,71,0,2024-08-10 06:22:21,2026-03-29 12:13:07
438,Pin dự phòng Robot MH LED 20.000mAh 15W RT22S - Cũ,"Mua Pin dự phòng Robot MH LED 20.000mAh 15W RT22S cũ giá rẻ - Nguồn gốc rõ ràng, bảo hành 6-12 tháng, đổi mới 30 ngày, luôn xuất bán đầy đủ VAT.","- Dung lượng pin: 20.000 mAh
- Công suất sạc: 15W
- Cổng sạc ra: 2 x USB-A1 x USB-C
- Cổng sạc vào: 1 x Micro-USB1 x USB-C
- Tiện ích: Tích hợp đèn LED trắng hiển thị lượng pin
- Hãng sản xuất: Robot","Mua Pin dự phòng Robot MH LED 20.000mAh 15W RT22S cũ giá rẻ - Nguồn gốc rõ ràng, bảo hành 6-12 tháng, đổi mới 30 ngày, luôn xuất bán đầy đủ VAT.",Phụ kiện,239000,Robot,2,115,0,2025-11-17 19:51:06,2026-03-29 12:13:07
439,Pin dự phòng Robot 10000mAh 10W RT12 - Cũ,"Mua Pin dự phòng Robot 10000mAh 10W RT12 cũ giá rẻ - Nguồn gốc rõ ràng, bảo hành 6-12 tháng, đổi mới 30 ngày, luôn xuất bán đầy đủ VAT.","- Dung lượng pin: 10.000 mAh
- Công suất sạc: 10W
- Cổng sạc ra: 2 x USB-A
- Cổng sạc vào: 1 x USB-C1 x Micro-USB
- Tiện ích: Tích hợp đèn LED trắng hiển thị lượng pinSạc nhiều thiết bị cùng lúc
- Trọng lượng: 225 g
- Hãng sản xuất: Robot","Mua Pin dự phòng Robot 10000mAh 10W RT12 cũ giá rẻ - Nguồn gốc rõ ràng, bảo hành 6-12 tháng, đổi mới 30 ngày, luôn xuất bán đầy đủ VAT.",Phụ kiện,140000,Robot,2,19,0,2025-12-23 13:10:03,2026-03-29 12:13:07
440,Pin dự phòng StarGO Star X1 Mini 1C1A 10000mAh tích hợp cáp Type-C - Cũ,"Mua pin dự phòng StarGO Star X1 Mini 1C1A 10000mAh tích hợp cáp Type-C cũ giá rẻ - Nguồn gốc rõ ràng, bảo hành 6-12 tháng, đổi mới 30 ngày, luôn xuất bán đầy đủ VAT.","- Dung lượng pin: 10.000 mAh
- Công suất sạc: 30W
- Cổng sạc ra: 1 x USB-A1 x USB-CĐi kèm 1 dây Type C
- Cổng sạc vào: 1 x USB-C
- Tiện ích: Sạc nhiều thiết bị cùng lúcSạc nhanhDây cáp dài 40cm
- Lõi pin: Lõi pin 21700
- Hãng sản xuất: StarGO","Mua pin dự phòng StarGO Star X1 Mini 1C1A 10000mAh tích hợp cáp Type-C cũ giá rẻ - Nguồn gốc rõ ràng, bảo hành 6-12 tháng, đổi mới 30 ngày, luôn xuất bán đầy đủ VAT.",Phụ kiện,260000,StarGO,2,193,0,2024-06-06 15:22:42,2026-03-29 12:13:07
441,Pin dự phòng StarGO Star X2 Basic 20000mAh 10.5W - Cũ,"Mua pin dự phòng StarGO Star X2 Basic 20000mAh 10.5W cũ giá rẻ - Nguồn gốc rõ ràng, bảo hành 6-12 tháng, đổi mới 30 ngày, luôn xuất bán đầy đủ VAT.","- Dung lượng pin: 20.000 mAh
- Công suất sạc: 10.5W
- Cổng sạc ra: 2 x USB-A
- Cổng sạc vào: 1 x USB-C
- Tiện ích: Sạc nhiều thiết bị cùng lúcChứng nhận CCC(tùy sản phẩm)
- Lõi pin: 2 viên pin Lithium-Polymer
- Kích thước: 14.6 x 6.8 x 2.8 cm
- Trọng lượng: ~350g
- Hãng sản xuất: StarGO","Mua pin dự phòng StarGO Star X2 Basic 20000mAh 10.5W cũ giá rẻ - Nguồn gốc rõ ràng, bảo hành 6-12 tháng, đổi mới 30 ngày, luôn xuất bán đầy đủ VAT.",Phụ kiện,210000,StarGO,0,94,0,2025-07-24 07:41:17,2026-03-29 12:13:07
442,Pin dự phòng Trusmi Digital 10.000mAh PD 22.5W PB03 - Cũ,"Mua ngay Pin dự phòng Trusmi Digital 10.000mAh PD 22.5W PB03 cũ giá rẻ - Nguồn gốc rõ ràng, bảo hành 6-12 tháng, đổi mới 30 ngày, luôn xuất bán đầy đủ VAT.","- Dung lượng pin: 10000mAh
- Công suất sạc: 22.5W
- Cổng sạc ra: 2 x USB-A1 x USB-C
- Cổng sạc vào: 1 x USB-C
- Tiện ích: Đèn LED hiển thị dung lượng pinSạc nhiều thiết bị cùng lúc
- Kích thước: 142 x 68 x 16 mm
- Trọng lượng: 233 g
- Hãng sản xuất: Trusmi","Mua ngay Pin dự phòng Trusmi Digital 10.000mAh PD 22.5W PB03 cũ giá rẻ - Nguồn gốc rõ ràng, bảo hành 6-12 tháng, đổi mới 30 ngày, luôn xuất bán đầy đủ VAT.",Phụ kiện,230000,Trusmi,0,94,0,2024-05-26 05:33:00,2026-03-29 12:13:07
443,Pin dự phòng Ugreen Uno 10000mAh 30W sạc nhanh hai chiều 35603B - Cũ,"Mua pin dự phòng Ugreen Uno 10000mAh 30W sạc nhanh hai chiều 35603B cũ giá rẻ - Nguồn gốc rõ ràng, bảo hành 6-12 tháng, đổi mới 30 ngày, luôn xuất bán đầy đủ VAT.","- Dung lượng pin: 10000mAh
- Công suất sạc: 30W
- Cổng sạc ra: 1 x USB-A1 x USB-C1 x cáp USB-C
- Cổng sạc vào: 1 x USB-C
- Tiện ích: Tích hợp màn hình TFT hiển thị Emoji tương đương trạng thái pinTích hợp cáp type-C có thể sạc 2 chiềuTích hợp chế độ đa bảo vệ
- Kích thước: 116 x 22 x 72 mm
- Trọng lượng: 203 g
- Cổng sạc ra: 1 x USB-A, 1 x Type-C
- Hãng sản xuất: Ugreen","Mua pin dự phòng Ugreen Uno 10000mAh 30W sạc nhanh hai chiều 35603B cũ giá rẻ - Nguồn gốc rõ ràng, bảo hành 6-12 tháng, đổi mới 30 ngày, luôn xuất bán đầy đủ VAT.",Phụ kiện,550000,Ugreen,60,57,0,2025-08-16 17:49:38,2026-03-29 12:13:07
444,Pin dự phòng Xiaomi 1C1A 20000mAh 1C 22.5W tích hợp cáp Type-C - Cũ,"Mua pin dự phòng Xiaomi 1C1A 20000mAh 1C 22.5W tích hợp cáp Type-C cũ giá rẻ - Nguồn gốc rõ ràng, bảo hành 6-12 tháng, đổi mới 30 ngày, luôn xuất bán đầy đủ VAT.","- Dung lượng pin: 20000mAh
- Công suất sạc: 22.5W
- Cổng sạc ra: 1 x USB-C tích hợp 1 x USB-A 1 x Cáp USB-C
- Cổng sạc vào: USB-C
- Tiện ích: Đèn LED hiển thị dung lượng pinSạc nhiều thiết bị cùng lúcLực từ mạnh 13N Bảo vệ nhiệt độ Bảo vệ ngắn mạch Thiết lập lại bảo vệ Bảo vệ quá áp đầu vào Bảo vệ quá dòng đầu vào Bảo vệ quá áp đầu ra Bảo vệ quá dòng đầu ra Bảo vệ quá tải và quá xả Bảo vệ quá dòng ngắn mạch
- Lõi pin: Pin lithium-ion
- Kích thước: 12.8 x 7.3 x 3.2 cm
- Trọng lượng: 342g
- Hãng sản xuất: Xiaomi","Mua pin dự phòng Xiaomi 1C1A 20000mAh 1C 22.5W tích hợp cáp Type-C cũ giá rẻ - Nguồn gốc rõ ràng, bảo hành 6-12 tháng, đổi mới 30 ngày, luôn xuất bán đầy đủ VAT.",Điện thoại,470000,Xiaomi,0,159,0,2024-12-16 17:34:23,2026-03-29 12:13:07
445,Pin dự phòng Xiaomi lite 2A1C 10.000mAh 22.5W - Cũ,"Mua pin dự phòng Xiaomi lite 2A1C 10.000mAh 22.5W cũ giá rẻ - Nguồn gốc rõ ràng, bảo hành 6-12 tháng, đổi mới 30 ngày, luôn xuất bán đầy đủ VAT.","- Dung lượng pin: 10000mAh
- Công suất sạc: 22.5W
- Cổng sạc ra: 2 x USB-A1 x USB-C
- Cổng sạc vào: 1 x USB-C
- Tiện ích: Đèn LED hiển thị dung lượng pinSạc nhiều thiết bị cùng lúc
- Hiệu suất sạc: 55%
- Lõi pin: Li-Ion
- Kích thước: 14.84 x 7.3 x 1.5 cm
- Trọng lượng: 227 g
- Hãng sản xuất: Xiaomi","Mua pin dự phòng Xiaomi lite 2A1C 10.000mAh 22.5W cũ giá rẻ - Nguồn gốc rõ ràng, bảo hành 6-12 tháng, đổi mới 30 ngày, luôn xuất bán đầy đủ VAT.",Điện thoại,320000,Xiaomi,74,147,0,2025-08-31 12:52:19,2026-03-29 12:13:07
446,Pin tiểu Energizer Max AA (2+1 viên/vỉ) E91 BP2+1,"Mua Pin tiểu Energizer Max AA (2+1 viên/vỉ) E91 BP2+1 chính hãng - Giá rẻ, đảm bảo chất lượng, độ bền cao, hỗ trợ giao hàng tận nơi toàn quốc.","- Loại pin: Pin AA
- Hãng sản xuất: Energizer","Mua Pin tiểu Energizer Max AA (2+1 viên/vỉ) E91 BP2+1 chính hãng - Giá rẻ, đảm bảo chất lượng, độ bền cao, hỗ trợ giao hàng tận nơi toàn quốc.",Khác,50000,Energizer,0,120,0,2024-04-13 10:56:45,2026-03-29 12:13:07
447,Pin tiểu Energizer Max AA (2 viên/vỉ) E91 BP2,"Mua Pin tiểu Energizer Max AA (2 viên/vỉ) E91 BP2 chính hãng - Giá rẻ, đảm bảo chất lượng, độ bền cao, hỗ trợ giao hàng tận nơi toàn quốc.","- Loại pin: Pin AA
- Hãng sản xuất: Energizer","Mua Pin tiểu Energizer Max AA (2 viên/vỉ) E91 BP2 chính hãng - Giá rẻ, đảm bảo chất lượng, độ bền cao, hỗ trợ giao hàng tận nơi toàn quốc.",Khác,40000,Energizer,0,169,0,2025-09-02 13:38:12,2026-03-29 12:13:07
448,Pin tiểu Energizer Max AA (4+2 viên/vỉ) E91 BP4+2,"Mua Pin tiểu Energizer Max AA (4+2 viên/vỉ) E91 BP4+2 chính hãng - Giá rẻ, đảm bảo chất lượng, độ bền cao, hỗ trợ giao hàng tận nơi toàn quốc.","- Loại pin: Pin AA
- Hãng sản xuất: Energizer","Mua Pin tiểu Energizer Max AA (4+2 viên/vỉ) E91 BP4+2 chính hãng - Giá rẻ, đảm bảo chất lượng, độ bền cao, hỗ trợ giao hàng tận nơi toàn quốc.",Khác,85000,Energizer,0,35,0,2025-06-25 03:24:24,2026-03-29 12:13:07
449,Pin tiểu Energizer Max AA (4 viên/vỉ) E91 BP4,"Mua Pin tiểu Energizer Max AA (4 viên/vỉ) E91 BP4 chính hãng - Giá rẻ, đảm bảo chất lượng, độ bền cao, hỗ trợ giao hàng tận nơi toàn quốc.","- Loại pin: Pin AA
- Điện thế: 1.5V
- Hãng sản xuất: Energizer","Mua Pin tiểu Energizer Max AA (4 viên/vỉ) E91 BP4 chính hãng - Giá rẻ, đảm bảo chất lượng, độ bền cao, hỗ trợ giao hàng tận nơi toàn quốc.",Khác,70000,Energizer,0,63,0,2025-06-23 09:00:35,2026-03-29 12:13:07
450,Pin tiểu Energizer Max AAA (2+1 viên/vỉ) E92 BP2+1,"Mua Pin tiểu Energizer Max AAA (2+1 viên/vỉ) E92 BP2+1 chính hãng - Giá rẻ, đảm bảo chất lượng, độ bền cao, hỗ trợ giao hàng tận nơi toàn quốc.","- Loại pin: Pin AAA
- Hãng sản xuất: Energizer","Mua Pin tiểu Energizer Max AAA (2+1 viên/vỉ) E92 BP2+1 chính hãng - Giá rẻ, đảm bảo chất lượng, độ bền cao, hỗ trợ giao hàng tận nơi toàn quốc.",Khác,50000,Energizer,0,18,0,2024-06-30 04:01:31,2026-03-29 12:13:07
451,Pin tiểu Energizer Max AAA (2 viên/vỉ) E92 BP2,"Mua Pin tiểu Energizer Max AAA (2 viên/vỉ) E92 BP2 chính hãng - Giá rẻ, đảm bảo chất lượng, độ bền cao, hỗ trợ giao hàng tận nơi toàn quốc.","- Loại pin: Pin AAA
- Hãng sản xuất: Energizer","Mua Pin tiểu Energizer Max AAA (2 viên/vỉ) E92 BP2 chính hãng - Giá rẻ, đảm bảo chất lượng, độ bền cao, hỗ trợ giao hàng tận nơi toàn quốc.",Khác,40000,Energizer,0,138,0,2024-12-13 16:20:14,2026-03-29 12:13:07
452,Pin tiểu Energizer Max AAA (4+2 viên/vỉ) E92 BP4+2,"Mua Pin tiểu Energizer Max AAA (4+2 viên/vỉ) E92 BP4+2 chính hãng - Giá rẻ, đảm bảo chất lượng, độ bền cao, hỗ trợ giao hàng tận nơi toàn quốc.","- Loại pin: Pin AAA
- Hãng sản xuất: Energizer","Mua Pin tiểu Energizer Max AAA (4+2 viên/vỉ) E92 BP4+2 chính hãng - Giá rẻ, đảm bảo chất lượng, độ bền cao, hỗ trợ giao hàng tận nơi toàn quốc.",Khác,85000,Energizer,0,157,0,2025-12-10 05:12:22,2026-03-29 12:13:07
453,Pin tiểu Energizer Max AAA (4 viên/vỉ) E92 BP4,"Mua Pin tiểu Energizer Max AAA (4 viên/vỉ) E92 BP4 chính hãng - Giá rẻ, đảm bảo chất lượng, độ bền cao, hỗ trợ giao hàng tận nơi toàn quốc.","- Loại pin: Pin AAA
- Điện thế: 1.5V
- Hãng sản xuất: Energizer","Mua Pin tiểu Energizer Max AAA (4 viên/vỉ) E92 BP4 chính hãng - Giá rẻ, đảm bảo chất lượng, độ bền cao, hỗ trợ giao hàng tận nơi toàn quốc.",Khác,70000,Energizer,0,142,0,2025-02-23 03:21:36,2026-03-29 12:13:07
454,Pin tiểu Eveready SHD AA (4+2 viên/vỉ) 1215 BP4+2,"Mua Pin tiểu Eveready SHD AA (4+2 viên/vỉ) 1215 BP4+2 chính hãng - Giá rẻ, đảm bảo chất lượng, độ bền cao, hỗ trợ giao hàng tận nơi toàn quốc.","- Loại pin: Pin AA
- Hãng sản xuất: Eveready","Mua Pin tiểu Eveready SHD AA (4+2 viên/vỉ) 1215 BP4+2 chính hãng - Giá rẻ, đảm bảo chất lượng, độ bền cao, hỗ trợ giao hàng tận nơi toàn quốc.",Khác,40000,Eveready,0,103,0,2024-04-10 23:15:34,2026-03-29 12:13:07
455,Pin tiểu Eveready SHD AAA (4+2 viên/vỉ) 1212 BP4+2,"Mua Pin tiểu Eveready SHD AAA (4+2 viên/vỉ) 1212 BP4+2 chính hãng - Giá rẻ, đảm bảo chất lượng, độ bền cao, hỗ trợ giao hàng tận nơi toàn quốc.","- Loại pin: Pin AAA
- Hãng sản xuất: Eveready","Mua Pin tiểu Eveready SHD AAA (4+2 viên/vỉ) 1212 BP4+2 chính hãng - Giá rẻ, đảm bảo chất lượng, độ bền cao, hỗ trợ giao hàng tận nơi toàn quốc.",Khác,40000,Eveready,0,182,0,2025-06-09 12:45:45,2026-03-29 12:13:07
456,TECNO SPARK Go 2024 3GB 64GB - Cũ trầy xước,"Mua điện thoại TECNO SPARK Go 2024 3GB 64GB cũ giá rẻ - Nguồn gốc rõ ràng, bảo hành 6-12 tháng, đổi mới 30 ngày, luôn xuất bán đầy đủ VAT.","- Kích thước màn hình: 6.6 inches
- Công nghệ màn hình: IPS LCD
- Camera sau: 13MP, f/1.8 + AI-CAM
- Camera trước: 8MP, f/2.0
- Chipset: Unisoc T606
- Công nghệ NFC: Không
- Dung lượng RAM: 3 GB
- Bộ nhớ trong: 64 GB
- Pin: 5.000 mAh
- Thẻ SIM: 2 SIM (Nano-SIM)
- Hệ điều hành: Android 13
- Độ phân giải màn hình: 720 x 1612 (HD+)
- Tính năng màn hình: Tần số quét 90Hz, Dynamic Port hiển thị nhiều thông tin","Mua điện thoại TECNO SPARK Go 2024 3GB 64GB cũ giá rẻ - Nguồn gốc rõ ràng, bảo hành 6-12 tháng, đổi mới 30 ngày, luôn xuất bán đầy đủ VAT.",Khác,990000,Hãng khác,2,51,0,2024-11-17 01:38:03,2026-03-29 12:13:07
457,Thẻ định vị iPhone IDMIX,"Mua Thẻ định vị iPhone IDMIX chính hãng - Giá rẻ, đảm bảo chất lượng, độ bền cao, hỗ trợ giao hàng tận nơi toàn quốc.",- Hãng sản xuất: IDMIX,"Mua Thẻ định vị iPhone IDMIX chính hãng - Giá rẻ, đảm bảo chất lượng, độ bền cao, hỗ trợ giao hàng tận nơi toàn quốc.",Điện thoại,612000,IDMIX,0,173,0,2026-01-03 05:41:33,2026-03-29 12:13:07
458,Thiết bị định vị Xiaomi Tag BHR08SPGL - Pack 4,"Mua Thiết bị định vị Xiaomi Tag BHR08SPGL chính hãng - Giá rẻ, đảm bảo chất lượng, độ bền cao, bảo hành uy tín, giao hàng tận nơi toàn quốc.","- Pin: CR2032 (sử dụng ít nhất 1 năm)
- Hãng sản xuất: Xiaomi
- Cảm biến: Accelerometer
- Tiện ích: NFC tap cho chế độ mất (Chỉ áp dụng trên Find My)","Mua Thiết bị định vị Xiaomi Tag BHR08SPGL chính hãng - Giá rẻ, đảm bảo chất lượng, độ bền cao, bảo hành uy tín, giao hàng tận nơi toàn quốc.",Điện thoại,1490000,Xiaomi,0,6,0,2025-04-01 20:33:17,2026-03-29 12:13:07
459,Ví đựng hộ chiếu có định vị IDMIX,"Mua Ví đựng hộ chiếu có định vị IDMIX chính hãng - Giá rẻ, đảm bảo chất lượng, độ bền cao, hỗ trợ giao hàng tận nơi toàn quốc.",- Hãng sản xuất: IDMIX,"Mua Ví đựng hộ chiếu có định vị IDMIX chính hãng - Giá rẻ, đảm bảo chất lượng, độ bền cao, hỗ trợ giao hàng tận nơi toàn quốc.",Khác,1350000,IDMIX,0,35,0,2024-08-26 12:15:49,2026-03-29 12:13:07
460,Balo máy ảnh Sakos Imapro,"Mua Balo máy ảnh Sakos Imapro chính hãng - Giá rẻ, đảm bảo chất lượng, độ bền cao, hỗ trợ giao hàng tận nơi toàn quốc.","- Hãng sản xuất: Tomtoc
- Chất liệu: Polyester
- Tiện ích: Ngăn chính mở 90 độ Hơn 10 ngăn phụ Dây kéo có màn bảo vệ hạn chế rạch Đệm lưng EVA thoát nhiệt Quai đeo to bản, lót mút êm ái Tay cầm có đệm mút êm tay","Mua Balo máy ảnh Sakos Imapro chính hãng - Giá rẻ, đảm bảo chất lượng, độ bền cao, hỗ trợ giao hàng tận nơi toàn quốc.",Khác,3294000,Tomtoc,0,6,0,2025-11-13 13:42:28,2026-03-29 12:13:07
461,Bàn chải điện Bomidi Smile 3,"Mua Bàn chải điện Bomidi Smile 3 chính hãng - Giá rẻ, đảm bảo chất lượng, độ bền cao, hỗ trợ giao hàng tận nơi toàn quốc.","- Công nghệ làm sạch: Sóng âm (Sonic)
- Chế độ: Làm sạch, Làm trắng, Răng nhạy cảm, Làm sạch sâu
- Tần số rung: 38.000 vòng/phút
- Tiện ích: Hẹn giờ thông minh 2 phútNhắc nhở khi sạc bằng ánh đèn đỏNhắc nhở đổi vị trí chải sau mỗi 30s360 độ chài sạch từng kẻ răngKhử khuẩn bằng tia cực tím
- Loại pin: Pin Lithium-ion
- Dung lượng pin: 500 mAh
- Thời gian: Sạc 4 giờ Sử dụng 30 ngày (2 lần/ngày))Thay thế đầu bàn chải: 3 tháng
- Cổng sạc: USB-C
- Chống nước: IPX7
- Kích thước: 10.6 x 21.7 x 3.4 cm
- Trọng lượng: 78 g
- Hãng sản xuất: BOMIDI","Mua Bàn chải điện Bomidi Smile 3 chính hãng - Giá rẻ, đảm bảo chất lượng, độ bền cao, hỗ trợ giao hàng tận nơi toàn quốc.",Khác,349000,BOMIDI,2,106,0,2025-04-13 07:57:08,2026-03-29 12:13:07
462,Cáp Anker Zolo Nylon USB-C to USB-C 240W dài 1.8m - Cũ,"Mua cáp Anker Zolo Nylon USB-C to USB-C 240W dài 1.8m cũ giá rẻ - Nguồn gốc rõ ràng, bảo hành 6-12 tháng, đổi mới 30 ngày, luôn xuất bán đầy đủ VAT.","- Công suất sạc: 240W
- Sử dụng tối đa: 1 thiết bị
- Đầu vào: Type C
- Đầu ra: Type C
- Tiện ích: Sạc nhanhTốc độ truyền dữ liệu 480MbpsChịu được hơn 10.000 lần uốn congĐầu Cắm Mỏng chỉ 5,8 mmLớp phủ chống bám bẩn
- Chiều dài dây: 1.8 mét
- Hãng sản xuất: Anker","Mua cáp Anker Zolo Nylon USB-C to USB-C 240W dài 1.8m cũ giá rẻ - Nguồn gốc rõ ràng, bảo hành 6-12 tháng, đổi mới 30 ngày, luôn xuất bán đầy đủ VAT.",Phụ kiện,95000,Anker,2,181,0,2024-09-02 05:34:43,2026-03-29 12:13:07
463,Cáp Aukey CB-NAC1 A-C bọc dù 1m - Cũ,"Mua Cáp Aukey CB-NAC1 A-C bọc dù 1m cũ giá rẻ - Nguồn gốc rõ ràng, bảo hành 6-12 tháng, đổi mới 30 ngày, luôn xuất bán đầy đủ VAT.","- Công suất sạc: 60W
- Sử dụng tối đa: 1 thiết bị
- Đầu vào: USB-A
- Đầu ra: Type-C
- Tiện ích: Hỗ trợ sạc nhanhTruyền dữ liệu nhanh lên tới 480Mbps
- Công nghệ/Đạt chứng nhận: Công nghệ Power Delivery
- Chiều dài dây: 1 mét
- Hãng sản xuất: Aukey","Mua Cáp Aukey CB-NAC1 A-C bọc dù 1m cũ giá rẻ - Nguồn gốc rõ ràng, bảo hành 6-12 tháng, đổi mới 30 ngày, luôn xuất bán đầy đủ VAT.",Phụ kiện,80000,Aukey,0,181,0,2026-03-20 05:35:31,2026-03-29 12:13:07
464,Cáp Aukey CB-DCC241 C-C 240W 1M - Cũ,"Mua Cáp Aukey CB-DCC241 C-C 240W 1M cũ giá rẻ - Nguồn gốc rõ ràng, bảo hành 6-12 tháng, đổi mới 30 ngày, luôn xuất bán đầy đủ VAT.","- Công suất sạc: 240W
- Sử dụng tối đa: 1 thiết bị
- Đầu vào: USB-C
- Đầu ra: USB-C
- Tiện ích: Tốc độ truyền dữ liệu 480 MpbsChống chai pin, tối ưu tuổi thọ pin cho điện thoạiChống gãy đầu cáp
- Công nghệ/Đạt chứng nhận: Power Delivery
- Chiều dài dây: 1 mét
- Hãng sản xuất: Aukey","Mua Cáp Aukey CB-DCC241 C-C 240W 1M cũ giá rẻ - Nguồn gốc rõ ràng, bảo hành 6-12 tháng, đổi mới 30 ngày, luôn xuất bán đầy đủ VAT.",Phụ kiện,90000,Aukey,2,162,0,2024-10-30 18:59:16,2026-03-29 12:13:07
465,Cáp sạc chuyển đổi Momax 1-Link USB-C to USB-C 100W dài 2m DC25 - Cũ,"Mua Cáp sạc chuyển đổi Momax 1-Link USB-C to USB-C 100W dài 2m DC25 cũ giá rẻ - Nguồn gốc rõ ràng, bảo hành 6-12 tháng, đổi mới 30 ngày, luôn xuất bán đầy đủ VAT.","- Công suất sạc: 100W
- Sử dụng tối đa: 1 thiết bị
- Đầu vào: USB-C
- Đầu ra: USB-C
- Tiện ích: Hỗ trợ sạc nhanhTruyền dữ liệu nhanh chóngChống quá nhiệtKhả năng chịu lực kéo 20kgTuổi thọ uốn cong 35,000 lầnThiết kế trong suốt dễ dàng kiểm tra tình trạng bên trong của cáp
- Công nghệ/Đạt chứng nhận: Công nghệ Power Delivery
- Chiều dài dây: 2 mét
- Hãng sản xuất: Momax","Mua Cáp sạc chuyển đổi Momax 1-Link USB-C to USB-C 100W dài 2m DC25 cũ giá rẻ - Nguồn gốc rõ ràng, bảo hành 6-12 tháng, đổi mới 30 ngày, luôn xuất bán đầy đủ VAT.",Phụ kiện,120000,Momax,0,43,0,2024-07-23 21:57:10,2026-03-29 12:13:07
466,Cáp Cuktech Type-C to C 3A 60W DÀI 1.5M CTC315P - Cũ,"Mua Cáp Cuktech Type-C to C 3A 60W DÀI 1.5M CTC315P cũ giá rẻ - Nguồn gốc rõ ràng, bảo hành 6-12 tháng, đổi mới 30 ngày, luôn xuất bán đầy đủ VAT.","- Công suất sạc: 60W
- Sử dụng tối đa: 1 thiết bị
- Đầu vào: USB-C
- Đầu ra: USB-C
- Tiện ích: Sạc nhanh Chống uốn cong hơn 10.000 lần Hỗ trợ truyền dữ liệu qua cáp sạc với tốc độ tối đa 480Mbps Hỗ trợ kết nối Apple CarPlay và Android Auto
- Chiều dài dây: 1.5 mét
- Hãng sản xuất: Cuktech","Mua Cáp Cuktech Type-C to C 3A 60W DÀI 1.5M CTC315P cũ giá rẻ - Nguồn gốc rõ ràng, bảo hành 6-12 tháng, đổi mới 30 ngày, luôn xuất bán đầy đủ VAT.",Phụ kiện,70000,Cuktech,0,178,0,2026-02-01 04:21:41,2026-03-29 12:13:07
467,Cáp Innostyle Jazzy USB-A to Micro dài 1.2M IAB120 - Cũ,"Mua Cáp Innostyle Jazzy USB-A to Micro dài 1.2M IAB120 cũ giá rẻ - Nguồn gốc rõ ràng, bảo hành 6-12 tháng, đổi mới 30 ngày, luôn xuất bán đầy đủ VAT.","- Công suất sạc: 2A-5V, 10W
- Sử dụng tối đa: 1 thiết bị
- Đầu vào: USB-A
- Đầu ra: Micro
- Chiều dài dây: 1.2 m
- Hãng sản xuất: Innostyle","Mua Cáp Innostyle Jazzy USB-A to Micro dài 1.2M IAB120 cũ giá rẻ - Nguồn gốc rõ ràng, bảo hành 6-12 tháng, đổi mới 30 ngày, luôn xuất bán đầy đủ VAT.",Phụ kiện,40000,Innostyle,2,155,0,2024-08-05 14:05:20,2026-03-29 12:13:07
468,Cáp Cuktech Type-C to C 5A 100W dài 1m KLC-5499,"Mua cáp Cuktech Type-C to C 5A 100W dài 1m KLC-5499 chính hãng - Giá rẻ, đảm bảo chất lượng, độ bền cao, hỗ trợ giao hàng tận nơi toàn quốc.","- Công suất sạc: 100W
- Sử dụng tối đa: 1 thiết bị
- Đầu vào: USB-C
- Đầu ra: USB-C
- Tiện ích: Sạc nhanhHỗ trợ sạc nhanh PD3.0Tốc độ truyền tải dữ liệu lên tới 480Mbps
- Công nghệ/Đạt chứng nhận: Power DeliveryQuick Charge 3.0
- Chiều dài dây: 1 mét
- Hãng sản xuất: Cuktech","Mua cáp Cuktech Type-C to C 5A 100W dài 1m KLC-5499 chính hãng - Giá rẻ, đảm bảo chất lượng, độ bền cao, hỗ trợ giao hàng tận nơi toàn quốc.",Phụ kiện,89000,Cuktech,0,129,0,2024-08-21 00:23:03,2026-03-29 12:13:07
469,Cáp Cuktech 6 type-C to C 6A màn hình số 240W dài 1.5m CTC615P,"Mua cáp Cuktech 6 type-C to C 6A màn hình số 240W dài 1.5m CTC615P chính hãng - Giá rẻ, đảm bảo chất lượng, độ bền cao, hỗ trợ giao hàng tận nơi toàn quốc.","- Công suất sạc: 240W
- Sử dụng tối đa: 1 thiết bị
- Đầu vào: USB-C
- Đầu ra: USB-C
- Tiện ích: Sạc nhanhHỗ trợ sạc nhanh PD3.0Tốc độ truyền tải dữ liệu lên tới 480MbpsĐộ bền lên tới 10000 lần gậpTích hợp chip E-market quản lý thông minhĐầu cáp có màn hình OLED hiển thị trạng thái sạc
- Công nghệ/Đạt chứng nhận: Power DeliveryQuick Charge 3.0
- Chiều dài dây: 1.5 mét
- Hãng sản xuất: Cuktech","Mua cáp Cuktech 6 type-C to C 6A màn hình số 240W dài 1.5m CTC615P chính hãng - Giá rẻ, đảm bảo chất lượng, độ bền cao, hỗ trợ giao hàng tận nơi toàn quốc.",Phụ kiện,290000,Cuktech,0,198,0,2026-02-16 14:28:10,2026-03-29 12:13:07
470,Cáp Cuktech 6A type-C to C 240W dài 1.5m CTC615W,"Mua cáp Cuktech 6A type-C to C 240W dài 1.5m CTC615W chính hãng - Giá rẻ, đảm bảo chất lượng, độ bền cao, hỗ trợ giao hàng tận nơi toàn quốc.","- Công suất sạc: 240W
- Sử dụng tối đa: 1 thiết bị
- Đầu vào: USB-C
- Đầu ra: USB-C
- Tiện ích: Sạc nhanhHỗ trợ sạc nhanh PD3.0Tốc độ truyền tải dữ liệu lên tới 480MbpsCáp có thể chịu lực kéo lên tới 20kgCáp cung cấp nguồn điện ổn định không giảm công suất khi sạc
- Công nghệ/Đạt chứng nhận: Power Delivery
- Chiều dài dây: 1.5 mét
- Hãng sản xuất: Cuktech","Mua cáp Cuktech 6A type-C to C 240W dài 1.5m CTC615W chính hãng - Giá rẻ, đảm bảo chất lượng, độ bền cao, hỗ trợ giao hàng tận nơi toàn quốc.",Phụ kiện,150000,Cuktech,0,14,0,2025-06-15 16:10:23,2026-03-29 12:13:07
471,Cáp Cuktech màn hình số 6A type-C to C 240W dài 2m CTC620P,"Mua cáp Cuktech màn hình số 6A type-C to C 240W dài 2m CTC620P chính hãng - Giá rẻ, đảm bảo chất lượng, độ bền cao, hỗ trợ giao hàng tận nơi toàn quốc.","- Công suất sạc: 240W
- Sử dụng tối đa: 1 thiết bị
- Đầu vào: USB-C
- Đầu ra: USB-C
- Tiện ích: Sạc nhanhHỗ trợ sạc nhanh PD3.0Tốc độ truyền tải dữ liệu lên tới 480MbpsĐộ bền lên tới 10000 lần gậpTích hợp chip E-market quản lý thông minhĐầu cáp có màn hình OLED hiển thị trạng thái sạc
- Công nghệ/Đạt chứng nhận: Power DeliveryQuick Charge 3.0
- Chiều dài dây: 2 mét
- Hãng sản xuất: Cuktech","Mua cáp Cuktech màn hình số 6A type-C to C 240W dài 2m CTC620P chính hãng - Giá rẻ, đảm bảo chất lượng, độ bền cao, hỗ trợ giao hàng tận nơi toàn quốc.",Phụ kiện,290000,Cuktech,0,168,0,2025-10-07 20:53:51,2026-03-29 12:13:07
472,Cáp Ugreen Uno USB-C To USB-C 100W dài 1M L502 - Cũ,"Mua cáp Ugreen Uno USB-C To USB-C 100W dài 1M L502 cũ giá rẻ - Nguồn gốc rõ ràng, bảo hành 6-12 tháng, đổi mới 30 ngày, luôn xuất bán đầy đủ VAT.","- Công suất sạc: 100W
- Sử dụng tối đa: 1 thiết bị
- Đầu vào: USB-C
- Đầu ra: USB-C
- Tiện ích: Hỗ trợ sạc nhanhHỗ trợ truyền tệp ở tốc độ 480MbpsTương thích: Mac, iPad Pro, Samsung Galaxy, Google Pixel, Xiaomi, Huawei, Dell, HP, Lenovo, ASUS...
- Chiều dài dây: 1m
- Hãng sản xuất: Ugreen","Mua cáp Ugreen Uno USB-C To USB-C 100W dài 1M L502 cũ giá rẻ - Nguồn gốc rõ ràng, bảo hành 6-12 tháng, đổi mới 30 ngày, luôn xuất bán đầy đủ VAT.",Phụ kiện,90000,Ugreen,0,22,0,2024-09-21 16:57:41,2026-03-29 12:13:07
473,Cáp Cuktech Type-C to Lightning dài 1m AL870,"Mua cáp Cuktech Type-C to Lightning dài 1m AL870 chính hãng - Giá rẻ, đảm bảo chất lượng, độ bền cao, hỗ trợ giao hàng tận nơi toàn quốc.","- Công suất sạc: 30W
- Sử dụng tối đa: 1 thiết bị
- Đầu vào: USB-C
- Đầu ra: Lightning
- Tiện ích: Sạc nhanhHỗ trợ sạc nhanh PD3.0Tốc độ truyền tải dữ liệu lên tới 480MbpsĐộ bền lên tới 10000 lần gập
- Công nghệ/Đạt chứng nhận: Power Delivery
- Chiều dài dây: 1 mét
- Hãng sản xuất: Cuktech","Mua cáp Cuktech Type-C to Lightning dài 1m AL870 chính hãng - Giá rẻ, đảm bảo chất lượng, độ bền cao, hỗ trợ giao hàng tận nơi toàn quốc.",Phụ kiện,290000,Cuktech,0,82,0,2026-03-13 08:08:13,2026-03-29 12:13:07
474,Cáp Type-C to Lightning Ugreen MFI US304 1m - Cũ,"Mua Cáp Type-C to Lightning Ugreen MFI US304 1m cũ giá rẻ - Nguồn gốc rõ ràng, bảo hành 6-12 tháng, đổi mới 30 ngày, luôn xuất bán đầy đủ VAT.","- Công suất sạc: 18W
- Sử dụng tối đa: 1 thiết bị
- Đầu vào: USB-C
- Đầu ra: Lightning
- Tiện ích: Tốc độ truyền dữ liệu 480MbpsCó khả năng chống uốn cong
- Công nghệ/Đạt chứng nhận: Đat chuẩn MFiCông nghệ PD
- Chiều dài dây: 1m
- Hãng sản xuất: Ugreen","Mua Cáp Type-C to Lightning Ugreen MFI US304 1m cũ giá rẻ - Nguồn gốc rõ ràng, bảo hành 6-12 tháng, đổi mới 30 ngày, luôn xuất bán đầy đủ VAT.",Phụ kiện,179000,Ugreen,0,37,0,2024-06-04 10:20:24,2026-03-29 12:13:07
475,Cáp Aukey CB-SCC102 C-C silicone 100W 1.8m - Cũ,"Mua Cáp Aukey CB-SCC102 C-C silicone 100W 1.8m cũ giá rẻ - Nguồn gốc rõ ràng, bảo hành 6-12 tháng, đổi mới 30 ngày, luôn xuất bán đầy đủ VAT.","- Công suất sạc: 100 W
- Sử dụng tối đa: 1 thiết bị
- Đầu vào: USB-C
- Đầu ra: USB-C
- Tiện ích: Sạc nhanhTruyền dữ liệu tốc độ cao 480MbpsTích hợp chip E-Marker đảm bảo an toànChống rối, chống đứt gãy
- Công nghệ/Đạt chứng nhận: Công nghệ Power Delivery
- Chiều dài dây: 1.8 mét
- Hãng sản xuất: Aukey","Mua Cáp Aukey CB-SCC102 C-C silicone 100W 1.8m cũ giá rẻ - Nguồn gốc rõ ràng, bảo hành 6-12 tháng, đổi mới 30 ngày, luôn xuất bán đầy đủ VAT.",Phụ kiện,140000,Aukey,0,39,0,2025-01-30 02:56:59,2026-03-29 12:13:07
476,Cáp Belkin Type C to Type C 1m vỏ nhựa 60W - Cũ,"Mua Cáp Belkin Type C to Type C 1m vỏ nhựa 60W cũ giá rẻ - Nguồn gốc rõ ràng, bảo hành 6-12 tháng, đổi mới 30 ngày, luôn xuất bán đầy đủ VAT.","- Công suất sạc: 60W
- Sử dụng tối đa: 1 thiết bị
- Đầu vào: USB-C
- Đầu ra: USB-C
- Tiện ích: Sạc nhanhTruyền dữ liệu nhanh chóngChịu được hơn 8.000 lần uốn cong
- Công nghệ/Đạt chứng nhận: Chứng nhận USB-IFCông nghệ PD
- Hãng sản xuất: Belkin","Mua Cáp Belkin Type C to Type C 1m vỏ nhựa 60W cũ giá rẻ - Nguồn gốc rõ ràng, bảo hành 6-12 tháng, đổi mới 30 ngày, luôn xuất bán đầy đủ VAT.",Phụ kiện,180000,Belkin,0,99,0,2024-07-22 16:35:25,2026-03-29 12:13:07
477,Cáp Aukey CB-MCC101 C-C bọc dù màn hình LCD 100W 1.2m - Cũ,"Mua Cáp Aukey CB-MCC101 C-C bọc dù màn hình LCD 100W 1.2m cũ giá rẻ - Nguồn gốc rõ ràng, bảo hành 6-12 tháng, đổi mới 30 ngày, luôn xuất bán đầy đủ VAT.","- Công suất sạc: 100 W
- Sử dụng tối đa: 1 thiết bị
- Đầu vào: Type-C
- Đầu ra: Type-C
- Tiện ích: Sạc nhanh chóngTích hợp màn hình LCD hiển thị mức sạcTruyền dữ liệu tốc độ cao 480Mbps
- Chiều dài dây: 1.2 mét
- Hãng sản xuất: Aukey","Mua Cáp Aukey CB-MCC101 C-C bọc dù màn hình LCD 100W 1.2m cũ giá rẻ - Nguồn gốc rõ ràng, bảo hành 6-12 tháng, đổi mới 30 ngày, luôn xuất bán đầy đủ VAT.",Phụ kiện,170000,Aukey,2,187,0,2024-04-19 06:13:54,2026-03-29 12:13:07
478,Cáp Momax USB-C to USB-C Elite 100W USB 3.2 gen 2x2 2m DC32 - Cũ,"Mua cáp Momax USB-C to USB-C Elite 100W USB 3.2 gen 2x2 2m DC32 cũ giá rẻ - Nguồn gốc rõ ràng, bảo hành 6-12 tháng, đổi mới 30 ngày, luôn xuất bán đầy đủ VAT.","- Công suất sạc: 100W
- Sử dụng tối đa: 1 thiết bị
- Đầu vào: USB-C
- Đầu ra: USB-C
- Tiện ích: Sạc nhanhCung cấp tốc độ truyền lên tới 20GbpsHỗ trợ xuất hình ảnh 4K@60HzChịu được 20.000 lần uốnChất liệu giúp cáp bền hơn và ít bị rối hơn
- Công nghệ/Đạt chứng nhận: Chứng nhận PD
- Chiều dài dây: 2 mét
- Hãng sản xuất: Momax","Mua cáp Momax USB-C to USB-C Elite 100W USB 3.2 gen 2x2 2m DC32 cũ giá rẻ - Nguồn gốc rõ ràng, bảo hành 6-12 tháng, đổi mới 30 ngày, luôn xuất bán đầy đủ VAT.",Phụ kiện,180000,Momax,2,101,0,2024-06-26 10:33:55,2026-03-29 12:13:07
479,Cáp Momax Elite Usb-C To Usb-C 240W dài 1m DC39 - Cũ,"Mua Cáp Momax Elite Usb-C To Usb-C 240W dài 1m DC39 cũ giá rẻ - Nguồn gốc rõ ràng, bảo hành 6-12 tháng, đổi mới 30 ngày, luôn xuất bán đầy đủ VAT.","- Công suất sạc: 240W
- Sử dụng tối đa: 1 thiết bị
- Đầu vào: USB-C
- Đầu ra: USB-C
- Tiện ích: Sạc nhanhTốc độ truyền dữ liệu lên đến 40Gbps Tốc độ truyền video lên đến 8K/60HzChịu được 10.000 uốn cong
- Công nghệ/Đạt chứng nhận: Công nghệ PD
- Chiều dài dây: 1m
- Hãng sản xuất: Momax","Mua Cáp Momax Elite Usb-C To Usb-C 240W dài 1m DC39 cũ giá rẻ - Nguồn gốc rõ ràng, bảo hành 6-12 tháng, đổi mới 30 ngày, luôn xuất bán đầy đủ VAT.",Phụ kiện,230000,Momax,2,22,0,2025-01-17 07:59:59,2026-03-29 12:13:07
480,Cáp StarGO Ultralink C1 Type-C to Type-C 100W dài 1.5m - Cũ,"Mua cáp StarGO Ultralink C1 Type-C to Type-C 100W dài 1.5m cũ giá rẻ - Nguồn gốc rõ ràng, bảo hành 6-12 tháng, đổi mới 30 ngày, luôn xuất bán đầy đủ VAT.","- Công suất sạc: 100W
- Sử dụng tối đa: 1 thiết bị
- Đầu vào: USB-C
- Đầu ra: USB-C
- Tiện ích: Chống rốiTruyền dữ liệu tốc độ cao 480mbpsChip E-Mark đảm bảo sạc an toàn
- Chiều dài dây: 1.2mĐường kính ngoài: 6mm
- Hãng sản xuất: StarGO","Mua cáp StarGO Ultralink C1 Type-C to Type-C 100W dài 1.5m cũ giá rẻ - Nguồn gốc rõ ràng, bảo hành 6-12 tháng, đổi mới 30 ngày, luôn xuất bán đầy đủ VAT.",Phụ kiện,100000,StarGO,2,98,0,2024-12-29 03:42:56,2026-03-29 12:13:07
481,Cáp Trusmi USB-C to Lightning silicone PD 27W dài 1m - Cũ,"Mua Cáp Trusmi USB-C to Lightning silicone PD 27W dài 1m cũ giá rẻ - Nguồn gốc rõ ràng, bảo hành 6-12 tháng, đổi mới 30 ngày, luôn xuất bán đầy đủ VAT.","- Công suất sạc: 27W
- Sử dụng tối đa: 1 thiết bị
- Đầu vào: USB-C
- Đầu ra: Lightning
- Tiện ích: Hỗ trợ sạc nhanhGiao diện Lightning hỗ trợ truyền dữ liệu lên tới 480Mbps
- Chiều dài dây: 1 mét
- Hãng sản xuất: Trusmi","Mua Cáp Trusmi USB-C to Lightning silicone PD 27W dài 1m cũ giá rẻ - Nguồn gốc rõ ràng, bảo hành 6-12 tháng, đổi mới 30 ngày, luôn xuất bán đầy đủ VAT.",Phụ kiện,65000,Trusmi,0,153,0,2026-01-10 09:19:21,2026-03-29 12:13:07
482,Cáp Baseus Cafule USB-A to Micro 1m,"Mua Cáp Baseus Cafule USB-A to Micro 1m chính hãng, giá ưu đãi, bảo hành chính hãng, miễn phí giao hàng tận nơi.","- Sử dụng tối đa: 1 thiết bị
- Đầu vào: USB-A
- Đầu ra: Micro-USB
- Tiện ích: Cáp vải dùĐầu kim loại siêu bềnTruyền dữ liệu nhanh 480Mbps
- Chiều dài dây: 1 mét
- Hãng sản xuất: Baseus","Mua Cáp Baseus Cafule USB-A to Micro 1m chính hãng, giá ưu đãi, bảo hành chính hãng, miễn phí giao hàng tận nơi.",Phụ kiện,80000,Baseus,0,135,0,2025-04-11 01:25:40,2026-03-29 12:13:07
483,Cáp Anker 322 USB-A To C bọc dù dài 1.8m A81H6 - Cũ,"Mua cáp Anker 322 USB-A To C bọc dù dài 1.8m A81H6 cũ giá rẻ - Nguồn gốc rõ ràng, bảo hành 6-12 tháng, đổi mới 30 ngày, luôn xuất bán đầy đủ VAT.","- Sử dụng tối đa: 1 thiết bị
- Đầu vào: 1 x USB - A
- Đầu ra: 1 x USB - C
- Tiện ích: Chịu được uốn cong hơn 12000 lần Truyền tải dữ liệu lên đến 480Mbps
- Công nghệ/Đạt chứng nhận: Chứng nhận an toàn USB-IF
- Chiều dài dây: 1.8 mét
- Hãng sản xuất: Anker","Mua cáp Anker 322 USB-A To C bọc dù dài 1.8m A81H6 cũ giá rẻ - Nguồn gốc rõ ràng, bảo hành 6-12 tháng, đổi mới 30 ngày, luôn xuất bán đầy đủ VAT.",Phụ kiện,20000,Anker,2,182,0,2025-12-13 10:23:29,2026-03-29 12:13:07
484,Cáp Beats USB-C to lightning dài 1.5M - Cũ,"Mua cáp Beats USB-C to lightning dài 1.5M cũ giá rẻ - Nguồn gốc rõ ràng, bảo hành 6-12 tháng, đổi mới 30 ngày, luôn xuất bán đầy đủ VAT.","- Công suất sạc: 18W
- Sử dụng tối đa: 1 thiết bị
- Đầu vào: USB-C
- Đầu ra: Lightning
- Tiện ích: Sạc nhanhChống rốiTự động điều chỉnh điện ápTruyền dữ liệu
- Chiều dài dây: 1.5m
- Hãng sản xuất: Beats","Mua cáp Beats USB-C to lightning dài 1.5M cũ giá rẻ - Nguồn gốc rõ ràng, bảo hành 6-12 tháng, đổi mới 30 ngày, luôn xuất bán đầy đủ VAT.",Phụ kiện,290000,Beats,2,132,0,2024-12-09 18:09:45,2026-03-29 12:13:07
485,CPU AMD Ryzen 5 3400G (MPK),"Mua CPU AMD Ryzen 5 3400G (MPK) chính hãng - Giá rẻ, đảm bảo chất lượng, độ bền cao, hỗ trợ giao hàng tận nơi toàn quốc.","- Chipset: AMD
- Dòng sản phẩm: Ryzen 5
- Thế hệ CPU: AMD Ryzen thế hệ thứ 3
- Socket: AM4
- Số nhân: 4
- Số luồng: 8
- Tốc độ xử lý: 3.7GHz - 4.2GHz
- Cache: L1: 384KBL2: 2MBL3: 4MB
- Tiến trình sản xuất: 12nm FinFET
- Phiên bản PCI Express: 3.0
- Chip đồ họa: Radeon RX Vega 11 Graphics
- Điện năng tiêu thụ: 65W
- Hãng sản xuất: AMD","Mua CPU AMD Ryzen 5 3400G (MPK) chính hãng - Giá rẻ, đảm bảo chất lượng, độ bền cao, hỗ trợ giao hàng tận nơi toàn quốc.",Khác,2090000,AMD,0,109,0,2026-01-01 13:50:15,2026-03-29 12:13:07
486,CPU AMD Ryzen 5 5500GT (MPK),"Mua CPU AMD Ryzen 5 5500GT (MPK) chính hãng - Giá rẻ, đảm bảo chất lượng, độ bền cao, hỗ trợ giao hàng tận nơi toàn quốc.","- Chipset: AMD
- Dòng sản phẩm: Ryzen 5
- Thế hệ CPU: AMD Ryzen thế hệ thứ 5
- Socket: AM4
- Số nhân: 6
- Số luồng: 12
- Tốc độ xử lý: 3.6 GHz - 4.4 GHz
- Cache: L2: 3 MBL3: 16 MB
- Tiến trình sản xuất: TSMC 7nm FinFET
- Phiên bản PCI Express: 3.0
- Chip đồ họa: AMD Radeon™ Graphics
- Điện năng tiêu thụ: 65W
- Hãng sản xuất: AMD","Mua CPU AMD Ryzen 5 5500GT (MPK) chính hãng - Giá rẻ, đảm bảo chất lượng, độ bền cao, hỗ trợ giao hàng tận nơi toàn quốc.",Khác,3590000,AMD,0,30,0,2024-04-14 01:55:31,2026-03-29 12:13:07
487,CPU AMD Ryzen 5 5600GT (MPK),"Mua CPU AMD Ryzen 5 5600GT (MPK) chính hãng - Giá rẻ, đảm bảo chất lượng, độ bền cao, hỗ trợ giao hàng tận nơi toàn quốc.","- Chipset: AMD
- Dòng sản phẩm: Ryzen 5
- Thế hệ CPU: AMD Ryzen thế hệ thứ 5
- Socket: AM4
- Số nhân: 6
- Số luồng: 12
- Tốc độ xử lý: 4.4 GHz - 5.2 GHz
- Cache: L2: 3MBL3: 16MB
- Tiến trình sản xuất: TSMC 7nm FinFET
- Phiên bản PCI Express: PCIe® 3.0
- Chip đồ họa: AMD Radeon™ Graphics
- Điện năng tiêu thụ: 65W
- Hãng sản xuất: AMD","Mua CPU AMD Ryzen 5 5600GT (MPK) chính hãng - Giá rẻ, đảm bảo chất lượng, độ bền cao, hỗ trợ giao hàng tận nơi toàn quốc.",Khác,3990000,AMD,0,57,0,2025-10-06 09:49:09,2026-03-29 12:13:07
488,Sạc Cuktech 3C1A 140W (CN) AD1404U,"Mua sạc Cuktech 3C1A 140W (CN) AD1404U chính hãng, giá ưu đãi, bảo hành chính hãng, miễn phí giao hàng tận nơi.","- Công suất sạc: 140W
- Sử dụng tối đa: 4 thiết bị
- Đầu vào: 1 x AC
- Đầu ra: 3 x USB-C1 x USB-A
- Tiện ích: Sạc nhanhThiết kế gấp gọnChip GaN thế hệ thứ 3Kiến trúc PFC+LLCThiết kế lưới tản nhiệtKeo tản nhiệt hiệu suất cao, dẫn nhiệt tốtIntelligent Power RegulationBảo vệ quá ápBảo vệ quá dòng đầu vàoBảo vệ quá dòng đầu raNhiễu gợn sóng thấpBảo vệ ngắn mạchBảo vệ quá nhiệtNhiễu điện từ thấpChống tĩnh điện
- Công nghệ/Đạt chứng nhận: PD3.1, PPS2.0, QC, Mi Turbo 120W, UFCS, Adapt Charge (tự động điều chỉnh công suất)
- Hãng sản xuất: Cuktech","Mua sạc Cuktech 3C1A 140W (CN) AD1404U chính hãng, giá ưu đãi, bảo hành chính hãng, miễn phí giao hàng tận nơi.",Phụ kiện,890000,Cuktech,0,181,0,2025-08-15 15:21:05,2026-03-29 12:13:07
489,Sạc Ugreen Robot Uno Gan Nexode Gen 2 1C 30W X622 - Cũ,"Mua Sạc Ugreen Robot Uno Gan Nexode Gen 2 1C 30W X622 cũ giá rẻ - Nguồn gốc rõ ràng, bảo hành 6-12 tháng, đổi mới 30 ngày, luôn xuất bán đầy đủ VAT.","- Công suất sạc: 30W
- Sử dụng tối đa: 1 thiết bị
- Đầu ra: USB-C
- Tiện ích: Sạc nhanhCông nghệ GaN tiết kiệm năng lượng, giảm nhiệt hiệu quảMặt robot là màn hình LED hiển thị các biểu thức khác nhau về trạng thái sạcBảo vệ ngắn mạch, quá tải, nhiệt độ và quá điện áp
- Hãng sản xuất: Ugreen","Mua Sạc Ugreen Robot Uno Gan Nexode Gen 2 1C 30W X622 cũ giá rẻ - Nguồn gốc rõ ràng, bảo hành 6-12 tháng, đổi mới 30 ngày, luôn xuất bán đầy đủ VAT.",Phụ kiện,195000,Ugreen,0,154,0,2024-10-23 20:17:18,2026-03-29 12:13:07
490,Dây đeo Apple Watch Sport Band 46MM M/L,"Mua dây đeo Apple Watch Sport Band 46MM M/L chính hãng - Giá rẻ, đảm bảo chất lượng, độ bền cao, hỗ trợ giao hàng tận nơi toàn quốc.","- Hãng sản xuất: Apple Chính hãng
- Chất liệu: Fluoroelastomer","Mua dây đeo Apple Watch Sport Band 46MM M/L chính hãng - Giá rẻ, đảm bảo chất lượng, độ bền cao, hỗ trợ giao hàng tận nơi toàn quốc.",Khác,1400000,Apple Chính hãng,0,50,0,2024-03-30 22:49:03,2026-03-29 12:13:07
491,Dây đeo Apple Watch Sport Loop 40mm,"Mua Dây đeo Apple Watch Sport Loop 40mm chính hãng - Giá rẻ, đảm bảo chất lượng, độ bền cao, hỗ trợ giao hàng tận nơi toàn quốc.","- Hãng sản xuất: Apple Chính hãng
- Chất liệu: 85% nylon tái chế, 100% polyester tái chế, 100% spandex tái chế","Mua Dây đeo Apple Watch Sport Loop 40mm chính hãng - Giá rẻ, đảm bảo chất lượng, độ bền cao, hỗ trợ giao hàng tận nơi toàn quốc.",Khác,1400000,Apple Chính hãng,85,178,0,2026-02-26 05:54:14,2026-03-29 12:13:07
492,HONOR X9A 8GB 256GB - Cũ trầy xước,"Mua điện thoại HONOR X9A 8GB 256GB cũ giá rẻ - Nguồn gốc rõ ràng, bảo hành 6-12 tháng, đổi mới 30 ngày, luôn xuất bán đầy đủ VAT.","- Kích thước màn hình: 6.67 inches
- Công nghệ màn hình: AMOLED
- Camera sau: Camera chính 64MP (F1.8)Camera siêu rộng và sâu 5MP (F2.2)Camera macro 2MP (f2.4)
- Camera trước: 16MP (F2,45)
- Chipset: Qualcomm Snapdragon 695
- Công nghệ NFC: Có
- Dung lượng RAM: 8 GB
- Bộ nhớ trong: 256 GB
- Pin: 5100 mAh
- Thẻ SIM: 2 Nano-SIM
- Hệ điều hành: MagicUI 6.1 (dựa trên Android 12）
- Độ phân giải màn hình: 1080 x 2400 pixels (FullHD+)
- Tính năng màn hình: 1,07 tỷ màu
- Loại CPU: Octa-core, 2*A78*2.2GHz+6*A55*1.8GHz","Mua điện thoại HONOR X9A 8GB 256GB cũ giá rẻ - Nguồn gốc rõ ràng, bảo hành 6-12 tháng, đổi mới 30 ngày, luôn xuất bán đầy đủ VAT.",Điện thoại,4590000,HONOR,2,73,0,2024-10-30 08:52:36,2026-03-29 12:13:07
493,Samsung Galaxy S25 Ultra 5G 12GB 1TB - Cũ đẹp,"Mua điện thoại Samsung Galaxy S25 Ultra 5G 12GB 1TB cũ giá rẻ - Nguồn gốc rõ ràng, bảo hành 6-12 tháng, đổi mới 30 ngày, luôn xuất bán đầy đủ VAT.","- Kích thước màn hình: 6.9 inches
- Công nghệ màn hình: Dynamic AMOLED 2X
- Camera sau: Camera siêu rộng 50MPCamera góc rộng 200 MPCamera Tele (5x) 50MPCamera Tele (3x) 10MP&quot;
- Camera trước: 12 MP
- Chipset: Snapdragon 8 Elite dành cho Galaxy (3nm)
- Công nghệ NFC: Có
- Dung lượng RAM: 12 GB
- Bộ nhớ trong: 1 TB
- Pin: 5000 mAh
- Thẻ SIM: 2 Nano-SIM + eSIM
- Hệ điều hành: Android 15
- Độ phân giải màn hình: 3120 x 1440 pixels (Quad HD+)
- Tính năng màn hình: 120Hz2600 nitsCorning® Gorilla® Armor 2","Mua điện thoại Samsung Galaxy S25 Ultra 5G 12GB 1TB cũ giá rẻ - Nguồn gốc rõ ràng, bảo hành 6-12 tháng, đổi mới 30 ngày, luôn xuất bán đầy đủ VAT.",Điện thoại,26290000,Samsung,2,111,0,2025-08-02 15:04:04,2026-03-29 12:13:07
494,ZTE Nubia Z60S Pro 5G 16GB 512GB - Cũ đẹp,"Mua điện thoại ZTE Nubia Z60S Pro 16GB 512GB cũ giá rẻ - Nguồn gốc rõ ràng, bảo hành 6-12 tháng, đổi mới 30 ngày, luôn xuất bán đầy đủ VAT.","- Kích thước màn hình: 6.78 inches
- Công nghệ màn hình: AMOLED
- Camera sau: Camera chính: 50MP, f/1.56Camera Tele: 8MP, f/2.4Camera góc siêu rộng: 50MP
- Camera trước: 16MP, f/2.45
- Chipset: Snapdragon 8 Gen 2 (4 nm)
- Công nghệ NFC: Có
- Dung lượng RAM: 16 GB
- Bộ nhớ trong: 512 GB
- Pin: 5100 mAh
- Thẻ SIM: 2 Nano-SIM
- Hệ điều hành: Android 14
- Độ phân giải màn hình: 2160 x 1440 pixels
- Tính năng màn hình: Tần số quét 120 Hz, 1200 nits, 452PPI, 100% DCI-P3, 1,07 tỷ màu sắc","Mua điện thoại ZTE Nubia Z60S Pro 16GB 512GB cũ giá rẻ - Nguồn gốc rõ ràng, bảo hành 6-12 tháng, đổi mới 30 ngày, luôn xuất bán đầy đủ VAT.",Điện thoại,7990000,Hãng khác,0,126,0,2025-12-19 03:05:55,2026-03-29 12:13:07
495,Loa Thanh LG Soundbar SC9S,"Mua Loa Thanh LG Soundbar SC9S chính hãng - Giá tốt, bảo hành uy tín, giao hàng tận nơi toàn quốc. Mua ngay LG Soundbar SC9S tại đây.","- Trọng lượng: Phần cứng: 4.1 kg Loa siêu trầm: 7.8 kg
- Kích thước: Phần cứng: 975 x 63 x 125 mmLoa siêu trầm: 221 x 390 x 313 mm
- Công nghệ âm thanh: Pass-through 4K và VRR/ ALLM WOW interfaceAACAI Sound ProDolby DigitalDTS Digital Surround
- Công suất: 400W
- Cổng kết nối: HDMI ARC (cắm tivi)OpticalUSB
- Hãng sản xuất: LG","Mua Loa Thanh LG Soundbar SC9S chính hãng - Giá tốt, bảo hành uy tín, giao hàng tận nơi toàn quốc. Mua ngay LG Soundbar SC9S tại đây.",Khác,6790000,LG,0,43,0,2025-05-25 16:41:26,2026-03-29 12:13:07
496,Màn hình ASUS VU249CFE-P 24 inch,"Mua Màn hình ASUS VU249CFE-P 24 inch chính hãng - Giá rẻ, đảm bảo chất lượng, độ bền cao, hỗ trợ trả góp 0%, giao hàng miễn phí toàn quốc.","- Kích thước thực tế (bao gồm viền): 24 inches
- Tấm nền: IPS
- Tỉ lệ màn hình: 16:9
- Tần số quét: 100 Hz
- Thời gian phản hồi: 1ms
- Treo tường: 75 x 75 mm
- Cổng kết nối: 1x USB-C (DP Alt Mode) 1x HDMI(v1.4) Đầu cắm Tai nghe USB-C Power Delivery :15W
- Kích thước: Có chân đế: 53.9 x 44.3 x 18.9 cmKhông có chân đế: 53.9 x 32.2 x 4.7 cm
- Trọng lượng: Có chân đế: 4.0 kgKhông có chân đế: 3.5 kg
- Độ phân giải màn hình: 1920 x 1080 pixels","Mua Màn hình ASUS VU249CFE-P 24 inch chính hãng - Giá rẻ, đảm bảo chất lượng, độ bền cao, hỗ trợ trả góp 0%, giao hàng miễn phí toàn quốc.",Khác,2790000,ASUS,0,35,0,2024-04-27 07:49:16,2026-03-29 12:13:07
497,Máy hút bụi khô và ướt Dreame H12 GT,"Mua Máy hút bụi khô và ướt Dreame H12 GT chính hãng - Giá rẻ, đảm bảo chất lượng, độ bền cao, bảo hành uy tín, giao hàng tận nơi toàn quốc.","- Chức năng: Hút bụi
- Tính năng: Hỗ trợ lau nhà, Tự động điều chỉnh sức hút, Chống rối tóc - lông thú
- Thời gian hoạt động: Sử dụng: 35 phút (Chế độ Eco)Sạc:
- Dung tích ngăn chứa nước: Hộc nước sạch: 780mlHộc nước bẩn: 700ml (Đứng) / 450ml (Ngả phẳng)
- Lực hút: 21.000 Pa
- Chế độ hút: Eco, Tiêu chuẩn, Tối ưu
- Tiện ích: Tự giặt cuộn lăn nước nóng 90°CTự sấy khô 90°CCơ chế tự làm sạch cuộn lăn và khoang máyThời gian hoạt động đến 35 phút (Eco)
- Công suất: 400W
- Hãng sản xuất: Dreame
- Tính năng khác: Thiết kế ngả phẳng 180°, thân máy mỏng 14cm dễ vệ sinh gầm thấpCuộn lăn tràn viềnThanh gạt TangleCut™ chống rối tóc và lông thúCuộn lăn xoay 480 vòng/phútHệ thống hút nước bẩn ngay lập tức","Mua Máy hút bụi khô và ướt Dreame H12 GT chính hãng - Giá rẻ, đảm bảo chất lượng, độ bền cao, bảo hành uy tín, giao hàng tận nơi toàn quốc.",Khác,6790000,Dreame,0,54,0,2024-08-22 09:11:25,2026-03-29 12:13:07
498,Máy lạnh Daikin 1.0HP 2023 (FTF25XAV1V/RF25XAV1V),"Mua Máy lạnh Daikin 1.0HP 2023 (FTF25XAV1V/RF25XAV1V) chính hãng - Giá rẻ, đảm bảo chất lượng, độ bền cao, hỗ trợ giao hàng tận nơi toàn quốc.","- Loại máy: 1 chiều (chỉ làm lạnh)
- Kiểu dáng: Máy lạnh treo tường
- Phạm vi làm lạnh: Dưới 15m2
- Công suất làm lạnh: 1.0 HP - 9.300 BTU
- Công nghệ tiết kiệm điện: Inverter
- Công nghệ làm lạnh nhanh: Powerful
- Hãng sản xuất: Daikin","Mua Máy lạnh Daikin 1.0HP 2023 (FTF25XAV1V/RF25XAV1V) chính hãng - Giá rẻ, đảm bảo chất lượng, độ bền cao, hỗ trợ giao hàng tận nơi toàn quốc.",Khác,8690000,Daikin,2,117,0,2024-05-18 07:50:21,2026-03-29 12:13:07
499,Máy lạnh Daikin 1.5HP 2025 (FTKF35ZVMV/RKF35ZVMV),"Mua Máy lạnh Daikin 1.5HP 2025 (FTKF35ZVMV/RKF35ZVMV) chính hãng - Giá rẻ, đảm bảo chất lượng, độ bền cao, hỗ trợ giao hàng tận nơi toàn quốc.","- Loại máy: 1 chiều (chỉ làm lạnh)
- Kiểu dáng: Máy lạnh treo tường
- Phạm vi làm lạnh: Từ 15 - 20m2
- Công suất làm lạnh: 1.5 HP - 12.300 BTU
- Công nghệ tiết kiệm điện: InverterEcono
- Khả năng lọc không khí: Phin lọc Enzyme Blue tích hợp lọc bụi mịn PM2.5 Streamer vô hiệu hóa vi khuẩn
- Công nghệ làm lạnh nhanh: Powerful
- Hãng sản xuất: Daikin","Mua Máy lạnh Daikin 1.5HP 2025 (FTKF35ZVMV/RKF35ZVMV) chính hãng - Giá rẻ, đảm bảo chất lượng, độ bền cao, hỗ trợ giao hàng tận nơi toàn quốc.",Khác,14290000,Daikin,2,177,0,2026-03-05 09:18:39,2026-03-29 12:13:07
500,Máy lạnh Daikin 1.5HP 2021 (FTKZ35VVMV/RKZ35VVMV),"Mua Máy lạnh Daikin 1.5HP 2021 (FTKZ35VVMV/RKZ35VVMV) chính hãng - Giá rẻ, đảm bảo chất lượng, độ bền cao, hỗ trợ giao hàng tận nơi toàn quốc.","- Loại máy: 1 chiều (chỉ làm lạnh)
- Kiểu dáng: Máy lạnh treo tường
- Phạm vi làm lạnh: Từ 15 - 20m2
- Công suất làm lạnh: 1.5 HP - 11.900 BTU
- Công nghệ tiết kiệm điện: Mắt thần thông minh Inverter Econo
- Công suất tiêu thụ điện: 0.79 kWh
- Khả năng lọc không khí: Chỉ có lưới lọc bụi thô, phin lọc chống mốc Streamer vô hiệu hóa vi khuẩn
- Công nghệ làm lạnh nhanh: Powerful
- Hãng sản xuất: Daikin","Mua Máy lạnh Daikin 1.5HP 2021 (FTKZ35VVMV/RKZ35VVMV) chính hãng - Giá rẻ, đảm bảo chất lượng, độ bền cao, hỗ trợ giao hàng tận nơi toàn quốc.",Khác,19390000,Daikin,2,132,0,2025-07-12 12:32:05,2026-03-29 12:13:07
501,Máy lạnh Daikin 1.0HP 2021 (FTKZ25VVMV/RKZ25VVMV),"Mua Máy lạnh Daikin 1.0HP 2021 (FTKZ25VVMV/RKZ25VVMV) chính hãng - Giá rẻ, đảm bảo chất lượng, độ bền cao, hỗ trợ giao hàng tận nơi toàn quốc.","- Loại máy: 1 chiều (chỉ làm lạnh)
- Kiểu dáng: Máy lạnh treo tường
- Phạm vi làm lạnh: Dưới 15m2
- Công suất làm lạnh: 1 HP - 8.500 BTU
- Công nghệ tiết kiệm điện: Mắt thần thông minh Inverter Econo
- Công suất tiêu thụ điện: 0.45 kWh
- Khả năng lọc không khí: Chỉ có lưới lọc bụi thô, phin lọc chống mốc Streamer vô hiệu hóa vi khuẩn
- Công nghệ làm lạnh nhanh: Powerful
- Hãng sản xuất: Daikin","Mua Máy lạnh Daikin 1.0HP 2021 (FTKZ25VVMV/RKZ25VVMV) chính hãng - Giá rẻ, đảm bảo chất lượng, độ bền cao, hỗ trợ giao hàng tận nơi toàn quốc.",Khác,16090000,Daikin,2,46,0,2025-06-09 17:38:13,2026-03-29 12:13:07
502,Máy lạnh Daikin 2.5HP 2021 (FTKZ60VVMV/RKZ60VVMV),"Mua Máy lạnh Daikin 2.5HP 2021 (FTKZ60VVMV/RKZ60VVMV) chính hãng - Giá rẻ, đảm bảo chất lượng, độ bền cao, hỗ trợ giao hàng tận nơi toàn quốc.","- Loại máy: 1 chiều (chỉ làm lạnh)
- Kiểu dáng: Máy lạnh treo tường
- Phạm vi làm lạnh: Từ 30 - 40m2
- Công suất làm lạnh: 2.5 HP - 20.500 BTU
- Công nghệ tiết kiệm điện: Mắt thần thông minh Inverter Econo
- Khả năng lọc không khí: Chỉ có lưới lọc bụi thô, phin lọc chống mốc Streamer vô hiệu hóa vi khuẩn
- Công nghệ làm lạnh nhanh: Powerful
- Hãng sản xuất: Daikin","Mua Máy lạnh Daikin 2.5HP 2021 (FTKZ60VVMV/RKZ60VVMV) chính hãng - Giá rẻ, đảm bảo chất lượng, độ bền cao, hỗ trợ giao hàng tận nơi toàn quốc.",Khác,39090000,Daikin,55,47,0,2026-03-09 04:19:33,2026-03-29 12:13:07
503,Máy lạnh Daikin 2.0HP 2021 (FTKZ50VVMV/RKZ50VVMV),"Mua Máy lạnh Daikin 2.0HP 2021 (FTKZ50VVMV/RKZ50VVMV) chính hãng - Giá rẻ, đảm bảo chất lượng, độ bền cao, hỗ trợ giao hàng tận nơi toàn quốc.","- Loại máy: 1 chiều (chỉ làm lạnh)
- Kiểu dáng: Máy lạnh treo tường
- Phạm vi làm lạnh: Từ 20 - 30m2
- Công suất làm lạnh: 2 HP - 17.100 BTU
- Công nghệ tiết kiệm điện: Mắt thần thông minh Inverter Econo
- Công suất tiêu thụ điện: 1.32 kWh
- Khả năng lọc không khí: Chỉ có lưới lọc bụi thô, phin lọc chống mốc Streamer vô hiệu hóa vi khuẩn
- Công nghệ làm lạnh nhanh: Powerful
- Hãng sản xuất: Daikin","Mua Máy lạnh Daikin 2.0HP 2021 (FTKZ50VVMV/RKZ50VVMV) chính hãng - Giá rẻ, đảm bảo chất lượng, độ bền cao, hỗ trợ giao hàng tận nơi toàn quốc.",Khác,30090000,Daikin,55,44,0,2025-08-05 18:45:23,2026-03-29 12:13:07
504,Máy lạnh Daikin 3.0HP 2025 (FTKF71ZVMV/RKF71ZVMV),"Mua Máy lạnh Daikin 3.0HP 2025 (FTKF71ZVMV/RKF71ZVMV) chính hãng - Giá rẻ, đảm bảo chất lượng, độ bền cao, hỗ trợ giao hàng tận nơi toàn quốc.","- Loại máy: 1 chiều (chỉ làm lạnh)
- Kiểu dáng: Máy lạnh treo tường
- Phạm vi làm lạnh: Trên 40m2
- Công suất làm lạnh: 3 HP - 24.200 BTU
- Công nghệ tiết kiệm điện: InverterEcono
- Công suất tiêu thụ điện: 2.23 kWh
- Khả năng lọc không khí: Phin lọc Enzyme Blue tích hợp lọc bụi mịn PM2.5Streamer vô hiệu hóa vi khuẩn
- Công nghệ làm lạnh nhanh: Powerful
- Hãng sản xuất: Daikin","Mua Máy lạnh Daikin 3.0HP 2025 (FTKF71ZVMV/RKF71ZVMV) chính hãng - Giá rẻ, đảm bảo chất lượng, độ bền cao, hỗ trợ giao hàng tận nơi toàn quốc.",Khác,29590000,Daikin,2,145,0,2025-05-04 21:07:31,2026-03-29 12:13:07
505,Máy lọc không khí bụi mịn Acerpure Cool C2-UVC,"Mua Máy lọc không khí bụi mịn Acerpure Cool C2-UVC chính hãng - Giá rẻ, đảm bảo chất lượng, độ bền cao, hỗ trợ giao hàng tận nơi toàn quốc.","- Dòng điện vào: 220V - 240V/50Hz - 60Hz
- Diện tích sử dụng: 45 m²​
- Hiệu quả lọc bụi: Lọc đến 99,97% bụi siêu mịn và tác nhân gây dị ứng
- Lưu lượng gió: CADR 307 m³/h
- Màng lọc: Bộ lọc HEPA 4-in-1 (lọc thô + HEPA Plus + HEPA H13 + than hoạt tính)
- Độ ồn: 25 - 56 dB
- Công nghệ: UV-C diệt khuẩn + động cơ DC Inverter
- Chế độ hoạt động: Smart / 1 / 2 / 3 / Turbo
- Tiện ích: Cảnh báo nắp bộ lọc không đóng kín, Cảnh báo thay bộ lọc, Đèn báo chất lượng không khí, Đèn báo hoạt động, Điều khiển bằng điện thoại qua App, Điều khiển bằng remote, Khóa bảng điều khiển, Tích hợp quạt đối lưu, Tính năng diệt khuẩn (đèn UV), Tính năng diệt khuẩn (ion âm)
- Hãng sản xuất: Acerpure","Mua Máy lọc không khí bụi mịn Acerpure Cool C2-UVC chính hãng - Giá rẻ, đảm bảo chất lượng, độ bền cao, hỗ trợ giao hàng tận nơi toàn quốc.",Khác,7490000,Acerpure,97,57,0,2025-09-28 10:35:24,2026-03-29 12:13:07
506,Samsung Galaxy Tab S11 Ultra 5G 12GB 256GB - Cũ đẹp,"Mua Máy tính bảng Samsung Tab S11 Ultra cũ giá rẻ - Nguồn gốc rõ ràng, bảo hành 6-12 tháng, đổi mới 30 ngày, luôn xuất bán đầy đủ VAT.","- Kích thước màn hình: 14.6 inches
- Công nghệ màn hình: Dynamic AMOLED 2X
- Camera sau: Chính 13 MP - Phụ 8 MP
- Camera trước: 12 MP
- Chipset: MediaTek Dimensity 9400+
- Công nghệ NFC: Không
- Dung lượng RAM: 12 GB
- Bộ nhớ trong: 256 GB
- Pin: 11600 mAh
- Thẻ SIM: Nano-SIM + eSIM
- Hệ điều hành: Android 16
- Độ phân giải màn hình: 1848 x 2960 Pixels
- Tính năng màn hình: Tần số quét120 Hz
- Loại CPU: 8 nhân
- Tương thích: Bút S Pen","Mua Máy tính bảng Samsung Tab S11 Ultra cũ giá rẻ - Nguồn gốc rõ ràng, bảo hành 6-12 tháng, đổi mới 30 ngày, luôn xuất bán đầy đủ VAT.",Điện thoại,24490000,Samsung,2,48,0,2026-01-13 12:17:21,2026-03-29 12:13:07
507,Micro không dây UHF PARAMAX VX-800,"Mua Micro không dây UHF PARAMAX VX-800 chính hãng - Giá tốt, bảo hành uy tín, giao hàng tận nơi toàn quốc. Mua ngay PARAMAX VX-800 tại đây.","- Tỷ lệ tín hiệu trên tạp âm: ≥110dB
- Tần số đáp ứng: 80-13000Hz
- Hãng sản xuất: PARAMAX","Mua Micro không dây UHF PARAMAX VX-800 chính hãng - Giá tốt, bảo hành uy tín, giao hàng tận nơi toàn quốc. Mua ngay PARAMAX VX-800 tại đây.",Khác,6990000,PARAMAX,2,177,0,2026-03-06 17:51:03,2026-03-29 12:13:07
508,Ốp lưng iPhone 16 Pro Max Slimcase Standout With Magsafe,"Mua Ốp lưng iPhone 16 Pro Max Slimcase Standout With Magsafe chính hãng - Giá rẻ, đảm bảo chất lượng, độ bền cao, bảo hành uy tín, giao hàng tận nơi toàn quốc.","- Dòng sản phẩm: iPhone 16 Pro Max
- Phân loại ốp: Chống sốc
- Tính năng: Hỗ trợ sạc MagSafe, Hỗ trợ sạc không dây, Chống sốc, va đập
- Hãng sản xuất: Slimcase","Mua Ốp lưng iPhone 16 Pro Max Slimcase Standout With Magsafe chính hãng - Giá rẻ, đảm bảo chất lượng, độ bền cao, bảo hành uy tín, giao hàng tận nơi toàn quốc.",Điện thoại,675000,Slimcase,0,187,0,2025-08-17 18:05:17,2026-03-29 12:13:07
509,Ốp lưng iPhone 17 Pro Max Slimcase Standout With Magsafe,"Mua Ốp lưng iPhone 17 Pro Max Slimcase Standout With Magsafe chính hãng - Giá rẻ, đảm bảo chất lượng, độ bền cao, bảo hành uy tín, giao hàng tận nơi toàn quốc.","- Dòng sản phẩm: iPhone 17 Pro Max
- Phân loại ốp: Chống sốc
- Tính năng: Hỗ trợ sạc MagSafe, Hỗ trợ sạc không dây, Chống sốc, va đập
- Hãng sản xuất: Slimcase","Mua Ốp lưng iPhone 17 Pro Max Slimcase Standout With Magsafe chính hãng - Giá rẻ, đảm bảo chất lượng, độ bền cao, bảo hành uy tín, giao hàng tận nơi toàn quốc.",Điện thoại,675000,Slimcase,0,30,0,2026-01-29 13:47:40,2026-03-29 12:13:07
510,Ốp lưng iPhone 17 Pro Slimcase Standout With Magsafe,"Mua Ốp lưng iPhone 17 Pro Slimcase Standout With Magsafe chính hãng - Giá rẻ, đảm bảo chất lượng, độ bền cao, bảo hành uy tín, giao hàng tận nơi toàn quốc.","- Dòng sản phẩm: iPhone 17 Pro
- Phân loại ốp: Chống sốc
- Tính năng: Hỗ trợ sạc MagSafe, Hỗ trợ sạc không dây, Chống sốc, va đập
- Hãng sản xuất: Slimcase","Mua Ốp lưng iPhone 17 Pro Slimcase Standout With Magsafe chính hãng - Giá rẻ, đảm bảo chất lượng, độ bền cao, bảo hành uy tín, giao hàng tận nơi toàn quốc.",Điện thoại,675000,Slimcase,2,36,0,2025-09-23 01:51:09,2026-03-29 12:13:07
511,Ốp lưng Samsung Galaxy S26 Araree Duple M Clear,"Mua Ốp lưng Samsung Galaxy S26 Araree Duple M Clear chính hãng - Giá rẻ, đảm bảo chất lượng, độ bền cao, hỗ trợ giao hàng tận nơi toàn quốc.","- Dòng sản phẩm: Samsung Galaxy S26
- Phân loại ốp: Chống sốc, Ốp trong
- Tính năng: Hỗ trợ sạc MagSafe, Hỗ trợ sạc không dây, Chống sốc, va đập, Chống trầy xước
- Hãng sản xuất: Araree","Mua Ốp lưng Samsung Galaxy S26 Araree Duple M Clear chính hãng - Giá rẻ, đảm bảo chất lượng, độ bền cao, hỗ trợ giao hàng tận nơi toàn quốc.",Điện thoại,488000,Araree,0,21,0,2025-12-19 15:53:14,2026-03-29 12:13:07
512,Ốp lưng Samsung Galaxy S26 Plus Araree Duple M,"Mua Ốp lưng Samsung Galaxy S26 Plus Araree Duple M chính hãng - Giá rẻ, đảm bảo chất lượng, độ bền cao, hỗ trợ giao hàng tận nơi toàn quốc.","- Dòng sản phẩm: Samsung Galaxy S26 Plus
- Phân loại ốp: Chống sốc, Ốp trong
- Tính năng: Hỗ trợ sạc MagSafe, Hỗ trợ sạc không dây, Chống sốc, va đập, Chống trầy xước
- Hãng sản xuất: Araree","Mua Ốp lưng Samsung Galaxy S26 Plus Araree Duple M chính hãng - Giá rẻ, đảm bảo chất lượng, độ bền cao, hỗ trợ giao hàng tận nơi toàn quốc.",Điện thoại,488000,Araree,0,93,0,2025-03-14 05:42:26,2026-03-29 12:13:07
513,Ốp lưng Samsung Galaxy S26 Ultra Araree A Fit Clear,"Mua Ốp lưng Samsung Galaxy S26 Ultra Araree A Fit Clear chính hãng - Giá rẻ, đảm bảo chất lượng, độ bền cao, hỗ trợ giao hàng tận nơi toàn quốc.","- Dòng sản phẩm: Samsung Galaxy S26 Ultra
- Phân loại ốp: Chống sốc, Ốp trong
- Tính năng: Chống sốc, va đập, Chống trầy xước
- Hãng sản xuất: Araree","Mua Ốp lưng Samsung Galaxy S26 Ultra Araree A Fit Clear chính hãng - Giá rẻ, đảm bảo chất lượng, độ bền cao, hỗ trợ giao hàng tận nơi toàn quốc.",Điện thoại,240000,Araree,0,105,0,2024-11-03 14:34:36,2026-03-29 12:13:07
514,Ốp lưng Samsung Galaxy S26 Ultra Araree Duple M Stand Clear,"Mua Ốp lưng Samsung Galaxy S26 Ultra Araree Duple M Stand Clear chính hãng - Giá rẻ, đảm bảo chất lượng, độ bền cao, hỗ trợ giao hàng tận nơi toàn quốc.","- Dòng sản phẩm: Samsung Galaxy S26 Ultra
- Phân loại ốp: Chống sốc, Ốp trong
- Tính năng: Hỗ trợ sạc MagSafe, Hỗ trợ sạc không dây, Chống sốc, va đập, Chống trầy xước
- Hãng sản xuất: Araree","Mua Ốp lưng Samsung Galaxy S26 Ultra Araree Duple M Stand Clear chính hãng - Giá rẻ, đảm bảo chất lượng, độ bền cao, hỗ trợ giao hàng tận nơi toàn quốc.",Điện thoại,792000,Araree,0,61,0,2026-01-13 22:21:16,2026-03-29 12:13:07
515,Ốp lưng Samsung Galaxy S26 Ultra Araree Duple M,"Mua Ốp lưng Samsung Galaxy S26 Ultra Araree Duple M chính hãng - Giá rẻ, đảm bảo chất lượng, độ bền cao, hỗ trợ giao hàng tận nơi toàn quốc.","- Dòng sản phẩm: Samsung Galaxy S26 Ultra
- Phân loại ốp: Chống sốc, Ốp trong
- Tính năng: Hỗ trợ sạc MagSafe, Hỗ trợ sạc không dây, Chống sốc, va đập, Chống trầy xước
- Hãng sản xuất: Araree","Mua Ốp lưng Samsung Galaxy S26 Ultra Araree Duple M chính hãng - Giá rẻ, đảm bảo chất lượng, độ bền cao, hỗ trợ giao hàng tận nơi toàn quốc.",Điện thoại,488000,Araree,0,198,0,2024-04-27 10:55:52,2026-03-29 12:13:07
516,Ốp lưng Samsung Galaxy S26 Ultra Araree Typo Skin M,"Mua Ốp lưng Samsung Galaxy S26 Ultra Araree Typo Skin M chính hãng - Giá rẻ, đảm bảo chất lượng, độ bền cao, hỗ trợ giao hàng tận nơi toàn quốc.","- Dòng sản phẩm: Samsung Galaxy S26 Ultra
- Phân loại ốp: Chống sốc, Ốp trong
- Tính năng: Hỗ trợ sạc MagSafe, Hỗ trợ sạc không dây, Chống sốc, va đập, Chống trầy xước
- Hãng sản xuất: Araree","Mua Ốp lưng Samsung Galaxy S26 Ultra Araree Typo Skin M chính hãng - Giá rẻ, đảm bảo chất lượng, độ bền cao, hỗ trợ giao hàng tận nơi toàn quốc.",Điện thoại,520000,Araree,0,68,0,2025-11-19 17:29:01,2026-03-29 12:13:07
517,Pin dự phòng BMX Solid-State Magnetic Air siêu mỏng 5000mAh Qi2,"Mua Pin dự phòng BMX Solid-State Magnetic Air siêu mỏng 5000mAh Qi2 chính hãng - Giá rẻ, đảm bảo chất lượng, độ bền cao, hỗ trợ giao hàng tận nơi toàn quốc.","- Dung lượng pin: 5000 mAh
- Công suất sạc: Có dây: 20WKhông dây: 15W
- Cổng sạc ra: 1 x USB-C1 x Magsafe
- Cổng sạc vào: 1 x USB-C
- Tiện ích: Sạc nhiều thiết bị cùng lúcTích hợp đèn LED hiển thị dung lượng pin
- Lõi pin: Li-ion
- Kích thước: 103 x 70 x 6.8 mm
- Hãng sản xuất: BMX","Mua Pin dự phòng BMX Solid-State Magnetic Air siêu mỏng 5000mAh Qi2 chính hãng - Giá rẻ, đảm bảo chất lượng, độ bền cao, hỗ trợ giao hàng tận nơi toàn quốc.",Phụ kiện,1690000,BMX,0,92,0,2025-06-30 12:45:30,2026-03-29 12:13:07
518,Pin dự phòng Cuktech 1C1A 20000mAh 55W tích hợp cáp Type-C (CP25) PB200N - Cũ,"Mua pin dự phòng Cuktech 1C1A 20000mAh 55W tích hợp cáp Type-C (CP25) PB200N cũ giá rẻ - Nguồn gốc rõ ràng, bảo hành 6-12 tháng, đổi mới 30 ngày, luôn xuất bán đầy đủ VAT.","- Dung lượng pin: 20000mAh
- Công suất sạc: 55W
- Cổng sạc ra: 1 x USB-C1 x USB-A1 cáp Type-C
- Cổng sạc vào: 1 x USB-C
- Tiện ích: Sạc nhanh Đáp ứng các chứng nhận an toàn như UL, CE, CB và FCC Dùng được khi bay Bảo vệ nhiệt độ, ngắn mạch, quá dòng đầu vào và ra, Bảo vệ quá sạc và xả quá mứcChứng nhận CCC
- Hiệu suất sạc: 12000mAh (5V/4A)
- Lõi pin: Pin lithium ion
- Kích thước: 15.2 x 4.45 x 5.71 cm
- Hãng sản xuất: Cuktech","Mua pin dự phòng Cuktech 1C1A 20000mAh 55W tích hợp cáp Type-C (CP25) PB200N cũ giá rẻ - Nguồn gốc rõ ràng, bảo hành 6-12 tháng, đổi mới 30 ngày, luôn xuất bán đầy đủ VAT.",Phụ kiện,550000,Cuktech,50,83,0,2025-02-09 11:59:57,2026-03-29 12:13:07
519,Pin sạc dự phòng Energizer 20000mAh /3.7V Li-Polymer - UE20055PQ - Cũ,"Mua ngay Pin sạc dự phòng Energizer 20000mAh /3.7V Li-Polymer - UE20055PQ cũ giá rẻ - Nguồn gốc rõ ràng, bảo hành 6-12 tháng, đổi mới 30 ngày, luôn xuất bán đầy đủ VAT.","- Dung lượng pin: 20000mAh
- Công suất sạc: 22.5W
- Cổng sạc ra: 2 x USB-C1 x USB-A
- Cổng sạc vào: 1 x USB-C
- Tiện ích: Đèn LED hiển thị trạng thái sạc pinDual USB-C Power Delivery sạc nhiều thiết bị cùng lúc
- Lõi pin: Lithium Polymer
- Kích thước: 145.5 x 69.2 x 28.2 mm
- Trọng lượng: 400g ± 10g
- Hãng sản xuất: Energizer","Mua ngay Pin sạc dự phòng Energizer 20000mAh /3.7V Li-Polymer - UE20055PQ cũ giá rẻ - Nguồn gốc rõ ràng, bảo hành 6-12 tháng, đổi mới 30 ngày, luôn xuất bán đầy đủ VAT.",Phụ kiện,420000,Energizer,25,200,0,2024-11-23 17:17:47,2026-03-29 12:13:07
520,Pin dự phòng Xiaomi không dây 10000mAh 1C 33W tích hợp cáp Type-C - Cũ,"Mua pin dự phòng Xiaomi không dây 10000mAh 1C 33W tích hợp cáp Type-C cũ giá rẻ - Nguồn gốc rõ ràng, bảo hành 6-12 tháng, đổi mới 30 ngày, luôn xuất bán đầy đủ VAT.","- Dung lượng pin: 10000mAh
- Công suất sạc: 33W
- Cổng sạc ra: 1 x USB-C1 x Các tích hợp USB-CSạc không dây
- Cổng sạc vào: USB-C
- Tiện ích: Đèn LED hiển thị dung lượng pinSạc nhiều thiết bị cùng lúcLực từ mạnh 13N Bảo vệ nhiệt độ Bảo vệ ngắn mạch Thiết lập lại bảo vệ Bảo vệ quá áp đầu vào Bảo vệ quá dòng đầu vào Bảo vệ quá áp đầu ra Bảo vệ quá dòng đầu ra Bảo vệ quá tải và quá xả Bảo vệ quá dòng ngắn mạch
- Lõi pin: Pin lithium-ion
- Kích thước: 10.9 x 6.85 x 1.98 cm
- Trọng lượng: 238g
- Hãng sản xuất: Xiaomi","Mua pin dự phòng Xiaomi không dây 10000mAh 1C 33W tích hợp cáp Type-C cũ giá rẻ - Nguồn gốc rõ ràng, bảo hành 6-12 tháng, đổi mới 30 ngày, luôn xuất bán đầy đủ VAT.",Điện thoại,550000,Xiaomi,0,84,0,2024-10-26 18:43:57,2026-03-29 12:13:07
521,Pin dự phòng MoveSpeed 20000mAh 22.5W có màn hình PB07,"Mua Pin dự phòng MoveSpeed 20000mAh 22.5W có màn hình PB07 chính hãng - Giá rẻ, đảm bảo chất lượng, độ bền cao, hỗ trợ giao hàng tận nơi toàn quốc.","- Dung lượng pin: 20000mAh
- Công suất sạc: 22.5W
- Cổng sạc ra: 1 x USB-C 2 x USB-A
- Cổng sạc vào: 1 x USB-C1 x Micro-USB
- Tiện ích: Sạc nhanhSạc nhiều thiết bị cùng lúcMàn hình LED hiển thị dung lượng pinGiấy phép bay an toàn của hãng hàng không
- Lõi pin: Pin lithium polymer
- Hãng sản xuất: MoveSpeed","Mua Pin dự phòng MoveSpeed 20000mAh 22.5W có màn hình PB07 chính hãng - Giá rẻ, đảm bảo chất lượng, độ bền cao, hỗ trợ giao hàng tận nơi toàn quốc.",Phụ kiện,450000,MoveSpeed,0,11,0,2025-04-02 16:25:28,2026-03-29 12:13:07
522,Pin dự phòng Ugreen 20000mAh 130W PB721 35524B - Cũ,"Mua pin dự phòng Ugreen 20000mAh 130W PB721 35524B cũ giá rẻ - Nguồn gốc rõ ràng, bảo hành 6-12 tháng, đổi mới 30 ngày, luôn xuất bán đầy đủ VAT.","- Dung lượng pin: 20000mAh
- Công suất sạc: 130W
- Cổng sạc ra: 2 x USB-C1 x USB-A
- Cổng sạc vào: 1 x USB-C
- Tiện ích: Hỗ trợ các giao thức sạc UFC / PD / PPS / QC / SCPTích hợp màn hình TFT màu hiển thị lượng pin và công suấtTích hợp chế độ đa bảo vệ
- Lõi pin: Lithium Ion
- Kích thước: 131 x 54 x 50.8 mm
- Trọng lượng: 476 g
- Hãng sản xuất: Ugreen","Mua pin dự phòng Ugreen 20000mAh 130W PB721 35524B cũ giá rẻ - Nguồn gốc rõ ràng, bảo hành 6-12 tháng, đổi mới 30 ngày, luôn xuất bán đầy đủ VAT.",Phụ kiện,970000,Ugreen,43,83,0,2025-01-17 03:59:41,2026-03-29 12:13:07
523,RAM PC GSkill Ripjaws V DDR4 3200Mhz 16GB (1*16GB) F4-3200C16S-16GVK đen,"Mua RAM PC GSkill Ripjaws V DDR4 3200Mhz 16GB (1*16GB) F4-3200C16S-16GVK đen chính hãng - Giá rẻ, đảm bảo chất lượng, độ bền cao, hỗ trợ giao hàng tận nơi toàn quốc.","- Dung lượng: 16GB
- Loại RAM: DDR4
- Bus RAM: 3200MHz
- Hỗ trợ: DIMM (PC, Desktop)
- Độ trễ: 16-18-18-38
- Điện áp: 1.35V
- Đèn LED: Không hỗ trợ LED
- Nhiệt độ hoạt động: 0°C tới +85°C
- Hãng sản xuất: G.SKILL","Mua RAM PC GSkill Ripjaws V DDR4 3200Mhz 16GB (1*16GB) F4-3200C16S-16GVK đen chính hãng - Giá rẻ, đảm bảo chất lượng, độ bền cao, hỗ trợ giao hàng tận nơi toàn quốc.",Khác,3990000,G.SKILL,0,166,0,2026-01-02 12:14:26,2026-03-29 12:13:07
524,RAM PC GSkill Ripjaws V DDR4 3200Mhz 8GB (1*8GB) F4-3200C16S-8GVKB đen,"Mua RAM PC GSkill Ripjaws V DDR4 3200Mhz 8GB (1*8GB) F4-3200C16S-8GVKB đen chính hãng - Giá rẻ, đảm bảo chất lượng, độ bền cao, hỗ trợ giao hàng tận nơi toàn quốc.","- Dung lượng: 8GB
- Loại RAM: DDR4
- Bus RAM: 3200MHz
- Hỗ trợ: DIMM (PC, Desktop)
- Độ trễ: 16-18-18-38
- Điện áp: 1.35V
- Đèn LED: Không hỗ trợ LED
- Nhiệt độ hoạt động: 0°C tới +85°C
- Hãng sản xuất: G.SKILL","Mua RAM PC GSkill Ripjaws V DDR4 3200Mhz 8GB (1*8GB) F4-3200C16S-8GVKB đen chính hãng - Giá rẻ, đảm bảo chất lượng, độ bền cao, hỗ trợ giao hàng tận nơi toàn quốc.",Khác,2690000,G.SKILL,0,5,0,2025-08-06 21:02:47,2026-03-29 12:13:07
525,RAM PC GSkill Trident Z5 RGB DDR5 6000Mhz 16GB (1*16GB) F5-6000J3636F16GX1-TZ5RK đen,"Mua RAM PC GSkill Trident Z5 RGB DDR5 6000Mhz 16GB (1*16GB) F5-6000J3636F16GX1-TZ5RK đen chính hãng - Giá rẻ, đảm bảo chất lượng, độ bền cao, hỗ trợ giao hàng tận nơi toàn quốc.","- Dung lượng: 16GB
- Loại RAM: DDR5
- Bus RAM: 6000MHz
- Hỗ trợ: DIMM (PC, Desktop)
- Độ trễ: 36-36-36-96
- Điện áp: 1.10V
- Đèn LED: Hỗ trợ LED
- Nhiệt độ hoạt động: 0°C tới +85°C
- Hãng sản xuất: G.SKILL","Mua RAM PC GSkill Trident Z5 RGB DDR5 6000Mhz 16GB (1*16GB) F5-6000J3636F16GX1-TZ5RK đen chính hãng - Giá rẻ, đảm bảo chất lượng, độ bền cao, hỗ trợ giao hàng tận nơi toàn quốc.",Khác,7690000,G.SKILL,0,183,0,2025-06-30 16:44:11,2026-03-29 12:13:07
526,RAM PC GSkill Trident Z5 RGB DDR5 6000Mhz 16GB (1*16GB) F5-6000J3636F16GX1-TZ5RS bạc,"Mua RAM PC GSkill Trident Z5 RGB DDR5 6000Mhz 16GB (1*16GB) F5-6000J3636F16GX1-TZ5RS bạc chính hãng - Giá rẻ, đảm bảo chất lượng, độ bền cao, hỗ trợ giao hàng tận nơi toàn quốc.","- Dung lượng: 16GB
- Loại RAM: DDR5
- Bus RAM: 6000MHz
- Hỗ trợ: DIMM (PC, Desktop)
- Độ trễ: 36-36-36-96
- Điện áp: 1.10V
- Đèn LED: Hỗ trợ LED
- Nhiệt độ hoạt động: 0°C tới +85°C
- Hãng sản xuất: G.SKILL","Mua RAM PC GSkill Trident Z5 RGB DDR5 6000Mhz 16GB (1*16GB) F5-6000J3636F16GX1-TZ5RS bạc chính hãng - Giá rẻ, đảm bảo chất lượng, độ bền cao, hỗ trợ giao hàng tận nơi toàn quốc.",Khác,7690000,G.SKILL,2,83,0,2025-12-16 16:08:13,2026-03-29 12:13:07
527,RAM PC GSkill Trident Z5 RGB DDR5 6000Mhz 16GB (1*16GB) F5-6000J3636F16GX1-TZ5RW trắng,"Mua RAM PC GSkill Trident Z5 RGB DDR5 6000Mhz 16GB (1*16GB) F5-6000J3636F16GX1-TZ5RW trắng chính hãng - Giá rẻ, đảm bảo chất lượng, độ bền cao, hỗ trợ giao hàng tận nơi toàn quốc.","- Dung lượng: 16GB
- Loại RAM: DDR5
- Bus RAM: 6000MHz
- Hỗ trợ: DIMM (PC, Desktop)
- Độ trễ: 36-36-36-96
- Điện áp: 1.10V
- Đèn LED: Hỗ trợ LED
- Nhiệt độ hoạt động: 0°C tới +85°C
- Hãng sản xuất: G.SKILL","Mua RAM PC GSkill Trident Z5 RGB DDR5 6000Mhz 16GB (1*16GB) F5-6000J3636F16GX1-TZ5RW trắng chính hãng - Giá rẻ, đảm bảo chất lượng, độ bền cao, hỗ trợ giao hàng tận nơi toàn quốc.",Khác,7690000,G.SKILL,0,112,0,2025-11-30 13:56:10,2026-03-29 12:13:07
528,RAM PC GSkill Trident Z5 RGB DDR5 6000Mhz 32GB (1*32GB) F5-6000J3636F32GX1-TZ5RK đen,"Mua RAM PC GSkill Trident Z5 RGB DDR5 6000Mhz 32GB (1*32GB) F5-6000J3636F32GX1-TZ5RK đen chính hãng - Giá rẻ, đảm bảo chất lượng, độ bền cao, hỗ trợ giao hàng tận nơi toàn quốc.","- Dung lượng: 32GB
- Loại RAM: DDR5
- Bus RAM: 6000MHz
- Hỗ trợ: DIMM (PC, Desktop)
- Độ trễ: 36-36-36-96
- Điện áp: 1.35V
- Đèn LED: Hỗ trợ LED
- Nhiệt độ hoạt động: 0°C tới +85°C
- Hãng sản xuất: G.SKILL","Mua RAM PC GSkill Trident Z5 RGB DDR5 6000Mhz 32GB (1*32GB) F5-6000J3636F32GX1-TZ5RK đen chính hãng - Giá rẻ, đảm bảo chất lượng, độ bền cao, hỗ trợ giao hàng tận nơi toàn quốc.",Khác,14490000,G.SKILL,0,144,0,2024-04-05 09:04:09,2026-03-29 12:13:07
529,RAM PC GSkill Trident Z5 RGB DDR5 6000Mhz 32GB (1*32GB) F5-6000J3636F32GX1-TZ5RW trắng,"Mua RAM PC GSkill Trident Z5 RGB DDR5 6000Mhz 32GB (1*32GB) F5-6000J3636F32GX1-TZ5RW trắng chính hãng - Giá rẻ, đảm bảo chất lượng, độ bền cao, hỗ trợ giao hàng tận nơi toàn quốc.","- Dung lượng: 32GB
- Loại RAM: DDR5
- Bus RAM: 6000MHz
- Hỗ trợ: DIMM (PC, Desktop)
- Độ trễ: 36-36-36-96
- Điện áp: 1.10V
- Đèn LED: Hỗ trợ LED
- Nhiệt độ hoạt động: 0°C tới +85°C
- Hãng sản xuất: G.SKILL","Mua RAM PC GSkill Trident Z5 RGB DDR5 6000Mhz 32GB (1*32GB) F5-6000J3636F32GX1-TZ5RW trắng chính hãng - Giá rẻ, đảm bảo chất lượng, độ bền cao, hỗ trợ giao hàng tận nơi toàn quốc.",Khác,14490000,G.SKILL,0,51,0,2024-10-10 18:23:08,2026-03-29 12:13:07
530,realme C71 4GB 128GB - Cũ trầy xước,"Mua điện thoại realme C71 4GB 128GB cũ giá rẻ - Nguồn gốc rõ ràng, bảo hành 6-12 tháng, đổi mới 30 ngày, luôn xuất bán đầy đủ VAT.","- Kích thước màn hình: 6.67 inches
- Công nghệ màn hình: TFT LCD
- Camera sau: Chính 50 MP &amp; Cảm biến Flicker
- Camera trước: 5 MP
- Chipset: Unisoc T7250 8 nhân
- Công nghệ NFC: Có
- Dung lượng RAM: 4 GB
- Bộ nhớ trong: 128 GB
- Pin: 6300 mAh
- Thẻ SIM: 2 Nano-SIM
- Hệ điều hành: Android 15
- Tính năng màn hình: HD+ (720 x 1604 Pixels)6.67&quot; - Tần số quét 120 HzKính cường lực Panda725 nitsMở khóa khuôn mặt
- Loại CPU: 1.8 GHz","Mua điện thoại realme C71 4GB 128GB cũ giá rẻ - Nguồn gốc rõ ràng, bảo hành 6-12 tháng, đổi mới 30 ngày, luôn xuất bán đầy đủ VAT.",Khác,2590000,Realme,2,11,0,2024-09-09 19:07:00,2026-03-29 12:13:07
531,Robot hút bụi lau sàn Dreame D30 Ultra,"Mua Robot hút bụi lau sàn Dreame D30 Ultra chính hãng - Giá rẻ, đảm bảo chất lượng, độ bền cao, bảo hành uy tín, giao hàng tận nơi toàn quốc.","- Chức năng: Hút bụi
- Tính năng: Hỗ trợ tường ảo, Lưu trữ nhiều bản đồ, Hỗ trợ lau nhà, Điều khiển qua ứng dụng, Tự động quay về đế sạc, Tự động điều chỉnh sức hút, Chống rối tóc - lông thú, Tự động hút bụi, Tự động giặt giẻ, Tự động sấy giẻ
- Lực hút: 25.000Pa
- Dung tích ngăn chứa bụi: 3,2L
- Ứng dụng kết nối: Dreamhome
- Trọng lượng: Trọng lượng robot hút bụi: 3,91kgTrọng lượng trạm sạc: 8,62kg
- Tiện ích: Điều khiển từ xa bằng app và giọng nóiTTrạm dock tự động đổ rácKhay giặt giẻ tự làm sạch AceClean™Thiết lập vùng cấm và tường ảo trong appLên lịch dọn dẹp tự động
- Kích thước: Kích thước robot: 35 × 35 × 9.7 cmKích thước trạm sạc: 45.7 × 34 × 59 cm
- Hãng sản xuất: Dreame
- Tính năng khác: Lực hút Vormax™ 25.000Pa với 5 mức lực hútHút và lau 2 trong 1 với hệ thống lau xoay DuoScrub™MopExtend™ RoboSwing mở rộng giẻ lauTự nâng giẻ lau ~10.5 mm khi gặp thảm","Mua Robot hút bụi lau sàn Dreame D30 Ultra chính hãng - Giá rẻ, đảm bảo chất lượng, độ bền cao, bảo hành uy tín, giao hàng tận nơi toàn quốc.",Khác,14490000,Dreame,0,113,0,2024-10-08 15:14:18,2026-03-29 12:13:07
532,Robot hút bụi lau sàn chuyên dụng Dreame F20,"Mua Robot hút bụi lau sàn chuyên dụng Dreame F20 chính hãng - Giá rẻ, đảm bảo chất lượng, độ bền cao, bảo hành uy tín, giao hàng tận nơi toàn quốc.","- Chức năng: Hút bụi lau sàn
- Tính năng: Hoạt động êm ái, Hỗ trợ lau nhà, Điều khiển qua ứng dụng, Tự động quay về đế sạc, Chống rối tóc - lông thú
- Dung tích ngăn chứa nước: 270 ml
- Lực hút: 20.000 Pa
- Dung tích ngăn chứa bụi: 220 ml
- Ứng dụng kết nối: Dreamhome
- Trọng lượng: Trọng lượng robot hút bụi: 2,55kgTrọng lượng trạm sạc: 0,29kg
- Tiện ích: Điều khiển từ xa bằng app và giọng nóiTrang bị hệ thống điều hướng Smart Pathfinder™, giúp nhận diện vật cản và di chuyển thông minhTự quay về trạm sạc khi pin yếuTối ưu làm sạch khe hở và mép sàn
- Kích thước: Kích thước robot: 32.5 × 32.5 × 9.47 cmKích thước trạm sạc: 14.6 × 6 × 9.86 cm
- Hãng sản xuất: Dreame
- Tính năng khác: Lực hút Vormax™ 20.000Pa làm sạch sâuXử lý 100%* các hạt bụi lớnHút và lau 2 trong 1, hỗ trợ 32 mức điều chỉnh lượng nướcThiết lập vùng cấm lau","Mua Robot hút bụi lau sàn chuyên dụng Dreame F20 chính hãng - Giá rẻ, đảm bảo chất lượng, độ bền cao, bảo hành uy tín, giao hàng tận nơi toàn quốc.",Khác,5490000,Dreame,0,174,0,2026-03-23 23:37:31,2026-03-29 12:13:07
533,Robot hút bụi lau nhà Dreame X60 Ultra,"Mua Robot hút bụi lau nhà Dreame X60 Ultra chính hãng - Giá rẻ, đảm bảo chất lượng, độ bền cao, bảo hành uy tín, giao hàng tận nơi toàn quốc.","- Chức năng: Hút bụi lau sàn
- Tính năng: Hoạt động êm ái, Hỗ trợ tường ảo, Lưu trữ nhiều bản đồ, Hỗ trợ lau nhà, Điều khiển qua ứng dụng, Tự động quay về đế sạc, Tự động điều chỉnh sức hút, Chống rối tóc - lông thú, Tự động hút bụi, Tự động giặt giẻ, Tự động sấy giẻ
- Dung tích ngăn chứa nước: Nước sạch: 4,2LNước bẩn: 3,0L
- Lực hút: 36.000Pa
- Dung tích ngăn chứa bụi: Túi bụi: 3,2LHộc bụi: 235ml
- Ứng dụng kết nối: Dreamhome
- Trọng lượng: Trọng lượng robot hút bụi: 4,7kgTrọng lượng trạm sạc: 10,6kg
- Tiện ích: Điều khiển từ xa bằng app và giọng nóiTrạm dock đa năng tự động đổ rácTự động giặt giẻ bằng nước nóng 100 °CTự động sấy khô giẻ lau bằng khí nóngTự quay về trạm sạc khi pin yếuNhấc giẻ lau 10,5 mm khi gặp thảm lông ngắn
- Kích thước: Kích thước robot: 35 x 35 x 7.95cmKích thước trạm sạc: 39 x 42.3 x 49.9cm
- Hãng sản xuất: Dreame
- Tính năng khác: Lực hút Vormax™ 36.000Pa cuốn bay mọi bụi bẩnCông nghệ vượt chướng ngại vật FlexiAdapt™Hệ thống AI OmniSight™ nâng cấp với camera góc rộng 120°Tự làm sạch giẻ lau 100℃ ThermoHub™Hệ thống DuoBrush chống rối 2.0 HyperStream™","Mua Robot hút bụi lau nhà Dreame X60 Ultra chính hãng - Giá rẻ, đảm bảo chất lượng, độ bền cao, bảo hành uy tín, giao hàng tận nơi toàn quốc.",Khác,29990000,Dreame,0,53,0,2026-01-12 20:02:58,2026-03-29 12:13:07
534,Tay cầm chơi game PS5 Dualsense CFI-ZCT2G,"Mua Tay cầm chơi game PS5 Dualsense CFI-ZCT2Gchính hãng - Giá rẻ, bảo hành uy tín, giao hàng miễn phí toàn quốc. Mua ngay Tay cầm chơi game PS5 Dualsense CFI-ZCT2G tại đây.","- Pin: Lithium-ion có thể sạc lại
- Hãng sản xuất: Sony
- Kết nối: Máy chơi game PS5
- Cổng giao tiếp: 1 x Cổng USB Type-C® (USB tốc độ cao)1 x Giắc cắm tai nghe âm thanh nổiCác đầu sạc
- Dung lượng Pin: 1.560mAh
- Cảm biến: Hệ thống cảm biến chuyển động SIXAXIS (con quay hồi chuyển ba trục + gia tốc kế ba trục)
- Tính năng khác: Nút tắt bật mic tiện lợi
- Tiện ích: Tính năng Adaptive Trigger cho trải nghiệm lực và độ căng khác nhauTính năng Haptic Feedback cho phản hồi rung chân thựcTích hợp Jack Audio kiêm Micro trên tay cầmLưu lại Gameplay và chia sẻ nó qua nút Share","Mua Tay cầm chơi game PS5 Dualsense CFI-ZCT2Gchính hãng - Giá rẻ, bảo hành uy tín, giao hàng miễn phí toàn quốc. Mua ngay Tay cầm chơi game PS5 Dualsense CFI-ZCT2G tại đây.",Khác,1790000,Sony,0,155,0,2025-11-20 05:25:28,2026-03-29 12:13:07
535,Tủ chống ẩm Fujihome thế hệ mới DC-25M 25L,"Mua Tủ chống ẩm Fujihome thế hệ mới DC-25M 25Lchính hãng - Giá rẻ, đảm bảo chất lượng, độ bền cao, bảo hành uy tín, giao hàng tận nơi toàn quốc.","- Dung tích: 25 lít
- Phạm vi điều chỉnh độ ẩm: 25% - 60%
- Công suất tiêu thụ: 8W/h
- Số khay chứa: 1 khay (có thể tháo rời, điều chỉnh lên xuống)
- Tiện ích: Màn hình hiển thị độ ẩm dạng đồng hồNúm điều chỉnh độ ẩm cơ họcKhay chứa có thể tháo rờiCửa kính có khóa an toàn
- Chất liệu: Kim loại sơn tĩnh điện
- Kích thước: 240 × 280 × 390 mm
- Trọng lượng: 4,5 kg
- Hãng sản xuất: Fujihome","Mua Tủ chống ẩm Fujihome thế hệ mới DC-25M 25Lchính hãng - Giá rẻ, đảm bảo chất lượng, độ bền cao, bảo hành uy tín, giao hàng tận nơi toàn quốc.",Khác,1980000,Fujihome,25,16,0,2025-01-04 04:25:59,2026-03-29 12:13:07
536,Tủ chống ẩm Fujihome thế hệ mới DC-30E 30L,"Mua Tủ chống ẩm Fujihome thế hệ mới DC-30E 30L chính hãng - Giá rẻ, đảm bảo chất lượng, độ bền cao, bảo hành uy tín, giao hàng tận nơi toàn quốc.","- Dung tích: 30 lít
- Phạm vi điều chỉnh độ ẩm: 25% - 60%
- Công suất tiêu thụ: 8W/h
- Số khay chứa: 1 khay (có thể tháo rời, điều chỉnh lên xuống)
- Tiện ích: Màn hình LED hiển thị độ ẩm rõ ràngĐiều khiển độ ẩm bằng phím bấm điện tử bên ngoàiKhay kim loại sơn tĩnh điện có đệm mút chống trượtKhóa an toàn và tay cầm tiện lợi
- Chất liệu: Kim loại sơn tĩnh điện
- Kích thước: 290 x 290 x 385mm
- Trọng lượng: 5,95kg
- Hãng sản xuất: Fujihome","Mua Tủ chống ẩm Fujihome thế hệ mới DC-30E 30L chính hãng - Giá rẻ, đảm bảo chất lượng, độ bền cao, bảo hành uy tín, giao hàng tận nơi toàn quốc.",Khác,2490000,Fujihome,25,67,0,2025-12-28 10:41:34,2026-03-29 12:13:07
537,Tủ chống ẩm Fujihome thế hệ mới DC-30M 30L,"Mua Tủ chống ẩm Fujihome thế hệ mới DC-30M 30L chính hãng - Giá rẻ, đảm bảo chất lượng, độ bền cao, bảo hành uy tín, giao hàng tận nơi toàn quốc.","- Dung tích: 30 lít
- Phạm vi điều chỉnh độ ẩm: 25% - 60%
- Công suất tiêu thụ: 8W/h
- Số khay chứa: 1 khay (có thể tháo rời, điều chỉnh lên xuống)
- Tiện ích: Đồng hồ kỹ thuật số hiển thị độ ẩmNúm điều chỉnh độ ẩm cơ họcCó đệm mút chống trơn trượt khi để đồKhóa cửa và tay cầm tiện lợi
- Chất liệu: Kim loại sơn tĩnh điện
- Kích thước: 290 x 290 x 385mm
- Trọng lượng: 5,95kg
- Hãng sản xuất: Fujihome","Mua Tủ chống ẩm Fujihome thế hệ mới DC-30M 30L chính hãng - Giá rẻ, đảm bảo chất lượng, độ bền cao, bảo hành uy tín, giao hàng tận nơi toàn quốc.",Khác,2190000,Fujihome,25,148,0,2025-10-22 10:24:42,2026-03-29 12:13:07
538,VGA Asrock Intel ARC A380 Challenger ITX 6GB OC,"Mua VGA Asrock Intel ARC A380 Challenger ITX 6GB OC chính hãng - Giá rẻ, đảm bảo chất lượng, độ bền cao, hỗ trợ giao hàng tận nơi toàn quốc.","- Dung lượng: 6GB
- Kiểu bộ nhớ: GDDR6
- Giao diện bộ nhớ: 96-bit
- Loại GPU: Intel Arc A380 Graphics
- GPU clock: Base Clock: 2250 MHz
- Giao tiếp PCI: PCI® Express 4.0 x8
- Số lượng đơn vị xử lí: 1024 (8 Xe-core)
- Nguồn đề xuất: 500W
- Hãng sản xuất: ASRock","Mua VGA Asrock Intel ARC A380 Challenger ITX 6GB OC chính hãng - Giá rẻ, đảm bảo chất lượng, độ bền cao, hỗ trợ giao hàng tận nơi toàn quốc.",Khác,4390000,ASRock,2,67,0,2024-08-09 00:58:05,2026-03-29 12:13:07
539,VGA MSI GeForce RTX 5060 Ti 8G Shadow 2X OC Plus,"Mua VGA MSI GeForce RTX 5060 Ti 8G Shadow 2X OC Plus chính hãng - Giá rẻ, đảm bảo chất lượng, độ bền cao, hỗ trợ giao hàng tận nơi toàn quốc.","- Chipset: NVIDIA
- Dung lượng: 8GB
- Kiểu bộ nhớ: GDDR7
- Giao diện bộ nhớ: 128-bit
- Loại GPU: NVIDIA GeForce RTX 5060 Ti
- GPU clock: Boost: 2602 MHzExtreme Performance: 2617 MHz
- Giao tiếp PCI: PCI Express® Gen 5 x16
- Số lượng đơn vị xử lí: 4608 CUDA
- Tản nhiệt: 2 quạt
- Đầu cấp nguồn: 8-pin x 1
- Nguồn đề xuất: 300 W
- Hãng sản xuất: MSI","Mua VGA MSI GeForce RTX 5060 Ti 8G Shadow 2X OC Plus chính hãng - Giá rẻ, đảm bảo chất lượng, độ bền cao, hỗ trợ giao hàng tận nơi toàn quốc.",Khác,13990000,MSI,0,25,0,2024-11-15 02:35:25,2026-03-29 12:13:07
540,Bàn chải điện Oral-B Pro 500 D16.513 - Cũ,"Mua Bàn chải điện Oral-B Pro 500 D16.513 cũ giá rẻ - Nguồn gốc rõ ràng, bảo hành 6-12 tháng, đổi mới 30 ngày, luôn xuất bán đầy đủ VAT.","- Công nghệ làm sạch: Xoay tròn (Rotating)
- Chế độ: Làm sạch
- Tần số rung: 8,800 vòng xoay/phút300 nhịp đập/phút
- Tiện ích: Bộ đếm giờ 2 phútChức năng nhắc nhở 30 giây/lầnCảnh báo khi chải quá mạnh
- Loại pin: Pin sạc
- Thời gian: Sạc 12 - 15 giờSử dụng 10 ngày
- Cổng sạc: Sạc không dây
- Kích thước: 11.1 × 5.5 × 25.3 cm
- Trọng lượng: 320g
- Hãng sản xuất: Oral-B","Mua Bàn chải điện Oral-B Pro 500 D16.513 cũ giá rẻ - Nguồn gốc rõ ràng, bảo hành 6-12 tháng, đổi mới 30 ngày, luôn xuất bán đầy đủ VAT.",Khác,590000,Oral-B,2,176,0,2024-04-29 11:37:34,2026-03-29 12:13:07
541,Bàn phím gaming Asus Rog Azoth X,"Mua Bàn phím gaming Asus Rog Azoth X chính hãng - Giá rẻ, đảm bảo chất lượng, độ bền cao, hỗ trợ giao hàng tận nơi toàn quốc.","- Loại bàn phím: Tenkeyless
- Số phím: 82 phím
- Phím đặc biệt: Núm điều chỉnh 3 chiều
- Tương thích: macOS® 10.11 trở lênWindows® 11
- Kết nối: USB 2.0 (TypeC sang TypeA) Bluetooth 5.1 RF 2.4GHz
- Khoảng cách kết nối (Độ dài dây): Dây đi kèm: 2 métKết nối không dây: 10 mét
- Đèn LED: LED RGB trên mỗi phím
- Thời gian dùng: Khoảng 200 giờ khi tắt đèn RGBKhoảng 80–100 giờ khi bật RGB ở mức trung bình
- Hãng sản xuất: ASUS","Mua Bàn phím gaming Asus Rog Azoth X chính hãng - Giá rẻ, đảm bảo chất lượng, độ bền cao, hỗ trợ giao hàng tận nơi toàn quốc.",Phụ kiện,6990000,ASUS,0,15,0,2025-10-10 03:16:06,2026-03-29 12:13:07
542,Bộ chia mạng Gigabit 1 ra 3 TP-Link EH310,"Mua Bộ chia mạng Gigabit 1 ra 3 TP-Link EH310 chính hãng - Giá rẻ, đảm bảo chất lượng, độ bền cao, hỗ trợ giao hàng tận nơi toàn quốc.","- Công nghệ/Đạt chứng nhận: CE, FCC, RoHS
- Cổng kết nối: 4 x 10/100/1000MbpsAuto-NegotiationAuto MDI/MDIXHalf and Full Duplex
- Hãng sản xuất: TP-Link
- Cổng sạc vào: USB-C5V DC / 0.3A","Mua Bộ chia mạng Gigabit 1 ra 3 TP-Link EH310 chính hãng - Giá rẻ, đảm bảo chất lượng, độ bền cao, hỗ trợ giao hàng tận nơi toàn quốc.",Khác,339000,TP-Link,0,200,0,2026-02-22 07:39:13,2026-03-29 12:13:07
543,Cáp Belkin USB-C To Lightning Boost Charge MFI 30W vỏ dù - Cũ,"Mua Cáp Belkin USB-C To Lightning Boost Charge MFI 30W vỏ dù cũ giá rẻ - Nguồn gốc rõ ràng, bảo hành 6-12 tháng, đổi mới 30 ngày, luôn xuất bán đầy đủ VAT.","- Công suất sạc: 30W
- Sử dụng tối đa: 1 thiết bị
- Đầu vào: USB-C
- Đầu ra: Lightning
- Tiện ích: Sạc nhanh cho thiết bị
- Công nghệ/Đạt chứng nhận: Chứng chỉ MFi
- Chiều dài dây: 1 mét
- Hãng sản xuất: Belkin","Mua Cáp Belkin USB-C To Lightning Boost Charge MFI 30W vỏ dù cũ giá rẻ - Nguồn gốc rõ ràng, bảo hành 6-12 tháng, đổi mới 30 ngày, luôn xuất bán đầy đủ VAT.",Phụ kiện,250000,Belkin,0,8,0,2025-02-12 11:13:48,2026-03-29 12:13:07
544,Chuột Gaming có dây MSI Force GM320,"Mua Chuột Gaming có dây MSI Force GM320 chính hãng - Giá rẻ, đảm bảo chất lượng, độ bền cao, hỗ trợ giao hàng tận nơi toàn quốc.","- Tương thích: Windows 10 trở lên
- Độ phân giải: 800 / 1200 / 1600 / 2400 / 4800 / 12800 DPI
- Kết nối: USB 2.0
- Khoảng cách kết nối (Độ dài dây): 1.5 m
- Đèn LED: 6-Mode RGB
- Hãng sản xuất: MSI","Mua Chuột Gaming có dây MSI Force GM320 chính hãng - Giá rẻ, đảm bảo chất lượng, độ bền cao, hỗ trợ giao hàng tận nơi toàn quốc.",Phụ kiện,290000,MSI,2,169,0,2025-08-03 19:07:48,2026-03-29 12:13:07
545,Chuột gaming không dây Asus Keris II Origin,"Mua Chuột gaming không dây Asus Keris II Origin chính hãng - Giá rẻ, đảm bảo chất lượng, độ bền cao, hỗ trợ giao hàng tận nơi toàn quốc.","- Số phím: 5 nút
- Tương thích: Windows ® 10Windows ® 11
- Độ phân giải: 42000 DPI
- Kết nối: RF 2.4GhzBluetooth 5.1USB 2.0 (cáp USB-C to A)
- Khoảng cách kết nối (Độ dài dây): Có dây: 2 métKhông dây: 10 mét
- Đèn LED: LED RGB
- Thời gian dùng: RF 2.4Ghz:Khoảng 127 giờ (Tắt LED)Khoảng 82 giờ (Bật LED mặc định)Bluetooth:Khoảng 192 giờ (Tắt LED)Khoảng 91 giờ (Bật LED mặc định)
- Hãng sản xuất: ASUS","Mua Chuột gaming không dây Asus Keris II Origin chính hãng - Giá rẻ, đảm bảo chất lượng, độ bền cao, hỗ trợ giao hàng tận nơi toàn quốc.",Phụ kiện,3190000,ASUS,2,164,0,2025-06-03 18:39:52,2026-03-29 12:13:07
546,Combo bàn phím + Chuột không dây MSI Forge K200,"Mua Combo bàn phím + Chuột không dây MSI Forge K200 chính hãng - Giá rẻ, đảm bảo chất lượng, độ bền cao, hỗ trợ giao hàng tận nơi toàn quốc.","- Loại bàn phím: Full-size
- Số phím: Bàn phím: 104 phímChuột: 5 nút
- Tương thích: Windows 10 trở lên
- Độ phân giải: 1000 / 1200 / 1600 DPI
- Kết nối: USB 2.0 Receiver
- Khoảng cách kết nối (Độ dài dây): Lên đến 10 mét
- Đèn LED: Không LED
- Thời gian dùng: Bàn phím: Khoảng 440 giờChuột: Khoảng 220 giờ
- Hãng sản xuất: MSI","Mua Combo bàn phím + Chuột không dây MSI Forge K200 chính hãng - Giá rẻ, đảm bảo chất lượng, độ bền cao, hỗ trợ giao hàng tận nơi toàn quốc.",Phụ kiện,699000,MSI,0,153,0,2025-01-01 16:42:54,2026-03-29 12:13:07
547,Sạc Cuktech 3C1A No.10 màn hình ultra 120W (CN) AD1204U,"Mua sạc Cuktech 3C1A No.10 màn hình ultra 120W (CN) AD1204U chính hãng, giá ưu đãi, bảo hành chính hãng, miễn phí giao hàng tận nơi.","- Công suất sạc: 120W
- Sử dụng tối đa: 4 thiết bị
- Đầu vào: 1 x AC
- Đầu ra: 3 x USB-C1 x USB-A
- Tiện ích: Sạc nhiều thiết bị cùng lúcKết nối qua ứng dụng Mi HomeCông nghệ sạc thích ứng ADC 2.0Màn hình LED 1.57 inch hiển thị thông số sạcTích hợp cảm biến nhiệt NTC kiểm tra 36.000 lần/giờ
- Công nghệ/Đạt chứng nhận: GaN (Gallium Nitride)PD3.1, PPS, UFCS, QC, Huawei SCP/FCP, Xiaomi Turbo 120W
- Hãng sản xuất: Cuktech","Mua sạc Cuktech 3C1A No.10 màn hình ultra 120W (CN) AD1204U chính hãng, giá ưu đãi, bảo hành chính hãng, miễn phí giao hàng tận nơi.",Phụ kiện,920000,Cuktech,0,116,0,2024-10-06 02:06:11,2026-03-29 12:13:07
548,Dây đeo Apple Watch Sport Band 40mm M/L,"Mua Dây đeo Apple Watch Sport Band 40mm M/L chính hãng - Giá tốt, bảo hành uy tín, giao hàng tận nơi toàn quốc. Mua ngay dây đeo tại đây.","- Hãng sản xuất: Apple Chính hãng
- Chất liệu: Fluoroelastomer","Mua Dây đeo Apple Watch Sport Band 40mm M/L chính hãng - Giá tốt, bảo hành uy tín, giao hàng tận nơi toàn quốc. Mua ngay dây đeo tại đây.",Khác,1400000,Apple Chính hãng,0,184,0,2024-10-14 01:56:17,2026-03-29 12:13:07
549,Dây đeo Apple Watch Sport Band 40mm S/M,"Mua Dây đeo Apple Watch Sport Band 40mm S/M chính hãng - Giá tốt, bảo hành uy tín, giao hàng tận nơi toàn quốc. Mua ngay dây đeo tại đây.","- Hãng sản xuất: Apple Chính hãng
- Chất liệu: Fluoroelastomer","Mua Dây đeo Apple Watch Sport Band 40mm S/M chính hãng - Giá tốt, bảo hành uy tín, giao hàng tận nơi toàn quốc. Mua ngay dây đeo tại đây.",Khác,1400000,Apple Chính hãng,0,138,0,2024-10-28 16:04:48,2026-03-29 12:13:07
550,Dây đeo Apple Watch Sport Band 42mm S/M,"Mua Dây đeo Apple Watch Sport Band 42mm S/M chính hãng - Giá tốt, bảo hành uy tín, giao hàng tận nơi toàn quốc. Mua ngay dây đeo tại đây.","- Hãng sản xuất: Apple Chính hãng
- Chất liệu: Fluoroelastomer","Mua Dây đeo Apple Watch Sport Band 42mm S/M chính hãng - Giá tốt, bảo hành uy tín, giao hàng tận nơi toàn quốc. Mua ngay dây đeo tại đây.",Khác,1400000,Apple Chính hãng,0,63,0,2024-06-12 02:16:42,2026-03-29 12:13:07
551,HONOR X7d 8GB 128GB,"Mua điện thoại HONOR X7d 8GB 128GB chính hãng giá rẻ - Thu cũ đổi mới, bảo hành 12 tháng, đổi mới 30 ngày, trả góp 0%. Mua ngay HONOR X7d 8GB 128G tại đây.","- Kích thước màn hình: 6.77 inches
- Công nghệ màn hình: TFT LCD
- Camera sau: 108 MP, f/1.8 + 2MP
- Camera trước: 8MP, f/2.0
- Chipset: Qualcomm Snapdragon 685
- Dung lượng RAM: 8 GB
- Bộ nhớ trong: 128 GB
- Pin: 6500 mAh
- Thẻ SIM: 2 Nano-SIM
- Hệ điều hành: Android 15, MagicOS 9.0
- Tính năng màn hình: Độ phân giải HD+ (720 × 1.610 px), 120 Hz, 850 nits
- Loại CPU: 8 nhân: 4 × Cortex-A73 (2,8 GHz) + 4 × Cortex-A53 (1,9 GHz)","Mua điện thoại HONOR X7d 8GB 128GB chính hãng giá rẻ - Thu cũ đổi mới, bảo hành 12 tháng, đổi mới 30 ngày, trả góp 0%. Mua ngay HONOR X7d 8GB 128G tại đây.",Điện thoại,5290000,HONOR,0,67,0,2025-01-12 03:27:08,2026-03-29 12:13:07
552,Samsung Galaxy A16 8GB 128GB - Cũ xước cấn,"Mua điện thoại Samsung Galaxy A16 8GB 128GB cũ giá rẻ - Nguồn gốc rõ ràng, bảo hành 6-12 tháng, đổi mới 30 ngày, luôn xuất bán đầy đủ VAT.","- Kích thước màn hình: 6.7 inches
- Công nghệ màn hình: Super AMOLED
- Camera sau: Camera góc rộng: 50MP, f/1.8 AFCamera góc siêu rộng: 5MP, f/2.2 Camera Macro: 2MP, f/2.4
- Camera trước: 13MP, f/2.0
- Chipset: MediaTek Dimensity 6300(6nm)
- Công nghệ NFC: Có
- Dung lượng RAM: 8 GB
- Bộ nhớ trong: 128 GB
- Pin: 5,000mAh
- Thẻ SIM: 2 Nano-SIM
- Độ phân giải màn hình: 1080 x 2340 pixels (FullHD+)
- Tính năng màn hình: Tần số quét 90Hz, Infinity-U Độ sáng tối đa 800nits","Mua điện thoại Samsung Galaxy A16 8GB 128GB cũ giá rẻ - Nguồn gốc rõ ràng, bảo hành 6-12 tháng, đổi mới 30 ngày, luôn xuất bán đầy đủ VAT.",Điện thoại,2290000,Samsung,2,70,0,2025-08-23 07:58:47,2026-03-29 12:13:07
553,Gối massage Bomidi MP1 - Cũ,"Mua Gối massage Bomidi MP1 cũ giá rẻ - Nguồn gốc rõ ràng, bảo hành 6-12 tháng, đổi mới 30 ngày, luôn xuất bán đầy đủ VAT.","- Công suất: 24W
- Mức điều chỉnh: 1 mức nhiệt (30℃ - 40℃)
- Vùng massage: Cổ, bả vai, lưng, bụng, chân
- Chế độ massage: 3 chế độ
- Chức năng: Giảm mệt mỏi - Giảm căng thẳng - Thư giãn cơ
- Công nghệ: Công nghệ làm nóng
- Tiện ích: Bảng điều khiển trực quan, dễ thao tácChế độ tiết kiệm năng lượngNhiệt độ chườm nóng: 30℃ - 40℃Trang bị tính năng hồng ngoại, xoay đảo chiều, tiết kiệm năng lượng và tính năng chuyển đổi 3 chế độ20 viên bi massage xoay đảo chiềuChức năng hẹn giờ 15 phútMassage được nhiều vị trí trên cơ thể
- Thời gian: Chu kỳ massage: 15 phút/lần
- Kích thước: 58.42 x 76.2 x 10.16 cm
- Trọng lượng: 0.98 kg
- Hãng sản xuất: BOMIDI","Mua Gối massage Bomidi MP1 cũ giá rẻ - Nguồn gốc rõ ràng, bảo hành 6-12 tháng, đổi mới 30 ngày, luôn xuất bán đầy đủ VAT.",Khác,179000,BOMIDI,0,140,0,2025-03-18 09:03:48,2026-03-29 12:13:07
554,Gối massage Bomidi MP1 Pro - Cũ,"Mua Gối massage Bomidi MP1 Pro cũ giá rẻ - Nguồn gốc rõ ràng, bảo hành 6-12 tháng, đổi mới 30 ngày, luôn xuất bán đầy đủ VAT.","- Công suất: 23W
- Mức điều chỉnh: 3 mức điều chỉnh
- Vùng massage: Đùi, vai, lưng, gáy, cổ, bụng, tay, bắp chân
- Chế độ massage: 3 chế độ
- Chức năng: Massage thư giãn, giảm đau, căng cứng, mỏi cơ
- Công nghệ: Nhiệt hồng ngoại
- Tiện ích: Chườm nóng 42 ± 3ºCCó đèn báo đầy pin khi sạcTích hợp chế độ chườm ấm hồng ngoạiTự động đảo chiều xoayTự ngắt an toànSử dụng đa năngDễ mang theo
- Thời gian: Thời gian massage tối đa: 10 phútThời gian sử dụng: 2 giờ 10 phút
- Kích thước: 14.7 x 37 x 27 cm
- Trọng lượng: 1.25 kg
- Hãng sản xuất: BOMIDI","Mua Gối massage Bomidi MP1 Pro cũ giá rẻ - Nguồn gốc rõ ràng, bảo hành 6-12 tháng, đổi mới 30 ngày, luôn xuất bán đầy đủ VAT.",Khác,320000,BOMIDI,0,22,0,2025-07-27 01:38:51,2026-03-29 12:13:07
555,Gối massage Philips PPM3307 - Cũ,"Mua Gối massage Philips PPM3307 cũ giá rẻ - Nguồn gốc rõ ràng, bảo hành 6-12 tháng, đổi mới 30 ngày, luôn xuất bán đầy đủ VAT.","- Công suất: 24W
- Vùng massage: Cổ, vái gáy và lưng
- Chế độ massage: 4 chế độ
- Chức năng: Cải thiện căng cứng cơ cổ, nhức mỏi tay chân
- Tiện ích: Tự tắt sau 15 phút, thiết kế gọn nhẹ, dễ mang theoThiết kế dây đeo cố địnhChườm ấm 45 độMáy massage 2 chiều 2 điểm
- Kích thước: 33 x 18 x 10.7 cm
- Trọng lượng: 1 kg
- Hãng sản xuất: Philips","Mua Gối massage Philips PPM3307 cũ giá rẻ - Nguồn gốc rõ ràng, bảo hành 6-12 tháng, đổi mới 30 ngày, luôn xuất bán đầy đủ VAT.",Khác,880000,Philips,2,138,0,2025-08-07 14:41:45,2026-03-29 12:13:07
556,Laptop Acer Aspire 16 AI A16-71M-71U7 NX.J4YSV.002 - Cũ Đẹp,"Mua Laptop Acer Aspire 16 AI A16-71M-71U7 NX.J4YSV.002 cũ giá rẻ - Nguồn gốc rõ ràng, bảo hành 6-12 tháng, đổi mới 30 ngày, luôn xuất bán đầy đủ VAT.","- Chip AI: Intel AI Boost
- Loại card đồ họa: Intel Arc Graphics
- Dung lượng RAM: 16GB
- Loại RAM: LPDDR5X lên đến 8533 MHz
- Ổ cứng: 512GB SSD NVMe PCIe (Có thể tháo ra, lắp thanh khác tối đa 2TB)
- Kích thước màn hình: 16 inches
- Công nghệ màn hình: TFTChống chói Anti GlareLED BacklitAcer ComfyView45% NTSC16.0 Full HD+
- Pin: 3-cell, 53Wh
- Hệ điều hành: Windows 11 Home SL
- Loại CPU: Intel Core Ultra 7 Meteor Lake - 155H 16 nhân 22 luồng 1.40 GHz (Lên đến 4.80 GHz khi tải nặng)
- Cổng giao tiếp: Jack tai nghe 3.5 mm2 x USB 3.2HDMI2 x USB Type-C (hỗ trợ USB 4, Thunderbolt 4)","Mua Laptop Acer Aspire 16 AI A16-71M-71U7 NX.J4YSV.002 cũ giá rẻ - Nguồn gốc rõ ràng, bảo hành 6-12 tháng, đổi mới 30 ngày, luôn xuất bán đầy đủ VAT.",Laptop,14790000,Acer,45,11,0,2025-04-10 10:16:49,2026-03-29 12:13:07
557,Laptop ASUS Vivobook 14 X1404VA-I712512 - Cũ Đẹp,"Mua Laptop ASUS Vivobook 14 X1404VA-I712512 cũ giá rẻ - Nguồn gốc rõ ràng, bảo hành 6-12 tháng, đổi mới 30 ngày, luôn xuất bán đầy đủ VAT.","- Loại card đồ họa: Intel® Iris® Xe Graphics
- Dung lượng RAM: 16GB
- Loại RAM: DDR4
- Ổ cứng: 512GB M.2 NVMe™ PCIe® 4.0 SSD
- Kích thước màn hình: 14 inches
- Công nghệ màn hình: 14 inch FHD 16:9, 250nits Brightness, 45% NTSC color gamut, Anti-glare display, TÜV Rheinland-certified
- Pin: 42WHrs, 3-cell Li-ion
- Hệ điều hành: Windows 11
- Loại CPU: Intel® Core™ i7-1355U Processor 1.3 GHz (12MB Cache, up to 5.0 GHz, 10 cores, 12 Threads)
- Cổng giao tiếp: 1x USB 2.0 Type-A (data speed up to 480Mbps)1x USB 3.2 Gen 1 Type-C (data speed up to 5Gbps)2x USB 3.2 Gen 1 Type-A (data speed up to 5Gbps)1x HDMI 1.41x 3.5mm Combo Audio Jack1x DC-in","Mua Laptop ASUS Vivobook 14 X1404VA-I712512 cũ giá rẻ - Nguồn gốc rõ ràng, bảo hành 6-12 tháng, đổi mới 30 ngày, luôn xuất bán đầy đủ VAT.",Laptop,13690000,ASUS,45,121,0,2025-07-04 02:43:41,2026-03-29 12:13:07
558,Laptop HP 250R G9 AX3C7AT,"Mua ngay Laptop HP 250R G9 AX3C7AT giá rẻ - Hỗ trợ trả góp 0%, đổi mới 30 ngày, bảo hành chính hãng, giao hàng tận nơi miễn phí.","- Loại card đồ họa: Intel UHD Graphics
- Dung lượng RAM: 8GB
- Loại RAM: DDR4 3200MHz
- Số khe ram: 2 khe (1 x 8GB)
- Ổ cứng: 256GB SSD PCIe (M.2 2280)
- Kích thước màn hình: 15.6 inches
- Công nghệ màn hình: Màn hình chống chóiViền mỏng
- Pin: 3 Cell Int (41.04Wh)
- Hệ điều hành: Windows 11 Home Single Language 64-bit
- Độ phân giải màn hình: 1920 x 1080 pixels (FullHD)
- Loại CPU: Intel Core i3-1315U (6 lõi) - Max Turbo Frequency: 4.50 GHz
- Cổng giao tiếp: 2 x USB 3.2 Gen 1 Type-A 1 x USB 3.2 Gen 2 Type-C (Power Delivery, DisplayPort) 1 x HDMI 1 x RJ45 (LAN) 1 x Jack tai nghe/mic 3.5 mmSD-Card","Mua ngay Laptop HP 250R G9 AX3C7AT giá rẻ - Hỗ trợ trả góp 0%, đổi mới 30 ngày, bảo hành chính hãng, giao hàng tận nơi miễn phí.",Laptop,12190000,HP,0,50,0,2026-02-07 12:16:06,2026-03-29 12:13:07
559,Laptop HP 250R G9 AX3C8AT,"Mua ngay Laptop HP 250R G9 AX3C8AT giá rẻ - Hỗ trợ trả góp 0%, đổi mới 30 ngày, bảo hành chính hãng, giao hàng tận nơi miễn phí.","- Loại card đồ họa: Intel UHD Graphics
- Dung lượng RAM: 8GB
- Loại RAM: DDR4 3200MHz
- Số khe ram: 2 khe (1 x 8GB)
- Ổ cứng: 512GB SSD PCIe (M.2 2280)
- Kích thước màn hình: 15.6 inches
- Công nghệ màn hình: Màn hình chống chóiViền mỏng
- Pin: 3 Cell Int (41.04Wh)
- Hệ điều hành: Windows 11 Home Single Language 64-bit
- Độ phân giải màn hình: 1920 x 1080 pixels (FullHD)
- Loại CPU: Intel Core i3-1315U (6 lõi) - Max Turbo Frequency: 4.50 GHz
- Cổng giao tiếp: 2 x USB 3.2 Gen 1 Type-A 1 x USB 3.2 Gen 2 Type-C (Power Delivery, DisplayPort) 1 x HDMI 1 x RJ45 (LAN) 1 x Jack tai nghe/mic 3.5 mmSD-Card","Mua ngay Laptop HP 250R G9 AX3C8AT giá rẻ - Hỗ trợ trả góp 0%, đổi mới 30 ngày, bảo hành chính hãng, giao hàng tận nơi miễn phí.",Laptop,13190000,HP,0,44,0,2025-08-11 03:20:34,2026-03-29 12:13:07
560,Laptop HP 250R G9 AX3D4AT,"Mua ngay Laptop HP 250R G9 AX3D4AT giá rẻ - Hỗ trợ trả góp 0%, đổi mới 30 ngày, bảo hành chính hãng, giao hàng tận nơi miễn phí.","- Loại card đồ họa: Intel UHD Graphics
- Dung lượng RAM: 16GB
- Loại RAM: DDR4 3200MHz
- Số khe ram: 2 khe (1 x 16GB)
- Ổ cứng: 512GB SSD PCIe (M.2 2280)
- Kích thước màn hình: 15.6 inches
- Công nghệ màn hình: Màn hình chống chóiViền mỏng
- Pin: 3 Cell Int (41.04Wh)
- Hệ điều hành: Windows 11 Home Single Language 64-bit
- Độ phân giải màn hình: 1920 x 1080 pixels (FullHD)
- Loại CPU: Intel Core i5-1335U (10 lõi) - Max Turbo Frequency: 4.60 GHz
- Cổng giao tiếp: 2 x USB 3.2 Gen 1 Type-A 1 x USB 3.2 Gen 2 Type-C (Power Delivery, DisplayPort) 1 x HDMI 1 x RJ45 (LAN) 1 x Jack tai nghe/mic 3.5 mmSD-Card","Mua ngay Laptop HP 250R G9 AX3D4AT giá rẻ - Hỗ trợ trả góp 0%, đổi mới 30 ngày, bảo hành chính hãng, giao hàng tận nơi miễn phí.",Laptop,17990000,HP,0,12,0,2024-04-25 17:08:56,2026-03-29 12:13:07
561,Laptop HP 250R G9 C40LHAT,"Mua ngay Laptop HP 250R G9 C40LHAT giá rẻ - Hỗ trợ trả góp 0%, đổi mới 30 ngày, bảo hành chính hãng, giao hàng tận nơi miễn phí.","- Loại card đồ họa: Intel Graphics
- Dung lượng RAM: 8GB
- Loại RAM: DDR4 3200MHz
- Số khe ram: 2 khe (1 x 8GB)
- Ổ cứng: 512GB SSD PCIe (M.2 2280)
- Kích thước màn hình: 15.6 inches
- Công nghệ màn hình: Màn hình chống chóiViền mỏng
- Pin: 3 Cell Int (41.04Wh)
- Hệ điều hành: Windows 11 Home Single Language 64-bit
- Độ phân giải màn hình: 1920 x 1080 pixels (FullHD)
- Loại CPU: Intel Core 3 100U (6 lõi) - Max Turbo Frequency: 4.70 GHz
- Cổng giao tiếp: 2 x USB 3.2 Gen 1 Type-A 1 x USB 3.2 Gen 2 Type-C (Power Delivery, DisplayPort) 1 x HDMI 1 x RJ45 (LAN) 1 x Jack tai nghe/mic 3.5 mmSD Card","Mua ngay Laptop HP 250R G9 C40LHAT giá rẻ - Hỗ trợ trả góp 0%, đổi mới 30 ngày, bảo hành chính hãng, giao hàng tận nơi miễn phí.",Laptop,13790000,HP,0,54,0,2025-09-09 03:22:03,2026-03-29 12:13:07
562,Laptop HP 250R G9 C40LJAT,"Mua ngay Laptop HP 250R G9 C40LJAT giá rẻ - Hỗ trợ trả góp 0%, đổi mới 30 ngày, bảo hành chính hãng, giao hàng tận nơi miễn phí.","- Loại card đồ họa: Intel Graphics
- Dung lượng RAM: 8GB
- Loại RAM: DDR4 3200MHz
- Số khe ram: 2 khe (1 x 8GB)
- Ổ cứng: 512GB SSD PCIe (M.2 2280)
- Kích thước màn hình: 15.6 inches
- Công nghệ màn hình: Màn hình chống chóiViền mỏng
- Pin: 3 Cell Int (41.04Wh)
- Hệ điều hành: Windows 11 Home Single Language 64-bit
- Độ phân giải màn hình: 1920 x 1080 pixels (FullHD)
- Loại CPU: Intel Core 5 120U (10 lõi) - Max Turbo Frequency: 5.00 GHz
- Cổng giao tiếp: 2 x USB 3.2 Gen 1 Type-A 1 x USB 3.2 Gen 2 Type-C (Power Delivery, DisplayPort) 1 x HDMI 1 x RJ45 (LAN) 1 x Jack tai nghe/mic 3.5 mmSD Card","Mua ngay Laptop HP 250R G9 C40LJAT giá rẻ - Hỗ trợ trả góp 0%, đổi mới 30 ngày, bảo hành chính hãng, giao hàng tận nơi miễn phí.",Laptop,17990000,HP,0,156,0,2025-06-18 06:40:35,2026-03-29 12:13:07
563,Laptop HP OmniBook X FlipNGAI 14-fk0033dx B6QE6UA - Cũ Đẹp,"Mua Laptop HP OmniBook X FlipNGAI 14-fk0033dx B6QE6UA cũ giá rẻ - Nguồn gốc rõ ràng, bảo hành 6-12 tháng, đổi mới 30 ngày, luôn xuất bán đầy đủ VAT.","- Loại card đồ họa: AMD Radeon™ 860M Graphics
- Dung lượng RAM: 24GB
- Loại RAM: LPDDR5x-7500 MT/s
- Ổ cứng: 1 TB PCIe® Gen4 NVMe™ M.2 SSD
- Kích thước màn hình: 14 inches
- Công nghệ màn hình: 14 inch (1920 x 1200), multitouch-enabled, IPS, edge-to-edge glass, micro-edge, 400 nits
- Pin: 3-cell, 59 Wh
- Hệ điều hành: Windows 11 Home
- Độ phân giải màn hình: 1920 x 1200 pixels (WUXGA)
- Loại CPU: AMD Ryzen™ AI 7 350 (tốc độ xung nhịp tối đa lên đến 5.0 GHz, bộ nhớ đệm L3 16 MB, 8 lõi, 16 luồng)
- Cổng giao tiếp: 2 USB Type-A 10Gbps signaling rate1 HDMI 2.11 headphone/microphone combo1 USB Type-C® 10Gbps signaling rate1 USB Type-C® 40Gbps signaling rate","Mua Laptop HP OmniBook X FlipNGAI 14-fk0033dx B6QE6UA cũ giá rẻ - Nguồn gốc rõ ràng, bảo hành 6-12 tháng, đổi mới 30 ngày, luôn xuất bán đầy đủ VAT.",Laptop,21390000,HP,2,105,0,2024-06-01 13:09:50,2026-03-29 12:13:07
564,Laptop HP Victus 15-FA2451TX D17WPPA,"Mua ngay Laptop HP Victus 15-FA2451TX D17WPPA giá rẻ - Hỗ trợ trả góp 0%, đổi mới 30 ngày, bảo hành chính hãng, giao hàng tận nơi miễn phí.","- Loại card đồ họa: NVIDIA GeForce RTX 4050 (6GB of GDDR6 SDRAM, Bus Width: 96- bit) Intel UHD Graphics
- Dung lượng RAM: 16GB
- Loại RAM: DDR5 5200MHz
- Số khe ram: 2 khe (1 x 16GB)
- Ổ cứng: 512GB SSD1 PCIe (M.2 2280)
- Kích thước màn hình: 15.6 inches
- Công nghệ màn hình: Màn hình chống chóiViền mỏng
- Pin: 4 Cell Int (70.07Wh)
- Hệ điều hành: Windows 11 Home Single Language 64-bit
- Độ phân giải màn hình: 1920 x 1080 pixels (FullHD)
- Loại CPU: Intel Core i5-13420H (8 lõi) - Max Turbo Frequency: 4.60 GHz
- Cổng giao tiếp: 1 x USB 3.2 Gen 1 Type-C (Power Delivery, DisplayPort, HP Sleep and Charge) 2 x USB 3.2 Gen 1 Type-A (1 cổng hỗ trợ HP Sleep and Charge) 1 x HDMI 1 x RJ45 (LAN) 1 x Jack tai nghe/mic 3.5 mm 1 x khe SSD2 PCIe (M.2 2280)","Mua ngay Laptop HP Victus 15-FA2451TX D17WPPA giá rẻ - Hỗ trợ trả góp 0%, đổi mới 30 ngày, bảo hành chính hãng, giao hàng tận nơi miễn phí.",Laptop,25790000,HP,0,166,0,2024-05-17 22:26:50,2026-03-29 12:13:07
565,Laptop Lenovo V15 G5 IRL 83HF00CMFQ - Cũ Trầy Xước,"Mua Laptop Lenovo V15 G5 IRL 83HF00CMFQ cũ giá rẻ - Nguồn gốc rõ ràng, bảo hành 6-12 tháng, đổi mới 30 ngày, luôn xuất bán đầy đủ VAT.","- Loại card đồ họa: Integrated Intel UHD Graphics
- Dung lượng RAM: 16GB
- Loại RAM: DDR5-5200
- Số khe ram: 2 khe, nâng cấp tối đa 32GB
- Ổ cứng: 512GB SSD M.2 2242 PCIe 4.0x4 NVMe
- Kích thước màn hình: 15.6 inches
- Công nghệ màn hình: 15.6&quot; FHD (1920x1080)IPS300nitsAnti-glare45% NTSC
- Pin: 47Wh
- Hệ điều hành: Windows 11 Home SL
- Độ phân giải màn hình: 1920 x 1080 pixels (FullHD)
- Loại CPU: ntel Core i5-13420H, 8C (4P + 4E) / 12T, P-core up to 4.6GHz, E-core up to 3.4GHz, 12MB Intel Smart Cache
- Cổng giao tiếp: 2x USB-A (USB 5Gbps / USB 3.2 Gen 1)1x USB-C® (USB 5Gbps / USB 3.2 Gen 1), with USB PD 45-65W and DisplayPort™ 1.21x HDMI® 1.4b1x Headphone / microphone combo jack (3.5mm)1x Ethernet (RJ-45)1x Round tip power connector","Mua Laptop Lenovo V15 G5 IRL 83HF00CMFQ cũ giá rẻ - Nguồn gốc rõ ràng, bảo hành 6-12 tháng, đổi mới 30 ngày, luôn xuất bán đầy đủ VAT.",Laptop,11390000,Lenovo,45,118,0,2026-03-03 22:26:18,2026-03-29 12:13:07
566,Loa không dây KEF Coda W,"Mua Loa không dây KEF Coda W chính hãng - Giá tốt, bảo hành uy tín, giao hàng tận nơi toàn quốc. Mua ngay KEF Coda W tại đây.","- Trọng lượng: 11.3 kg
- Kích thước: 285 x 168 x 268 mm
- Công nghệ âm thanh: Âm thanh Hi-Fi
- Công suất: LF: 70WHF: 30W
- Cổng kết nối: Ngõ ra RCA cho loa siêu trầm , USB Type C (giữa các loa) , USB Type C (5V DC)
- Hãng sản xuất: KEF","Mua Loa không dây KEF Coda W chính hãng - Giá tốt, bảo hành uy tín, giao hàng tận nơi toàn quốc. Mua ngay KEF Coda W tại đây.",Khác,24990000,KEF,2,101,0,2025-03-09 16:43:47,2026-03-29 12:13:07
567,Loa không dây KEF LS50W II,"Mua Loa không dây KEF LS50W II chính hãng - Giá tốt, bảo hành uy tín, giao hàng tận nơi toàn quốc. Mua ngay KEF LS50W II tại đây.","- Trọng lượng: 20.1 kg
- Kích thước: 305 x 200 x 311 mm
- Công nghệ âm thanh: Công nghệ Uni-Q thế hệ thứ 12Công nghệ Music Integrity EngineHệ thống xử lý tín hiệu kỹ thuật số (DSP)Hệ thống khuếch đại Class D
- Công suất: Công suất LF: 280W Công suất HF: 100W (Mỗi loa)
- Cổng kết nối: HDMI eARC TOSLINK Quang học Kỹ thuật số Đồng trục Tương tự 3.5mm Cổng phụ USB Loại A (dịch vụ) RJ45 Ethernet (mạng) RJ45 Ethernet (giữa các loa)
- Hãng sản xuất: KEF","Mua Loa không dây KEF LS50W II chính hãng - Giá tốt, bảo hành uy tín, giao hàng tận nơi toàn quốc. Mua ngay KEF LS50W II tại đây.",Khác,65900000,KEF,2,136,0,2024-08-20 09:41:34,2026-03-29 12:13:07
568,Loa không dây KEF LSX II LT,"Mua Loa không dây KEF LSX II LT chính hãng - Giá tốt, bảo hành uy tín, giao hàng tận nơi toàn quốc. Mua ngay KEF LSX II LT tại đây.","- Trọng lượng: 6.8 kg
- Kích thước: 240 × 155 × 180 mm
- Công nghệ âm thanh: Công nghệ Music Integrity Engine
- Công suất: LF: 70W HF: 30W
- Cổng kết nối: HDMI (ARC), Optical, USB, Wifi, RCA Subwoofer output
- Cấu tạo: Loa Tweeter: 19mm vòm nhôm Loa Woofer: 155mm nón hợp kim nhôm/ Magie
- Hãng sản xuất: KEF","Mua Loa không dây KEF LSX II LT chính hãng - Giá tốt, bảo hành uy tín, giao hàng tận nơi toàn quốc. Mua ngay KEF LSX II LT tại đây.",Khác,28490000,KEF,2,157,0,2025-01-08 01:22:30,2026-03-29 12:13:07
569,Loa không dây KEF LSX II,"Mua Loa không dây KEF LSX II chính hãng - Giá tốt, bảo hành uy tín, giao hàng tận nơi toàn quốc. Mua ngay KEF LSX II tại đây.","- Trọng lượng: 7.2 kg
- Kích thước: 155 x 240 x 180mm
- Công suất: Công suất LF: 70W Công suất HF: 30W (Mỗi loa)
- Cổng kết nối: Đầu vào loa chính: HDMI ARC, TOSLINK Quang học, USB Type C, Analog 3.5mm, Phụ trợ RJ45 Ethernet (mạng), RJ45 Ethernet (giữa các loa) Đầu vào loa phụ: Cổng Ethernet RJ45 (giữa các loa)
- Cấu tạo: Loa tweeter: 19 mm, vòm nhôm Loa woofer: 115 mm, nón hợp kim nhôm / magiê
- Hãng sản xuất: KEF","Mua Loa không dây KEF LSX II chính hãng - Giá tốt, bảo hành uy tín, giao hàng tận nơi toàn quốc. Mua ngay KEF LSX II tại đây.",Khác,39900000,KEF,2,82,0,2024-06-27 10:20:01,2026-03-29 12:13:07
570,Loa KEF Muo,"mua Loa KEF Muo chính hãng - Giá tốt, bảo hành uy tín, giao hàng tận nơi toàn quốc. Mua ngay KEF Muo tại đây.","- Trọng lượng: 740 g
- Kích thước: 216 × 82 × 59 mm
- Công nghệ âm thanh: TWSÂm thanh Hi-Fi
- Công suất: 40W
- Thời lượng pin: 24 giờ
- Cấu tạo: Loa treble: 1x 20 mm Loa Mid/woofer: 1x (58 x 117) mm
- Chống nước: IP67
- Hãng sản xuất: KEF","mua Loa KEF Muo chính hãng - Giá tốt, bảo hành uy tín, giao hàng tận nơi toàn quốc. Mua ngay KEF Muo tại đây.",Khác,7990000,KEF,2,101,0,2024-12-11 11:18:10,2026-03-29 12:13:07
571,Loa thanh KEF XIO,"Mua Loa thanh KEF XIO chính hãng - Giá tốt, bảo hành uy tín, giao hàng tận nơi toàn quốc. Mua ngay KEF XIO tại đây.","- Trọng lượng: 10.5 kg
- Kích thước: 1210 x 70 × 165 mm
- Công suất: 820W
- Cổng kết nối: HDMI 2.1 eARCTOSLINK Optical USB Type C (service) RJ45 Ethernet (network)
- Cấu tạo: 6 x 50 mm Uni-Q MX 2 x 50 mm fullrange 4 x (50 x 152) mm P185
- Hãng sản xuất: KEF","Mua Loa thanh KEF XIO chính hãng - Giá tốt, bảo hành uy tín, giao hàng tận nơi toàn quốc. Mua ngay KEF XIO tại đây.",Khác,59990000,KEF,2,164,0,2026-01-25 23:18:08,2026-03-29 12:13:07
572,Màn hình Yunsi Y220MY 22 - Cũ Đẹp,"Mua Màn hình Yunsi Y220MY 22 cũ giá rẻ - Nguồn gốc rõ ràng, bảo hành 6-12 tháng, đổi mới 30 ngày, luôn xuất bán đầy đủ VAT.","- Kích thước thực tế (bao gồm viền): 22 inches
- Tấm nền: VA
- Tỉ lệ màn hình: 16:9
- Tần số quét: 100 Hz
- Thời gian phản hồi: 1ms
- Treo tường: 75 x 75 mm
- Cổng kết nối: VGA x 1HDMI x 1
- Độ phân giải màn hình: 1920x1080 px","Mua Màn hình Yunsi Y220MY 22 cũ giá rẻ - Nguồn gốc rõ ràng, bảo hành 6-12 tháng, đổi mới 30 ngày, luôn xuất bán đầy đủ VAT.",Khác,890000,Hãng khác,2,124,0,2025-03-22 21:27:38,2026-03-29 12:13:07
573,Máy cạo râu Hyundai PHT-045-BU - Cũ,"Mua Máy cạo râu Hyundai PHT-045-BU cũ giá rẻ - Nguồn gốc rõ ràng, bảo hành 6-12 tháng, đổi mới 30 ngày, luôn xuất bán đầy đủ VAT.","- Chất liệu: Lưỡi dao: thép 3CR13Thân máy: nhựa ABS + PC
- Chế độ cạo: Cạo khô, Cạo ướt
- Tiện ích: Màn hình LED hiển thịNhỏ gọn tiện mang theoSạc điện
- Loại pin: Pin sạc
- Dung lượng pin: 300 mAh
- Thời gian: Sạc 30 phútSử dụng liên tục 60 phút
- Cổng sạc: USB-C
- Chống nước: IP67
- Kích thước: 5 x 7 x 4 cm
- Trọng lượng: 100 g
- Hãng sản xuất: Hyundai","Mua Máy cạo râu Hyundai PHT-045-BU cũ giá rẻ - Nguồn gốc rõ ràng, bảo hành 6-12 tháng, đổi mới 30 ngày, luôn xuất bán đầy đủ VAT.",Khác,140000,Hyundai,0,97,0,2025-01-05 20:08:22,2026-03-29 12:13:07
574,Máy cạo râu Hyundai PHT-046-BK - Cũ,"Mua Máy cạo râu Hyundai PHT-046-BK cũ giá rẻ - Nguồn gốc rõ ràng, bảo hành 6-12 tháng, đổi mới 30 ngày, luôn xuất bán đầy đủ VAT.","- Chất liệu: Lưỡi dao: hợp kim nhômThân máy: nhựa ABS
- Chế độ cạo: Cạo khô, Cạo ướt
- Tiện ích: Nhỏ gọn tiện mang theoSạc điệnCông nghệ cạo xoay
- Loại pin: Pin sạc
- Dung lượng pin: 300 mAh
- Thời gian: Sạc 1 giờ 30 phútSử dụng liên tục 40 phút
- Cổng sạc: USB-C
- Chống nước: IPX7
- Kích thước: 5 x 7 x 4 cm
- Trọng lượng: 60 g
- Hãng sản xuất: Hyundai","Mua Máy cạo râu Hyundai PHT-046-BK cũ giá rẻ - Nguồn gốc rõ ràng, bảo hành 6-12 tháng, đổi mới 30 ngày, luôn xuất bán đầy đủ VAT.",Khác,200000,Hyundai,0,155,0,2024-10-21 07:32:55,2026-03-29 12:13:07
575,Máy lạnh Daikin 1.5HP 2025 (FTKB35ZVMV/RKB35ZVMV),"Mua Máy lạnh Daikin 1.5HP 2025 (FTKB35ZVMV/RKB35ZVMV) chính hãng - Giá rẻ, đảm bảo chất lượng, độ bền cao, hỗ trợ giao hàng tận nơi toàn quốc.","- Loại máy: 1 chiều (chỉ làm lạnh)
- Kiểu dáng: Máy lạnh treo tường
- Phạm vi làm lạnh: Từ 15 - 20m2
- Công suất làm lạnh: 1.5 HP - 12.300 BTU
- Công nghệ tiết kiệm điện: Econo, Inverter, máy nén Swing
- Công suất tiêu thụ điện: 1.24 kW/h
- Khả năng lọc không khí: Phin lọc tiêu chuẩn
- Công nghệ làm lạnh nhanh: Powerful
- Hãng sản xuất: Daikin","Mua Máy lạnh Daikin 1.5HP 2025 (FTKB35ZVMV/RKB35ZVMV) chính hãng - Giá rẻ, đảm bảo chất lượng, độ bền cao, hỗ trợ giao hàng tận nơi toàn quốc.",Khác,11990000,Daikin,65,9,0,2025-07-29 15:19:16,2026-03-29 12:13:07
576,Máy lạnh Daikin 1.0HP 2025 (FTKB25ZVMV/RKB25ZVMV),"Mua Máy lạnh Daikin 1.0HP 2025 (FTKB25ZVMV/RKB25ZVMV) chính hãng - Giá rẻ, đảm bảo chất lượng, độ bền cao, hỗ trợ giao hàng tận nơi toàn quốc.","- Loại máy: 1 chiều (chỉ làm lạnh)
- Kiểu dáng: Máy lạnh treo tường
- Phạm vi làm lạnh: Dưới 15m2
- Công suất làm lạnh: 1 HP - 9.200 BTU
- Công nghệ tiết kiệm điện: Econo, Inverter, máy nén Swing
- Khả năng lọc không khí: Phin lọc tiêu chuẩn
- Công nghệ làm lạnh nhanh: Powerful
- Hãng sản xuất: Daikin","Mua Máy lạnh Daikin 1.0HP 2025 (FTKB25ZVMV/RKB25ZVMV) chính hãng - Giá rẻ, đảm bảo chất lượng, độ bền cao, hỗ trợ giao hàng tận nơi toàn quốc.",Khác,10090000,Daikin,65,112,0,2025-10-17 18:05:17,2026-03-29 12:13:07
577,Máy lạnh Daikin 1.0HP 2025 (FTKF25ZVMV/RKF25ZVMV),"Mua Máy lạnh Daikin 1.0HP 2025 (FTKF25ZVMV/RKF25ZVMV) chính hãng - Giá rẻ, đảm bảo chất lượng, độ bền cao, hỗ trợ giao hàng tận nơi toàn quốc.","- Loại máy: 1 chiều (chỉ làm lạnh)
- Kiểu dáng: Máy lạnh treo tường
- Phạm vi làm lạnh: Dưới 15m2
- Công suất làm lạnh: 1 HP - 9.200 BTU
- Công nghệ tiết kiệm điện: InverterEcono
- Khả năng lọc không khí: Phin lọc Enzyme Blue tích hợp lọc bụi mịn PM2.5 Streamer vô hiệu hóa vi khuẩn
- Công nghệ làm lạnh nhanh: Powerful
- Hãng sản xuất: Daikin","Mua Máy lạnh Daikin 1.0HP 2025 (FTKF25ZVMV/RKF25ZVMV) chính hãng - Giá rẻ, đảm bảo chất lượng, độ bền cao, hỗ trợ giao hàng tận nơi toàn quốc.",Khác,11590000,Daikin,2,144,0,2024-07-28 21:55:19,2026-03-29 12:13:07
578,Máy lạnh Daikin 2.5HP 2025 (FTKB60ZVMV/RKB60ZVMV),"Mua Máy lạnh Daikin 2.5HP 2025 (FTKB60ZVMV/RKB60ZVMV) chính hãng - Giá rẻ, đảm bảo chất lượng, độ bền cao, hỗ trợ giao hàng tận nơi toàn quốc.","- Loại máy: 1 chiều (chỉ làm lạnh)
- Kiểu dáng: Máy lạnh treo tường
- Phạm vi làm lạnh: Từ 30 - 40m2
- Công suất làm lạnh: 2.5 HP - 20.500 BTU
- Công nghệ tiết kiệm điện: Inverter
- Công suất tiêu thụ điện: 2.06 kWh
- Khả năng lọc không khí: Khử mùi Enzyme Blue mặc định &amp; PM 2.5 (Tùy chọn mua thêm)
- Công nghệ làm lạnh nhanh: Powerful
- Hãng sản xuất: Daikin","Mua Máy lạnh Daikin 2.5HP 2025 (FTKB60ZVMV/RKB60ZVMV) chính hãng - Giá rẻ, đảm bảo chất lượng, độ bền cao, hỗ trợ giao hàng tận nơi toàn quốc.",Khác,24590000,Daikin,2,198,0,2025-05-06 03:40:30,2026-03-29 12:13:07
579,Máy lạnh Daikin 2.0HP 2025 (FTKB50ZVMV/RKB50ZVMV),"Mua Máy lạnh Daikin 2.0HP 2025 (FTKB50ZVMV/RKB50ZVMV) chính hãng - Giá rẻ, đảm bảo chất lượng, độ bền cao, hỗ trợ giao hàng tận nơi toàn quốc.","- Loại máy: 1 chiều (chỉ làm lạnh)
- Kiểu dáng: Máy lạnh treo tường
- Phạm vi làm lạnh: Từ 20 - 30m2
- Công suất làm lạnh: 2 HP - 18.100 BTU
- Công nghệ tiết kiệm điện: Inverter
- Công suất tiêu thụ điện: 1.85 kWh
- Khả năng lọc không khí: Khử mùi Enzyme Blue mặc định &amp; PM 2.5 (Tùy chọn mua thêm)
- Công nghệ làm lạnh nhanh: Powerful
- Hãng sản xuất: Daikin","Mua Máy lạnh Daikin 2.0HP 2025 (FTKB50ZVMV/RKB50ZVMV) chính hãng - Giá rẻ, đảm bảo chất lượng, độ bền cao, hỗ trợ giao hàng tận nơi toàn quốc.",Khác,18590000,Daikin,2,155,0,2025-09-16 14:02:38,2026-03-29 12:13:07
580,Máy lạnh Panasonic 1.5HP inverter 2024 (CU/CS-RU12AKH-8),"Mua máy lạnh Panasonic 1.5HP inverter 2024 (CU/CS-RU12AKH-8) chính hãng - Giá rẻ, đảm bảo chất lượng, độ bền cao, hỗ trợ giao hàng tận nơi toàn quốc.","- Loại máy: 1 chiều (chỉ làm lạnh)
- Kiểu dáng: Máy lạnh treo tường
- Phạm vi làm lạnh: Từ 15 - 20m2
- Công suất làm lạnh: 1.5 HP - 12.000 BTU
- Công nghệ tiết kiệm điện: Inverter ECO tích hợp AI
- Công suất tiêu thụ điện: 1.03 kW/h
- Khả năng lọc không khí: Nanoe-G lọc bụi mịn PM 2.5Nanoe-X diệt khuẩn, khử mùi, duy trì độ ẩm
- Công nghệ làm lạnh nhanh: Powerful
- Hãng sản xuất: Panasonic","Mua máy lạnh Panasonic 1.5HP inverter 2024 (CU/CS-RU12AKH-8) chính hãng - Giá rẻ, đảm bảo chất lượng, độ bền cao, hỗ trợ giao hàng tận nơi toàn quốc.",Khác,14190000,Panasonic,99,90,0,2024-06-15 19:52:37,2026-03-29 12:13:07
581,Máy lạnh Panasonic 1.0HP inverter 2024 (CU/CS-RU9AKH-8),"Mua máy lạnh Panasonic 1.0HP inverter 2024 (CU/CS-RU9AKH-8) chính hãng - Giá rẻ, đảm bảo chất lượng, độ bền cao, hỗ trợ giao hàng tận nơi toàn quốc.","- Loại máy: 1 chiều (chỉ làm lạnh)
- Kiểu dáng: Máy lạnh treo tường
- Phạm vi làm lạnh: Dưới 15m2
- Công suất làm lạnh: 1 HP - 9.040 BTU
- Công nghệ tiết kiệm điện: Eco InverterAI Inverter
- Khả năng lọc không khí: Nanoe-G lọc bụi mịn PM 2.5Nanoe-X diệt khuẩn, khử mùi, duy trì độ ẩm
- Công nghệ làm lạnh nhanh: Powerful
- Hãng sản xuất: Panasonic","Mua máy lạnh Panasonic 1.0HP inverter 2024 (CU/CS-RU9AKH-8) chính hãng - Giá rẻ, đảm bảo chất lượng, độ bền cao, hỗ trợ giao hàng tận nơi toàn quốc.",Khác,11690000,Panasonic,99,103,0,2026-01-04 22:50:12,2026-03-29 12:13:07
582,Máy lạnh Panasonic 2.5HP inverter 2024 (CU/CS-RU24AKH-8),"Mua máy lạnh Panasonic 2.5HP inverter 2024 (CU/CS-RU24AKH-8) chính hãng - Giá rẻ, đảm bảo chất lượng, độ bền cao, hỗ trợ giao hàng tận nơi toàn quốc.","- Loại máy: 1 chiều (chỉ làm lạnh)
- Kiểu dáng: Máy lạnh treo tường
- Phạm vi làm lạnh: Từ 30 - 40m2
- Công suất làm lạnh: 2.5 HP - 21.300 BTU
- Công nghệ tiết kiệm điện: Eco InverterAI Inverter
- Công suất tiêu thụ điện: 1.8 kW/h
- Khả năng lọc không khí: Nanoe-G lọc bụi mịn PM 2.5Nanoe-X diệt khuẩn, khử mùi, duy trì độ ẩm
- Công nghệ làm lạnh nhanh: Powerful
- Hãng sản xuất: Panasonic","Mua máy lạnh Panasonic 2.5HP inverter 2024 (CU/CS-RU24AKH-8) chính hãng - Giá rẻ, đảm bảo chất lượng, độ bền cao, hỗ trợ giao hàng tận nơi toàn quốc.",Khác,27890000,Panasonic,99,153,0,2026-01-23 11:39:54,2026-03-29 12:13:07
583,Máy lạnh Panasonic 2.0HP inverter 2024 (CU/CS-RU18AKH-8),"Mua máy lạnh Panasonic 2.0HP inverter 2024 (CU/CS-RU18AKH-8) chính hãng - Giá rẻ, đảm bảo chất lượng, độ bền cao, hỗ trợ giao hàng tận nơi toàn quốc.","- Loại máy: 1 chiều (chỉ làm lạnh)
- Kiểu dáng: Máy lạnh treo tường
- Phạm vi làm lạnh: Từ 20 - 30m2
- Công suất làm lạnh: 2 HP - 17.700 BTU
- Công nghệ tiết kiệm điện: Eco InverterAI Inverter
- Công suất tiêu thụ điện: 1.71 kW/h
- Khả năng lọc không khí: Nanoe-G lọc bụi mịn PM 2.5Nanoe-X diệt khuẩn, khử mùi, duy trì độ ẩm
- Công nghệ làm lạnh nhanh: Powerful
- Hãng sản xuất: Panasonic","Mua máy lạnh Panasonic 2.0HP inverter 2024 (CU/CS-RU18AKH-8) chính hãng - Giá rẻ, đảm bảo chất lượng, độ bền cao, hỗ trợ giao hàng tận nơi toàn quốc.",Khác,21190000,Panasonic,99,184,0,2025-04-29 21:18:59,2026-03-29 12:13:07
584,Máy lạnh Sharp 1.5HP 2026 (AH-X13DEW),"Mua máy lạnh Sharp 1.5HP 2026 (AH-X13DEW) chính hãng - Giá rẻ, đảm bảo chất lượng, độ bền cao, hỗ trợ giao hàng tận nơi toàn quốc.","- Loại máy: 1 chiều (chỉ làm lạnh)
- Kiểu dáng: Máy lạnh treo tường
- Phạm vi làm lạnh: Từ 15 - 20m2
- Công suất làm lạnh: 1.5 HP - 12.000 BTU
- Công nghệ tiết kiệm điện: J-Tech Inverter
- Công suất tiêu thụ điện: 1130W
- Khả năng lọc không khí: Lưới lọc bụi polypropylene
- Công nghệ làm lạnh nhanh: Super Jet
- Hãng sản xuất: Sharp","Mua máy lạnh Sharp 1.5HP 2026 (AH-X13DEW) chính hãng - Giá rẻ, đảm bảo chất lượng, độ bền cao, hỗ trợ giao hàng tận nơi toàn quốc.",Khác,10090000,Sharp,2,189,0,2025-07-17 20:57:43,2026-03-29 12:13:07
585,Máy lạnh Sharp 1.5HP 2026 (AH-XP13DPW),"Mua máy lạnh Sharp 1.5HP 2026 (AH-XP13DPW) chính hãng - Giá rẻ, đảm bảo chất lượng, độ bền cao, hỗ trợ giao hàng tận nơi toàn quốc.","- Loại máy: 1 chiều (chỉ làm lạnh)
- Kiểu dáng: Máy lạnh treo tường
- Phạm vi làm lạnh: Từ 15 - 20m2
- Công suất làm lạnh: 1.5 HP - 12.000 BTU
- Công nghệ tiết kiệm điện: J-Tech Inverter
- Công suất tiêu thụ điện: 960W
- Khả năng lọc không khí: Công nghệ loc khí Plasmacluster IonLưới lọc bụi PolypropyleneBộ lọc than hoạt tính
- Công nghệ làm lạnh nhanh: Super Jet
- Hãng sản xuất: Sharp","Mua máy lạnh Sharp 1.5HP 2026 (AH-XP13DPW) chính hãng - Giá rẻ, đảm bảo chất lượng, độ bền cao, hỗ trợ giao hàng tận nơi toàn quốc.",Khác,22590000,Sharp,2,189,0,2024-09-10 10:33:45,2026-03-29 12:13:07
586,Máy lạnh Sharp 1.5HP 2026 (AH-XP13DSW),"Mua máy lạnh Sharp 1.5HP 2026 (AH-XP13DSW) chính hãng - Giá rẻ, đảm bảo chất lượng, độ bền cao, hỗ trợ giao hàng tận nơi toàn quốc.","- Loại máy: 1 chiều (chỉ làm lạnh)
- Kiểu dáng: Máy lạnh treo tường
- Phạm vi làm lạnh: Từ 15 - 20m2
- Công suất làm lạnh: 1.5 HP - 12.000 BTU
- Công nghệ tiết kiệm điện: J-Tech Inverter
- Công suất tiêu thụ điện: 1130W
- Khả năng lọc không khí: Công nghệ loc khí Plasmacluster IonLưới lọc bụi polypropylene
- Công nghệ làm lạnh nhanh: Super Jet
- Hãng sản xuất: Sharp","Mua máy lạnh Sharp 1.5HP 2026 (AH-XP13DSW) chính hãng - Giá rẻ, đảm bảo chất lượng, độ bền cao, hỗ trợ giao hàng tận nơi toàn quốc.",Khác,11090000,Sharp,2,70,0,2025-12-16 04:37:17,2026-03-29 12:13:07
587,Máy lạnh Sharp 1.0HP 2026 (AH-X10DEW),"Mua máy lạnh Sharp 1.0HP 2026 (AH-X10DEW) chính hãng - Giá rẻ, đảm bảo chất lượng, độ bền cao, hỗ trợ giao hàng tận nơi toàn quốc.","- Loại máy: 1 chiều (chỉ làm lạnh)
- Kiểu dáng: Máy lạnh treo tường
- Phạm vi làm lạnh: Dưới 15m2
- Công suất làm lạnh: 1.0 HP - 9.000 BTU
- Công nghệ tiết kiệm điện: J-Tech Inverter
- Công suất tiêu thụ điện: 740W
- Khả năng lọc không khí: Lưới lọc bụi polypropylene
- Công nghệ làm lạnh nhanh: Super Jet
- Hãng sản xuất: Sharp","Mua máy lạnh Sharp 1.0HP 2026 (AH-X10DEW) chính hãng - Giá rẻ, đảm bảo chất lượng, độ bền cao, hỗ trợ giao hàng tận nơi toàn quốc.",Khác,8870000,Sharp,2,46,0,2024-05-23 03:35:51,2026-03-29 12:13:07
588,Máy lạnh Sharp 1.0HP 2026 (AH-XP10DSW),"Mua máy lạnh Sharp 1.0HP 2026 (AH-XP10DSW) chính hãng - Giá rẻ, đảm bảo chất lượng, độ bền cao, hỗ trợ giao hàng tận nơi toàn quốc.","- Loại máy: 1 chiều (chỉ làm lạnh)
- Kiểu dáng: Máy lạnh treo tường
- Phạm vi làm lạnh: Dưới 15m2
- Công suất làm lạnh: 1.0 HP - 9.000 BTU
- Công nghệ tiết kiệm điện: J-Tech Inverter
- Công suất tiêu thụ điện: 740W
- Khả năng lọc không khí: Công nghệ loc khí Plasmacluster IonLưới lọc bụi polypropylene
- Công nghệ làm lạnh nhanh: Super Jet
- Hãng sản xuất: Sharp","Mua máy lạnh Sharp 1.0HP 2026 (AH-XP10DSW) chính hãng - Giá rẻ, đảm bảo chất lượng, độ bền cao, hỗ trợ giao hàng tận nơi toàn quốc.",Khác,9850000,Sharp,2,12,0,2025-01-27 09:52:30,2026-03-29 12:13:07
589,Máy lạnh Sharp 2.0HP 2026 (AH-X18DEW),"Mua máy lạnh Sharp 2.0HP 2026 (AH-X18DEW) chính hãng - Giá rẻ, đảm bảo chất lượng, độ bền cao, hỗ trợ giao hàng tận nơi toàn quốc.","- Loại máy: 1 chiều (chỉ làm lạnh)
- Kiểu dáng: Máy lạnh treo tường
- Phạm vi làm lạnh: Từ 20 - 30m2
- Công suất làm lạnh: 2.0 HP - 18.000 BTU
- Công nghệ tiết kiệm điện: J-Tech Inverter
- Công suất tiêu thụ điện: 1640W
- Khả năng lọc không khí: Lưới lọc bụi polypropylene
- Công nghệ làm lạnh nhanh: Super Jet
- Hãng sản xuất: Sharp","Mua máy lạnh Sharp 2.0HP 2026 (AH-X18DEW) chính hãng - Giá rẻ, đảm bảo chất lượng, độ bền cao, hỗ trợ giao hàng tận nơi toàn quốc.",Khác,15680000,Sharp,2,126,0,2025-10-17 13:00:17,2026-03-29 12:13:07
590,Máy lạnh Sharp 2.0HP 2026 (AH-XP18DSW),"Mua máy lạnh Sharp 2.0HP 2026 (AH-XP18DSW) chính hãng - Giá rẻ, đảm bảo chất lượng, độ bền cao, hỗ trợ giao hàng tận nơi toàn quốc.","- Loại máy: 1 chiều (chỉ làm lạnh)
- Kiểu dáng: Máy lạnh treo tường
- Phạm vi làm lạnh: Từ 20 - 30m2
- Công suất làm lạnh: 2.0 HP - 18.000 BTU
- Công nghệ tiết kiệm điện: J-Tech Inverter
- Công suất tiêu thụ điện: 1640W
- Khả năng lọc không khí: Công nghệ loc khí Plasmacluster IonLưới lọc bụi polypropylene
- Công nghệ làm lạnh nhanh: Super Jet
- Hãng sản xuất: Sharp","Mua máy lạnh Sharp 2.0HP 2026 (AH-XP18DSW) chính hãng - Giá rẻ, đảm bảo chất lượng, độ bền cao, hỗ trợ giao hàng tận nơi toàn quốc.",Khác,16250000,Sharp,2,108,0,2026-03-12 01:39:23,2026-03-29 12:13:07
591,Máy lọc không khí bụi mịn Acerpure Cool C3 3in1,"Mua Máy lọc không khí bụi mịn Acerpure Cool C3 3in1chính hãng - Giá rẻ, đảm bảo chất lượng, độ bền cao, hỗ trợ giao hàng tận nơi toàn quốc.","- Dòng điện vào: 220V - 240V/50Hz - 60Hz
- Diện tích sử dụng: 35m2
- Hiệu quả lọc bụi: Loại bỏ &gt;99% bụi mịn PM1.0 và &gt;99.99% virus, vi khuẩn
- Lưu lượng gió: CADR 117 m³/h
- Màng lọc: HEPA Anti-Virus 3-in-1 (lọc thô + HEPA + lớp kháng khuẩn/virus)
- Độ ồn: 25 - 50 dB
- Công nghệ: DC Inverter
- Chế độ hoạt động: 5 cấp độ lọc không khí và 5 cấp độ quạt đối lưu
- Tiện ích: Cảnh báo thay bộ lọc, Đèn báo hoạt động, Đèn LED hỗ trợ chiếu sáng ban đêm, Điều khiển bằng remote, Khóa bảng điều khiển, Tích hợp quạt đối lưu
- Hãng sản xuất: Acerpure","Mua Máy lọc không khí bụi mịn Acerpure Cool C3 3in1chính hãng - Giá rẻ, đảm bảo chất lượng, độ bền cao, hỗ trợ giao hàng tận nơi toàn quốc.",Khác,3390000,Acerpure,99,34,0,2024-06-18 14:11:23,2026-03-29 12:13:07
592,Máy lọc không khí Acerpure Pro P2 Classic,"Mua Máy lọc không khí Acerpure Pro P2 Classicchính hãng - Giá rẻ, đảm bảo chất lượng, độ bền cao, hỗ trợ giao hàng tận nơi toàn quốc.","- Dòng điện vào: 220V - 240V/50Hz - 60Hz
- Diện tích sử dụng: 45m2
- Hiệu quả lọc bụi: Lọc &gt;99% bụi mịn PM2.5
- Lưu lượng gió: 324 m³/h
- Màng lọc: HEPA 3-in-1+ (lọc thô + HEPA + than hoạt tính khử formaldehyde)
- Độ ồn: 25 - 56 dB
- Công nghệ: Động cơ DC-Inverter tiết kiệm điện
- Chế độ hoạt động: Smart / 1 / 2 / 3 / Turbo / Sleep
- Tiện ích: Cảnh báo nắp bộ lọc không đóng kín, Cảnh báo thay bộ lọc, Đèn báo chất lượng không khí, Đèn báo hoạt động
- Hãng sản xuất: Acerpure","Mua Máy lọc không khí Acerpure Pro P2 Classicchính hãng - Giá rẻ, đảm bảo chất lượng, độ bền cao, hỗ trợ giao hàng tận nơi toàn quốc.",Khác,3690000,Acerpure,99,83,0,2025-04-01 04:23:21,2026-03-29 12:13:07
593,Máy lọc không khí diệt khuẩn &amp; khử mùi Acerpure Pro P2,"Mua Máy lọc không khí diệt khuẩn &amp; khử mùi Acerpure Pro P2 chính hãng - Giá rẻ, đảm bảo chất lượng, độ bền cao, hỗ trợ giao hàng tận nơi toàn quốc.","- Dòng điện vào: 220V - 240V/50Hz - 60Hz
- Diện tích sử dụng: 45m2
- Hiệu quả lọc bụi: Loại bỏ 99,97% bụi siêu mịn PM1.0
- Lưu lượng gió: 324 m³/h
- Màng lọc: HEPA H13 4-in-1 (lọc thô, HEPA+, HEPA H13, than hoạt tính)
- Độ ồn: 25 - 56 dB
- Công nghệ: Ion âm, động cơ DC-Inverter, cảm biến chất lượng không khí thông minh
- Chế độ hoạt động: Smart / 1 / 2 / 3 / Turbo
- Tiện ích: Điều khiển bằng điện thoại qua App, Cảnh báo nắp bộ lọc không đóng kín, Cảnh báo thay bộ lọc, Đèn báo chất lượng không khí, Đèn báo hoạt động, Điều khiển bằng remote, Khóa bảng điều khiển, Tính năng diệt khuẩn (đèn UV), Tính năng diệt khuẩn (ion âm)
- Hãng sản xuất: Acerpure","Mua Máy lọc không khí diệt khuẩn &amp; khử mùi Acerpure Pro P2 chính hãng - Giá rẻ, đảm bảo chất lượng, độ bền cao, hỗ trợ giao hàng tận nơi toàn quốc.",Khác,6290000,Acerpure,97,123,0,2024-12-09 22:49:17,2026-03-29 12:13:07
594,Samsung Galaxy Tab S11 5G 12GB 128GB - Cũ đẹp,"Mua Samsung Galaxy Tab S11 cũ giá rẻ - Nguồn gốc rõ ràng, bảo hành 6-12 tháng, đổi mới 30 ngày, luôn xuất bán đầy đủ VAT.","- Kích thước màn hình: 11 inches
- Công nghệ màn hình: Dynamic AMOLED 2X
- Camera sau: 13 MP
- Camera trước: 12 MP
- Chipset: MediaTek Dimensity 9400+
- Công nghệ NFC: Không
- Dung lượng RAM: 12 GB
- Bộ nhớ trong: 128 MB
- Pin: 8400 mAh
- Thẻ SIM: Nano-SIM + eSIM
- Hệ điều hành: Android 16
- Độ phân giải màn hình: 2560 x 1600 (WQXGA)
- Tính năng màn hình: Tần số quét 120 Hz
- Loại CPU: 8 nhân
- Tương thích: Bút S Pen","Mua Samsung Galaxy Tab S11 cũ giá rẻ - Nguồn gốc rõ ràng, bảo hành 6-12 tháng, đổi mới 30 ngày, luôn xuất bán đầy đủ VAT.",Điện thoại,16190000,Samsung,2,115,0,2024-07-18 11:23:13,2026-03-29 12:13:07
595,Nguồn máy tính Jetek Elite V6 E350 350W,"Mua nguồn máy tính Jetek Elite V6 E350 350W chính hãng - Giá rẻ, đảm bảo chất lượng, độ bền cao, hỗ trợ giao hàng tận nơi toàn quốc.","- Công suất nguồn: 350W
- Quạt làm mát: 1 x Fan 12 cm
- Hãng sản xuất: Hãng khác","Mua nguồn máy tính Jetek Elite V6 E350 350W chính hãng - Giá rẻ, đảm bảo chất lượng, độ bền cao, hỗ trợ giao hàng tận nơi toàn quốc.",Khác,390000,Hãng khác,0,145,0,2026-02-21 04:42:30,2026-03-29 12:13:07
596,Ốp lưng iPhone 17e Apple Silicone With Magsafe,"Mua ngay ốp lưng iPhone 17e Apple Silicone With Magsafe chính hãng - Giá rẻ, đảm bảo chất lượng, độ bền cao, hỗ trợ giao hàng tận nơi toàn quốc.","- Dòng sản phẩm: iPhone 17e
- Phân loại ốp: Chống sốc, Ốp dẻo
- Tính năng: Hỗ trợ sạc MagSafe, Hỗ trợ sạc không dây, Chống sốc, va đập, Chống trầy xước
- Dùng được cho: iPhone 17e
- Hãng sản xuất: Apple Chính hãng","Mua ngay ốp lưng iPhone 17e Apple Silicone With Magsafe chính hãng - Giá rẻ, đảm bảo chất lượng, độ bền cao, hỗ trợ giao hàng tận nơi toàn quốc.",Điện thoại,1400000,Apple Chính hãng,0,116,0,2025-08-18 14:56:38,2026-03-29 12:13:07
597,Ốp lưng iPhone 17e Apple With Magsafe Clear - MHWC4FE/A,"Mua ngay ốp lưng iPhone 17e Apple With Magsafe Clear - MHWC4FE/A chính hãng - Giá rẻ, đảm bảo chất lượng, độ bền cao, hỗ trợ giao hàng tận nơi toàn quốc.","- Dòng sản phẩm: iPhone 17e
- Phân loại ốp: Chống sốc, Ốp trong
- Tính năng: Hỗ trợ sạc MagSafe, Hỗ trợ sạc không dây, Siêu mỏng, Chống sốc, va đập, Chống trầy xước
- Dùng được cho: iPhone 17e
- Hãng sản xuất: Apple Chính hãng","Mua ngay ốp lưng iPhone 17e Apple With Magsafe Clear - MHWC4FE/A chính hãng - Giá rẻ, đảm bảo chất lượng, độ bền cao, hỗ trợ giao hàng tận nơi toàn quốc.",Điện thoại,1400000,Apple Chính hãng,0,28,0,2024-05-14 05:12:17,2026-03-29 12:13:07
598,Ốp lưng Samsung Galaxy S26 Araree A Fit Clear,"Mua Ốp lưng Samsung Galaxy S26 Araree A Fit Clear chính hãng - Giá rẻ, đảm bảo chất lượng, độ bền cao, hỗ trợ giao hàng tận nơi toàn quốc.","- Dòng sản phẩm: Samsung Galaxy S26
- Phân loại ốp: Chống sốc
- Tính năng: Chống sốc, va đập, Chống trầy xước
- Hãng sản xuất: Araree","Mua Ốp lưng Samsung Galaxy S26 Araree A Fit Clear chính hãng - Giá rẻ, đảm bảo chất lượng, độ bền cao, hỗ trợ giao hàng tận nơi toàn quốc.",Điện thoại,240000,Araree,0,109,0,2026-01-26 23:53:39,2026-03-29 12:13:07
599,Ốp lưng Samsung Galaxy S26 Plus Araree A Fit Clear,"Mua Ốp lưng Samsung Galaxy S26 Plus Araree A Fit Clear chính hãng - Giá rẻ, đảm bảo chất lượng, độ bền cao, hỗ trợ giao hàng tận nơi toàn quốc.","- Dòng sản phẩm: Samsung Galaxy S26 Plus
- Phân loại ốp: Chống sốc
- Tính năng: Chống sốc, va đập, Chống trầy xước
- Hãng sản xuất: Araree","Mua Ốp lưng Samsung Galaxy S26 Plus Araree A Fit Clear chính hãng - Giá rẻ, đảm bảo chất lượng, độ bền cao, hỗ trợ giao hàng tận nơi toàn quốc.",Điện thoại,240000,Araree,0,133,0,2025-02-07 17:34:36,2026-03-29 12:13:07
600,Ốp lưng Samsung Galaxy S26 Ultra Araree Mustang Diary,"Mua Ốp lưng Samsung Galaxy S26 Ultra Araree Mustang Diary chính hãng - Giá rẻ, đảm bảo chất lượng, độ bền cao, hỗ trợ giao hàng tận nơi toàn quốc.","- Dòng sản phẩm: Samsung Galaxy S26 Ultra
- Phân loại ốp: Chống sốc
- Tính năng: Chống sốc, va đập, Chống trầy xước
- Hãng sản xuất: Araree","Mua Ốp lưng Samsung Galaxy S26 Ultra Araree Mustang Diary chính hãng - Giá rẻ, đảm bảo chất lượng, độ bền cao, hỗ trợ giao hàng tận nơi toàn quốc.",Điện thoại,584000,Araree,0,179,0,2025-12-15 03:20:37,2026-03-29 12:13:07
601,Pin sạc dự phòng Anker 321 Maggo 1C 7.5W 5000mAh A1616 - Cũ,"Mua Pin sạc dự phòng Anker 321 Maggo 1C 7.5W 5000mAh A1616 cũ giá rẻ - Nguồn gốc rõ ràng, bảo hành 6-12 tháng, đổi mới 30 ngày, luôn xuất bán đầy đủ VAT.","- Dung lượng pin: 5000mAh
- Công suất sạc: Có dây: 12WKhông dây: 7.5W
- Cổng sạc ra: 1 x USB-C
- Cổng sạc vào: 1 x USB-C
- Kích thước: 93.98 x 14.99 x 63.5 mm
- Trọng lượng: 1 kg
- Hãng sản xuất: Anker","Mua Pin sạc dự phòng Anker 321 Maggo 1C 7.5W 5000mAh A1616 cũ giá rẻ - Nguồn gốc rõ ràng, bảo hành 6-12 tháng, đổi mới 30 ngày, luôn xuất bán đầy đủ VAT.",Phụ kiện,300000,Anker,90,183,0,2025-03-08 15:30:27,2026-03-29 12:13:07
602,Pin dự phòng Baseus Enerfill FC11 màn hình 20.000mAh 22.5W kèm cáp Type-C - Lightning - Cũ,"Mua pin dự phòng Baseus Enerfill FC11 màn hình 20.000mAh 22.5W kèm cáp Type-C cũ giá rẻ - Nguồn gốc rõ ràng, bảo hành 6-12 tháng, đổi mới 30 ngày, luôn xuất bán đầy đủ VAT.","- Dung lượng pin: 20.000mAh
- Công suất sạc: 22.5W
- Cổng sạc ra: 1 x USB-C1 x USB-AKèm 1 cáp sạc Type C - 1 cáp sạc lightning
- Cổng sạc vào: USB-C
- Tiện ích: Sạc nhanh Màn hình LED Chip AI giám sát nhiệt độ 18.000 lần mỗi giờ Bảo vệ quá sạc Bảo vệ đoản mạch Bảo vệ quá áp Bảo vệ nhiệt độ cao/thấp Bảo vệ quá dòng Bảo vệ xả quá mức An toàn trên máy bay
- Kích thước: 16.3 x 11.1 x 3.7 cm
- Trọng lượng: 398g
- Hãng sản xuất: Baseus","Mua pin dự phòng Baseus Enerfill FC11 màn hình 20.000mAh 22.5W kèm cáp Type-C cũ giá rẻ - Nguồn gốc rõ ràng, bảo hành 6-12 tháng, đổi mới 30 ngày, luôn xuất bán đầy đủ VAT.",Phụ kiện,470000,Baseus,0,101,0,2026-03-23 04:53:06,2026-03-29 12:13:07
603,Pin dự phòng StarGO Hypercharge 25000mAh 100W tích hợp màn hình + cáp Type-C - Cũ,"Mua pin dự phòng StarGO Hypercharge 25000mAh 100W tích hợp màn hình + cáp Type-Ccũ giá rẻ - Nguồn gốc rõ ràng, bảo hành 6-12 tháng, đổi mới 30 ngày, luôn xuất bán đầy đủ VAT.","- Dung lượng pin: 25.000 mAh
- Công suất sạc: 100W
- Cổng sạc ra: 1 x USB-A1 x USB-CKèm cáp Type C
- Cổng sạc vào: 1 x USB-C
- Tiện ích: Sạc nhiều thiết bị cùng lúcSạc nhanhMàn hình hiển thị thông số sạcChứng nhận CCC(tùy sản phẩm)
- Lõi pin: Pin Lithium-Polymer
- Hãng sản xuất: StarGO","Mua pin dự phòng StarGO Hypercharge 25000mAh 100W tích hợp màn hình + cáp Type-Ccũ giá rẻ - Nguồn gốc rõ ràng, bảo hành 6-12 tháng, đổi mới 30 ngày, luôn xuất bán đầy đủ VAT.",Phụ kiện,870000,StarGO,0,24,0,2026-03-07 13:01:56,2026-03-29 12:13:07
604,Robot hút bụi lau nhà Roborock S Pro,"Mua Robot hút bụi lau nhà Roborock S Pro chính hãng - Giá rẻ, đảm bảo chất lượng, độ bền cao, hỗ trợ giao hàng tận nơi toàn quốc.","- Chức năng: Hút bụi lau sàn
- Tính năng: Hoạt động êm ái, Hỗ trợ lau nhà, Điều khiển qua ứng dụng, Tự động quay về đế sạc, Tự động điều chỉnh sức hút, Chống rối tóc - lông thú, Tự động hút bụi, Tự động giặt giẻ, Tự động sấy giẻ
- Thời gian hoạt động: Sử dụng: 180 phútSạc: 4 giờ
- Dung tích ngăn chứa nước: 80ml
- Lực hút: 18,500Pa
- Dung tích ngăn chứa bụi: 330ml
- Ứng dụng kết nối: Roborock App
- Trọng lượng: 11.7±0.3kg
- Tiện ích: Công nghệ Reactive TechCông nghệ điều hướng PreciSense LiDARCảm biến thảm siêu âmĐiều khiển bằng giọng nói của bên thứ baGiẻ lau xoay kép 200 vòng/phútGiặt giẻ lau bằng nước nóng 75°C
- Kích thước: 350 x 353 x 96.5mm
- Công suất: 60W
- Hãng sản xuất: Roborock
- Tính năng khác: Khóa trẻ em và quản lý chế độ làm sạch từ xaLưu và quản lý nhiều bản đồ tầngTùy chỉnh chế độ làm sạch theo từng loại sàn và thảm","Mua Robot hút bụi lau nhà Roborock S Pro chính hãng - Giá rẻ, đảm bảo chất lượng, độ bền cao, hỗ trợ giao hàng tận nơi toàn quốc.",Khác,10990000,Roborock,0,67,0,2025-07-20 15:29:08,2026-03-29 12:13:07
605,Tay cầm chơi game MSI GC300,"Mua Tay cầm chơi game MSI GC300 chính hãng - Giá rẻ, đảm bảo chất lượng, độ bền cao, hỗ trợ giao hàng tận nơi toàn quốc.","- Tương thích: Windows 10 trở lênAndroid 8 trở lên
- Kết nối: USB 2.0 / Wireless 2.4GHz / Bluetooth
- Khoảng cách kết nối (Độ dài dây): Có dây: 2 métKhông dây: 10 mét
- Đèn LED: Không LED
- Thời gian dùng: Pin lên tới 20 tiếng
- Hãng sản xuất: MSI","Mua Tay cầm chơi game MSI GC300 chính hãng - Giá rẻ, đảm bảo chất lượng, độ bền cao, hỗ trợ giao hàng tận nơi toàn quốc.",Khác,1299000,MSI,0,100,0,2026-01-29 15:04:04,2026-03-29 12:13:07
606,Thiết bị định vị Xiaomi Tag BHR08SPGL,"Mua Thiết bị định vị Xiaomi Tag BHR08SPGL chính hãng - Giá rẻ, đảm bảo chất lượng, độ bền cao, bảo hành uy tín, giao hàng tận nơi toàn quốc.","- Pin: CR2032 (sử dụng ít nhất 1 năm)
- Hãng sản xuất: Xiaomi
- Cảm biến: Accelerometer
- Tiện ích: NFC tap cho chế độ mất (Chỉ áp dụng trên Find My)","Mua Thiết bị định vị Xiaomi Tag BHR08SPGL chính hãng - Giá rẻ, đảm bảo chất lượng, độ bền cao, bảo hành uy tín, giao hàng tận nơi toàn quốc.",Điện thoại,390000,Xiaomi,0,133,0,2025-11-14 13:02:47,2026-03-29 12:13:07
607,USB Wifi 6 TotoLink X6100UA AX1800 đen,"Mua USB Wifi 6 TotoLink X6100UA AX1800 đen chính hãng - Giá rẻ, đảm bảo chất lượng, độ bền cao, hỗ trợ giao hàng tận nơi toàn quốc.","- Chuẩn Wi-Fi: Wi-Fi 6 (802.11ax)
- Băng tần sóng: 2.4GHz &amp; 5GHz
- Cổng kết nối: USB 3.0
- Số Ăng ten: 1 x Ăng ten liền 5dBi
- Tốc độ mạng: 2.4GHz: Lên đến 573.5Mbps5GHz: Lên đến 1201Mbps
- Hãng sản xuất: Totolink","Mua USB Wifi 6 TotoLink X6100UA AX1800 đen chính hãng - Giá rẻ, đảm bảo chất lượng, độ bền cao, hỗ trợ giao hàng tận nơi toàn quốc.",Khác,499000,Totolink,2,85,0,2025-07-19 21:01:24,2026-03-29 12:13:07
608,Camera IP ngoài trời 3MP TP-Link Tapo TC65 - Cũ,"Mua Camera IP ngoài trời 3MP TP-Link Tapo TC65 cũ giá rẻ - Nguồn gốc rõ ràng, bảo hành 6-12 tháng, đổi mới 30 ngày, luôn xuất bán đầy đủ VAT.","- Dòng camera: Camera ngoài trời, Camera Wifi
- Độ phân giải: 3MP (2304 × 1296 px)
- Tầm nhìn: Ban đêm 30m
- Kết nối: Wi-FiCổng Ethernet
- Tính năng: Đàm thoại 2 chiềuPhát hiện chuyển độngThông báo cho bạn khi camera phát hiện chuyển độngBáo động âm thanh và ánh sángHoạt động với trợ lý Google và Amazon Alexa
- Kháng nước: IP66
- Hãng sản xuất: TP-Link","Mua Camera IP ngoài trời 3MP TP-Link Tapo TC65 cũ giá rẻ - Nguồn gốc rõ ràng, bảo hành 6-12 tháng, đổi mới 30 ngày, luôn xuất bán đầy đủ VAT.",Khác,510000,TP-Link,0,85,0,2024-09-18 23:49:30,2026-03-29 12:13:07
609,Camera IP ngoài trời 360 độ 3MP IMOU IPC-GS7EP-3M0WE Full Color - Cũ,"Mua Camera IP ngoài trời 360 độ 3MP IMOU IPC-GS7EP-3M0WE Full Color cũ giá rẻ - Nguồn gốc rõ ràng, bảo hành 6-12 tháng, đổi mới 30 ngày, luôn xuất bán đầy đủ VAT.","- Dòng camera: Camera ngoài trời, Camera Wifi, Camera 360 Độ
- Độ phân giải: 3MP (2304 x 1296 px)
- Góc xoay: Xoay 0~340° &amp; Nghiêng 0~90°
- Tầm nhìn: Ban đêm 30 m
- Kết nối: Ethernet PortWi-Fi
- Tính năng: Đàm thoại 2 chiềuTheo dõi đối tượng Smart TrackingVùng có thể định cấu hìnhPhát hiện con ngườiPhát hiện xeBật đèn và hú còi (110dB) khi phát hiện có đối tượng xâm nhậpChống ngược sáng HDR4 chế độ ban đêmQuan sát ban đêm có màuTự động cân bằng trắng (AWB)Tự động bù tín hiệu ảnh (AGC)Bù sáng (BLC)Chống nhiễu (3D-DNR)
- Kháng nước: IP66
- Hãng sản xuất: Imou","Mua Camera IP ngoài trời 360 độ 3MP IMOU IPC-GS7EP-3M0WE Full Color cũ giá rẻ - Nguồn gốc rõ ràng, bảo hành 6-12 tháng, đổi mới 30 ngày, luôn xuất bán đầy đủ VAT.",Khác,630000,Imou,2,110,0,2024-06-11 01:58:14,2026-03-29 12:13:07
610,Camera IP ngoài trời 360 độ 3MP Tiandy H333N Fullcolor - Cũ,"Mua Camera Tiandy TC H333N cũ giá rẻ - Nguồn gốc rõ ràng, bảo hành 6-12 tháng, đổi mới 30 ngày, luôn xuất bán đầy đủ VAT.","- Dòng camera: Camera ngoài trời, Camera Wifi, Camera 360 Độ
- Độ phân giải: 3MP (2304 × 1296 px)
- Góc nhìn: 360 độ
- Góc xoay: Quay ngang: 0~294°Quay dọc: 0~90°
- Tầm nhìn: Phát hiện: 57,14mQuan sát: 22,68mNhận dạng: 11,43mXác định: 5,71mBan đêm: 50m
- Kết nối: Wi-FiCổng Ethernet
- Kết nối cùng lúc: 8 người dùng
- Tính năng: Micrô tích hợp, Loa tích hợpĐàm thoại 2 chiềuTheo dõi chuyển độngBáo động âm thanh bất thườngĐèn LED trợ sángChế độ quan sát ban đêm có màuBảo vệ Chống sét lan truyền 4000V; ESD6000VHỗ trợ chức năng giảm nhiễu số 3D-DNRHỗ trợ chức năng bù sáng BLC, HLCChế độ riêng tưĐộ sáng tối thiểu: 0,02Lux@(F1.6,AGC ON), Đen trắng 0Lux với IR
- Kháng nước: IP66
- Hãng sản xuất: Tiandy","Mua Camera Tiandy TC H333N cũ giá rẻ - Nguồn gốc rõ ràng, bảo hành 6-12 tháng, đổi mới 30 ngày, luôn xuất bán đầy đủ VAT.",Khác,440000,Tiandy,0,158,0,2026-03-07 18:31:24,2026-03-29 12:13:07
611,Camera IP 360 độ 2MP Tiandy H322N Fullcolor - Cũ,"Mua Camera IP 350 độ 2MP Tiandy H322N Fullcolor cũ giá rẻ - Nguồn gốc rõ ràng, bảo hành 6-12 tháng, đổi mới 30 ngày, luôn xuất bán đầy đủ VAT.","- Dòng camera: Camera trong nhà
- Độ phân giải: 2MP (1920×1080 px)
- Góc nhìn: 360 độ
- Góc xoay: Quay ngang: 0~350°(D)Quay dọc: 25~90°(D)
- Tầm nhìn: Phát hiện: 59,3mQuan sát: 23,5mNhận dạng: 11,9mXác định: 5,9mBan đêm: 20m
- Kết nối: Wi-FiCổng Ethernet
- Kết nối cùng lúc: ≤2
- Tính năng: Micrô tích hợp, Loa tích hợpĐàm thoại 2 chiềuTheo dõi chuyển độngBáo động âm thanh bất thườngĐèn LED trợ sángChế độ quan sát ban đêm có màuBảo vệ tăng đột biến 500V; ESD6000VHỗ trợ chức năng giảm nhiễu số 3D-DNRHỗ trợ chức năng bù sáng BLC, HLCChế độ riêng tưĐộ sáng tối thiểu: Màu sắc 0,02Lux@(F2.0,AGC ON), Đen trắng 0Lux với IR
- Hãng sản xuất: Tiandy","Mua Camera IP 350 độ 2MP Tiandy H322N Fullcolor cũ giá rẻ - Nguồn gốc rõ ràng, bảo hành 6-12 tháng, đổi mới 30 ngày, luôn xuất bán đầy đủ VAT.",Khác,280000,Tiandy,0,102,0,2026-02-08 07:35:56,2026-03-29 12:13:07
612,Camera IP ngoài trời 360 độ 2MP TP-Link Tapo TC40 1080p - Cũ,"Mua Camera IP ngoài trời 360 độ 2MP TP-Link Tapo TC40 1080p cũ giá rẻ - Nguồn gốc rõ ràng, bảo hành 6-12 tháng, đổi mới 30 ngày, luôn xuất bán đầy đủ VAT.","- Dòng camera: Camera ngoài trời, Camera Wifi, Camera 360 Độ
- Độ phân giải: 2MP (1920 x 1080 px)
- Góc xoay: Xoay Ngang: 340°Xoay Dọc: 60°
- Tầm nhìn: Ban đêm: 30m
- Kết nối: Wi-Fi
- Tính năng: Phát hiện chuyển độngPhát hiện ngườiPhát hiện phá hoạiTích hợp trợ lý Google, Amazon AlexaChế Độ Riêng Tư Vật LýĐàm thoại 2 chiềuHỗ trợ 3DNR, WDRBáo Động Âm Thanh Tùy Chỉnh
- Kháng nước: IP65
- Hãng sản xuất: TP-Link","Mua Camera IP ngoài trời 360 độ 2MP TP-Link Tapo TC40 1080p cũ giá rẻ - Nguồn gốc rõ ràng, bảo hành 6-12 tháng, đổi mới 30 ngày, luôn xuất bán đầy đủ VAT.",Khác,520000,TP-Link,0,8,0,2025-01-11 07:13:10,2026-03-29 12:13:07
613,Camera IP 360 độ 4MP KBVision KX-C4W - Cũ,"Mua camera IP 360 độ 4MP KBVision KX-C4W cũ giá rẻ - Nguồn gốc rõ ràng, bảo hành 6-12 tháng, đổi mới 30 ngày, luôn xuất bán đầy đủ VAT.","- Dòng camera: Camera trong nhà
- Độ phân giải: 4MP (2560 ×1440 px)
- Góc xoay: Ngang : 0° đến 325°Dọc: –20° đến +100°
- Tầm nhìn: Tầm xa hồng ngoại 15m
- Kết nối: WiFiCổng LAN
- Tính năng: Hỗ trợ đàm thoại hai chiềuPhát hiện con người, Hàng rào ảo, khu vực cấm (IVS)Chức năng Smart Tracking, theo dõi đối tượng xâm nhập, cảnh báo bằng âm thanhThiết lập điểm preset, gọi điểm preset nhanhTính năng Privacy modeGửi cảnh báo về điện thoại
- Hãng sản xuất: KBVISION","Mua camera IP 360 độ 4MP KBVision KX-C4W cũ giá rẻ - Nguồn gốc rõ ràng, bảo hành 6-12 tháng, đổi mới 30 ngày, luôn xuất bán đầy đủ VAT.",Khác,330000,KBVISION,0,161,0,2025-12-09 06:37:37,2026-03-29 12:13:07
614,Camera IP ngoài trời 3MP TP-Link năng lượng mặt trời Tapo C410 kit - Cũ,"Mua camera IP ngoài trời 3MP TP-Link năng lượng mặt trời Tapo C410 kit cũ giá rẻ - Nguồn gốc rõ ràng, bảo hành 6-12 tháng, đổi mới 30 ngày, luôn xuất bán đầy đủ VAT.","- Dòng camera: Camera ngoài trời, Camera năng lượng mặt trời, Camera Wifi
- Độ phân giải: 3MP (2304 × 1296 px)
- Tầm nhìn: Đèn LED IR 850 nm (30 ft / 9,1 m)
- Kết nối: Wi-Fi
- Tính năng: Âm thanh hai chiều với chức năng khử tiếng ồnTầm nhìn ban đêm đầy đủ màu sắcPhát hiện chuyển độngPhát hiện ngườiTrợ lý Google, Amazon AlexaChống ngược sáng 3D DNR
- Kháng nước: IP65
- Hãng sản xuất: TP-Link","Mua camera IP ngoài trời 3MP TP-Link năng lượng mặt trời Tapo C410 kit cũ giá rẻ - Nguồn gốc rõ ràng, bảo hành 6-12 tháng, đổi mới 30 ngày, luôn xuất bán đầy đủ VAT.",Khác,790000,TP-Link,0,56,0,2024-12-03 01:04:01,2026-03-29 12:13:07
615,Cáp Baseus Picogo USB-C to C 240W dài 2m,"Mua Cáp Baseus Picogo USB-C to C 240W dài 2m chính hãng - Giá rẻ, đảm bảo chất lượng, độ bền cao, bảo hành uy tín, giao hàng tận nơi toàn quốc.","- Công suất sạc: 240W
- Sử dụng tối đa: 240W
- Đầu vào: USB-C
- Đầu ra: USB-C
- Chiều dài dây: 2 mét
- Hãng sản xuất: Baseus","Mua Cáp Baseus Picogo USB-C to C 240W dài 2m chính hãng - Giá rẻ, đảm bảo chất lượng, độ bền cao, bảo hành uy tín, giao hàng tận nơi toàn quốc.",Phụ kiện,220000,Baseus,0,63,0,2026-01-03 12:56:29,2026-03-29 12:13:07
616,Đai massage cổ Buheung LUX-502,"Mua đai massage cổ Buheung LUX-502 chính hãng - Giá rẻ, đảm bảo chất lượng, độ bền cao, hỗ trợ giao hàng tận nơi toàn quốc.","- Công suất: 18W
- Mức điều chỉnh: 3 mức cường độ massage
- Đầu massage đi kèm: Con lăn massage
- Vùng massage: Cổ, vai, gáy
- Chế độ massage: Massage nhào bóp
- Chức năng: Thư giãnGiảm đau nhức
- Công nghệ: Massage nhào + nhiệt hồng ngoại
- Tiện ích: Sưởi nhiệt hồng ngoạiDây đeo điều chỉnh lực massageThiết kế ôm sát cổ vai gáyTự động đảo chiều con lăn
- Thời gian: Sử dụng khoảng 1.5 giờSạc khoảng 3.5 giờ
- Kích thước: 210 × 190 × 135 mm
- Trọng lượng: 1.08 kg
- Hãng sản xuất: Buheung","Mua đai massage cổ Buheung LUX-502 chính hãng - Giá rẻ, đảm bảo chất lượng, độ bền cao, hỗ trợ giao hàng tận nơi toàn quốc.",Khác,1990000,Buheung,0,143,0,2025-10-14 15:42:57,2026-03-29 12:13:07
617,HONOR X9d 12GB 256GB - Cũ xước cấn,"Mua điện thoại Honor X9d cũ giá rẻ - Nguồn gốc rõ ràng, bảo hành 6-12 tháng, đổi mới 30 ngày, luôn xuất bán đầy đủ VAT.","- Kích thước màn hình: 6.79 inches
- Công nghệ màn hình: AMOLED
- Camera sau: Camera chính 108MP (F1.75) + Camera góc rộng 5MP (F2.2)
- Camera trước: 16MP (F2.45)
- Chipset: Snapdragon 6 Gen 4
- Công nghệ NFC: Có
- Dung lượng RAM: 12 GB
- Bộ nhớ trong: 256 GB
- Pin: 8300 mAh
- Thẻ SIM: 2 Nano-SIM
- Hệ điều hành: MagicOS 9.0 (Dựa trên Android 15）
- Độ phân giải màn hình: 1200 x 2640 pixels
- Tính năng màn hình: 100% DCI-P3, 1,07 tỷ màu800 nits (điển hình), 1800 nits (chế độ HBM), 6000 nits (chế độ APL)Bảo vệ mắtMàn hình ban đêm sinh họcGiảm độ sáng độngKhử nháy sáng PWM 3840Hz
- Loại CPU: 8 nhân (1× A720 2.3GHz + 3× A720 2.2GHz + 4× A520 1.8GHz)","Mua điện thoại Honor X9d cũ giá rẻ - Nguồn gốc rõ ràng, bảo hành 6-12 tháng, đổi mới 30 ngày, luôn xuất bán đầy đủ VAT.",Điện thoại,6390000,HONOR,0,83,0,2024-09-26 12:24:40,2026-03-29 12:13:07
618,Điện thoại Meizu Mblu 22 Pro NFC 4GB 128GB - Cũ đẹp,"Mua điện thoại Meizu Mblu 22 Pro 4GB 128GB cũ giá rẻ - Nguồn gốc rõ ràng, bảo hành 6-12 tháng, đổi mới 30 ngày, luôn xuất bán đầy đủ VAT.","- Kích thước màn hình: 6.79 inches
- Công nghệ màn hình: TFT LCD
- Camera sau: 50 MP, AF f/1.8Camera macro: 2 MP, f/2.4
- Camera trước: 8 MP, f/2.0
- Chipset: MediaTek Helio G81
- Công nghệ NFC: Có
- Dung lượng RAM: 4 GB
- Bộ nhớ trong: 128 GB
- Pin: 5000 mAh
- Thẻ SIM: 2 Nano-SIM
- Hệ điều hành: Android 15
- Độ phân giải màn hình: 720 x 1640 pixels
- Loại CPU: Octa-core","Mua điện thoại Meizu Mblu 22 Pro 4GB 128GB cũ giá rẻ - Nguồn gốc rõ ràng, bảo hành 6-12 tháng, đổi mới 30 ngày, luôn xuất bán đầy đủ VAT.",Điện thoại,1890000,Hãng khác,2,49,0,2024-06-25 20:35:23,2026-03-29 12:13:07
619,Samsung Galaxy A16 8GB 256GB - Cũ trầy xước,"Mua điện thoại Samsung Galaxy A16 8GB 256GB cũ giá rẻ - Nguồn gốc rõ ràng, bảo hành 6-12 tháng, đổi mới 30 ngày, luôn xuất bán đầy đủ VAT.","- Kích thước màn hình: 6.7 inches
- Công nghệ màn hình: Super AMOLED
- Camera sau: Chính 50 MP &amp; Phụ 5 MP, 2 MP
- Camera trước: 13MP, f/2.0
- Chipset: MediaTek Dimensity 6300 5G 8 nhân
- Công nghệ NFC: Có
- Dung lượng RAM: 8 GB
- Bộ nhớ trong: 256 GB
- Pin: 5,000mAh
- Thẻ SIM: 2 Nano-SIM
- Hệ điều hành: Android 14
- Độ phân giải màn hình: 1080 x 2340 pixels (FullHD+)
- Tính năng màn hình: Tần số quét 90Hz, Kính cường lực Độ sáng tối đa 800nits","Mua điện thoại Samsung Galaxy A16 8GB 256GB cũ giá rẻ - Nguồn gốc rõ ràng, bảo hành 6-12 tháng, đổi mới 30 ngày, luôn xuất bán đầy đủ VAT.",Điện thoại,2890000,Samsung,2,81,0,2025-02-19 01:25:04,2026-03-29 12:13:07
620,Samsung Galaxy S25 Ultra 5G 12GB 512GB - Cũ xước cấn,"Mua điện thoại Samsung Galaxy S25 Ultra 12GB 512GB cũ giá rẻ - Nguồn gốc rõ ràng, bảo hành 6-12 tháng, đổi mới 30 ngày, luôn xuất bán đầy đủ VAT.","- Kích thước màn hình: 6.9 inches
- Công nghệ màn hình: Dynamic AMOLED 2X
- Camera sau: Camera siêu rộng 50MPCamera góc rộng 200 MPCamera Tele (5x) 50MPCamera Tele (3x) 10MP&quot;
- Camera trước: 12 MP
- Chipset: Snapdragon 8 Elite dành cho Galaxy (3nm)
- Công nghệ NFC: Có
- Dung lượng RAM: 12 GB
- Bộ nhớ trong: 512 GB
- Pin: 5000 mAh
- Thẻ SIM: 2 Nano-SIM + eSIM
- Hệ điều hành: Android 17
- Độ phân giải màn hình: 3120 x 1440 pixels (Quad HD+)
- Tính năng màn hình: 120Hz2600 nitsCorning® Gorilla® Armor 2","Mua điện thoại Samsung Galaxy S25 Ultra 12GB 512GB cũ giá rẻ - Nguồn gốc rõ ràng, bảo hành 6-12 tháng, đổi mới 30 ngày, luôn xuất bán đầy đủ VAT.",Điện thoại,21890000,Samsung,2,161,0,2025-05-08 00:19:08,2026-03-29 12:13:07
621,Xiaomi POCO M7 6GB 128GB - Đã kích hoạt,"Mua ngay Xiaomi POCO M7 6GB 128GB đã kích hoạt bảo hành, đổi mới 30 ngày, có trả góp 0%","- Kích thước màn hình: 6.9 inches
- Công nghệ màn hình: IPS LCD
- Camera sau: 50 MP, f/1.8
- Camera trước: 8 MP, f/2.0
- Chipset: Qualcomm SM6225 Snapdragon 685 (6 nm)
- Công nghệ NFC: Có
- Dung lượng RAM: 6 GB
- Bộ nhớ trong: 128 GB
- Pin: 7000 mAh
- Thẻ SIM: Nano-SIM
- Hệ điều hành: Android 15, HyperOS 2
- Độ phân giải màn hình: 1080 x 2340 pixels (FullHD+)
- Tính năng màn hình: Tần số quét: 144Hz, 850 nits
- Loại CPU: Octa-core (4x2.8 GHz Cortex-A73 &amp; 4x1.9 GHz Cortex-A53)","Mua ngay Xiaomi POCO M7 6GB 128GB đã kích hoạt bảo hành, đổi mới 30 ngày, có trả góp 0%",Điện thoại,3190000,Xiaomi,2,199,0,2024-08-02 02:45:09,2026-03-29 12:13:07
622,Xiaomi Redmi Note 15 5G 6GB 128GB - Cũ đẹp,"Mua điện thoại Xiaomi Redmi Note 15 5G cũ giá rẻ - Nguồn gốc rõ ràng, bảo hành 6-12 tháng, đổi mới 30 ngày, luôn xuất bán đầy đủ VAT.","- Kích thước màn hình: 6.77 inches
- Công nghệ màn hình: AMOLED
- Camera sau: Camera chính 108MP ƒ/1.7 OIS + Camera siêu rộng 8MP ƒ/2.2
- Camera trước: 20MP ƒ/2.2
- Chipset: Snapdragon® 6 Gen 3
- Dung lượng RAM: 6 GB
- Bộ nhớ trong: 128 GB
- Pin: 5520mAh
- Thẻ SIM: 2 Nano-SIM
- Hệ điều hành: Xiaomi HyperOS 2
- Độ phân giải màn hình: 1080 x 2392 pixels
- Tính năng màn hình: Độ sáng tối đa 3200 nits, 12-bit, DCI-P3, PWM 3840Hz, chứng nhận TÜV Rheinland","Mua điện thoại Xiaomi Redmi Note 15 5G cũ giá rẻ - Nguồn gốc rõ ràng, bảo hành 6-12 tháng, đổi mới 30 ngày, luôn xuất bán đầy đủ VAT.",Điện thoại,5090000,Xiaomi,2,87,0,2024-06-14 15:30:08,2026-03-29 12:13:07
623,Đồng hồ thông minh HONMA X Huawei Watch GT6 Pro - Đã Kích Hoạt,"Mua Đồng hồ thông minh HONMA X Huawei Watch GT6 Pro cũ giá rẻ - Nguồn gốc rõ ràng, bảo hành 6-12 tháng, đổi mới 30 ngày, luôn xuất bán đầy đủ VAT.","- Công nghệ màn hình: AMOLED
- Kích thước màn hình: 1.47 inch
- Đường kính mặt: 46mm
- Kích thước cổ tay phù hợp: Từ 14 - 21 cm
- Nghe,gọi: Nghe gọi qua Bluetooth
- Tiện ích sức khoẻ: Chế độ luyện tập, Theo dõi giấc ngủ, Đo nhịp tim, Đo lượng oxy trong máu, Đếm bước chân, Tính calo tiêu thụ, Tính quãng đường chạy, Đo mức độ stress, Theo dõi chu kỳ, Tình trạng HRV (Heart Rate Variability)
- GPS tích hợp: GPS tích hợp sẵn trên đồng hồ
- Tương thích: Android 9.0 trở lên iOS 13.0 trở lên
- Thời lượng pin: Sử dụng tối đa: 21 ngày Sử dụng thường xuyên: 12 ngày Khi bật AOD: 7 ngày Khi bật chế độ tập luyện ngoài trời: 40 giờ
- Hãng sản xuất: Huawei","Mua Đồng hồ thông minh HONMA X Huawei Watch GT6 Pro cũ giá rẻ - Nguồn gốc rõ ràng, bảo hành 6-12 tháng, đổi mới 30 ngày, luôn xuất bán đầy đủ VAT.",Khác,7190000,Huawei,2,149,0,2025-09-23 17:44:34,2026-03-29 12:13:07
624,Đồng hồ thông minh Huawei Watch Fit 4 Pro Dây Nylon - Cũ Đẹp,"Mua Đồng hồ thông minh Huawei Watch Fit 4 Pro Dây Nylon cũ giá rẻ - Nguồn gốc rõ ràng, bảo hành 6-12 tháng, đổi mới 30 ngày, luôn xuất bán đầy đủ VAT.","- Công nghệ màn hình: AMOLED
- Kích thước màn hình: 1.82 inch
- Đường kính mặt: 44.5mm
- Kích thước cổ tay phù hợp: Từ 130 - 210 mm
- Nghe,gọi: Nghe gọi qua Bluetooth
- Tiện ích sức khoẻ: Chế độ luyện tập, Theo dõi giấc ngủ, Đo nhịp tim, Đo lượng oxy trong máu, Đếm bước chân, Tính calo tiêu thụ, Tính quãng đường chạy, Đo mức độ stress, Theo dõi chu kỳ, Bài tập thở, Thiền
- Tương thích: Android 8.0 trở lên iOS 13.0 trở lên
- Thời lượng pin: Thời lượng sử dụng tối đa 10 ngày Thời lượng sử dụng thường xuyên 7 ngày Thời lượng sử dụng khi bật AOD 4 ngày
- Hãng sản xuất: Huawei","Mua Đồng hồ thông minh Huawei Watch Fit 4 Pro Dây Nylon cũ giá rẻ - Nguồn gốc rõ ràng, bảo hành 6-12 tháng, đổi mới 30 ngày, luôn xuất bán đầy đủ VAT.",Khác,2690000,Huawei,2,72,0,2024-07-05 20:59:14,2026-03-29 12:13:07
625,iPad Pro M4 13 inch 5G 256GB - Đổi bảo hành,"Mua iPad Pro M4 13 inch 5G 256GB cũ giá rẻ - Nguồn gốc rõ ràng, bảo hành 6-12 tháng, đổi mới 30 ngày, luôn xuất bán đầy đủ VAT.","- Kích thước màn hình: 13 inches
- Công nghệ màn hình: Ultra Retina XDR
- Camera sau: Camera góc siêu rộng 12MP, ƒ/2.4
- Camera trước: Camera góc rộng: 12MP, ƒ/1.8
- Chipset: Apple M4
- Công nghệ NFC: Không
- Dung lượng RAM: 8 GB
- Bộ nhớ trong: 256 GB
- Thẻ SIM: 1 eSIM
- Hệ điều hành: iPadOS 17
- Độ phân giải màn hình: 2752x2064 pixels
- Tính năng màn hình: Công nghệ ProMotion Độ sáng 1000nits, 264 ppi Tần số quét 120hz True Tone Công nghệ ép kínDải màu rộng (P3)
- Loại CPU: CPU 9 lõi với 3 lõi hiệu năng và 6 lõi tiết kiệm điện
- Tương thích: Apple Pencil ProApple Pencil USB-C 2023Bàn phím iPad Pro 13 M4 Apple Magic Keyboard + Trackpad","Mua iPad Pro M4 13 inch 5G 256GB cũ giá rẻ - Nguồn gốc rõ ràng, bảo hành 6-12 tháng, đổi mới 30 ngày, luôn xuất bán đầy đủ VAT.",Tablet,33690000,Apple,2,62,0,2025-08-01 12:09:56,2026-03-29 12:13:07
626,Laptop Acer Aspire Lite 15 AL15-42P-R8E6 - Đã Kích Hoạt,"Mua ngay Laptop Acer Aspire Lite 15 AL15-42P-R8E6 cũ giá rẻ - Nguồn gốc rõ ràng, bảo hành 6-12 tháng, đổi mới 30 ngày, luôn xuất bán đầy đủ VAT.","- Loại card đồ họa: AMD Radeon Graphics
- Dung lượng RAM: 16GB
- Loại RAM: DDR4 Up to 3200MHz
- Số khe ram: 2 khe (1 x 16GB, nâng cấp tối đa 32GB)
- Ổ cứng: 512GB PCIe NVMe SSD (Nâng cấp tối đa 2TB)
- Kích thước màn hình: 15.6 inches
- Công nghệ màn hình: Độ sáng 250nitsMàn hình Acer ComfyView LED-backlit TFT LCD Tỷ lệ 16:9, độ phủ màu 45% NTSC Góc nhìn rộng Thiết kế siêu mỏng
- Pin: 58Wh 3-cell Li-ion battery, 65W Type-C Adapter
- Hệ điều hành: Windows 11 Home Single Language
- Độ phân giải màn hình: 1920 x 1080 pixels (FullHD)
- Loại CPU: AMD Ryzen 5 7430U (6 lõi / 12 luồng, Base Clock : 2.3 GHz, Max. Boost Clock : Up to 4.3 GHz, 16MB L3 Cache ; 3MB L2 Cache)
- Cổng giao tiếp: 1x USB-C (USB 3.2 Gen 1, DP, sạc 5–20V/3.25A) 3x USB-A (USB 3.2 Gen 1) 1x HDMI 1.4 (HDCP) 1x khe microSD (tối đa 512GB, SDXC/exFAT) 1x jack tai nghe 3.5mm (hỗ trợ mic)","Mua ngay Laptop Acer Aspire Lite 15 AL15-42P-R8E6 cũ giá rẻ - Nguồn gốc rõ ràng, bảo hành 6-12 tháng, đổi mới 30 ngày, luôn xuất bán đầy đủ VAT.",Laptop,13590000,Acer,45,12,0,2024-09-02 03:33:28,2026-03-29 12:13:07
627,Laptop Acer Aspire Lite 15 AL15-71P-517D NX.J7KSV.001 - Cũ Xước Cấn,"Mua ngay Laptop Acer Aspire Lite 15 AL15-71P-517D cũ giá rẻ - Nguồn gốc rõ ràng, bảo hành 6-12 tháng, đổi mới 30 ngày, luôn xuất bán đầy đủ VAT.","- Loại card đồ họa: Intel UHD Graphics
- Dung lượng RAM: 16GB
- Loại RAM: DDR45 4800MHz
- Số khe ram: 2 khe rời (Máy nguyên bản 16GB, được tặng 8GB, nâng cấp tối đa 64GB)
- Ổ cứng: 512GB PCIe NVMe SSD
- Kích thước màn hình: 15.6 inches
- Công nghệ màn hình: Độ sáng 250nitsAcer ComfyView
- Pin: 58Wh 3-cell Li-ion battery
- Hệ điều hành: Windows 11 Home
- Độ phân giải màn hình: 1920 x 1080 pixels (FullHD)
- Loại CPU: Intel Core i5-12450H (8 lõi / 12 luồng, up to 4.40 GHz, 12 MB)
- Cổng giao tiếp: 1x USB Type-C 3x USB-A 1x HDMI 1.4 hỗ trợ HDCP 1x giắc cắm tai nghe/loa 3.5 mm, hỗ trợ tai nghe có micrô tích hợp Thẻ nhớ MicroSD lên đến 512 GB (tương thích SDXC, tương thích exFAT)","Mua ngay Laptop Acer Aspire Lite 15 AL15-71P-517D cũ giá rẻ - Nguồn gốc rõ ràng, bảo hành 6-12 tháng, đổi mới 30 ngày, luôn xuất bán đầy đủ VAT.",Laptop,10290000,Acer,2,153,0,2026-01-24 10:09:11,2026-03-29 12:13:07
628,Laptop Acer Gaming Nitro Lite 16 NL16-71G-56WQ - Cũ Trầy Xước,"Mua ngay Laptop Acer Gaming Nitro Lite 16 NL16-71G-56WQ cũ giá rẻ - Nguồn gốc rõ ràng, bảo hành 6-12 tháng, đổi mới 30 ngày, luôn xuất bán đầy đủ VAT.","- Loại card đồ họa: NVIDIA GeForce RTX 3050 với 6 GB VRAM GDDR6 chuyên dụng, hỗ trợ 2560 lõi NVIDIA CUDA
- Dung lượng RAM: 16GB
- Loại RAM: DDR5 Up to 4800 MT/s
- Số khe ram: 2 khe (1 x 8GB Onboard + 1 x 8GB rời, nâng cấp lên tối đa 56GB (8GB Onboard + 48GB 1 thanh RAM rời))
- Ổ cứng: 512GB PCIe NVMe SSD (Nâng cấp tối đa 2TB)
- Kích thước màn hình: 16 inches
- Công nghệ màn hình: Độ phủ màu NTSC 45%Độ sáng 300nitsAcer ComfyView LED-backlit TFT LCD Góc nhìn rộng lên đến 170 độ
- Pin: Pin Li-ion 3 cell 53Wh Bộ chuyển đổi TypeC 100W
- Hệ điều hành: Windows 11 Home Single Language
- Độ phân giải màn hình: 1920 x 1200 pixels (FullHD+)
- Loại CPU: Intel Core i5-13420H (8 lõi / 12 luồng, Tần số Turbo tối đa của E-core: 3.4 GHz, Tần số Turbo tối đa của P-core: 4.6 GHz, 12 MB Intel Smart Cache)
- Cổng giao tiếp: 1x USB Type-C 2x USB-A Giắc cắm tai nghe/loa 3.5 mm, hỗ trợ tai nghe có micrô tích hợp Cổng HDMI 2.1 hỗ trợ HDCP Cổng Ethernet (RJ-45)","Mua ngay Laptop Acer Gaming Nitro Lite 16 NL16-71G-56WQ cũ giá rẻ - Nguồn gốc rõ ràng, bảo hành 6-12 tháng, đổi mới 30 ngày, luôn xuất bán đầy đủ VAT.",Laptop,18890000,Acer,45,106,0,2025-12-24 23:52:21,2026-03-29 12:13:07
629,Laptop ASUS Gaming V16 V3607VM-RP044W - Cũ Đẹp,"Mua ngay Laptop ASUS Gaming V16 V3607VM-RP044W cũ giá rẻ - Nguồn gốc rõ ràng, bảo hành 6-12 tháng, đổi mới 30 ngày, luôn xuất bán đầy đủ VAT.","- Loại card đồ họa: NVIDIA GeForce RTX 5060 8GB GDDR7Intel Graphics
- Dung lượng RAM: 32GB
- Loại RAM: DDR5 SO-DIMM
- Số khe ram: 2 khe (1x 16GB, nâng cấp tối đa 32GB)
- Ổ cứng: 1TB M.2 NVMe PCIe 4.0 SSD
- Kích thước màn hình: 16 inches
- Công nghệ màn hình: Độ sáng 300nitsĐộ phủ màu 45% NTSC Màn hình chống chói
- Pin: 63WHrs, 3S1P, 3-cell Li-ion
- Hệ điều hành: Windows 11 Home
- Độ phân giải màn hình: 1920 x 1200 pixels (WUXGA)
- Loại CPU: Intel Core 7 240H 2.5 GHz (24MB Cache, up to 5.2 GHz, 10 lõi, 16 luồng)
- Cổng giao tiếp: 1x USB 3.2 Gen 1 Type-C hỗ trợ hiển thị/cung cấp điện (5Gbps) 2x USB 3.2 Gen 1 Type-A (tốc độ dữ liệu lên đến 5Gbps) 1x HDMI 2.1 FRL 1x Giắc cắm âm thanh kết hợp 3.5mm 1x DC-in","Mua ngay Laptop ASUS Gaming V16 V3607VM-RP044W cũ giá rẻ - Nguồn gốc rõ ràng, bảo hành 6-12 tháng, đổi mới 30 ngày, luôn xuất bán đầy đủ VAT.",Laptop,27390000,ASUS,45,63,0,2026-01-21 09:39:38,2026-03-29 12:13:07
630,Laptop ASUS Vivobook 15 X1504ZA-NJ102W - Cũ Xước Cấn,"Mua Laptop ASUS Vivobook 15 X1504ZA-NJ102W cũ giá rẻ - Nguồn gốc rõ ràng, bảo hành 6-12 tháng, đổi mới 30 ngày, luôn xuất bán đầy đủ VAT.","- Loại card đồ họa: Card tích hợp - Intel UHD Graphics
- Dung lượng RAM: 8GB
- Loại RAM: DDR4 3200MHz
- Số khe ram: 2 khe (1 khe 8GB onboard + 1 khe trống)Hỗ trợ RAM tối đa 16GB
- Ổ cứng: 512GB SSD NVMe PCIe
- Kích thước màn hình: 15.6 inches
- Công nghệ màn hình: Chống chói Anti Glare, LED Backlit, 45% NTSC
- Pin: 3-cell, 42Wh
- Hệ điều hành: Windows 11 Home SL
- Độ phân giải màn hình: 1920 x 1080 pixels (FullHD)
- Loại CPU: Intel Core i3 Alder Lake - 1215U
- Cổng giao tiếp: USB Type-C1 x USB 2.0Jack tai nghe 3.5 mm2 x USB 3.2HDMI","Mua Laptop ASUS Vivobook 15 X1504ZA-NJ102W cũ giá rẻ - Nguồn gốc rõ ràng, bảo hành 6-12 tháng, đổi mới 30 ngày, luôn xuất bán đầy đủ VAT.",Laptop,5990000,ASUS,45,110,0,2025-08-14 03:00:11,2026-03-29 12:13:07
631,Laptop Dell 15 DC15250 H5YXJ - Đã Kích Hoạt,"Mua ngay Laptop Dell 15 DC15250 H5YXJ cũ giá rẻ - Nguồn gốc rõ ràng, bảo hành 6-12 tháng, đổi mới 30 ngày, luôn xuất bán đầy đủ VAT.","- Loại card đồ họa: Intel UHD Graphics
- Dung lượng RAM: 16GB
- Loại RAM: DDR4
- Số khe ram: 2 khe (nâng cấp tối đa 24GB)
- Ổ cứng: 1TB SSD
- Kích thước màn hình: 15.6 inches
- Công nghệ màn hình: Độ phủ màu 45% NTSC
- Pin: 3-cell, 41 Wh
- Hệ điều hành: Windows 11
- Độ phân giải màn hình: 1920 x 1080 pixels (FullHD)
- Loại CPU: Intel Core i7-1355U
- Cổng giao tiếp: SD card / USB 2.0 / Cổng âm thanh đa năng / HDMI 1.4 / USB 3.2 Gen 1 / USB Type-C","Mua ngay Laptop Dell 15 DC15250 H5YXJ cũ giá rẻ - Nguồn gốc rõ ràng, bảo hành 6-12 tháng, đổi mới 30 ngày, luôn xuất bán đầy đủ VAT.",Laptop,17790000,Dell,45,46,0,2026-01-26 00:59:52,2026-03-29 12:13:07
632,Laptop Gaming Acer Nitro V ANV15-51-58AN NH.QNASV.001 - Cũ Đẹp,"Mua Laptop Acer Nitro V cũ giá rẻ - Nguồn gốc rõ ràng, bảo hành 6-12 tháng, đổi mới 30 ngày, luôn xuất bán đầy đủ VAT.","- Loại card đồ họa: NVIDIA GeForce RTX 2050 4 GB GDDR6 VRAM
- Dung lượng RAM: 24GB
- Loại RAM: DDR5 5200MHz
- Số khe ram: 2 khe (Nâng cấp tối đa 32GB)
- Ổ cứng: 512GB PCIe NVMe SSD (2 khe cắm, nâng cấp tối đa 2TB SSD)
- Kích thước màn hình: 15.6 inches
- Công nghệ màn hình: 250 nitsAcer ComfyView LED-backlit TFT LCD45% NTSC
- Pin: 4 cell - 57 Wh
- Hệ điều hành: Windows 11 Home
- Độ phân giải màn hình: 1920 x 1080 pixels (FullHD)
- Loại CPU: Intel Core i5-13420H (8 lõi / 12 luồng, up to 4.60 GHz, 12 MB Intel Smart Cache)
- Cổng giao tiếp: 1x USB Type-C 3x USB-A 1x Ethernet (RJ-45) 1x DC-in jack for AC adapter 1x HDMI 2.1 (hỗ trợ HDCP) 1x 3.5 mm headphone/speaker jack","Mua Laptop Acer Nitro V cũ giá rẻ - Nguồn gốc rõ ràng, bảo hành 6-12 tháng, đổi mới 30 ngày, luôn xuất bán đầy đủ VAT.",Laptop,13790000,Acer,45,144,0,2024-10-08 22:49:38,2026-03-29 12:13:07
633,Laptop HP 15-FC0085AU A6VV8PA - Cũ Trầy Xước,"Mua Laptop HP 15-FC0085AU A6VV8PA cũ giá rẻ - Nguồn gốc rõ ràng, bảo hành 6-12 tháng, đổi mới 30 ngày, luôn xuất bán đầy đủ VAT.","- Loại card đồ họa: Card tích hợp - AMD Radeon Graphics
- Dung lượng RAM: 16GB
- Loại RAM: DDR4 3200 MHz
- Số khe ram: 2 khe (1 khe 8GB + 1 khe 8GB)
- Ổ cứng: 512GB SSD NVMe PCIe
- Kích thước màn hình: 15.6 inches
- Công nghệ màn hình: 45% NTSCChống chói Anti Glare250 nits
- Pin: 3-cell, 41Wh
- Hệ điều hành: Windows 11 Home SL
- Độ phân giải màn hình: 1920 x 1080 pixels (FullHD)
- Loại CPU: AMD Ryzen 5 - 7430U
- Cổng giao tiếp: HDMI2 x USB Type-A1 x USB Type-C (chỉ hỗ trợ truyền dữ liệu)1 x Headphone/microphone combo","Mua Laptop HP 15-FC0085AU A6VV8PA cũ giá rẻ - Nguồn gốc rõ ràng, bảo hành 6-12 tháng, đổi mới 30 ngày, luôn xuất bán đầy đủ VAT.",Laptop,10990000,HP,45,19,0,2026-02-28 03:57:38,2026-03-29 12:13:07
634,Laptop HP 250 G10 A06FRPT - Cũ Đẹp,"Mua Laptop HP 250 G10 A06FRPT cũ giá rẻ - Nguồn gốc rõ ràng, bảo hành 6-12 tháng, đổi mới 30 ngày, luôn xuất bán đầy đủ VAT.","- Loại card đồ họa: Intel Iris Xe Graphics
- Dung lượng RAM: 8GB
- Loại RAM: DDR4 3200MHz
- Số khe ram: 2 khe ram
- Ổ cứng: 512GB PCIe M.2 NVMe SSD
- Kích thước màn hình: 15.6 inches
- Công nghệ màn hình: IPS, anti-glare, 250 nits, 45% NTSC
- Pin: 3 cell
- Hệ điều hành: Windows 11 Home
- Độ phân giải màn hình: 1920 x 1080 pixels (FullHD)
- Loại CPU: Intel Core i5 1334U 1.3GHz
- Cổng giao tiếp: 1 x USB Type-C® 5Gbps signaling rate2 x USB Type-A 5Gbps signaling rate1 x AC power1 x HDMI 1.4b1 x stereo headphone/microphone combo jack","Mua Laptop HP 250 G10 A06FRPT cũ giá rẻ - Nguồn gốc rõ ràng, bảo hành 6-12 tháng, đổi mới 30 ngày, luôn xuất bán đầy đủ VAT.",Laptop,12590000,HP,45,43,0,2025-10-04 01:39:44,2026-03-29 12:13:07
635,Laptop HP 250 G10 B1RY5PT,"Mua ngay Laptop HP 250 G10 B1RY5PT giá rẻ - Hỗ trợ trả góp 0%, đổi mới 30 ngày, bảo hành chính hãng, giao hàng tận nơi miễn phí.","- Loại card đồ họa: Intel UHD Graphics
- Dung lượng RAM: 8GB
- Loại RAM: DDR4/ 3200MHz
- Số khe ram: 2 khe (1 x 8GB)
- Ổ cứng: 512GB SSD PCIe (M.2 2280)
- Kích thước màn hình: 15.6 inches
- Công nghệ màn hình: Màn hình chống chói
- Pin: 3 Cell Int (41.04Wh)
- Hệ điều hành: Windows 11 Home Single Language 64-bit
- Độ phân giải màn hình: 1920 x 1080 pixels (FullHD)
- Loại CPU: Intel Core i5-1335U (10 lõi) - Max Turbo Frequency: 4.60 GHz
- Cổng giao tiếp: 2 x USB 3.2 Gen 1 Type-A 1 x USB 3.2 Gen 1 Type-C 1 x HDMI 1 x Jack tai nghe/mic 3.5 mm","Mua ngay Laptop HP 250 G10 B1RY5PT giá rẻ - Hỗ trợ trả góp 0%, đổi mới 30 ngày, bảo hành chính hãng, giao hàng tận nơi miễn phí.",Laptop,16790000,HP,0,76,0,2025-03-03 09:00:58,2026-03-29 12:13:07
636,Laptop HP 250 G10 B3WA7AT,"Mua ngay Laptop HP 250 G10 B3WA7AT giá rẻ - Hỗ trợ trả góp 0%, đổi mới 30 ngày, bảo hành chính hãng, giao hàng tận nơi miễn phí.","- Loại card đồ họa: Intel UHD Graphics
- Dung lượng RAM: 8GB
- Loại RAM: DDR4/ 3200MHz
- Số khe ram: 2 khe (1 x 8GB)
- Ổ cứng: 512GB SSD PCIe (M.2 2280)
- Kích thước màn hình: 15.6 inches
- Công nghệ màn hình: Màn hình chống chói
- Pin: 3 Cell Int (41.04Wh)
- Hệ điều hành: Windows 11 Home Single Language 64-bit
- Độ phân giải màn hình: 1920 x 1080 pixels (FullHD)
- Loại CPU: Intel Core i5-1334U (10 lõi) - Max Turbo Frequency: 4.60 GHz
- Cổng giao tiếp: 2 x USB 3.2 Gen 1 Type-A 1 x USB 3.2 Gen 1 Type-C 1 x HDMI 1 x Jack tai nghe/mic 3.5 mm","Mua ngay Laptop HP 250 G10 B3WA7AT giá rẻ - Hỗ trợ trả góp 0%, đổi mới 30 ngày, bảo hành chính hãng, giao hàng tận nơi miễn phí.",Laptop,16390000,HP,0,62,0,2025-05-16 13:04:48,2026-03-29 12:13:07
637,Laptop HP 250 G10 B73TQAT,"Mua ngay Laptop HP 250 G10 B73TQAT giá rẻ - Hỗ trợ trả góp 0%, đổi mới 30 ngày, bảo hành chính hãng, giao hàng tận nơi miễn phí.","- Loại card đồ họa: Intel UHD Graphics
- Dung lượng RAM: 8GB
- Loại RAM: DDR4/ 3200MHz
- Số khe ram: 2 khe (1 x 8GB)
- Ổ cứng: 512GB SSD PCIe (M.2 2280)
- Kích thước màn hình: 15.6 inches
- Công nghệ màn hình: Màn hình chống chói
- Pin: 3 Cell Int (41.04Wh)
- Hệ điều hành: Windows 11 Home Single Language 64-bit
- Độ phân giải màn hình: 1920 x 1080 pixels (FullHD)
- Loại CPU: Intel Core i3-1315U (6 lõi) - Max Turbo Frequency: 4.50 GHz
- Cổng giao tiếp: 2 x USB 3.2 Gen 1 Type-A 1 x USB 3.2 Gen 1 Type-C 1 x HDMI 1 x Jack tai nghe/mic 3.5 mm","Mua ngay Laptop HP 250 G10 B73TQAT giá rẻ - Hỗ trợ trả góp 0%, đổi mới 30 ngày, bảo hành chính hãng, giao hàng tận nơi miễn phí.",Laptop,13190000,HP,0,71,0,2026-02-13 21:55:26,2026-03-29 12:13:07
638,Laptop HP 250 G9 AG4X7AT,"Mua ngay Laptop HP 250 G9 AG4X7AT giá rẻ - Hỗ trợ trả góp 0%, đổi mới 30 ngày, bảo hành chính hãng, giao hàng tận nơi miễn phí.","- Loại card đồ họa: Intel UHD Graphics
- Dung lượng RAM: 8GB
- Loại RAM: DDR4/ 3200MHz
- Số khe ram: 2 khe (1 x 8GB)
- Ổ cứng: 512GB SSD PCIe (M.2 2280)
- Kích thước màn hình: 15.6 inches
- Công nghệ màn hình: Màn hình chống chói Viền mỏng
- Pin: 3 Cell Int (41.04Wh)
- Hệ điều hành: Windows 11 Home Single Language 64-bit
- Độ phân giải màn hình: 1920 x 1080 pixels (FullHD)
- Loại CPU: Intel Core i5-1235U (10 lõi) - Max Turbo Frequency: 4.40 GHz
- Cổng giao tiếp: 2 x USB 3.2 Gen 1 Type-A 1 x USB 3.2 Gen 1 Type-C 1 x HDMI 1 x RJ45 (LAN) 1 x Jack tai nghe/mic 3.5 mm","Mua ngay Laptop HP 250 G9 AG4X7AT giá rẻ - Hỗ trợ trả góp 0%, đổi mới 30 ngày, bảo hành chính hãng, giao hàng tận nơi miễn phí.",Laptop,15490000,HP,0,135,0,2024-05-23 12:44:07,2026-03-29 12:13:07
639,Laptop HP 250R G10 C3RV3AT,"Mua ngay Laptop HP 250R G10 C3RV3AT giá rẻ - Hỗ trợ trả góp 0%, đổi mới 30 ngày, bảo hành chính hãng, giao hàng tận nơi miễn phí.","- Loại card đồ họa: Intel Graphics
- Dung lượng RAM: 8GB
- Loại RAM: DDR4 3200MHz
- Số khe ram: 2 khe (1 x 8GB)
- Ổ cứng: 512GB SSD PCIe (M.2 2280)
- Kích thước màn hình: 15.6 inches
- Công nghệ màn hình: Màn hình chống chóiViền mỏng
- Pin: 3 Cell Int (41.04Wh)
- Hệ điều hành: Windows 11 Home Single Language 64-bit
- Độ phân giải màn hình: 1920 x 1080 pixels (FullHD)
- Loại CPU: Intel Core 3 100U (6 lõi) - Max Turbo Frequency: 4.70 GHz
- Cổng giao tiếp: 2 x USB 3.2 Gen 1 Type-A 1 x USB 3.2 Gen 2 Type-C (Power Delivery, DisplayPort, HP Sleep and Charge) 1 x HDMI 1 x Jack tai nghe/mic 3.5 mm","Mua ngay Laptop HP 250R G10 C3RV3AT giá rẻ - Hỗ trợ trả góp 0%, đổi mới 30 ngày, bảo hành chính hãng, giao hàng tận nơi miễn phí.",Laptop,13790000,HP,0,72,0,2024-05-14 12:18:14,2026-03-29 12:13:07
640,Laptop HP 250R G10 C3SH6AT,"Mua ngay Laptop HP 250R G10 C3SH6AT giá rẻ - Hỗ trợ trả góp 0%, đổi mới 30 ngày, bảo hành chính hãng, giao hàng tận nơi miễn phí.","- Loại card đồ họa: Intel Graphics
- Dung lượng RAM: 8GB
- Loại RAM: DDR4 3200MHz
- Số khe ram: 2 khe (1 x 8GB)
- Ổ cứng: 512GB SSD PCIe (M.2 2280)
- Kích thước màn hình: 15.6 inches
- Công nghệ màn hình: Màn hình chống chóiViền mỏng
- Pin: 3 Cell Int (41.04Wh)
- Hệ điều hành: Windows 11 Home Single Language 64-bit
- Độ phân giải màn hình: 1920 x 1080 pixels (FullHD)
- Loại CPU: Intel Core 5 120U (10 lõi) - Max Turbo Frequency: 5.00 GHz
- Cổng giao tiếp: 2 x USB 3.2 Gen 1 Type-A 1 x USB 3.2 Gen 2 Type-C (Power Delivery, DisplayPort, HP Sleep and Charge) 1 x HDMI 1 x Jack tai nghe/mic 3.5 mm","Mua ngay Laptop HP 250R G10 C3SH6AT giá rẻ - Hỗ trợ trả góp 0%, đổi mới 30 ngày, bảo hành chính hãng, giao hàng tận nơi miễn phí.",Laptop,17990000,HP,0,189,0,2025-06-24 08:19:55,2026-03-29 12:13:07
641,Laptop HP 250R G10 CC9C0PT,"Mua ngay Laptop HP 250R G10 CC9C0PT giá rẻ - Hỗ trợ trả góp 0%, đổi mới 30 ngày, bảo hành chính hãng, giao hàng tận nơi miễn phí.","- Loại card đồ họa: Intel Graphics
- Dung lượng RAM: 16GB
- Loại RAM: DDR4 3200MHz
- Số khe ram: 2 khe (1 x 16GB)
- Ổ cứng: 512GB SSD PCIe (M.2 2280)
- Kích thước màn hình: 15.6 inches
- Công nghệ màn hình: Màn hình chống chóiViền mỏng
- Pin: 3 Cell Int (41.04Wh)
- Hệ điều hành: Windows 11 Home Single Language 64-bit
- Độ phân giải màn hình: 1920 x 1080 pixels (FullHD)
- Loại CPU: Intel Core 7 150U (10 lõi) - Max Turbo Frequency: 5.40 GHz
- Cổng giao tiếp: 2 x USB 3.2 Gen 1 Type-A 1 x USB 3.2 Gen 2 Type-C (Power Delivery, DisplayPort, HP Sleep and Charge) 1 x HDMI 1 x Jack tai nghe/mic 3.5 mm","Mua ngay Laptop HP 250R G10 CC9C0PT giá rẻ - Hỗ trợ trả góp 0%, đổi mới 30 ngày, bảo hành chính hãng, giao hàng tận nơi miễn phí.",Laptop,21990000,HP,0,116,0,2024-09-03 06:56:57,2026-03-29 12:13:07
642,Laptop Lenovo Ideapad 1 15ALC7 82R400C1VN - Cũ Trầy Xước,"Mua Laptop Lenovo Ideapad 1 15ALC7 82R400C1VN cũ giá rẻ - Nguồn gốc rõ ràng, bảo hành 6-12 tháng, đổi mới 30 ngày, luôn xuất bán đầy đủ VAT.","- Loại card đồ họa: AMD Radeon Graphics
- Dung lượng RAM: 16GB
- Loại RAM: DDR4 3200 MHz
- Số khe ram: 2 khe (Onboard 8GB + 1 khe 8GB)
- Ổ cứng: 512GB SSD NVMe PCIe Gen 4.0 (Có thể tháo ra, lắp thanh khác tối đa 1TB (2280) / 512GB (2242))
- Kích thước màn hình: 15.6 inches
- Công nghệ màn hình: Chống chói Anti Glare250 nits
- Pin: 42 Wh
- Hệ điều hành: Windows 11 Home SL
- Độ phân giải màn hình: 1920 x 1080 pixels (FullHD)
- Loại CPU: AMD Ryzen 7 - 5700U
- Cổng giao tiếp: Jack tai nghe 3.5 mm1 x USB 2.01 x USB 3.2 HDMI1 x USB Type-C (chỉ hỗ trợ truyền dữ liệu)","Mua Laptop Lenovo Ideapad 1 15ALC7 82R400C1VN cũ giá rẻ - Nguồn gốc rõ ràng, bảo hành 6-12 tháng, đổi mới 30 ngày, luôn xuất bán đầy đủ VAT.",Laptop,8990000,Lenovo,2,156,0,2025-03-10 14:40:25,2026-03-29 12:13:07
643,Laptop Lenovo Legion 5 15IRX10 83LY00A7VN - Cũ Đẹp,"Mua ngay Laptop Lenovo Legion 5 15IRX10 83LY00A7VN cũ giá rẻ - Nguồn gốc rõ ràng, bảo hành 6-12 tháng, đổi mới 30 ngày, luôn xuất bán đầy đủ VAT.","- Loại card đồ họa: NVIDIA GeForce RTX 5050 8GB GDDR7, Boost Clock 2662MHz, TGP 115W, 440 AI TOPS
- Dung lượng RAM: 16GB
- Loại RAM: SO-DIMM DDR5-5600
- Số khe ram: 2 khe (1x 16GB, nâng cấp tối đa 32GB)
- Ổ cứng: 512GB SSD M.2 2242 PCIe 4.0x4 NVMe (Tối đa hai ổ đĩa, 2x M.2 SSD • M.2 2242 SSD tối đa 1TB mỗi ổ)
- Kích thước màn hình: 15.1 inches
- Công nghệ màn hình: Độ sáng 500nits Độ phủ màu 100% DCI-P3 Dolby Vision DisplayHDR True Black 600
- Pin: 80Wh, 245W Slim Tip (3-pin)
- Hệ điều hành: Windows 11 Home Single Language, English + Office Home 2024 + Lenovo AI Now
- Độ phân giải màn hình: 2560 x 1600 (WQXGA)
- Loại CPU: Intel Core i7-14700HX, 20 lõi (8P + 12E) / 28 luồng, P-core 2.1 / 5.5GHz, E-core 1.5 / 3.9GHz, 33MB
- Cổng giao tiếp: 2x USB-A (5Gbps) 1x USB-A (5Gbps), Luôn bật 1x USB-C (10Gbps), với USB PD 65-100W và DP 2.1 1x USB-C với DP 1.4 1x HDMI 2.1, lên đến 8K/60Hz 1x giắc cắm kết hợp tai nghe / micrô (3.5 mm) 1x Ethernet (RJ-45) 1x đầu nối nguồn","Mua ngay Laptop Lenovo Legion 5 15IRX10 83LY00A7VN cũ giá rẻ - Nguồn gốc rõ ràng, bảo hành 6-12 tháng, đổi mới 30 ngày, luôn xuất bán đầy đủ VAT.",Laptop,28990000,Lenovo,0,90,0,2024-12-19 19:09:27,2026-03-29 12:13:07
644,Laptop Lenovo LOQ 15IRH8 82XV00QXVN - Cũ Xước Cấn,"Mua Laptop Lenovo LOQ 15IRH8 82XV00QXVN cũ giá rẻ - Nguồn gốc rõ ràng, bảo hành 6-12 tháng, đổi mới 30 ngày, luôn xuất bán đầy đủ VAT.","- Chip AI: AI Chip LA1
- Loại card đồ họa: NVIDIA GeForce RTX 4050, 6GB
- Dung lượng RAM: 16GB
- Loại RAM: DDR5 5200 MHz
- Số khe ram: 1 khe 8 GB + 1 khe 8 GBHỗ trợ RAM tối đa 32GB
- Ổ cứng: 512GB SSD NVMe PCIe 4.0 (Có thể tháo ra, lắp thanh khác tối đa 1TB)Hỗ trợ thêm 1 khe cắm SSD M.2 PCIe Gen 4 mở rộng (nâng cấp tối đa 1TB)
- Kích thước màn hình: 15.6 inches
- Công nghệ màn hình: G-SyncChống chói Anti Glare350 nits
- Pin: 60 Wh
- Hệ điều hành: Windows 11 Home SL
- Độ phân giải màn hình: 1920 x 1080 pixels (FullHD)
- Loại CPU: Intel Core i7 Raptor Lake - 13620H 10 nhân 16 luồng 2.40 GHz (Lên đến 5.20 GHz khi tải nặng)
- Cổng giao tiếp: Jack tai nghe 3.5 mm3 x USB 3.2HDMI1 x USB-C 3.2 (hỗ trợ truyền dữ liệu, Power Delivery 140W và DisplayPort 1.4)LAN (RJ45)","Mua Laptop Lenovo LOQ 15IRH8 82XV00QXVN cũ giá rẻ - Nguồn gốc rõ ràng, bảo hành 6-12 tháng, đổi mới 30 ngày, luôn xuất bán đầy đủ VAT.",Laptop,22390000,Lenovo,2,27,0,2024-05-11 08:38:12,2026-03-29 12:13:07
645,Laptop Lenovo ThinkBook 14 G6 ABP 21KJ005HVN - Cũ Đẹp,"Mua ngay Laptop Lenovo ThinkBook 14 G6 ABP 21KJ005HVN cũ giá rẻ - Nguồn gốc rõ ràng, bảo hành 6-12 tháng, đổi mới 30 ngày, luôn xuất bán đầy đủ VAT.","- Loại card đồ họa: AMD Radeon Graphics
- Dung lượng RAM: 16GB
- Loại RAM: DDR4-3200
- Số khe ram: 2 khe (1 x 16GB + 1 khe trống, nâng cấp tối đa 64GB)
- Ổ cứng: 512GB SSD M.2 2280 PCIe 4.0x4 NVMe (Tối đa hai ổ đĩa, nâng cấp lên đến 2TB)
- Kích thước màn hình: 14 inches
- Công nghệ màn hình: Độ sáng 300nits Màn hình chống chóiĐộ phủ màu 45% NTSC
- Pin: 45Wh
- Hệ điều hành: Windows 11 Home Single Language
- Độ phân giải màn hình: 1920 x 1200 pixels (WUXGA)
- Loại CPU: AMD Ryzen 7 7730U (8C / 16T, 2.0 / 4.5GHz, 4MB L2 / 16MB L3)
- Cổng giao tiếp: 1x USB 3.2 Gen 1 1x USB 3.2 Gen 1 (Always On) 2x USB-C 3.2 Gen 2 (Truyền dữ liệu, Power Delivery 3.0 and DisplayPort 1.4) 1x HDMI 2.1, up to 4K/60Hz 1x Headphone / microphone combo jack (3.5mm) 1x Ethernet (RJ-45) 1x Đầu đọc thẻ SD","Mua ngay Laptop Lenovo ThinkBook 14 G6 ABP 21KJ005HVN cũ giá rẻ - Nguồn gốc rõ ràng, bảo hành 6-12 tháng, đổi mới 30 ngày, luôn xuất bán đầy đủ VAT.",Laptop,13690000,Lenovo,45,80,0,2026-01-21 00:39:51,2026-03-29 12:13:07
646,Laptop Lenovo Thinkpad P1 Gen 6 21FWS5BP00 - Cũ Trầy Xước,"Mua Laptop Lenovo Thinkpad P1 Gen 6 21FWS5BP00 cũ giá rẻ - Nguồn gốc rõ ràng, bảo hành 6-12 tháng, đổi mới 30 ngày, luôn xuất bán đầy đủ VAT.","- Loại card đồ họa: INVIDIA® RTX™ A1000 Laptop GPU 6GB GDDR6
- Dung lượng RAM: 32GB
- Loại RAM: DDR5 5600MHz
- Ổ cứng: 512GB SSD M.2 2280 PCIe Gen4 Performance TLC Opal
- Kích thước màn hình: 16 inches
- Công nghệ màn hình: 16&quot; Full HD (1920 x 1200), IPS, Anti-Glare, Non-Touch, 100%sRGB, 300 nits, 60Hz, Low Blue Light
- Hệ điều hành: Windows 10 Pro
- Độ phân giải màn hình: 1920 x 1200 pixels (FullHD+)
- Loại CPU: Intel® Core™ i7-13800H vPro® Processor (E-cores up to 4.00 GHz P-cores up to 5.20 GHz)
- Cổng giao tiếp: HDMI 2.12x USB 3.2 Gen 12x Thunderbolt 4SD Card ReaderHDMI 2.1","Mua Laptop Lenovo Thinkpad P1 Gen 6 21FWS5BP00 cũ giá rẻ - Nguồn gốc rõ ràng, bảo hành 6-12 tháng, đổi mới 30 ngày, luôn xuất bán đầy đủ VAT.",Laptop,26590000,Lenovo,0,16,0,2025-08-22 07:08:03,2026-03-29 12:13:07
647,Laptop MSI Gaming Bravo 15 B5DD-278VN - Cũ Đẹp,"Mua Laptop MSI Gaming Bravo 15 B5DD-278VN cũ giá rẻ - Nguồn gốc rõ ràng, bảo hành 6-12 tháng, đổi mới 30 ngày, luôn xuất bán đầy đủ VAT.","- Loại card đồ họa: AMD Radeon™ RX 5500M 4GB GDDR6
- Dung lượng RAM: 16GB
- Loại RAM: DDR4 3200MHz
- Số khe ram: 2 khe
- Ổ cứng: SSD 512GB M.2 PCIe Gen3
- Kích thước màn hình: 15.6 inches
- Công nghệ màn hình: Viền mỏngChống chóiGóc mở 180 độ
- Pin: 53WHrs Li-ion Battery
- Hệ điều hành: Windows 11
- Độ phân giải màn hình: 1920 x 1080 pixels (FullHD)
- Loại CPU: AMD Ryzen™ R7-5800H 8 Cores 16 Threads 20MB Cache
- Cổng giao tiếp: 1 x HDMI1 x USB TypeC2 x USB 3.2 &amp; 2.01 x DC-in1 x Jack Audio™ 3.5mm","Mua Laptop MSI Gaming Bravo 15 B5DD-278VN cũ giá rẻ - Nguồn gốc rõ ràng, bảo hành 6-12 tháng, đổi mới 30 ngày, luôn xuất bán đầy đủ VAT.",Laptop,11490000,MSI,2,14,0,2024-10-01 09:44:19,2026-03-29 12:13:07
648,Laptop MSI Katana 15 B13VEK-2415VN - Cũ Trầy Xước,"Mua Laptop MSI Katana 15 B13VEK-2415VN cũ giá rẻ - Nguồn gốc rõ ràng, bảo hành 6-12 tháng, đổi mới 30 ngày, luôn xuất bán đầy đủ VAT.","- Loại card đồ họa: NVIDIA GeForce RTX 4050 6GB GDDR6
- Dung lượng RAM: 24GB
- Loại RAM: DDR5 5200MHz
- Ổ cứng: 512GB NVMe PCIe Gen4x4
- Kích thước màn hình: 15.6 inches
- Công nghệ màn hình: 45% NTSCIPS-Level
- Pin: 3cell 53.5Whr
- Hệ điều hành: Windows 11 Home SEA
- Độ phân giải màn hình: 1920 x 1080 pixels (FullHD)
- Loại CPU: Intel Core i5-13420H (8 nhân, 12 luồng, 12MB, Up to 4.60GHz)
- Cổng giao tiếp: 1x Type-C (USB3.2 Gen1 / DisplayPort™) 2x Type-A USB3.2 Gen11x Type-A USB2.01x RJ451x HDMI™ 2.1 (8K @ 60Hz / 4K @ 120Hz)1x Mic-in/Headphone-out Combo Jack","Mua Laptop MSI Katana 15 B13VEK-2415VN cũ giá rẻ - Nguồn gốc rõ ràng, bảo hành 6-12 tháng, đổi mới 30 ngày, luôn xuất bán đầy đủ VAT.",Laptop,17990000,MSI,45,12,0,2025-03-09 15:26:58,2026-03-29 12:13:07
649,Laptop MSI Modern 14 C13M-608VN - Cũ Trầy Xước,"Mua ngay Laptop MSI Modern 14 C13M-608VN cũ giá rẻ - Nguồn gốc rõ ràng, bảo hành 6-12 tháng, đổi mới 30 ngày, luôn xuất bán đầy đủ VAT.","- Loại card đồ họa: Intel Iris Xe Graphics
- Dung lượng RAM: 16GB
- Loại RAM: DDR4 Onboard 3200MHz
- Ổ cứng: 512GB NVMe PCIe Gen3x4 SSD
- Kích thước màn hình: 14 inches
- Công nghệ màn hình: Độ phủ màu 45% NTSC
- Pin: 3 Cell, 39.3 Whr
- Hệ điều hành: Windows 11 Home
- Độ phân giải màn hình: 1920 x 1080 pixels (FullHD)
- Loại CPU: Intel Core i5-1335U (10 lõi / 12 luồng, 4.6 GHz, 12 MB)
- Cổng giao tiếp: 1x Type-C (USB3.2 Gen2 / DP) 1x Type-A USB3.2 Gen2 2x Type-A USB2.0 1x (4K @ 60Hz) HDMI 1x Mic-in/Headphone-out Combo Jack 1x Đầu đọc thẻ MicroSD","Mua ngay Laptop MSI Modern 14 C13M-608VN cũ giá rẻ - Nguồn gốc rõ ràng, bảo hành 6-12 tháng, đổi mới 30 ngày, luôn xuất bán đầy đủ VAT.",Laptop,8690000,MSI,45,186,0,2025-12-27 04:06:27,2026-03-29 12:13:07
650,Màn hình Gaming ASUS TUF VG259QM 25 - Cũ Trầy Xước,"Mua Màn hình Gaming ASUS TUF VG259QM 25 cũ giá rẻ - Nguồn gốc rõ ràng, bảo hành 6-12 tháng, đổi mới 30 ngày, luôn xuất bán đầy đủ VAT.","- Kích thước thực tế (bao gồm viền): 25 inches
- Tấm nền: IPS
- Tỉ lệ màn hình: 16:9
- Tần số quét: 280 Hz
- Thời gian phản hồi: 1ms
- Treo tường: 100 x 100 mm
- Cổng kết nối: HDMI (v2.0) x2DisplayPort 1.2Giắc cắm mini 3,5 mm
- Kích thước: Kích thước có chân đế (WxHxD): 563 x (356 ~ 486) x 211 mmKích thước không có chân đế (WxHxD): 563x 329 x52 mmKích thước hộp (WxHxD): 664 x 415 x 221 mm
- Trọng lượng: Khối lượng tịnh (Ước tính): 5,1 kgTrọng lượng không có chân đế: 2,9 kgTổng trọng lượng (Ước tính): 7,5 kg
- Độ phân giải màn hình: 1,920 x 1,080 pixels","Mua Màn hình Gaming ASUS TUF VG259QM 25 cũ giá rẻ - Nguồn gốc rõ ràng, bảo hành 6-12 tháng, đổi mới 30 ngày, luôn xuất bán đầy đủ VAT.",Khác,2290000,ASUS,2,92,0,2024-11-28 09:46:52,2026-03-29 12:13:07
651,Màn hình Gaming ViewSonic VX3418C-2K 34 inch - Cũ Đẹp,"Mua ngay Màn hình Gaming ViewSonic VX3418C-2K 34 inch cũ giá rẻ - Nguồn gốc rõ ràng, bảo hành 6-12 tháng, đổi mới 30 ngày, luôn xuất bán đầy đủ VAT.","- Kích thước thực tế (bao gồm viền): 34 inches
- Tấm nền: VA
- Tỉ lệ màn hình: 21:9
- Tần số quét: 180 Hz
- Thời gian phản hồi: 1ms
- Độ tương phản động: 80M:1
- Treo tường: 100 x 100 mm
- Cổng kết nối: 1x Đầu ra âm thanh 3.5 mm 2x HDMI 2.0 2x DisplayPort Cổng cắm nguồn: 3-pin Socket (IEC C14 / CEE22)
- Kích thước: Có chân đế: 808 x 411.41~531.41 x 289.42 mm Không có chân đế: 808 x 363.92 x 116.93 mm
- Trọng lượng: Có chân đế: 12.1 kg Không có chân đế: 5.6 kg
- Độ phân giải màn hình: 3440 x 1440 pixels","Mua ngay Màn hình Gaming ViewSonic VX3418C-2K 34 inch cũ giá rẻ - Nguồn gốc rõ ràng, bảo hành 6-12 tháng, đổi mới 30 ngày, luôn xuất bán đầy đủ VAT.",Khác,5490000,ViewSonic,2,88,0,2025-08-12 18:18:52,2026-03-29 12:13:07
652,Màn hình Samsung 22 inch LS22R350FHEXXV - Cũ Đẹp,"Mua Màn hình Samsung 22 inch LS22R350FHEXXV cũ giá rẻ - Nguồn gốc rõ ràng, bảo hành 6-12 tháng, đổi mới 30 ngày, luôn xuất bán đầy đủ VAT.","- Kích thước thực tế (bao gồm viền): 22 inches
- Tấm nền: IPS
- Tỉ lệ màn hình: 16:9
- Tần số quét: 75 Hz
- Thời gian phản hồi: 5ms
- Treo tường: 75 x 75 mm
- Cổng kết nối: 1 x HDMI 1 x VGA
- Kích thước: Có chân đế (RxCxD) 488.1 x 396.2 x 236.4 mm Không có chân đế (RxCxD) 488.1 x 291.8 x 47.1 mm
- Trọng lượng: Có chân đế 2.8 kg Không có chân đế 2.2 kg
- Độ phân giải màn hình: 1920 x 1080 pixels (FullHD)
- Độ phân giải màn hình: 1,920 x 1,080 pixels","Mua Màn hình Samsung 22 inch LS22R350FHEXXV cũ giá rẻ - Nguồn gốc rõ ràng, bảo hành 6-12 tháng, đổi mới 30 ngày, luôn xuất bán đầy đủ VAT.",Điện thoại,1390000,Samsung,2,125,0,2026-01-09 12:32:16,2026-03-29 12:13:07
653,Máy ảnh kỹ thuật số Fujifilm X-A2 - Cũ xước cấn,"Máy ảnh kỹ thuật số Fujifilm X-A2 cũ giá rẻ - Nguồn gốc rõ ràng, bảo hành 6-12 tháng, đổi mới 30 ngày, luôn xuất bán đầy đủ VAT.","- Hãng sản xuất: Fujifilm
- Loại máy ảnh: Mirrorless (không gương lật)
- Loại cảm biến: CMOS APS-C (23.6 × 15.6 mm)
- Loại ống kính: Ngàm Fujifilm XỐng kính rời
- Chế độ lấy nét: AF-S (Single), AF-C (Continuous), MF
- Kích thước ảnh: 4896 × 3264
- Loại kính ngắm: Không có
- Màn trập: 1/4000 – 30 giây","Máy ảnh kỹ thuật số Fujifilm X-A2 cũ giá rẻ - Nguồn gốc rõ ràng, bảo hành 6-12 tháng, đổi mới 30 ngày, luôn xuất bán đầy đủ VAT.",Khác,4200000,Fujifilm,2,82,0,2024-08-11 14:45:27,2026-03-29 12:13:07
654,Máy cạo râu Hyundai PHT-046-BU - Cũ,"Mua Máy cạo râu Hyundai PHT-046-BU cũ giá rẻ - Nguồn gốc rõ ràng, bảo hành 6-12 tháng, đổi mới 30 ngày, luôn xuất bán đầy đủ VAT.","- Chất liệu: Lưỡi dao: hợp kim nhômThân máy: nhựa ABS
- Chế độ cạo: Cạo khô, Cạo ướt
- Tiện ích: Nhỏ gọn tiện mang theoSạc điệnCông nghệ cạo xoay
- Loại pin: Pin sạc
- Dung lượng pin: 300 mAh
- Thời gian: Sạc 1 giờ 30 phútSử dụng liên tục 40 phút
- Cổng sạc: USB-C
- Chống nước: IPX7
- Kích thước: 5 x 7 x 4 cm
- Trọng lượng: 60 g
- Hãng sản xuất: Hyundai","Mua Máy cạo râu Hyundai PHT-046-BU cũ giá rẻ - Nguồn gốc rõ ràng, bảo hành 6-12 tháng, đổi mới 30 ngày, luôn xuất bán đầy đủ VAT.",Khác,200000,Hyundai,0,10,0,2024-06-09 01:40:13,2026-03-29 12:13:07
655,Máy cạo râu Traveller Eroc KKXZ021 - Cũ,"Mua máy cạo râu Traveller Eroc KKXZ021 cũ giá rẻ - Nguồn gốc rõ ràng, bảo hành 6-12 tháng, đổi mới 30 ngày, luôn xuất bán đầy đủ VAT.","- Loại máy: Lưỡi xoay
- Chế độ cạo: Cạo khô, Cạo ướt
- Tiện ích: Lưỡi cạo kép nổiLưỡi dao tự màiĐộng cơ tĩnh tốc độ 6000 vòng/phút
- Loại pin: Pin sạc
- Dung lượng pin: 400 mAh
- Thời gian: Sạc 1 giờSử dụng 45 phút
- Cổng sạc: USB-C
- Chống nước: IPX7
- Kích thước: 53 x 28.5 x 63 mm
- Trọng lượng: 100g
- Hãng sản xuất: Eroc","Mua máy cạo râu Traveller Eroc KKXZ021 cũ giá rẻ - Nguồn gốc rõ ràng, bảo hành 6-12 tháng, đổi mới 30 ngày, luôn xuất bán đầy đủ VAT.",Khác,159000,Eroc,0,45,0,2025-01-31 06:55:36,2026-03-29 12:13:07
656,Máy massage lưng Bomidi BM03 - Cũ,"Mua Máy massage lưng Bomidi BM03 cũ giá rẻ - Nguồn gốc rõ ràng, bảo hành 6-12 tháng, đổi mới 30 ngày, luôn xuất bán đầy đủ VAT.","- Công suất: 10W
- Chế độ massage: 3 Chế độ tự động3 Cấp độ xung điện3 Mức nhiệt
- Chức năng: Bật/tắt đèn hồng ngoạiCơ chế rungCơ chế co giãn túi khí
- Công nghệ: Công nghệ xung điện EMSCông nghệ làm nóng
- Tiện ích: Vừa massage xung điện EMS, vừa massage rung đa tần sốCơ chế massage nghiêngThiết kế công thái học, vừa vặn cho vùng lưng dướiDễ điều khiển với remote có dây kèm màn hình điện tử trực quanChườm ấm với 3 mức nhiệt: 42°C, ~46°C, ~49°C
- Thời gian: Thời gian massage: 10 Phút / LầnThời gian sạc: 210 phútHoạt động liên tục: 60 phút
- Kích thước: 42 x 19.5 x 7 Cm
- Trọng lượng: 1.58 Kg
- Hãng sản xuất: BOMIDI","Mua Máy massage lưng Bomidi BM03 cũ giá rẻ - Nguồn gốc rõ ràng, bảo hành 6-12 tháng, đổi mới 30 ngày, luôn xuất bán đầy đủ VAT.",Khác,1160000,BOMIDI,0,50,0,2026-01-11 15:55:13,2026-03-29 12:13:07
657,Máy massage cầm tay đa năng Buheung LUX-530,"Mua máy massage cầm tay đa năng Buheung LUX-530 chính hãng - Giá rẻ, đảm bảo chất lượng, độ bền cao, hỗ trợ giao hàng tận nơi toàn quốc.","- Công suất: 45W
- Mức điều chỉnh: 3 mức mạnh - nhẹ
- Đầu massage đi kèm: 4 đầu chuyên dụng: Đầu tròn, Đầu dẹt, Đầu nhọn, Đầu chữ u
- Vùng massage: Vai, cổ, lưng, chân, tay
- Chế độ massage: Massage rung
- Chức năng: Thư giãn cơ bắpGiảm đau nhức
- Tiện ích: Động cơ BLDC hiện đạiVừa máy massage cầm tay - vừa súng massageThiết kế cong công thái họcThiết kế cầm tay dễ sử dụngNhỏ gọn, dễ mang theo
- Kích thước: 92 × 36.3 × 150 cm
- Trọng lượng: 410 g
- Hãng sản xuất: Buheung","Mua máy massage cầm tay đa năng Buheung LUX-530 chính hãng - Giá rẻ, đảm bảo chất lượng, độ bền cao, hỗ trợ giao hàng tận nơi toàn quốc.",Khác,1590000,Buheung,0,31,0,2025-08-05 18:44:14,2026-03-29 12:13:07
658,Máy Massage cổ vai gáy Philips PPM3521 - Cũ,"Máy Máy Massage cổ vai gáy Philips PPM3521 cũ giá rẻ - Nguồn gốc rõ ràng, bảo hành 6-12 tháng, đổi mới 30 ngày, luôn xuất bán đầy đủ VAT.","- Dòng điện vào: 12.8V - 1A
- Thời gian: Thời gian massage: 15 Phút / LầnSử dụng: 15 phút/lần
- Hãng sản xuất: Philips
- Cổng sạc vào: Sạc không dây
- Dung lượng Pin: 2200 mAh
- Công suất: 23W
- Tính năng khác: Cảm biến chườm ấm 42 độĐầu Massage 3D
- Tiện ích: Massage góc nghiêng 45 độMô phỏng các ngón tay Massage","Máy Máy Massage cổ vai gáy Philips PPM3521 cũ giá rẻ - Nguồn gốc rõ ràng, bảo hành 6-12 tháng, đổi mới 30 ngày, luôn xuất bán đầy đủ VAT.",Khác,2300000,Philips,2,47,0,2024-07-29 10:53:25,2026-03-29 12:13:07
659,Máy massage đầu Buheung MK341 - Cũ,"Mua máy massage đầu Buheung MK341 cũ giá rẻ - Nguồn gốc rõ ràng, bảo hành 6-12 tháng, đổi mới 30 ngày, luôn xuất bán đầy đủ VAT.","- Công suất: 5W
- Mức điều chỉnh: 3 mức độ
- Vùng massage: Da đầu, đỉnh đầu
- Chức năng: Thư giãn da đầuGiảm đau nhức đầu
- Công nghệ: Massage tiên tiến mô phỏng các thao tác xoa bóp
- Tiện ích: Hỗ trợ cải thiện chất lượng giấc ngủHỗ trợ cải thiện tuần hoàn máu não và giảm căng thẳng hiệu quả
- Kích thước: 110 x 70.3 x 90.5 mm
- Trọng lượng: 192 g
- Hãng sản xuất: Buheung","Mua máy massage đầu Buheung MK341 cũ giá rẻ - Nguồn gốc rõ ràng, bảo hành 6-12 tháng, đổi mới 30 ngày, luôn xuất bán đầy đủ VAT.",Khác,210000,Buheung,0,182,0,2026-02-12 16:48:06,2026-03-29 12:13:07
660,Máy tính bảng Lenovo Idea Tab 5G 8GB 128GB ZAFM0710VN kèm bút,"Mua máy tính bảng Lenovo Idea Tab 5G 8GB 128GB ZAFM0710VN kèm bút chính hãng giá rẻ - Thu cũ đổi mới, bảo hành 12 tháng, đổi mới 30 ngày, trả góp 0%. Mua ngay máy tính bảng Lenovo Idea Tab 5G 8GB 256GB ZAFM0710VN kèm bút tại đây.","- Kích thước màn hình: 11 inches
- Công nghệ màn hình: IPS LCD
- Camera sau: 8.0 MP
- Camera trước: 5 MP
- Chipset: MediaTek Dimensity 6300
- Dung lượng RAM: 8 GB
- Bộ nhớ trong: 128 GB
- Pin: 7040mAh
- Hệ điều hành: Android 15 trở lên
- Độ phân giải màn hình: 2560 x 1600 pixels (2.5K)
- Tính năng màn hình: Kích thước màn hình 11 inchĐộ phân giải 2560x1600 pixelTần số quét 90Hz500nits
- Loại CPU: 8C, 2x A76 @2.4 GHz + 6x A55@2.0 GHz","Mua máy tính bảng Lenovo Idea Tab 5G 8GB 128GB ZAFM0710VN kèm bút chính hãng giá rẻ - Thu cũ đổi mới, bảo hành 12 tháng, đổi mới 30 ngày, trả góp 0%. Mua ngay máy tính bảng Lenovo Idea Tab 5G 8GB 256GB ZAFM0710VN kèm bút tại đây.",Khác,7490000,Lenovo,0,35,0,2024-11-19 15:42:30,2026-03-29 12:13:07
661,Máy uốn tóc không dây Hyundai - HC-120-GY - Cũ,"Mua máy uốn tóc không dây Hyundai - HC-120-GY cũ giá rẻ - Nguồn gốc rõ ràng, bảo hành 6-12 tháng, đổi mới 30 ngày, luôn xuất bán đầy đủ VAT.","- Tính năng: 6 mức nhiệt: khoảng 150 - 200°C
- Chế độ an toàn: Tự động ngắt điện sau 10 phút
- Công suất: 25W
- Kích thước: 6.5 x 19.5 x 5.5 cm
- Trọng lượng: 0.25 kg
- Thương hiệu của: Hàn Quốc
- Hãng sản xuất: Hyundai
- Cổng sạc vào: USB-C
- Cổng sạc ra: USB-A
- Dung lượng Pin: 5200 mAhDùng khoảng 60 phút","Mua máy uốn tóc không dây Hyundai - HC-120-GY cũ giá rẻ - Nguồn gốc rõ ràng, bảo hành 6-12 tháng, đổi mới 30 ngày, luôn xuất bán đầy đủ VAT.",Khác,330000,Hyundai,0,180,0,2025-11-20 06:46:36,2026-03-29 12:13:07
662,Ống kính Fujifilm XC 16-50mm f/3.5-5.6 OIS II - Cũ trầy xước,"Ống kính Fujifilm XC 16-50mm f/3.5-5.6 OIS II cũ giá rẻ - Nguồn gốc rõ ràng, bảo hành 6-12 tháng, đổi mới 30 ngày, luôn xuất bán đầy đủ VAT.","- Hãng sản xuất: Fujifilm
- Loại ống kính: Ngàm FUJIFILM X APS-CGóc Nhìn 83.2° - 31.7°
- Khẩu độ: f/3.5 - 5.6 f/22
- Cấu trúc quang học: 12 nguyên tố trong 10 nhóm 7 lá khẩu
- Tiêu cự: 16 - 50mm","Ống kính Fujifilm XC 16-50mm f/3.5-5.6 OIS II cũ giá rẻ - Nguồn gốc rõ ràng, bảo hành 6-12 tháng, đổi mới 30 ngày, luôn xuất bán đầy đủ VAT.",Khác,1900000,Fujifilm,2,100,0,2025-06-22 20:41:51,2026-03-29 12:13:07
663,Ống kính Sony E 18-135mm F3.5-5.6 OSS / SEL18135 - Cũ trầy xước,"Ống kính Sony E 18-135mm F3.5-5.6 OSS / SEL18135 cũ giá rẻ - Nguồn gốc rõ ràng, bảo hành 6-12 tháng, đổi mới 30 ngày, luôn xuất bán đầy đủ VAT.","- Hãng sản xuất: Sony
- Loại ống kính: Ngàm Sony E Góc nhìn 76° đến 12°
- Khẩu độ: Tối đa: F3.5 đến 5.6Tối thiểu: F22 đến 36
- Cấu trúc quang học: 16 thấu kính chia thành 12 nhóm 7 lá khẩu
- Tiêu cự: 18 đến 135mm (Tương đương 35mm: 27 đến 202,5mm)
- Chế độ lấy nét: Lấy nét tự động","Ống kính Sony E 18-135mm F3.5-5.6 OSS / SEL18135 cũ giá rẻ - Nguồn gốc rõ ràng, bảo hành 6-12 tháng, đổi mới 30 ngày, luôn xuất bán đầy đủ VAT.",Khác,7200000,Sony,2,11,0,2026-01-20 04:50:38,2026-03-29 12:13:07
664,Ống kính Sony E PZ 16-50mm F3.5-5.6 OSS - Cũ trầy xước,"Ống kính Sony E PZ 16-50mm F3.5-5.6 OSS cũ giá rẻ - Nguồn gốc rõ ràng, bảo hành 6-12 tháng, đổi mới 30 ngày, luôn xuất bán đầy đủ VAT.","- Hãng sản xuất: Sony
- Loại ống kính: Ngàm Sony E APS-CGóc Nhìn 83° - 32°
- Khẩu độ: Lớn nhất f/3.5 - 5.6 Nhỏ nhất f/22 - 36
- Cấu trúc quang học: 9 nguyên tố trong 8 nhóm 7 lá khẩu
- Tiêu cự: 16 - 50 mm","Ống kính Sony E PZ 16-50mm F3.5-5.6 OSS cũ giá rẻ - Nguồn gốc rõ ràng, bảo hành 6-12 tháng, đổi mới 30 ngày, luôn xuất bán đầy đủ VAT.",Khác,800000,Sony,2,136,0,2025-08-22 23:46:32,2026-03-29 12:13:07
665,Sạc Mophie Essential 1C GaN 33W,"Mua Sạc Mophie Essential 1C GAN 33W chính hãng - Giá rẻ, đảm bảo chất lượng, độ bền cao, bảo hành uy tín, giao hàng tận nơi toàn quốc.","- Công suất sạc: 33W
- Đầu vào: USB-C
- Công nghệ/Đạt chứng nhận: Công nghệ GaN
- Chức năng: Sạc lên đến 50% pin trong vòng 30 phút
- Hãng sản xuất: Mophie","Mua Sạc Mophie Essential 1C GAN 33W chính hãng - Giá rẻ, đảm bảo chất lượng, độ bền cao, bảo hành uy tín, giao hàng tận nơi toàn quốc.",Phụ kiện,350000,Mophie,50,14,0,2025-04-30 23:16:12,2026-03-29 12:13:07
666,Súng massage fascial gun Philips PPM7325 - Cũ,"Mua súng massage fascial gun Philips PPM7325 cũ giá rẻ - Nguồn gốc rõ ràng, bảo hành 6-12 tháng, đổi mới 30 ngày, luôn xuất bán đầy đủ VAT.","- Công suất: 33W
- Mức điều chỉnh: 5 mức độ
- Đầu massage đi kèm: 6 đầu massage chuyên dụng
- Vùng massage: Cổ, vai gáy, lưng, chân, tay
- Chức năng: Thư giãn cơ bắpGiảm đau nhức
- Tiện ích: Lực đẩy lên đến 8 kgĐèn báo hiển thị cấp độ massageĐộng cơ mạnh mẽ 2800 vòng/phútBiên độ rung 8mm tác động sâu vào các nhóm cơ
- Thời gian: Hoạt động liên tục 130 phútSạc khoảng 4 giờ
- Kích thước: 160 x 58 x 203 mm
- Trọng lượng: 0.71 kg
- Hãng sản xuất: Philips","Mua súng massage fascial gun Philips PPM7325 cũ giá rẻ - Nguồn gốc rõ ràng, bảo hành 6-12 tháng, đổi mới 30 ngày, luôn xuất bán đầy đủ VAT.",Khác,950000,Philips,0,29,0,2024-12-27 18:26:20,2026-03-29 12:13:07
667,Tông đơ cắt tóc Enchen Beardo 2 - Cũ,"Mua Tông đơ cắt tóc Enchen Beardo 2 cũ giá rẻ - Nguồn gốc rõ ràng, bảo hành 6-12 tháng, đổi mới 30 ngày, luôn xuất bán đầy đủ VAT.","- Chất liệu: ABS, Thép không gỉ
- Tiện ích: Độ ồn Chức năng khóa du lịchCông suất 8000 vòng/phútDễ dàng căn chỉnh không gây ảnh hưởng da đầu
- Dung lượng pin: 1200 mAh
- Thời gian: Sạc 90 phútSử dụng 90 phút
- Cổng sạc: Type-C
- Kích thước: 155 x 28 mm
- Trọng lượng: 144g
- Hãng sản xuất: Enchen","Mua Tông đơ cắt tóc Enchen Beardo 2 cũ giá rẻ - Nguồn gốc rõ ràng, bảo hành 6-12 tháng, đổi mới 30 ngày, luôn xuất bán đầy đủ VAT.",Khác,110000,Enchen,2,116,0,2025-06-17 03:00:49,2026-03-29 12:13:07
668,Tông đơ cắt tóc Enchen Boost - Cũ,"Mua Tông đơ cắt tóc Enchen Boost cũ giá rẻ - Nguồn gốc rõ ràng, bảo hành 6-12 tháng, đổi mới 30 ngày, luôn xuất bán đầy đủ VAT.","- Chất liệu: ABS, Thép không gỉ, Đầu cắt gốm sứ nano
- Tiện ích: Tùy chỉnh chiều dài tóc cần cắt từ 0.7-21mm2 chế độ tùy chỉnh: bình thường và mạnhĐèn Led thông báo tình trạng pinĐộ ồn thấp 55dBQuản lý năng lượng thông minh ESMAn toàn sử dụng với 2 góc bo tròn hình chữ RĐầu cắt có thể tháo rời
- Thời gian: Sạc 120 phútSử dụng 80 phút
- Cổng sạc: Type-C
- Kích thước: 164 x 43 mm
- Trọng lượng: 142 g
- Hãng sản xuất: Enchen
- Công suất: 5W","Mua Tông đơ cắt tóc Enchen Boost cũ giá rẻ - Nguồn gốc rõ ràng, bảo hành 6-12 tháng, đổi mới 30 ngày, luôn xuất bán đầy đủ VAT.",Khác,143000,Enchen,2,91,0,2024-09-24 01:20:07,2026-03-29 12:13:07
