id,product_id,image_url
1,1,https://cdn2.cellphones.com.vn/media/catalog/product/g/r/group_604_2__2_3_1.png
2,1,https://cdn2.cellphones.com.vn/x/media/catalog/product/t/e/text_ng_n_35__8_3_3_1.png
3,1,https://cdn2.cellphones.com.vn/x/media/catalog/product/t/e/text_ng_n_36__6_4_3_1.png
4,1,https://cdn2.cellphones.com.vn/x/media/catalog/product/a/p/apple-watch-ultra-2-2024_8__1_5_1.png
5,1,https://cdn2.cellphones.com.vn/x/media/catalog/product/a/p/apple-watch-ultra-2-2024_2__1_5_1.png
6,1,https://cdn2.cellphones.com.vn/x/media/catalog/product/a/p/apple-watch-ultra-2-2024_3__1_5_1.png
7,1,https://cdn2.cellphones.com.vn/x/media/catalog/product/a/p/apple-watch-ultra-2-2024_4__1_5_1.png
8,1,https://cdn2.cellphones.com.vn/x/media/catalog/product/a/p/apple-watch-ultra-2-2024_5__1_5_1.png
9,1,https://cdn2.cellphones.com.vn/x/media/catalog/product/a/p/apple-watch-ultra-2-2024_7__1_5_1.png
10,1,https://cdn2.cellphones.com.vn/x/media/catalog/product/a/p/apple-watch-ultra-2-2024_6__1_5_1.png
11,1,https://cellphones.com.vn/media/catalog/product/c/p/cps-25-03_33_.png
12,1,https://cellphones.com.vn/media/catalog/product/g/r/group_604_2__2_3_1.png
13,1,https://cellphones.com.vn/media/catalog/product/t/e/text_ng_n_35__8_3_3_1.png
14,1,https://cellphones.com.vn/media/catalog/product/t/e/text_ng_n_36__6_4_3_1.png
15,1,https://cellphones.com.vn/media/catalog/product/a/p/apple-watch-ultra-2-2024_8__1_5_1.png
16,1,https://cellphones.com.vn/media/catalog/product/a/p/apple-watch-ultra-2-2024_2__1_5_1.png
17,1,https://cellphones.com.vn/media/catalog/product/a/p/apple-watch-ultra-2-2024_3__1_5_1.png
18,1,https://cellphones.com.vn/media/catalog/product/a/p/apple-watch-ultra-2-2024_4__1_5_1.png
19,1,https://cellphones.com.vn/media/catalog/product/a/p/apple-watch-ultra-2-2024_5__1_5_1.png
20,1,https://cellphones.com.vn/media/catalog/product/a/p/apple-watch-ultra-2-2024_7__1_5_1.png
21,1,https://cellphones.com.vn/media/catalog/product/a/p/apple-watch-ultra-2-2024_6__1_5_1.png
22,2,https://cdn2.cellphones.com.vn/media/catalog/product/b/a/ban-di-chuot-asus-rog-strix-edge_1_.png
23,2,https://cdn2.cellphones.com.vn/x/media/catalog/product/b/a/ban-di-chuot-asus-rog-strix-edge_2_.png
24,2,https://cdn2.cellphones.com.vn/x/media/catalog/product/b/a/ban-di-chuot-asus-rog-strix-edge_3_.png
25,2,https://cdn2.cellphones.com.vn/x/media/catalog/product/b/a/ban-di-chuot-asus-rog-strix-edge_4_.png
26,2,https://cdn2.cellphones.com.vn/x/media/catalog/product/b/a/ban-di-chuot-asus-rog-strix-edge_5_.png
27,2,https://cdn2.cellphones.com.vn/x/media/catalog/product/b/a/ban-di-chuot-asus-rog-strix-edge_6_.png
28,2,https://cdn2.cellphones.com.vn/x/media/catalog/product/b/a/ban-di-chuot-asus-rog-strix-edge_7_.png
29,2,https://cdn2.cellphones.com.vn/x/media/catalog/product/b/a/ban-di-chuot-asus-rog-strix-edge_8_.png
30,2,https://cellphones.com.vn/media/catalog/product/b/a/ban-di-chuot-asus-rog-strix-edge_2__1.png
31,2,https://cellphones.com.vn/media/catalog/product/b/a/ban-di-chuot-asus-rog-strix-edge_1_.png
32,2,https://cellphones.com.vn/media/catalog/product/b/a/ban-di-chuot-asus-rog-strix-edge_2_.png
33,2,https://cellphones.com.vn/media/catalog/product/b/a/ban-di-chuot-asus-rog-strix-edge_3_.png
34,2,https://cellphones.com.vn/media/catalog/product/b/a/ban-di-chuot-asus-rog-strix-edge_4_.png
35,2,https://cellphones.com.vn/media/catalog/product/b/a/ban-di-chuot-asus-rog-strix-edge_5_.png
36,2,https://cellphones.com.vn/media/catalog/product/b/a/ban-di-chuot-asus-rog-strix-edge_6_.png
37,2,https://cellphones.com.vn/media/catalog/product/b/a/ban-di-chuot-asus-rog-strix-edge_7_.png
38,2,https://cellphones.com.vn/media/catalog/product/b/a/ban-di-chuot-asus-rog-strix-edge_8_.png
39,3,https://cdn2.cellphones.com.vn/media/catalog/product/b/a/ban-phim-co-co-day-e-dra-ek316-den_1_.png
40,3,https://cdn2.cellphones.com.vn/x/media/catalog/product/b/a/ban-phim-co-co-day-e-dra-ek316-den_2_.png
41,3,https://cdn2.cellphones.com.vn/x/media/catalog/product/b/a/ban-phim-co-co-day-e-dra-ek316-den_3_.png
42,3,https://cdn2.cellphones.com.vn/x/media/catalog/product/b/a/ban-phim-co-co-day-e-dra-ek316-den_4_.png
43,3,https://cdn2.cellphones.com.vn/x/media/catalog/product/b/a/ban-phim-co-co-day-e-dra-ek316-den_5_.png
44,3,https://cdn2.cellphones.com.vn/x/media/catalog/product/b/a/ban-phim-co-co-day-e-dra-ek316-den_6_.png
45,3,https://cellphones.com.vn/media/catalog/product/b/a/ban-phim-co-co-day-e-dra-ek316-den_2__1.png
46,3,https://cellphones.com.vn/media/catalog/product/b/a/ban-phim-co-co-day-e-dra-ek316-den_2__2.png
47,3,https://cellphones.com.vn/media/catalog/product/b/a/ban-phim-co-co-day-e-dra-ek316-den_2__3.png
48,3,https://cellphones.com.vn/media/catalog/product/b/a/ban-phim-co-co-day-e-dra-ek316-den_1_.png
49,3,https://cellphones.com.vn/media/catalog/product/b/a/ban-phim-co-co-day-e-dra-ek316-den_2_.png
50,3,https://cellphones.com.vn/media/catalog/product/b/a/ban-phim-co-co-day-e-dra-ek316-den_3_.png
51,3,https://cellphones.com.vn/media/catalog/product/b/a/ban-phim-co-co-day-e-dra-ek316-den_4_.png
52,3,https://cellphones.com.vn/media/catalog/product/b/a/ban-phim-co-co-day-e-dra-ek316-den_5_.png
53,3,https://cellphones.com.vn/media/catalog/product/b/a/ban-phim-co-co-day-e-dra-ek316-den_6_.png
54,4,https://cdn2.cellphones.com.vn/media/catalog/product/b/a/ban-phim-co-co-day-rapoo-v501-87-den-xam-cam_1_.png
55,4,https://cdn2.cellphones.com.vn/x/media/catalog/product/b/a/ban-phim-co-co-day-rapoo-v501-87-den-xam-cam_2_.png
56,4,https://cdn2.cellphones.com.vn/x/media/catalog/product/b/a/ban-phim-co-co-day-rapoo-v501-87-den-xam-cam_3_.png
57,4,https://cdn2.cellphones.com.vn/x/media/catalog/product/b/a/ban-phim-co-co-day-rapoo-v501-87-den-xam-cam_5_.png
58,4,https://cdn2.cellphones.com.vn/x/media/catalog/product/b/a/ban-phim-co-co-day-rapoo-v501-87-den-xam-cam_4_.png
59,4,https://cellphones.com.vn/media/catalog/product/b/a/ban-phim-co-co-day-rapoo-v501-87-den-xam-cam_2__1.png
60,4,https://cellphones.com.vn/media/catalog/product/b/a/ban-phim-co-co-day-rapoo-v501-87-den-xam-cam_1_.png
61,4,https://cellphones.com.vn/media/catalog/product/b/a/ban-phim-co-co-day-rapoo-v501-87-den-xam-cam_2_.png
62,4,https://cellphones.com.vn/media/catalog/product/b/a/ban-phim-co-co-day-rapoo-v501-87-den-xam-cam_3_.png
63,4,https://cellphones.com.vn/media/catalog/product/b/a/ban-phim-co-co-day-rapoo-v501-87-den-xam-cam_5_.png
64,4,https://cellphones.com.vn/media/catalog/product/b/a/ban-phim-co-co-day-rapoo-v501-87-den-xam-cam_4_.png
65,5,https://cdn2.cellphones.com.vn/media/catalog/product/b/a/ban-phim-co-gaming-e-dra-ek3104k-den_1_.png
66,5,https://cdn2.cellphones.com.vn/x/media/catalog/product/b/a/ban-phim-co-gaming-e-dra-ek3104k-den_3_.png
67,5,https://cdn2.cellphones.com.vn/x/media/catalog/product/b/a/ban-phim-co-gaming-e-dra-ek3104k-den_2_.png
68,5,https://cellphones.com.vn/media/catalog/product/b/a/ban-phim-co-gaming-e-dra-ek3104k-den_2__1.png
69,5,https://cellphones.com.vn/media/catalog/product/b/a/ban-phim-co-gaming-e-dra-ek3104k-den_3__1.png
70,5,https://cellphones.com.vn/media/catalog/product/b/a/ban-phim-co-gaming-e-dra-ek3104k-den_1_.png
71,5,https://cellphones.com.vn/media/catalog/product/b/a/ban-phim-co-gaming-e-dra-ek3104k-den_3_.png
72,5,https://cellphones.com.vn/media/catalog/product/b/a/ban-phim-co-gaming-e-dra-ek3104k-den_2_.png
73,6,https://cdn2.cellphones.com.vn/media/catalog/product/b/a/ban-phim-co-gaming-e-dra-ek315x-den-xam_1_.png
74,6,https://cdn2.cellphones.com.vn/x/media/catalog/product/b/a/ban-phim-co-gaming-e-dra-ek315x-den-xam_2_.png
75,6,https://cellphones.com.vn/media/catalog/product/b/a/ban-phim-co-gaming-e-dra-ek315x-den-xam_2__1.png
76,6,https://cellphones.com.vn/media/catalog/product/b/a/ban-phim-co-gaming-e-dra-ek315x-den-xam_1_.png
77,6,https://cellphones.com.vn/media/catalog/product/b/a/ban-phim-co-gaming-e-dra-ek315x-den-xam_2_.png
78,7,https://cdn2.cellphones.com.vn/media/catalog/product/b/a/ban-phim-co-gaming-e-dra-ek315x-xam-den_1_.png
79,7,https://cdn2.cellphones.com.vn/x/media/catalog/product/b/a/ban-phim-co-gaming-e-dra-ek315x-xam-den_2_.png
80,7,https://cellphones.com.vn/media/catalog/product/b/a/ban-phim-co-gaming-e-dra-ek315x-xam-den_2__1.png
81,7,https://cellphones.com.vn/media/catalog/product/b/a/ban-phim-co-gaming-e-dra-ek315x-xam-den_1_.png
82,7,https://cellphones.com.vn/media/catalog/product/b/a/ban-phim-co-gaming-e-dra-ek315x-xam-den_2_.png
83,8,https://cdn2.cellphones.com.vn/media/catalog/product/b/a/ban-phim-co-gaming-e-dra-ek398prov2-den_1_.png
84,8,https://cdn2.cellphones.com.vn/x/media/catalog/product/b/a/ban-phim-co-gaming-e-dra-ek398prov2-den_2_.png
85,8,https://cdn2.cellphones.com.vn/x/media/catalog/product/b/a/ban-phim-co-gaming-e-dra-ek398prov2-den_4_.png
86,8,https://cdn2.cellphones.com.vn/x/media/catalog/product/b/a/ban-phim-co-gaming-e-dra-ek398prov2-den_5_.png
87,8,https://cdn2.cellphones.com.vn/x/media/catalog/product/b/a/ban-phim-co-gaming-e-dra-ek398prov2-den_3_.png
88,8,https://cellphones.com.vn/media/catalog/product/b/a/ban-phim-co-gaming-e-dra-ek398prov2-den_2__1.png
89,8,https://cellphones.com.vn/media/catalog/product/b/a/ban-phim-co-gaming-e-dra-ek398prov2-den_1_.png
90,8,https://cellphones.com.vn/media/catalog/product/b/a/ban-phim-co-gaming-e-dra-ek398prov2-den_2_.png
91,8,https://cellphones.com.vn/media/catalog/product/b/a/ban-phim-co-gaming-e-dra-ek398prov2-den_4_.png
92,8,https://cellphones.com.vn/media/catalog/product/b/a/ban-phim-co-gaming-e-dra-ek398prov2-den_5_.png
93,8,https://cellphones.com.vn/media/catalog/product/b/a/ban-phim-co-gaming-e-dra-ek398prov2-den_3_.png
94,9,https://cdn2.cellphones.com.vn/media/catalog/product/b/a/ban-phim-co-gaming-e-dra-ek398x-alpha-den-xam_1_.png
95,9,https://cdn2.cellphones.com.vn/x/media/catalog/product/b/a/ban-phim-co-gaming-e-dra-ek398x-alpha-den-xam_2_.png
96,9,https://cdn2.cellphones.com.vn/x/media/catalog/product/b/a/ban-phim-co-gaming-e-dra-ek398x-alpha-den-xam_3_.png
97,9,https://cdn2.cellphones.com.vn/x/media/catalog/product/b/a/ban-phim-co-gaming-e-dra-ek398x-alpha-den-xam_4_.png
98,9,https://cdn2.cellphones.com.vn/x/media/catalog/product/b/a/ban-phim-co-gaming-e-dra-ek398x-alpha-den-xam_5_.png
99,9,https://cellphones.com.vn/media/catalog/product/b/a/ban-phim-co-gaming-e-dra-ek398x-alpha-den-xam_2__1.png
100,9,https://cellphones.com.vn/media/catalog/product/b/a/ban-phim-co-gaming-e-dra-ek398x-alpha-den-xam_1_.png
101,9,https://cellphones.com.vn/media/catalog/product/b/a/ban-phim-co-gaming-e-dra-ek398x-alpha-den-xam_2_.png
102,9,https://cellphones.com.vn/media/catalog/product/b/a/ban-phim-co-gaming-e-dra-ek398x-alpha-den-xam_3_.png
103,9,https://cellphones.com.vn/media/catalog/product/b/a/ban-phim-co-gaming-e-dra-ek398x-alpha-den-xam_4_.png
104,9,https://cellphones.com.vn/media/catalog/product/b/a/ban-phim-co-gaming-e-dra-ek398x-alpha-den-xam_5_.png
105,10,https://cdn2.cellphones.com.vn/media/catalog/product/b/a/ban-phim-co-gaming-e-dra-ek398x-beta-den-xam_1_.png
106,10,https://cdn2.cellphones.com.vn/x/media/catalog/product/b/a/ban-phim-co-gaming-e-dra-ek398x-beta-den-xam_2_.png
107,10,https://cdn2.cellphones.com.vn/x/media/catalog/product/b/a/ban-phim-co-gaming-e-dra-ek398x-beta-den-xam_3_.png
108,10,https://cdn2.cellphones.com.vn/x/media/catalog/product/b/a/ban-phim-co-gaming-e-dra-ek398x-beta-den-xam_4_.png
109,10,https://cdn2.cellphones.com.vn/x/media/catalog/product/b/a/ban-phim-co-gaming-e-dra-ek398x-beta-den-xam_5_.png
110,10,https://cellphones.com.vn/media/catalog/product/b/a/ban-phim-co-gaming-e-dra-ek398x-beta-den-xam_2__1.png
111,10,https://cellphones.com.vn/media/catalog/product/b/a/ban-phim-co-gaming-e-dra-ek398x-beta-den-xam_1_.png
112,10,https://cellphones.com.vn/media/catalog/product/b/a/ban-phim-co-gaming-e-dra-ek398x-beta-den-xam_2_.png
113,10,https://cellphones.com.vn/media/catalog/product/b/a/ban-phim-co-gaming-e-dra-ek398x-beta-den-xam_3_.png
114,10,https://cellphones.com.vn/media/catalog/product/b/a/ban-phim-co-gaming-e-dra-ek398x-beta-den-xam_4_.png
115,10,https://cellphones.com.vn/media/catalog/product/b/a/ban-phim-co-gaming-e-dra-ek398x-beta-den-xam_5_.png
116,11,https://cdn2.cellphones.com.vn/media/catalog/product/c/h/chuot-co-day-e-dra-em6102_1_.png
117,11,https://cdn2.cellphones.com.vn/x/media/catalog/product/c/h/chuot-co-day-e-dra-em6102_2_.png
118,11,https://cdn2.cellphones.com.vn/x/media/catalog/product/c/h/chuot-co-day-e-dra-em6102_3_.png
119,11,https://cdn2.cellphones.com.vn/x/media/catalog/product/c/h/chuot-co-day-e-dra-em6102_4_.png
120,11,https://cdn2.cellphones.com.vn/x/media/catalog/product/c/h/chuot-co-day-e-dra-em6102_6_.png
121,11,https://cdn2.cellphones.com.vn/x/media/catalog/product/c/h/chuot-co-day-e-dra-em6102_5_.png
122,11,https://cdn2.cellphones.com.vn/x/media/catalog/product/c/h/chuot-co-day-e-dra-em6102_7_.png
123,11,https://cellphones.com.vn/media/catalog/product/c/h/chuot-co-day-e-dra-em6102_2__1.png
124,11,https://cellphones.com.vn/media/catalog/product/c/h/chuot-co-day-e-dra-em6102_3__1.png
125,11,https://cellphones.com.vn/media/catalog/product/c/h/chuot-co-day-e-dra-em6102_4__1.png
126,11,https://cellphones.com.vn/media/catalog/product/c/h/chuot-co-day-e-dra-em6102_1_.png
127,11,https://cellphones.com.vn/media/catalog/product/c/h/chuot-co-day-e-dra-em6102_2_.png
128,11,https://cellphones.com.vn/media/catalog/product/c/h/chuot-co-day-e-dra-em6102_3_.png
129,11,https://cellphones.com.vn/media/catalog/product/c/h/chuot-co-day-e-dra-em6102_4_.png
130,11,https://cellphones.com.vn/media/catalog/product/c/h/chuot-co-day-e-dra-em6102_6_.png
131,11,https://cellphones.com.vn/media/catalog/product/c/h/chuot-co-day-e-dra-em6102_5_.png
132,11,https://cellphones.com.vn/media/catalog/product/c/h/chuot-co-day-e-dra-em6102_7_.png
133,12,https://cdn2.cellphones.com.vn/media/catalog/product/c/h/chuot-co-day-e-dra-em6102pro_1_.png
134,12,https://cdn2.cellphones.com.vn/x/media/catalog/product/c/h/chuot-co-day-e-dra-em6102pro_2_.png
135,12,https://cdn2.cellphones.com.vn/x/media/catalog/product/c/h/chuot-co-day-e-dra-em6102pro_3_.png
136,12,https://cellphones.com.vn/media/catalog/product/c/h/chuot-co-day-e-dra-em6102pro_2__1.png
137,12,https://cellphones.com.vn/media/catalog/product/c/h/chuot-co-day-e-dra-em6102pro_1_.png
138,12,https://cellphones.com.vn/media/catalog/product/c/h/chuot-co-day-e-dra-em6102pro_2_.png
139,12,https://cellphones.com.vn/media/catalog/product/c/h/chuot-co-day-e-dra-em6102pro_3_.png
140,13,https://cdn2.cellphones.com.vn/media/catalog/product/c/h/chuot-gaming-khong-day-e-dra-em623w_1_.png
141,13,https://cdn2.cellphones.com.vn/x/media/catalog/product/c/h/chuot-gaming-khong-day-e-dra-em623w_2_.png
142,13,https://cdn2.cellphones.com.vn/x/media/catalog/product/c/h/chuot-gaming-khong-day-e-dra-em623w_7_.png
143,13,https://cdn2.cellphones.com.vn/x/media/catalog/product/c/h/chuot-gaming-khong-day-e-dra-em623w_5_.png
144,13,https://cdn2.cellphones.com.vn/x/media/catalog/product/c/h/chuot-gaming-khong-day-e-dra-em623w_6_.png
145,13,https://cdn2.cellphones.com.vn/x/media/catalog/product/c/h/chuot-gaming-khong-day-e-dra-em623w_4_.png
146,13,https://cdn2.cellphones.com.vn/x/media/catalog/product/c/h/chuot-gaming-khong-day-e-dra-em623w_3_.png
147,13,https://cellphones.com.vn/media/catalog/product/c/h/chuot-gaming-khong-day-e-dra-em623w_2__1.png
148,13,https://cellphones.com.vn/media/catalog/product/c/h/chuot-gaming-khong-day-e-dra-em623w_7__1.png
149,13,https://cellphones.com.vn/media/catalog/product/c/h/chuot-gaming-khong-day-e-dra-em623w_1_.png
150,13,https://cellphones.com.vn/media/catalog/product/c/h/chuot-gaming-khong-day-e-dra-em623w_2_.png
151,13,https://cellphones.com.vn/media/catalog/product/c/h/chuot-gaming-khong-day-e-dra-em623w_7_.png
152,13,https://cellphones.com.vn/media/catalog/product/c/h/chuot-gaming-khong-day-e-dra-em623w_5_.png
153,13,https://cellphones.com.vn/media/catalog/product/c/h/chuot-gaming-khong-day-e-dra-em623w_6_.png
154,13,https://cellphones.com.vn/media/catalog/product/c/h/chuot-gaming-khong-day-e-dra-em623w_4_.png
155,13,https://cellphones.com.vn/media/catalog/product/c/h/chuot-gaming-khong-day-e-dra-em623w_3_.png
156,14,https://cdn2.cellphones.com.vn/media/catalog/product/c/h/chuot-gaming-khong-day-e-dra-em631w_1_.png
157,14,https://cdn2.cellphones.com.vn/x/media/catalog/product/c/h/chuot-gaming-khong-day-e-dra-em631w_2_.png
158,14,https://cdn2.cellphones.com.vn/x/media/catalog/product/c/h/chuot-gaming-khong-day-e-dra-em631w_3_.png
159,14,https://cdn2.cellphones.com.vn/x/media/catalog/product/c/h/chuot-gaming-khong-day-e-dra-em631w_4_.png
160,14,https://cdn2.cellphones.com.vn/x/media/catalog/product/c/h/chuot-gaming-khong-day-e-dra-em631w_5_.png
161,14,https://cdn2.cellphones.com.vn/x/media/catalog/product/c/h/chuot-gaming-khong-day-e-dra-em631w_6_.png
162,14,https://cdn2.cellphones.com.vn/x/media/catalog/product/c/h/chuot-gaming-khong-day-e-dra-em631w_7_.png
163,14,https://cdn2.cellphones.com.vn/x/media/catalog/product/c/h/chuot-gaming-khong-day-e-dra-em631w_8_.png
164,14,https://cellphones.com.vn/media/catalog/product/c/h/chuot-gaming-khong-day-e-dra-em631w_2__1.png
165,14,https://cellphones.com.vn/media/catalog/product/c/h/chuot-gaming-khong-day-e-dra-em631w_3__1.png
166,14,https://cellphones.com.vn/media/catalog/product/c/h/chuot-gaming-khong-day-e-dra-em631w_1_.png
167,14,https://cellphones.com.vn/media/catalog/product/c/h/chuot-gaming-khong-day-e-dra-em631w_2_.png
168,14,https://cellphones.com.vn/media/catalog/product/c/h/chuot-gaming-khong-day-e-dra-em631w_3_.png
169,14,https://cellphones.com.vn/media/catalog/product/c/h/chuot-gaming-khong-day-e-dra-em631w_4_.png
170,14,https://cellphones.com.vn/media/catalog/product/c/h/chuot-gaming-khong-day-e-dra-em631w_5_.png
171,14,https://cellphones.com.vn/media/catalog/product/c/h/chuot-gaming-khong-day-e-dra-em631w_6_.png
172,14,https://cellphones.com.vn/media/catalog/product/c/h/chuot-gaming-khong-day-e-dra-em631w_7_.png
173,14,https://cellphones.com.vn/media/catalog/product/c/h/chuot-gaming-khong-day-e-dra-em631w_8_.png
174,15,https://cdn2.cellphones.com.vn/media/catalog/product/h/o/honor-x8d-2_2.jpg
175,15,https://cdn2.cellphones.com.vn/x/media/catalog/product/d/i/dien-thoai-honor-x8d_1_1.jpg
176,15,https://cdn2.cellphones.com.vn/x/media/catalog/product/d/i/dien-thoai-honor-x8d-1_1_1.jpg
177,15,https://cdn2.cellphones.com.vn/x/media/catalog/product/d/i/dien-thoai-honor-x8d-2_1_1.jpg
178,15,https://cdn2.cellphones.com.vn/x/media/catalog/product/d/i/dien-thoai-honor-x8d-3_1_1.jpg
179,15,https://cdn2.cellphones.com.vn/x/media/catalog/product/d/i/dien-thoai-honor-x8d-4_1.jpg
180,15,https://cdn2.cellphones.com.vn/x/media/catalog/product/h/o/honor-x8d-2_2.jpg
181,15,https://cdn2.cellphones.com.vn/x/media/catalog/product/h/o/honor-x8d-5_1.jpg
182,15,https://cdn2.cellphones.com.vn/x/media/catalog/product/h/o/honor-x8d-3_1.jpg
183,15,https://cdn2.cellphones.com.vn/x/media/catalog/product/h/o/honor-x8d-6_1.jpg
184,15,https://cdn2.cellphones.com.vn/x/media/catalog/product/h/o/honor-x8d-1_2.jpg
185,15,https://cdn2.cellphones.com.vn/x/media/catalog/product/h/o/honor-x8d-8_1.jpg
186,15,https://cdn2.cellphones.com.vn/x/media/catalog/product/h/o/honor-x8d-9_1.jpg
187,15,https://cdn2.cellphones.com.vn/x/media/catalog/product/h/o/honor-x8d-10_1.jpg
188,15,https://cdn2.cellphones.com.vn/x/media/catalog/product/h/o/honor-x8d-7_1.jpg
189,15,https://cdn2.cellphones.com.vn/x/media/catalog/product/h/o/honor-x8d-11_1.jpg
190,15,https://cdn2.cellphones.com.vn/x/media/catalog/product/h/o/honor-x8d_2.jpg
191,15,https://cdn2.cellphones.com.vn/x/media/catalog/product/h/o/honor-x8d-12_1.jpg
192,15,https://cdn2.cellphones.com.vn/x/media/catalog/product/h/o/honor-x8d-13_1.jpg
193,15,https://cdn2.cellphones.com.vn/x/media/catalog/product/h/o/honor-x8d-14_1.jpg
194,15,https://cellphones.com.vn/media/catalog/product/d/i/dien-thoai-honor-x8d-cu-da-kich-hoat.jpg
195,15,https://cellphones.com.vn/media/catalog/product/h/o/honor-x8d-2_2.jpg
196,15,https://cellphones.com.vn/media/catalog/product/d/i/dien-thoai-honor-x8d_1_1.jpg
197,15,https://cellphones.com.vn/media/catalog/product/d/i/dien-thoai-honor-x8d-1_1_1.jpg
198,15,https://cellphones.com.vn/media/catalog/product/d/i/dien-thoai-honor-x8d-2_1_1.jpg
199,15,https://cellphones.com.vn/media/catalog/product/d/i/dien-thoai-honor-x8d-3_1_1.jpg
200,15,https://cellphones.com.vn/media/catalog/product/d/i/dien-thoai-honor-x8d-4_1.jpg
201,15,https://cellphones.com.vn/media/catalog/product/h/o/honor-x8d-5_1.jpg
202,15,https://cellphones.com.vn/media/catalog/product/h/o/honor-x8d-3_1.jpg
203,15,https://cellphones.com.vn/media/catalog/product/h/o/honor-x8d-6_1.jpg
204,15,https://cellphones.com.vn/media/catalog/product/h/o/honor-x8d-1_2.jpg
205,15,https://cellphones.com.vn/media/catalog/product/h/o/honor-x8d-8_1.jpg
206,15,https://cellphones.com.vn/media/catalog/product/h/o/honor-x8d-9_1.jpg
207,15,https://cellphones.com.vn/media/catalog/product/h/o/honor-x8d-10_1.jpg
208,15,https://cellphones.com.vn/media/catalog/product/h/o/honor-x8d-7_1.jpg
209,15,https://cellphones.com.vn/media/catalog/product/h/o/honor-x8d-11_1.jpg
210,15,https://cellphones.com.vn/media/catalog/product/h/o/honor-x8d_2.jpg
211,15,https://cellphones.com.vn/media/catalog/product/h/o/honor-x8d-12_1.jpg
212,15,https://cellphones.com.vn/media/catalog/product/h/o/honor-x8d-13_1.jpg
213,15,https://cellphones.com.vn/media/catalog/product/h/o/honor-x8d-14_1.jpg
214,16,https://cdn2.cellphones.com.vn/media/catalog/product/x/i/xiaomi-poco-x8-pro-max_2_1.jpg
215,16,https://cdn2.cellphones.com.vn/x/media/catalog/product/d/i/dien-thoai-xiaomi-poco-x8-pro-max_2.jpg
216,16,https://cdn2.cellphones.com.vn/x/media/catalog/product/d/i/dien-thoai-xiaomi-poco-x8-pro-max-1_2.jpg
217,16,https://cdn2.cellphones.com.vn/x/media/catalog/product/d/i/dien-thoai-xiaomi-poco-x8-pro-max-2_2.jpg
218,16,https://cdn2.cellphones.com.vn/x/media/catalog/product/d/i/dien-thoai-xiaomi-poco-x8-pro-max-3_2.jpg
219,16,https://cdn2.cellphones.com.vn/x/media/catalog/product/d/i/dien-thoai-xiaomi-poco-x8-pro-max-4_2.jpg
220,16,https://cdn2.cellphones.com.vn/x/media/catalog/product/x/i/xiaomi-poco-x8-pro-max_2_1.jpg
221,16,https://cdn2.cellphones.com.vn/x/media/catalog/product/x/i/xiaomi-poco-x8-pro-max-1_3.jpg
222,16,https://cdn2.cellphones.com.vn/x/media/catalog/product/x/i/xiaomi-poco-x8-pro-max-4_2.jpg
223,16,https://cdn2.cellphones.com.vn/x/media/catalog/product/x/i/xiaomi-poco-x8-pro-max-5_2.jpg
224,16,https://cdn2.cellphones.com.vn/x/media/catalog/product/x/i/xiaomi-poco-x8-pro-max-2_2.jpg
225,16,https://cdn2.cellphones.com.vn/x/media/catalog/product/x/i/xiaomi-poco-x8-pro-max-3_2.jpg
226,16,https://cellphones.com.vn/media/catalog/product/d/i/dien-thoai-xiaomi-poco-x8-pro-max-cu-da-kich-hoat.jpg
227,16,https://cellphones.com.vn/media/catalog/product/x/i/xiaomi-poco-x8-pro-max_2_1.jpg
228,16,https://cellphones.com.vn/media/catalog/product/d/i/dien-thoai-xiaomi-poco-x8-pro-max_2.jpg
229,16,https://cellphones.com.vn/media/catalog/product/d/i/dien-thoai-xiaomi-poco-x8-pro-max-1_2.jpg
230,16,https://cellphones.com.vn/media/catalog/product/d/i/dien-thoai-xiaomi-poco-x8-pro-max-2_2.jpg
231,16,https://cellphones.com.vn/media/catalog/product/d/i/dien-thoai-xiaomi-poco-x8-pro-max-3_2.jpg
232,16,https://cellphones.com.vn/media/catalog/product/d/i/dien-thoai-xiaomi-poco-x8-pro-max-4_2.jpg
233,16,https://cellphones.com.vn/media/catalog/product/x/i/xiaomi-poco-x8-pro-max-1_3.jpg
234,16,https://cellphones.com.vn/media/catalog/product/x/i/xiaomi-poco-x8-pro-max-4_2.jpg
235,16,https://cellphones.com.vn/media/catalog/product/x/i/xiaomi-poco-x8-pro-max-5_2.jpg
236,16,https://cellphones.com.vn/media/catalog/product/x/i/xiaomi-poco-x8-pro-max-2_2.jpg
237,16,https://cellphones.com.vn/media/catalog/product/x/i/xiaomi-poco-x8-pro-max-3_2.jpg
238,17,https://cdn2.cellphones.com.vn/media/catalog/product/j/s/jscnkscmns_1_2_1.jpg
239,17,https://cdn2.cellphones.com.vn/x/media/catalog/product/i/m/image_2019-09-12_16-48-39_3_1_1.png
240,17,https://cdn2.cellphones.com.vn/x/media/catalog/product/f/e/fenix6s-sapphire_hr_2002_2_1_1.png
241,17,https://cdn2.cellphones.com.vn/x/media/catalog/product/i/m/image_2019-09-12_16-50-35_2_1_1.png
242,17,https://cdn2.cellphones.com.vn/x/media/catalog/product/f/e/fenix6s-sapphire_hr_2004_2_1_1.png
243,17,https://cdn2.cellphones.com.vn/x/media/catalog/product/i/m/image_2019-09-12_16-49-11_2_1_1.png
244,17,https://cdn2.cellphones.com.vn/x/media/catalog/product/f/e/fenix6s-sapphire_hr_2005_2_1_1.png
245,17,https://cdn2.cellphones.com.vn/x/media/catalog/product/i/m/image_2019-09-12_16-48-56_2_1_1.png
246,17,https://cdn2.cellphones.com.vn/x/media/catalog/product/j/s/jscnkscmns_1_2_1.jpg
247,17,https://cellphones.com.vn/media/catalog/product/c/p/cps-25-03_26_.png
248,17,https://cellphones.com.vn/media/catalog/product/j/s/jscnkscmns_1_2_1.jpg
249,17,https://cellphones.com.vn/media/catalog/product/i/m/image_2019-09-12_16-48-39_3_1_1.png
250,17,https://cellphones.com.vn/media/catalog/product/f/e/fenix6s-sapphire_hr_2002_2_1_1.png
251,17,https://cellphones.com.vn/media/catalog/product/i/m/image_2019-09-12_16-50-35_2_1_1.png
252,17,https://cellphones.com.vn/media/catalog/product/f/e/fenix6s-sapphire_hr_2004_2_1_1.png
253,17,https://cellphones.com.vn/media/catalog/product/i/m/image_2019-09-12_16-49-11_2_1_1.png
254,17,https://cellphones.com.vn/media/catalog/product/f/e/fenix6s-sapphire_hr_2005_2_1_1.png
255,17,https://cellphones.com.vn/media/catalog/product/i/m/image_2019-09-12_16-48-56_2_1_1.png
256,17,https://cdn2.cellphones.com.vn/200x/media/catalog/productno_selection
257,18,https://cdn2.cellphones.com.vn/media/catalog/product/g/i/gia-do-tan-nhiet-ipad-dien-thoai-rain-design-mstand_1_.png
258,18,https://cdn2.cellphones.com.vn/x/media/catalog/product/g/i/gia-do-tan-nhiet-ipad-dien-thoai-rain-design-mstand_2_.png
259,18,https://cdn2.cellphones.com.vn/x/media/catalog/product/g/i/gia-do-tan-nhiet-ipad-dien-thoai-rain-design-mstand_3_.png
260,18,https://cellphones.com.vn/media/catalog/product/g/i/gia-do-tan-nhiet-ipad-dien-thoai-rain-design-mstand_2__1.png
261,18,https://cellphones.com.vn/media/catalog/product/g/i/gia-do-tan-nhiet-ipad-dien-thoai-rain-design-mstand_1_.png
262,18,https://cellphones.com.vn/media/catalog/product/g/i/gia-do-tan-nhiet-ipad-dien-thoai-rain-design-mstand_2_.png
263,18,https://cellphones.com.vn/media/catalog/product/g/i/gia-do-tan-nhiet-ipad-dien-thoai-rain-design-mstand_3_.png
264,19,https://cdn2.cellphones.com.vn/media/catalog/product/g/i/gia-do-tan-nhiet-laptop-macbook-rain-design-mbar-pro-foldable-space_1_.png
265,19,https://cdn2.cellphones.com.vn/x/media/catalog/product/g/i/gia-do-tan-nhiet-laptop-macbook-rain-design-mbar-pro-foldable-space_2_.png
266,19,https://cdn2.cellphones.com.vn/x/media/catalog/product/g/i/gia-do-tan-nhiet-laptop-macbook-rain-design-mbar-pro-foldable-space_6_.png
267,19,https://cdn2.cellphones.com.vn/x/media/catalog/product/g/i/gia-do-tan-nhiet-laptop-macbook-rain-design-mbar-pro-foldable-space_5_.png
268,19,https://cdn2.cellphones.com.vn/x/media/catalog/product/g/i/gia-do-tan-nhiet-laptop-macbook-rain-design-mbar-pro-foldable-space_3_.png
269,19,https://cdn2.cellphones.com.vn/x/media/catalog/product/g/i/gia-do-tan-nhiet-laptop-macbook-rain-design-mbar-pro-foldable-space_4_.png
270,19,https://cdn2.cellphones.com.vn/x/media/catalog/product/g/i/gia-do-tan-nhiet-laptop-macbook-rain-design-mbar-pro-foldable-space_7_.png
271,19,https://cellphones.com.vn/media/catalog/product/g/i/gia-do-tan-nhiet-laptop-macbook-rain-design-mbar-pro-foldable-space_2__1.png
272,19,https://cellphones.com.vn/media/catalog/product/g/i/gia-do-tan-nhiet-laptop-macbook-rain-design-mbar-pro-foldable-space_1_.png
273,19,https://cellphones.com.vn/media/catalog/product/g/i/gia-do-tan-nhiet-laptop-macbook-rain-design-mbar-pro-foldable-space_2_.png
274,19,https://cellphones.com.vn/media/catalog/product/g/i/gia-do-tan-nhiet-laptop-macbook-rain-design-mbar-pro-foldable-space_6_.png
275,19,https://cellphones.com.vn/media/catalog/product/g/i/gia-do-tan-nhiet-laptop-macbook-rain-design-mbar-pro-foldable-space_5_.png
276,19,https://cellphones.com.vn/media/catalog/product/g/i/gia-do-tan-nhiet-laptop-macbook-rain-design-mbar-pro-foldable-space_3_.png
277,19,https://cellphones.com.vn/media/catalog/product/g/i/gia-do-tan-nhiet-laptop-macbook-rain-design-mbar-pro-foldable-space_4_.png
278,19,https://cellphones.com.vn/media/catalog/product/g/i/gia-do-tan-nhiet-laptop-macbook-rain-design-mbar-pro-foldable-space_7_.png
279,20,https://cdn2.cellphones.com.vn/media/catalog/product/g/i/gia-do-tan-nhiet-laptop-macbook-rain-design-mbar-space-grace_1_.png
280,20,https://cdn2.cellphones.com.vn/x/media/catalog/product/g/i/gia-do-tan-nhiet-laptop-macbook-rain-design-mbar-space-grace_2_.png
281,20,https://cdn2.cellphones.com.vn/x/media/catalog/product/g/i/gia-do-tan-nhiet-laptop-macbook-rain-design-mbar-space-grace_3_.png
282,20,https://cdn2.cellphones.com.vn/x/media/catalog/product/g/i/gia-do-tan-nhiet-laptop-macbook-rain-design-mbar-space-grace_4_.png
283,20,https://cellphones.com.vn/media/catalog/product/g/i/gia-do-tan-nhiet-laptop-macbook-rain-design-mbar-space-grace_2__1.png
284,20,https://cellphones.com.vn/media/catalog/product/g/i/gia-do-tan-nhiet-laptop-macbook-rain-design-mbar-space-grace_1_.png
285,20,https://cellphones.com.vn/media/catalog/product/g/i/gia-do-tan-nhiet-laptop-macbook-rain-design-mbar-space-grace_2_.png
286,20,https://cellphones.com.vn/media/catalog/product/g/i/gia-do-tan-nhiet-laptop-macbook-rain-design-mbar-space-grace_3_.png
287,20,https://cellphones.com.vn/media/catalog/product/g/i/gia-do-tan-nhiet-laptop-macbook-rain-design-mbar-space-grace_4_.png
288,21,https://cdn2.cellphones.com.vn/media/catalog/product/g/r/group_744_2__8_2_2.png
289,21,https://cdn2.cellphones.com.vn/x/media/catalog/product/l/a/laptop_acer_aspire_go_14_ai_ag14-71m-57wr_-_1_1_2.png
290,21,https://cdn2.cellphones.com.vn/x/media/catalog/product/l/a/laptop_acer_aspire_go_14_ai_ag14-71m-57wr_-_2_1_2.png
291,21,https://cdn2.cellphones.com.vn/x/media/catalog/product/l/a/laptop_acer_aspire_go_14_ai_ag14-71m-57wr_-_3_1_2.png
292,21,https://cdn2.cellphones.com.vn/x/media/catalog/product/t/e/text_ng_n_12__8_133_2_3.png
293,21,https://cdn2.cellphones.com.vn/x/media/catalog/product/t/e/text_ng_n_10__5_220_2_2.png
294,21,https://cdn2.cellphones.com.vn/x/media/catalog/product/t/e/text_ng_n_11__7_149_2_2.png
295,21,https://cdn2.cellphones.com.vn/x/media/catalog/product/t/e/text_ng_n_4__7_314_2_2.png
296,21,https://cdn2.cellphones.com.vn/x/media/catalog/product/t/e/text_ng_n_3__7_262_2_2.png
297,21,https://cdn2.cellphones.com.vn/x/media/catalog/product/t/e/text_ng_n_8__6_239_2_2.png
298,21,https://cdn2.cellphones.com.vn/x/media/catalog/product/t/e/text_ng_n_9__9_213_2_2.png
299,21,https://cdn2.cellphones.com.vn/x/media/catalog/product/t/e/text_ng_n_5__9_303_2_2.png
300,21,https://cdn2.cellphones.com.vn/x/media/catalog/product/t/e/text_ng_n_6__4_271_2_2.png
301,21,https://cellphones.com.vn/media/catalog/product/c/p/cps-25-03_45_.png
302,21,https://cellphones.com.vn/media/catalog/product/g/r/group_744_2__8_2_2.png
303,21,https://cellphones.com.vn/media/catalog/product/l/a/laptop_acer_aspire_go_14_ai_ag14-71m-57wr_-_1_1_2.png
304,21,https://cellphones.com.vn/media/catalog/product/l/a/laptop_acer_aspire_go_14_ai_ag14-71m-57wr_-_2_1_2.png
305,21,https://cellphones.com.vn/media/catalog/product/l/a/laptop_acer_aspire_go_14_ai_ag14-71m-57wr_-_3_1_2.png
306,21,https://cellphones.com.vn/media/catalog/product/t/e/text_ng_n_12__8_133_2_3.png
307,21,https://cellphones.com.vn/media/catalog/product/t/e/text_ng_n_10__5_220_2_2.png
308,21,https://cellphones.com.vn/media/catalog/product/t/e/text_ng_n_11__7_149_2_2.png
309,21,https://cellphones.com.vn/media/catalog/product/t/e/text_ng_n_4__7_314_2_2.png
310,21,https://cellphones.com.vn/media/catalog/product/t/e/text_ng_n_3__7_262_2_2.png
311,21,https://cellphones.com.vn/media/catalog/product/t/e/text_ng_n_8__6_239_2_2.png
312,21,https://cellphones.com.vn/media/catalog/product/t/e/text_ng_n_9__9_213_2_2.png
313,21,https://cellphones.com.vn/media/catalog/product/t/e/text_ng_n_5__9_303_2_2.png
314,21,https://cellphones.com.vn/media/catalog/product/t/e/text_ng_n_6__4_271_2_2.png
315,22,https://cdn2.cellphones.com.vn/media/catalog/product/l/a/laptop-acer-aspire-lite-15-al15-51m-55nb-nxkrssv001_2_.png
316,22,https://cdn2.cellphones.com.vn/x/media/catalog/product/l/a/laptop-acer-aspire-lite-15-al15-51m-55nb-nxkrssv001_2_.png
317,22,https://cdn2.cellphones.com.vn/x/media/catalog/product/l/a/laptop-acer-aspire-lite-15-al15-51m-55nb-nxkrssv001.png
318,22,https://cdn2.cellphones.com.vn/x/media/catalog/product/l/a/laptop-acer-aspire-lite-15-al15-51m-55nb-nxkrssv001_5_.png
319,22,https://cdn2.cellphones.com.vn/x/media/catalog/product/l/a/laptop-acer-aspire-lite-15-al15-51m-55nb-nxkrssv001_6_.png
320,22,https://cdn2.cellphones.com.vn/x/media/catalog/product/l/a/laptop-acer-aspire-lite-15-al15-51m-55nb-nxkrssv001_4_.png
321,22,https://cdn2.cellphones.com.vn/x/media/catalog/product/l/a/laptop-acer-aspire-lite-15-al15-51m-55nb-nxkrssv001_3_.png
322,22,https://cellphones.com.vn/media/catalog/product/l/a/laptop-acer-aspire-lite-15-al15-51m-55nb-nxkrssv001_1.png
323,22,https://cellphones.com.vn/media/catalog/product/l/a/laptop-acer-aspire-lite-15-al15-51m-55nb-nxkrssv001_2_.png
324,22,https://cellphones.com.vn/media/catalog/product/l/a/laptop-acer-aspire-lite-15-al15-51m-55nb-nxkrssv001.png
325,22,https://cellphones.com.vn/media/catalog/product/l/a/laptop-acer-aspire-lite-15-al15-51m-55nb-nxkrssv001_5_.png
326,22,https://cellphones.com.vn/media/catalog/product/l/a/laptop-acer-aspire-lite-15-al15-51m-55nb-nxkrssv001_6_.png
327,22,https://cellphones.com.vn/media/catalog/product/l/a/laptop-acer-aspire-lite-15-al15-51m-55nb-nxkrssv001_4_.png
328,22,https://cellphones.com.vn/media/catalog/product/l/a/laptop-acer-aspire-lite-15-al15-51m-55nb-nxkrssv001_3_.png
329,23,https://cdn2.cellphones.com.vn/media/catalog/product/g/r/group_789_2.png
330,23,https://cdn2.cellphones.com.vn/x/media/catalog/product/l/a/laptop_asus_vivobook_s_14_flip_tp3402va-lz632w_-_1_2.png
331,23,https://cdn2.cellphones.com.vn/x/media/catalog/product/l/a/laptop_asus_vivobook_s_14_flip_tp3402va-lz632w_-_2_2.png
332,23,https://cdn2.cellphones.com.vn/x/media/catalog/product/l/a/laptop_asus_vivobook_s_14_flip_tp3402va-lz632w_-_3_2.png
333,23,https://cdn2.cellphones.com.vn/x/media/catalog/product/t/e/text_ng_n_2__9_31_2.png
334,23,https://cdn2.cellphones.com.vn/x/media/catalog/product/t/e/text_ng_n_15__7_173_2.png
335,23,https://cdn2.cellphones.com.vn/x/media/catalog/product/t/e/text_ng_n_26__6_49_2.png
336,23,https://cdn2.cellphones.com.vn/x/media/catalog/product/t/e/text_ng_n_25__7_45_2.png
337,23,https://cdn2.cellphones.com.vn/x/media/catalog/product/t/e/text_ng_n_23__3_53_2.png
338,23,https://cdn2.cellphones.com.vn/x/media/catalog/product/t/e/text_ng_n_24__3_48_2.png
339,23,https://cdn2.cellphones.com.vn/x/media/catalog/product/t/e/text_ng_n_21__4_60_2.png
340,23,https://cdn2.cellphones.com.vn/x/media/catalog/product/t/e/text_ng_n_16__6_132_2.png
341,23,https://cdn2.cellphones.com.vn/x/media/catalog/product/t/e/text_ng_n_18__6_64_2.png
342,23,https://cdn2.cellphones.com.vn/x/media/catalog/product/t/e/text_ng_n_14__8_27_2.png
343,23,https://cdn2.cellphones.com.vn/x/media/catalog/product/t/e/text_ng_n_17__8_81_2.png
344,23,https://cdn2.cellphones.com.vn/x/media/catalog/product/t/e/text_ng_n_13__7_27_2.png
345,23,https://cdn2.cellphones.com.vn/x/media/catalog/product/t/e/text_ng_n_12__7_18_2.png
346,23,https://cdn2.cellphones.com.vn/x/media/catalog/product/t/e/text_ng_n_11__6_19_2.png
347,23,https://cdn2.cellphones.com.vn/x/media/catalog/product/t/e/text_ng_n_10__5_27_2.png
348,23,https://cdn2.cellphones.com.vn/x/media/catalog/product/t/e/text_ng_n_8__5_21_2.png
349,23,https://cdn2.cellphones.com.vn/x/media/catalog/product/t/e/text_ng_n_9__7_14_2.png
350,23,https://cdn2.cellphones.com.vn/x/media/catalog/product/t/e/text_ng_n_3__7_41_2.png
351,23,https://cdn2.cellphones.com.vn/x/media/catalog/product/t/e/text_ng_n_22__4_58_2.png
352,23,https://cdn2.cellphones.com.vn/x/media/catalog/product/t/e/text_ng_n_19__4_65_2.png
353,23,https://cdn2.cellphones.com.vn/x/media/catalog/product/t/e/text_ng_n_20__5_66_2.png
354,23,https://cdn2.cellphones.com.vn/x/media/catalog/product/t/e/text_ng_n_4__7_95_2.png
355,23,https://cdn2.cellphones.com.vn/x/media/catalog/product/t/e/text_ng_n_5__8_96_2.png
356,23,https://cdn2.cellphones.com.vn/x/media/catalog/product/t/e/text_ng_n_27__8_19_2.png
357,23,https://cdn2.cellphones.com.vn/x/media/catalog/product/t/e/text_ng_n_6__3_26_2.png
358,23,https://cdn2.cellphones.com.vn/x/media/catalog/product/t/e/text_ng_n_27__9_2_2.png
359,23,https://cdn2.cellphones.com.vn/x/media/catalog/product/t/e/text_ng_n_28__8_28_2.png
360,23,https://cdn2.cellphones.com.vn/x/media/catalog/product/t/e/text_ng_n_7__3_21_2.png
361,23,https://cellphones.com.vn/media/catalog/product/c/p/cps-25-03_46_.png
362,23,https://cellphones.com.vn/media/catalog/product/g/r/group_789_2.png
363,23,https://cellphones.com.vn/media/catalog/product/l/a/laptop_asus_vivobook_s_14_flip_tp3402va-lz632w_-_1_2.png
364,23,https://cellphones.com.vn/media/catalog/product/l/a/laptop_asus_vivobook_s_14_flip_tp3402va-lz632w_-_2_2.png
365,23,https://cellphones.com.vn/media/catalog/product/l/a/laptop_asus_vivobook_s_14_flip_tp3402va-lz632w_-_3_2.png
366,23,https://cellphones.com.vn/media/catalog/product/t/e/text_ng_n_2__9_31_2.png
367,23,https://cellphones.com.vn/media/catalog/product/t/e/text_ng_n_15__7_173_2.png
368,23,https://cellphones.com.vn/media/catalog/product/t/e/text_ng_n_26__6_49_2.png
369,23,https://cellphones.com.vn/media/catalog/product/t/e/text_ng_n_25__7_45_2.png
370,23,https://cellphones.com.vn/media/catalog/product/t/e/text_ng_n_23__3_53_2.png
371,23,https://cellphones.com.vn/media/catalog/product/t/e/text_ng_n_24__3_48_2.png
372,23,https://cellphones.com.vn/media/catalog/product/t/e/text_ng_n_21__4_60_2.png
373,23,https://cellphones.com.vn/media/catalog/product/t/e/text_ng_n_16__6_132_2.png
374,23,https://cellphones.com.vn/media/catalog/product/t/e/text_ng_n_18__6_64_2.png
375,23,https://cellphones.com.vn/media/catalog/product/t/e/text_ng_n_14__8_27_2.png
376,23,https://cellphones.com.vn/media/catalog/product/t/e/text_ng_n_17__8_81_2.png
377,23,https://cellphones.com.vn/media/catalog/product/t/e/text_ng_n_13__7_27_2.png
378,23,https://cellphones.com.vn/media/catalog/product/t/e/text_ng_n_12__7_18_2.png
379,23,https://cellphones.com.vn/media/catalog/product/t/e/text_ng_n_11__6_19_2.png
380,23,https://cellphones.com.vn/media/catalog/product/t/e/text_ng_n_10__5_27_2.png
381,23,https://cellphones.com.vn/media/catalog/product/t/e/text_ng_n_8__5_21_2.png
382,23,https://cellphones.com.vn/media/catalog/product/t/e/text_ng_n_9__7_14_2.png
383,23,https://cellphones.com.vn/media/catalog/product/t/e/text_ng_n_3__7_41_2.png
384,23,https://cellphones.com.vn/media/catalog/product/t/e/text_ng_n_22__4_58_2.png
385,23,https://cellphones.com.vn/media/catalog/product/t/e/text_ng_n_19__4_65_2.png
386,23,https://cellphones.com.vn/media/catalog/product/t/e/text_ng_n_20__5_66_2.png
387,23,https://cellphones.com.vn/media/catalog/product/t/e/text_ng_n_4__7_95_2.png
388,23,https://cellphones.com.vn/media/catalog/product/t/e/text_ng_n_5__8_96_2.png
389,23,https://cellphones.com.vn/media/catalog/product/t/e/text_ng_n_27__8_19_2.png
390,23,https://cellphones.com.vn/media/catalog/product/t/e/text_ng_n_6__3_26_2.png
391,23,https://cellphones.com.vn/media/catalog/product/t/e/text_ng_n_27__9_2_2.png
392,23,https://cellphones.com.vn/media/catalog/product/t/e/text_ng_n_28__8_28_2.png
393,23,https://cellphones.com.vn/media/catalog/product/t/e/text_ng_n_7__3_21_2.png
394,24,https://cdn2.cellphones.com.vn/media/catalog/product/g/r/group_744_1_54_1_1.png
395,24,https://cdn2.cellphones.com.vn/x/media/catalog/product/l/a/laptop_dell_15_dc15250_79n4m_-_1_1_1.png
396,24,https://cdn2.cellphones.com.vn/x/media/catalog/product/l/a/laptop_dell_15_dc15250_79n4m_-_2_1_1.png
397,24,https://cdn2.cellphones.com.vn/x/media/catalog/product/l/a/laptop_dell_15_dc15250_79n4m_-_3_1_1.png
398,24,https://cdn2.cellphones.com.vn/x/media/catalog/product/t/e/text_ng_n_2__10_104_1_1_1.png
399,24,https://cdn2.cellphones.com.vn/x/media/catalog/product/t/e/text_ng_n_3__8_87_1_1_1.png
400,24,https://cdn2.cellphones.com.vn/x/media/catalog/product/t/e/text_ng_n_9__9_276_1_1_1.png
401,24,https://cdn2.cellphones.com.vn/x/media/catalog/product/t/e/text_ng_n_4__8_93_1_1_1.png
402,24,https://cdn2.cellphones.com.vn/x/media/catalog/product/t/e/text_ng_n_5__10_82_1_1_1.png
403,24,https://cdn2.cellphones.com.vn/x/media/catalog/product/t/e/text_ng_n_8__8_60_1_1_1.png
404,24,https://cdn2.cellphones.com.vn/x/media/catalog/product/t/e/text_ng_n_6__5_76_1_1_1.png
405,24,https://cdn2.cellphones.com.vn/x/media/catalog/product/t/e/text_ng_n_7__5_63_1_1_1.png
406,24,https://cellphones.com.vn/media/catalog/product/c/p/cps-25-03_34_.png
407,24,https://cellphones.com.vn/media/catalog/product/g/r/group_744_1_54_1_1.png
408,24,https://cellphones.com.vn/media/catalog/product/l/a/laptop_dell_15_dc15250_79n4m_-_1_1_1.png
409,24,https://cellphones.com.vn/media/catalog/product/l/a/laptop_dell_15_dc15250_79n4m_-_2_1_1.png
410,24,https://cellphones.com.vn/media/catalog/product/l/a/laptop_dell_15_dc15250_79n4m_-_3_1_1.png
411,24,https://cellphones.com.vn/media/catalog/product/t/e/text_ng_n_2__10_104_1_1_1.png
412,24,https://cellphones.com.vn/media/catalog/product/t/e/text_ng_n_3__8_87_1_1_1.png
413,24,https://cellphones.com.vn/media/catalog/product/t/e/text_ng_n_9__9_276_1_1_1.png
414,24,https://cellphones.com.vn/media/catalog/product/t/e/text_ng_n_4__8_93_1_1_1.png
415,24,https://cellphones.com.vn/media/catalog/product/t/e/text_ng_n_5__10_82_1_1_1.png
416,24,https://cellphones.com.vn/media/catalog/product/t/e/text_ng_n_8__8_60_1_1_1.png
417,24,https://cellphones.com.vn/media/catalog/product/t/e/text_ng_n_6__5_76_1_1_1.png
418,24,https://cellphones.com.vn/media/catalog/product/t/e/text_ng_n_7__5_63_1_1_1.png
419,25,https://cdn2.cellphones.com.vn/media/catalog/product/g/r/group_744_1_56_4.png
420,25,https://cdn2.cellphones.com.vn/x/media/catalog/product/l/a/laptop_dell_15_dc15250_i5u165w11slu_-_1_4.png
421,25,https://cdn2.cellphones.com.vn/x/media/catalog/product/l/a/laptop_dell_15_dc15250_i5u165w11slu_-_2_4.png
422,25,https://cdn2.cellphones.com.vn/x/media/catalog/product/l/a/laptop_dell_15_dc15250_i5u165w11slu_-_3_4.png
423,25,https://cdn2.cellphones.com.vn/x/media/catalog/product/t/e/text_ng_n_2__10_54_2_5.png
424,25,https://cdn2.cellphones.com.vn/x/media/catalog/product/t/e/text_ng_n_4__8_43_1_4.png
425,25,https://cdn2.cellphones.com.vn/x/media/catalog/product/t/e/text_ng_n_3__8_42_1_4.png
426,25,https://cdn2.cellphones.com.vn/x/media/catalog/product/t/e/text_ng_n_5__10_39_1_4.png
427,25,https://cdn2.cellphones.com.vn/x/media/catalog/product/t/e/text_ng_n_6__5_42_1_4.png
428,25,https://cdn2.cellphones.com.vn/x/media/catalog/product/t/e/text_ng_n_7__5_34_1_4.png
429,25,https://cellphones.com.vn/media/catalog/product/c/p/cps-25-03_37_.png
430,25,https://cellphones.com.vn/media/catalog/product/g/r/group_744_1_56_4.png
431,25,https://cellphones.com.vn/media/catalog/product/l/a/laptop_dell_15_dc15250_i5u165w11slu_-_1_4.png
432,25,https://cellphones.com.vn/media/catalog/product/l/a/laptop_dell_15_dc15250_i5u165w11slu_-_2_4.png
433,25,https://cellphones.com.vn/media/catalog/product/l/a/laptop_dell_15_dc15250_i5u165w11slu_-_3_4.png
434,25,https://cellphones.com.vn/media/catalog/product/t/e/text_ng_n_2__10_54_2_5.png
435,25,https://cellphones.com.vn/media/catalog/product/t/e/text_ng_n_4__8_43_1_4.png
436,25,https://cellphones.com.vn/media/catalog/product/t/e/text_ng_n_3__8_42_1_4.png
437,25,https://cellphones.com.vn/media/catalog/product/t/e/text_ng_n_5__10_39_1_4.png
438,25,https://cellphones.com.vn/media/catalog/product/t/e/text_ng_n_6__5_42_1_4.png
439,25,https://cellphones.com.vn/media/catalog/product/t/e/text_ng_n_7__5_34_1_4.png
440,26,https://cdn2.cellphones.com.vn/media/catalog/product/l/a/laptop-dell-inspiron-16-5630_7_.png
441,26,https://cdn2.cellphones.com.vn/x/media/catalog/product/l/a/laptop-dell-inspiron-16-5630_7_.png
442,26,https://cdn2.cellphones.com.vn/x/media/catalog/product/l/a/laptop-dell-inspiron-16-5630_3.png
443,26,https://cdn2.cellphones.com.vn/x/media/catalog/product/l/a/laptop-dell-inspiron-16-5630_4__2.png
444,26,https://cdn2.cellphones.com.vn/x/media/catalog/product/l/a/laptop-dell-inspiron-16-5630_5__2.png
445,26,https://cdn2.cellphones.com.vn/x/media/catalog/product/l/a/laptop-dell-inspiron-16-5630_3__2.png
446,26,https://cdn2.cellphones.com.vn/x/media/catalog/product/l/a/laptop-dell-inspiron-16-5630_6_.png
447,26,https://cellphones.com.vn/media/catalog/product/l/a/laptop-dell-inspiron-16-5630_4.png
448,26,https://cellphones.com.vn/media/catalog/product/l/a/laptop-dell-inspiron-16-5630_7_.png
449,26,https://cellphones.com.vn/media/catalog/product/l/a/laptop-dell-inspiron-16-5630_3.png
450,26,https://cellphones.com.vn/media/catalog/product/l/a/laptop-dell-inspiron-16-5630_4__2.png
451,26,https://cellphones.com.vn/media/catalog/product/l/a/laptop-dell-inspiron-16-5630_5__2.png
452,26,https://cellphones.com.vn/media/catalog/product/l/a/laptop-dell-inspiron-16-5630_3__2.png
453,26,https://cellphones.com.vn/media/catalog/product/l/a/laptop-dell-inspiron-16-5630_6_.png
454,27,https://cdn2.cellphones.com.vn/media/catalog/product/c/p/cps-25-03_39_.png
455,27,https://cdn2.cellphones.com.vn/x/media/catalog/product/c/p/cps-25-03_39_.png
456,27,https://cdn2.cellphones.com.vn/x/media/catalog/product/l/a/laptop-dell-latitude-5320-13-3-inch-cu-tray-xuoc-2_3_1.png
457,27,https://cdn2.cellphones.com.vn/x/media/catalog/product/l/a/laptop-dell-latitude-5320-13-3-inch-cu-tray-xuoc-5_2_1.png
458,27,https://cdn2.cellphones.com.vn/x/media/catalog/product/l/a/laptop-dell-latitude-5320-13-3-inch-cu-tray-xuoc-7_2_1.png
459,27,https://cdn2.cellphones.com.vn/x/media/catalog/product/l/a/laptop-dell-latitude-5320-13-3-inch-cu-tray-xuoc-6_2_1.png
460,27,https://cdn2.cellphones.com.vn/x/media/catalog/product/l/a/laptop-dell-latitude-5320-13-3-inch-cu-tray-xuoc-3_2_1.png
461,27,https://cdn2.cellphones.com.vn/x/media/catalog/product/l/a/laptop-dell-latitude-5320-13-3-inch-cu-tray-xuoc-4_2_1.png
462,27,https://cellphones.com.vn/media/catalog/product/c/p/cps-25-03_38_.png
463,27,https://cellphones.com.vn/media/catalog/product/c/p/cps-25-03_39_.png
464,27,https://cellphones.com.vn/media/catalog/product/l/a/laptop-dell-latitude-5320-13-3-inch-cu-tray-xuoc-2_3_1.png
465,27,https://cellphones.com.vn/media/catalog/product/l/a/laptop-dell-latitude-5320-13-3-inch-cu-tray-xuoc-5_2_1.png
466,27,https://cellphones.com.vn/media/catalog/product/l/a/laptop-dell-latitude-5320-13-3-inch-cu-tray-xuoc-7_2_1.png
467,27,https://cellphones.com.vn/media/catalog/product/l/a/laptop-dell-latitude-5320-13-3-inch-cu-tray-xuoc-6_2_1.png
468,27,https://cellphones.com.vn/media/catalog/product/l/a/laptop-dell-latitude-5320-13-3-inch-cu-tray-xuoc-3_2_1.png
469,27,https://cellphones.com.vn/media/catalog/product/l/a/laptop-dell-latitude-5320-13-3-inch-cu-tray-xuoc-4_2_1.png
470,28,https://cdn2.cellphones.com.vn/media/catalog/product/l/a/laptop-dell-vostro-3520-v5i5267w1_2_.png
471,28,https://cdn2.cellphones.com.vn/x/media/catalog/product/l/a/laptop-dell-vostro-3520-v5i5267w1_2_.png
472,28,https://cdn2.cellphones.com.vn/x/media/catalog/product/l/a/laptop-dell-vostro-3520-v5i5267w1.png
473,28,https://cdn2.cellphones.com.vn/x/media/catalog/product/l/a/laptop-dell-vostro-3520-v5i5267w1_6_.png
474,28,https://cdn2.cellphones.com.vn/x/media/catalog/product/l/a/laptop-dell-vostro-3520-v5i5267w1_5_.png
475,28,https://cdn2.cellphones.com.vn/x/media/catalog/product/l/a/laptop-dell-vostro-3520-v5i5267w1_4_.png
476,28,https://cdn2.cellphones.com.vn/x/media/catalog/product/l/a/laptop-dell-vostro-3520-v5i5267w1_3_.png
477,28,https://cellphones.com.vn/media/catalog/product/l/a/laptop-dell-vostro-3520-v5i5267w1_1.png
478,28,https://cellphones.com.vn/media/catalog/product/l/a/laptop-dell-vostro-3520-v5i5267w1_2_.png
479,28,https://cellphones.com.vn/media/catalog/product/l/a/laptop-dell-vostro-3520-v5i5267w1.png
480,28,https://cellphones.com.vn/media/catalog/product/l/a/laptop-dell-vostro-3520-v5i5267w1_6_.png
481,28,https://cellphones.com.vn/media/catalog/product/l/a/laptop-dell-vostro-3520-v5i5267w1_5_.png
482,28,https://cellphones.com.vn/media/catalog/product/l/a/laptop-dell-vostro-3520-v5i5267w1_4_.png
483,28,https://cellphones.com.vn/media/catalog/product/l/a/laptop-dell-vostro-3520-v5i5267w1_3_.png
484,29,https://cdn2.cellphones.com.vn/media/catalog/product/g/r/group_744_1_7_2.png
485,29,https://cdn2.cellphones.com.vn/x/media/catalog/product/l/a/laptop_lenovo_ideapad_slim_3_oled_15irh10_83k1002nvn_-_1_1_2.png
486,29,https://cdn2.cellphones.com.vn/x/media/catalog/product/l/a/laptop_lenovo_ideapad_slim_3_oled_15irh10_83k1002nvn_-_2_2.png
487,29,https://cdn2.cellphones.com.vn/x/media/catalog/product/l/a/laptop_lenovo_ideapad_slim_3_oled_15irh10_83k1002nvn_-_3_1_2.png
488,29,https://cdn2.cellphones.com.vn/x/media/catalog/product/t/e/text_ng_n_7__4_43_2.png
489,29,https://cdn2.cellphones.com.vn/x/media/catalog/product/t/e/text_ng_n_11__7_16_2.png
490,29,https://cdn2.cellphones.com.vn/x/media/catalog/product/t/e/text_ng_n_12__8_14_2.png
491,29,https://cdn2.cellphones.com.vn/x/media/catalog/product/t/e/text_ng_n_10__5_66_2.png
492,29,https://cdn2.cellphones.com.vn/x/media/catalog/product/t/e/text_ng_n_6__4_47_2.png
493,29,https://cdn2.cellphones.com.vn/x/media/catalog/product/t/e/text_ng_n_9__9_41_2.png
494,29,https://cdn2.cellphones.com.vn/x/media/catalog/product/t/e/text_ng_n_8__6_45_2.png
495,29,https://cdn2.cellphones.com.vn/x/media/catalog/product/t/e/text_ng_n_5__9_51_2.png
496,29,https://cellphones.com.vn/media/catalog/product/c/p/cps-25-03_40_.png
497,29,https://cellphones.com.vn/media/catalog/product/g/r/group_744_1_7_2.png
498,29,https://cellphones.com.vn/media/catalog/product/l/a/laptop_lenovo_ideapad_slim_3_oled_15irh10_83k1002nvn_-_1_1_2.png
499,29,https://cellphones.com.vn/media/catalog/product/l/a/laptop_lenovo_ideapad_slim_3_oled_15irh10_83k1002nvn_-_2_2.png
500,29,https://cellphones.com.vn/media/catalog/product/l/a/laptop_lenovo_ideapad_slim_3_oled_15irh10_83k1002nvn_-_3_1_2.png
501,29,https://cellphones.com.vn/media/catalog/product/t/e/text_ng_n_7__4_43_2.png
502,29,https://cellphones.com.vn/media/catalog/product/t/e/text_ng_n_11__7_16_2.png
503,29,https://cellphones.com.vn/media/catalog/product/t/e/text_ng_n_12__8_14_2.png
504,29,https://cellphones.com.vn/media/catalog/product/t/e/text_ng_n_10__5_66_2.png
505,29,https://cellphones.com.vn/media/catalog/product/t/e/text_ng_n_6__4_47_2.png
506,29,https://cellphones.com.vn/media/catalog/product/t/e/text_ng_n_9__9_41_2.png
507,29,https://cellphones.com.vn/media/catalog/product/t/e/text_ng_n_8__6_45_2.png
508,29,https://cellphones.com.vn/media/catalog/product/t/e/text_ng_n_5__9_51_2.png
509,30,https://cdn2.cellphones.com.vn/media/catalog/product/t/e/text_d_i_7_10_2.png
510,30,https://cdn2.cellphones.com.vn/x/media/catalog/product/l/a/laptop_lenovo_loq_15iax9e_83lk0079vn_-_1_2.png
511,30,https://cdn2.cellphones.com.vn/x/media/catalog/product/l/a/laptop_lenovo_loq_15iax9e_83lk0079vn_-_2_2.png
512,30,https://cdn2.cellphones.com.vn/x/media/catalog/product/l/a/laptop_lenovo_loq_15iax9e_83lk0079vn_-_3_2.png
513,30,https://cdn2.cellphones.com.vn/x/media/catalog/product/t/e/text_ng_n_6__4_24_2.png
514,30,https://cdn2.cellphones.com.vn/x/media/catalog/product/t/e/text_ng_n_7__4_21_2.png
515,30,https://cdn2.cellphones.com.vn/x/media/catalog/product/t/e/text_ng_n_5__9_27_2.png
516,30,https://cdn2.cellphones.com.vn/x/media/catalog/product/t/e/text_ng_n_11__6_39_2.png
517,30,https://cdn2.cellphones.com.vn/x/media/catalog/product/t/e/text_ng_n_13__7_44_2.png
518,30,https://cdn2.cellphones.com.vn/x/media/catalog/product/t/e/text_ng_n_12__7_35_2.png
519,30,https://cdn2.cellphones.com.vn/x/media/catalog/product/t/e/text_ng_n_15__7_184_2.png
520,30,https://cdn2.cellphones.com.vn/x/media/catalog/product/t/e/text_ng_n_10__5_47_2.png
521,30,https://cdn2.cellphones.com.vn/x/media/catalog/product/t/e/text_ng_n_9__9_21_2.png
522,30,https://cdn2.cellphones.com.vn/x/media/catalog/product/t/e/text_ng_n_14__8_42_2.png
523,30,https://cdn2.cellphones.com.vn/x/media/catalog/product/t/e/text_ng_n_8__6_23_2.png
524,30,https://cdn2.cellphones.com.vn/x/media/catalog/product/t/e/text_ng_n_17__8_89_2.png
525,30,https://cdn2.cellphones.com.vn/x/media/catalog/product/t/e/text_ng_n_16__6_141_2.png
526,30,https://cellphones.com.vn/media/catalog/product/c/p/cps-25-03_41_.png
527,30,https://cellphones.com.vn/media/catalog/product/t/e/text_d_i_7_10_2.png
528,30,https://cellphones.com.vn/media/catalog/product/l/a/laptop_lenovo_loq_15iax9e_83lk0079vn_-_1_2.png
529,30,https://cellphones.com.vn/media/catalog/product/l/a/laptop_lenovo_loq_15iax9e_83lk0079vn_-_2_2.png
530,30,https://cellphones.com.vn/media/catalog/product/l/a/laptop_lenovo_loq_15iax9e_83lk0079vn_-_3_2.png
531,30,https://cellphones.com.vn/media/catalog/product/t/e/text_ng_n_6__4_24_2.png
532,30,https://cellphones.com.vn/media/catalog/product/t/e/text_ng_n_7__4_21_2.png
533,30,https://cellphones.com.vn/media/catalog/product/t/e/text_ng_n_5__9_27_2.png
534,30,https://cellphones.com.vn/media/catalog/product/t/e/text_ng_n_11__6_39_2.png
535,30,https://cellphones.com.vn/media/catalog/product/t/e/text_ng_n_13__7_44_2.png
536,30,https://cellphones.com.vn/media/catalog/product/t/e/text_ng_n_12__7_35_2.png
537,30,https://cellphones.com.vn/media/catalog/product/t/e/text_ng_n_15__7_184_2.png
538,30,https://cellphones.com.vn/media/catalog/product/t/e/text_ng_n_10__5_47_2.png
539,30,https://cellphones.com.vn/media/catalog/product/t/e/text_ng_n_9__9_21_2.png
540,30,https://cellphones.com.vn/media/catalog/product/t/e/text_ng_n_14__8_42_2.png
541,30,https://cellphones.com.vn/media/catalog/product/t/e/text_ng_n_8__6_23_2.png
542,30,https://cellphones.com.vn/media/catalog/product/t/e/text_ng_n_17__8_89_2.png
543,30,https://cellphones.com.vn/media/catalog/product/t/e/text_ng_n_16__6_141_2.png
544,31,https://cdn2.cellphones.com.vn/media/catalog/product/l/a/laptop-lenovo-thinkbook-x-g2-iah-21tu0002cd_2_.png
545,31,https://cdn2.cellphones.com.vn/x/media/catalog/product/l/a/laptop-lenovo-thinkbook-x-g2-iah-21tu0002cd_2_.png
546,31,https://cdn2.cellphones.com.vn/x/media/catalog/product/l/a/laptop-lenovo-thinkbook-x-g2-iah-21tu0002cd.png
547,31,https://cdn2.cellphones.com.vn/x/media/catalog/product/l/a/laptop-lenovo-thinkbook-x-g2-iah-21tu0002cd_4_.png
548,31,https://cdn2.cellphones.com.vn/x/media/catalog/product/l/a/laptop-lenovo-thinkbook-x-g2-iah-21tu0002cd_3_.png
549,31,https://cdn2.cellphones.com.vn/x/media/catalog/product/l/a/laptop-lenovo-thinkbook-x-g2-iah-21tu0002cd_5_.png
550,31,https://cdn2.cellphones.com.vn/x/media/catalog/product/l/a/laptop-lenovo-thinkbook-x-g2-iah-21tu0002cd_6_.png
551,31,https://cellphones.com.vn/media/catalog/product/l/a/laptop-lenovo-thinkbook-x-g2-iah-21tu0002cd_1.png
552,31,https://cellphones.com.vn/media/catalog/product/l/a/laptop-lenovo-thinkbook-x-g2-iah-21tu0002cd_2_.png
553,31,https://cellphones.com.vn/media/catalog/product/l/a/laptop-lenovo-thinkbook-x-g2-iah-21tu0002cd.png
554,31,https://cellphones.com.vn/media/catalog/product/l/a/laptop-lenovo-thinkbook-x-g2-iah-21tu0002cd_4_.png
555,31,https://cellphones.com.vn/media/catalog/product/l/a/laptop-lenovo-thinkbook-x-g2-iah-21tu0002cd_3_.png
556,31,https://cellphones.com.vn/media/catalog/product/l/a/laptop-lenovo-thinkbook-x-g2-iah-21tu0002cd_5_.png
557,31,https://cellphones.com.vn/media/catalog/product/l/a/laptop-lenovo-thinkbook-x-g2-iah-21tu0002cd_6_.png
558,32,https://cdn2.cellphones.com.vn/media/catalog/product/l/a/laptop-lenovo-thinkpad-p16v-gen-1-21fc001yus_2_.png
559,32,https://cdn2.cellphones.com.vn/x/media/catalog/product/l/a/laptop-lenovo-thinkpad-p16v-gen-1-21fc001yus_2_.png
560,32,https://cdn2.cellphones.com.vn/x/media/catalog/product/l/a/laptop-lenovo-thinkpad-p16v-gen-1-21fc001yus.png
561,32,https://cdn2.cellphones.com.vn/x/media/catalog/product/l/a/laptop-lenovo-thinkpad-p16v-gen-1-21fc001yus_4_.png
562,32,https://cdn2.cellphones.com.vn/x/media/catalog/product/l/a/laptop-lenovo-thinkpad-p16v-gen-1-21fc001yus_6_.png
563,32,https://cdn2.cellphones.com.vn/x/media/catalog/product/l/a/laptop-lenovo-thinkpad-p16v-gen-1-21fc001yus_7_.png
564,32,https://cdn2.cellphones.com.vn/x/media/catalog/product/l/a/laptop-lenovo-thinkpad-p16v-gen-1-21fc001yus_3_.png
565,32,https://cdn2.cellphones.com.vn/x/media/catalog/product/l/a/laptop-lenovo-thinkpad-p16v-gen-1-21fc001yus_5_.png
566,32,https://cellphones.com.vn/media/catalog/product/l/a/laptop-lenovo-thinkpad-p16v-gen-1-21fc001yus_1.png
567,32,https://cellphones.com.vn/media/catalog/product/l/a/laptop-lenovo-thinkpad-p16v-gen-1-21fc001yus_2_.png
568,32,https://cellphones.com.vn/media/catalog/product/l/a/laptop-lenovo-thinkpad-p16v-gen-1-21fc001yus.png
569,32,https://cellphones.com.vn/media/catalog/product/l/a/laptop-lenovo-thinkpad-p16v-gen-1-21fc001yus_4_.png
570,32,https://cellphones.com.vn/media/catalog/product/l/a/laptop-lenovo-thinkpad-p16v-gen-1-21fc001yus_6_.png
571,32,https://cellphones.com.vn/media/catalog/product/l/a/laptop-lenovo-thinkpad-p16v-gen-1-21fc001yus_7_.png
572,32,https://cellphones.com.vn/media/catalog/product/l/a/laptop-lenovo-thinkpad-p16v-gen-1-21fc001yus_3_.png
573,32,https://cellphones.com.vn/media/catalog/product/l/a/laptop-lenovo-thinkpad-p16v-gen-1-21fc001yus_5_.png
574,33,https://cdn2.cellphones.com.vn/media/catalog/product/l/a/laptop-lenovo-thinkpad-z16-gen-1-21d4000cus_2_.png
575,33,https://cdn2.cellphones.com.vn/x/media/catalog/product/l/a/laptop-lenovo-thinkpad-z16-gen-1-21d4000cus_2_.png
576,33,https://cdn2.cellphones.com.vn/x/media/catalog/product/l/a/laptop-lenovo-thinkpad-z16-gen-1-21d4000cus.png
577,33,https://cdn2.cellphones.com.vn/x/media/catalog/product/l/a/laptop-lenovo-thinkpad-z16-gen-1-21d4000cus_4_.png
578,33,https://cdn2.cellphones.com.vn/x/media/catalog/product/l/a/laptop-lenovo-thinkpad-z16-gen-1-21d4000cus_5_.png
579,33,https://cdn2.cellphones.com.vn/x/media/catalog/product/l/a/laptop-lenovo-thinkpad-z16-gen-1-21d4000cus_6_.png
580,33,https://cdn2.cellphones.com.vn/x/media/catalog/product/l/a/laptop-lenovo-thinkpad-z16-gen-1-21d4000cus_3_.png
581,33,https://cellphones.com.vn/media/catalog/product/l/a/laptop-lenovo-thinkpad-z16-gen-1-21d4000cus_1.png
582,33,https://cellphones.com.vn/media/catalog/product/l/a/laptop-lenovo-thinkpad-z16-gen-1-21d4000cus_2_.png
583,33,https://cellphones.com.vn/media/catalog/product/l/a/laptop-lenovo-thinkpad-z16-gen-1-21d4000cus.png
584,33,https://cellphones.com.vn/media/catalog/product/l/a/laptop-lenovo-thinkpad-z16-gen-1-21d4000cus_4_.png
585,33,https://cellphones.com.vn/media/catalog/product/l/a/laptop-lenovo-thinkpad-z16-gen-1-21d4000cus_5_.png
586,33,https://cellphones.com.vn/media/catalog/product/l/a/laptop-lenovo-thinkpad-z16-gen-1-21d4000cus_6_.png
587,33,https://cellphones.com.vn/media/catalog/product/l/a/laptop-lenovo-thinkpad-z16-gen-1-21d4000cus_3_.png
588,34,https://cdn2.cellphones.com.vn/media/catalog/product/g/r/group_744_3__4_2.png
589,34,https://cdn2.cellphones.com.vn/x/media/catalog/product/l/a/laptop_lenovo_yoga_slim_7_14imh9_83cv00d8vn_-_1_1.png
590,34,https://cdn2.cellphones.com.vn/x/media/catalog/product/l/a/laptop_lenovo_yoga_slim_7_14imh9_83cv00d8vn_-_2_1.png
591,34,https://cdn2.cellphones.com.vn/x/media/catalog/product/l/a/laptop_lenovo_yoga_slim_7_14imh9_83cv00d8vn_-_3_1.png
592,34,https://cdn2.cellphones.com.vn/x/media/catalog/product/t/e/text_ng_n_14__9_192_2.png
593,34,https://cdn2.cellphones.com.vn/x/media/catalog/product/t/e/text_ng_n_13__8_188_2.png
594,34,https://cdn2.cellphones.com.vn/x/media/catalog/product/t/e/text_ng_n_10__6_18_2.png
595,34,https://cdn2.cellphones.com.vn/x/media/catalog/product/t/e/text_ng_n_9__10_19_2.png
596,34,https://cdn2.cellphones.com.vn/x/media/catalog/product/t/e/text_ng_n_2__11_34_2.png
597,34,https://cdn2.cellphones.com.vn/x/media/catalog/product/t/e/text_ng_n_7__6_17_2.png
598,34,https://cdn2.cellphones.com.vn/x/media/catalog/product/t/e/text_ng_n_15__7_350_2.png
599,34,https://cdn2.cellphones.com.vn/x/media/catalog/product/t/e/text_ng_n_8__10_18_2.png
600,34,https://cdn2.cellphones.com.vn/x/media/catalog/product/t/e/text_ng_n_6__6_20_2.png
601,34,https://cdn2.cellphones.com.vn/x/media/catalog/product/t/e/text_ng_n_4__9_24_2.png
602,34,https://cdn2.cellphones.com.vn/x/media/catalog/product/t/e/text_ng_n_5__11_16_2.png
603,34,https://cdn2.cellphones.com.vn/x/media/catalog/product/t/e/text_ng_n_3__9_28_2.png
604,34,https://cdn2.cellphones.com.vn/x/media/catalog/product/t/e/text_ng_n_17__9_37_2.png
605,34,https://cdn2.cellphones.com.vn/x/media/catalog/product/t/e/text_ng_n_16__6_288_2.png
606,34,https://cdn2.cellphones.com.vn/x/media/catalog/product/t/e/text_ng_n_11__7_253_2.png
607,34,https://cdn2.cellphones.com.vn/x/media/catalog/product/t/e/text_ng_n_12__8_219_2.png
608,34,https://cellphones.com.vn/media/catalog/product/c/p/cps-25-03_28_.png
609,34,https://cellphones.com.vn/media/catalog/product/g/r/group_744_3__4_2.png
610,34,https://cellphones.com.vn/media/catalog/product/l/a/laptop_lenovo_yoga_slim_7_14imh9_83cv00d8vn_-_1_1.png
611,34,https://cellphones.com.vn/media/catalog/product/l/a/laptop_lenovo_yoga_slim_7_14imh9_83cv00d8vn_-_2_1.png
612,34,https://cellphones.com.vn/media/catalog/product/l/a/laptop_lenovo_yoga_slim_7_14imh9_83cv00d8vn_-_3_1.png
613,34,https://cellphones.com.vn/media/catalog/product/t/e/text_ng_n_14__9_192_2.png
614,34,https://cellphones.com.vn/media/catalog/product/t/e/text_ng_n_13__8_188_2.png
615,34,https://cellphones.com.vn/media/catalog/product/t/e/text_ng_n_10__6_18_2.png
616,34,https://cellphones.com.vn/media/catalog/product/t/e/text_ng_n_9__10_19_2.png
617,34,https://cellphones.com.vn/media/catalog/product/t/e/text_ng_n_2__11_34_2.png
618,34,https://cellphones.com.vn/media/catalog/product/t/e/text_ng_n_7__6_17_2.png
619,34,https://cellphones.com.vn/media/catalog/product/t/e/text_ng_n_15__7_350_2.png
620,34,https://cellphones.com.vn/media/catalog/product/t/e/text_ng_n_8__10_18_2.png
621,34,https://cellphones.com.vn/media/catalog/product/t/e/text_ng_n_6__6_20_2.png
622,34,https://cellphones.com.vn/media/catalog/product/t/e/text_ng_n_4__9_24_2.png
623,34,https://cellphones.com.vn/media/catalog/product/t/e/text_ng_n_5__11_16_2.png
624,34,https://cellphones.com.vn/media/catalog/product/t/e/text_ng_n_3__9_28_2.png
625,34,https://cellphones.com.vn/media/catalog/product/t/e/text_ng_n_17__9_37_2.png
626,34,https://cellphones.com.vn/media/catalog/product/t/e/text_ng_n_16__6_288_2.png
627,34,https://cellphones.com.vn/media/catalog/product/t/e/text_ng_n_11__7_253_2.png
628,34,https://cellphones.com.vn/media/catalog/product/t/e/text_ng_n_12__8_219_2.png
629,35,https://cdn2.cellphones.com.vn/media/catalog/product/l/a/laptop-msi-gaming-gf63-thin-10sc-813vn_2__4.png
630,35,https://cdn2.cellphones.com.vn/x/media/catalog/product/l/a/laptop-msi-gaming-gf63-thin-10sc-813vn_2__4.png
631,35,https://cdn2.cellphones.com.vn/x/media/catalog/product/l/a/laptop-msi-gaming-gf63-thin-10sc-813vn_2.png
632,35,https://cdn2.cellphones.com.vn/x/media/catalog/product/l/a/laptop-msi-gaming-gf63-thin-10sc-813vn_6__3.png
633,35,https://cdn2.cellphones.com.vn/x/media/catalog/product/l/a/laptop-msi-gaming-gf63-thin-10sc-813vn_5__2.png
634,35,https://cdn2.cellphones.com.vn/x/media/catalog/product/l/a/laptop-msi-gaming-gf63-thin-10sc-813vn_3__2.png
635,35,https://cdn2.cellphones.com.vn/x/media/catalog/product/l/a/laptop-msi-gaming-gf63-thin-10sc-813vn_4__2.png
636,35,https://cellphones.com.vn/media/catalog/product/l/a/laptop-msi-gaming-gf63-thin-10sc-813vn_3.png
637,35,https://cellphones.com.vn/media/catalog/product/l/a/laptop-msi-gaming-gf63-thin-10sc-813vn_2__4.png
638,35,https://cellphones.com.vn/media/catalog/product/l/a/laptop-msi-gaming-gf63-thin-10sc-813vn_2.png
639,35,https://cellphones.com.vn/media/catalog/product/l/a/laptop-msi-gaming-gf63-thin-10sc-813vn_6__3.png
640,35,https://cellphones.com.vn/media/catalog/product/l/a/laptop-msi-gaming-gf63-thin-10sc-813vn_5__2.png
641,35,https://cellphones.com.vn/media/catalog/product/l/a/laptop-msi-gaming-gf63-thin-10sc-813vn_3__2.png
642,35,https://cellphones.com.vn/media/catalog/product/l/a/laptop-msi-gaming-gf63-thin-10sc-813vn_4__2.png
643,36,https://cdn2.cellphones.com.vn/media/catalog/product/g/r/group_509_15__2.png
644,36,https://cdn2.cellphones.com.vn/x/media/catalog/product/l/a/laptop_msi_gaming_katana_ai_b8ve-402vn_-_1_1.png
645,36,https://cdn2.cellphones.com.vn/x/media/catalog/product/l/a/laptop_msi_gaming_katana_ai_b8ve-402vn_-_2_1.png
646,36,https://cdn2.cellphones.com.vn/x/media/catalog/product/l/a/laptop_msi_gaming_katana_ai_b8ve-402vn_-_3_1.png
647,36,https://cdn2.cellphones.com.vn/x/media/catalog/product/t/e/text_ng_n_15__7_45_1.png
648,36,https://cdn2.cellphones.com.vn/x/media/catalog/product/t/e/text_ng_n_18__5_17_1.png
649,36,https://cdn2.cellphones.com.vn/x/media/catalog/product/t/e/text_ng_n_16__6_20_1.png
650,36,https://cdn2.cellphones.com.vn/x/media/catalog/product/t/e/text_ng_n_14__6_18_1.png
651,36,https://cdn2.cellphones.com.vn/x/media/catalog/product/t/e/text_ng_n_17__7_20_1.png
652,36,https://cellphones.com.vn/media/catalog/product/c/p/cps-25-03_35_.png
653,36,https://cellphones.com.vn/media/catalog/product/g/r/group_509_15__2.png
654,36,https://cellphones.com.vn/media/catalog/product/l/a/laptop_msi_gaming_katana_ai_b8ve-402vn_-_1_1.png
655,36,https://cellphones.com.vn/media/catalog/product/l/a/laptop_msi_gaming_katana_ai_b8ve-402vn_-_2_1.png
656,36,https://cellphones.com.vn/media/catalog/product/l/a/laptop_msi_gaming_katana_ai_b8ve-402vn_-_3_1.png
657,36,https://cellphones.com.vn/media/catalog/product/t/e/text_ng_n_15__7_45_1.png
658,36,https://cellphones.com.vn/media/catalog/product/t/e/text_ng_n_18__5_17_1.png
659,36,https://cellphones.com.vn/media/catalog/product/t/e/text_ng_n_16__6_20_1.png
660,36,https://cellphones.com.vn/media/catalog/product/t/e/text_ng_n_14__6_18_1.png
661,36,https://cellphones.com.vn/media/catalog/product/t/e/text_ng_n_17__7_20_1.png
662,37,https://cdn2.cellphones.com.vn/media/catalog/product/t/e/text_d_i_7_105_2.png
663,37,https://cdn2.cellphones.com.vn/x/media/catalog/product/l/a/laptop_msi_katana_15_b13udxk-2213vn_-_1_2.png
664,37,https://cdn2.cellphones.com.vn/x/media/catalog/product/l/a/laptop_msi_katana_15_b13udxk-2213vn_-_2_2.png
665,37,https://cdn2.cellphones.com.vn/x/media/catalog/product/l/a/laptop_msi_katana_15_b13udxk-2213vn_-_3_2.png
666,37,https://cdn2.cellphones.com.vn/x/media/catalog/product/t/e/text_ng_n_2__10_125_2.png
667,37,https://cdn2.cellphones.com.vn/x/media/catalog/product/t/e/text_ng_n_3__8_109_2.png
668,37,https://cdn2.cellphones.com.vn/x/media/catalog/product/t/e/text_ng_n_4__8_112_2.png
669,37,https://cdn2.cellphones.com.vn/x/media/catalog/product/t/e/text_ng_n_5__10_99_2.png
670,37,https://cdn2.cellphones.com.vn/x/media/catalog/product/t/e/text_ng_n_6__5_92_2.png
671,37,https://cdn2.cellphones.com.vn/x/media/catalog/product/t/e/text_ng_n_7__5_79_2.png
672,37,https://cdn2.cellphones.com.vn/x/media/catalog/product/t/e/text_ng_n_10__5_284_2.png
673,37,https://cdn2.cellphones.com.vn/x/media/catalog/product/t/e/text_ng_n_9__9_288_2.png
674,37,https://cdn2.cellphones.com.vn/x/media/catalog/product/t/e/text_ng_n_11__7_203_2.png
675,37,https://cdn2.cellphones.com.vn/x/media/catalog/product/t/e/text_ng_n_8__8_74_2.png
676,37,https://cdn2.cellphones.com.vn/x/media/catalog/product/t/e/text_ng_n_12__8_182_2.png
677,37,https://cdn2.cellphones.com.vn/x/media/catalog/product/t/e/text_ng_n_14__9_163_2.png
678,37,https://cdn2.cellphones.com.vn/x/media/catalog/product/t/e/text_ng_n_13__8_154_2.png
679,37,https://cdn2.cellphones.com.vn/x/media/catalog/product/t/e/text_ng_n_15__7_329_2.png
680,37,https://cdn2.cellphones.com.vn/x/media/catalog/product/t/e/text_ng_n_18__8_23_2.png
681,37,https://cdn2.cellphones.com.vn/x/media/catalog/product/t/e/text_ng_n_16__6_271_2.png
682,37,https://cdn2.cellphones.com.vn/x/media/catalog/product/t/e/text_ng_n_17__9_22_2.png
683,37,https://cdn2.cellphones.com.vn/x/media/catalog/product/t/e/text_ng_n_19__6_21_2.png
684,37,https://cdn2.cellphones.com.vn/x/media/catalog/product/t/e/text_ng_n_21__5_13_2.png
685,37,https://cdn2.cellphones.com.vn/x/media/catalog/product/t/e/text_ng_n_20__6_17_2.png
686,37,https://cdn2.cellphones.com.vn/x/media/catalog/product/t/e/text_ng_n_22__5_10_2.png
687,37,https://cdn2.cellphones.com.vn/x/media/catalog/product/t/e/text_ng_n_23__4_9_2.png
688,37,https://cellphones.com.vn/media/catalog/product/c/p/cps-25-03_44_.png
689,37,https://cellphones.com.vn/media/catalog/product/t/e/text_d_i_7_105_2.png
690,37,https://cellphones.com.vn/media/catalog/product/l/a/laptop_msi_katana_15_b13udxk-2213vn_-_1_2.png
691,37,https://cellphones.com.vn/media/catalog/product/l/a/laptop_msi_katana_15_b13udxk-2213vn_-_2_2.png
692,37,https://cellphones.com.vn/media/catalog/product/l/a/laptop_msi_katana_15_b13udxk-2213vn_-_3_2.png
693,37,https://cellphones.com.vn/media/catalog/product/t/e/text_ng_n_2__10_125_2.png
694,37,https://cellphones.com.vn/media/catalog/product/t/e/text_ng_n_3__8_109_2.png
695,37,https://cellphones.com.vn/media/catalog/product/t/e/text_ng_n_4__8_112_2.png
696,37,https://cellphones.com.vn/media/catalog/product/t/e/text_ng_n_5__10_99_2.png
697,37,https://cellphones.com.vn/media/catalog/product/t/e/text_ng_n_6__5_92_2.png
698,37,https://cellphones.com.vn/media/catalog/product/t/e/text_ng_n_7__5_79_2.png
699,37,https://cellphones.com.vn/media/catalog/product/t/e/text_ng_n_10__5_284_2.png
700,37,https://cellphones.com.vn/media/catalog/product/t/e/text_ng_n_9__9_288_2.png
701,37,https://cellphones.com.vn/media/catalog/product/t/e/text_ng_n_11__7_203_2.png
702,37,https://cellphones.com.vn/media/catalog/product/t/e/text_ng_n_8__8_74_2.png
703,37,https://cellphones.com.vn/media/catalog/product/t/e/text_ng_n_12__8_182_2.png
704,37,https://cellphones.com.vn/media/catalog/product/t/e/text_ng_n_14__9_163_2.png
705,37,https://cellphones.com.vn/media/catalog/product/t/e/text_ng_n_13__8_154_2.png
706,37,https://cellphones.com.vn/media/catalog/product/t/e/text_ng_n_15__7_329_2.png
707,37,https://cellphones.com.vn/media/catalog/product/t/e/text_ng_n_18__8_23_2.png
708,37,https://cellphones.com.vn/media/catalog/product/t/e/text_ng_n_16__6_271_2.png
709,37,https://cellphones.com.vn/media/catalog/product/t/e/text_ng_n_17__9_22_2.png
710,37,https://cellphones.com.vn/media/catalog/product/t/e/text_ng_n_19__6_21_2.png
711,37,https://cellphones.com.vn/media/catalog/product/t/e/text_ng_n_21__5_13_2.png
712,37,https://cellphones.com.vn/media/catalog/product/t/e/text_ng_n_20__6_17_2.png
713,37,https://cellphones.com.vn/media/catalog/product/t/e/text_ng_n_22__5_10_2.png
714,37,https://cellphones.com.vn/media/catalog/product/t/e/text_ng_n_23__4_9_2.png
715,38,https://cdn2.cellphones.com.vn/media/catalog/product/l/o/loa-bluetooth-goojodoq-ab4092_6_.png
716,38,https://cdn2.cellphones.com.vn/x/media/catalog/product/l/o/loa-bluetooth-goojodoq-ab4092_2_1.png
717,38,https://cdn2.cellphones.com.vn/x/media/catalog/product/l/o/loa-bluetooth-goojodoq-ab4092_7_.png
718,38,https://cdn2.cellphones.com.vn/x/media/catalog/product/l/o/loa-bluetooth-goojodoq-ab4092_8_.png
719,38,https://cdn2.cellphones.com.vn/x/media/catalog/product/l/o/loa-bluetooth-goojodoq-ab4092.png
720,38,https://cdn2.cellphones.com.vn/x/media/catalog/product/l/o/loa-bluetooth-goojodoq-ab4092_5_.png
721,38,https://cdn2.cellphones.com.vn/x/media/catalog/product/l/o/loa-bluetooth-goojodoq-ab4092_4_.png
722,38,https://cdn2.cellphones.com.vn/x/media/catalog/product/l/o/loa-bluetooth-goojodoq-ab4092_3_.png
723,38,https://cellphones.com.vn/media/catalog/product/l/o/loa-bluetooth-goojodoq-ab4092-do.png
724,38,https://cellphones.com.vn/media/catalog/product/l/o/loa-bluetooth-goojodoq-ab4092_1__1.png
725,38,https://cellphones.com.vn/media/catalog/product/l/o/loa-bluetooth-goojodoq-ab4092_1.png
726,38,https://cellphones.com.vn/media/catalog/product/l/o/loa-bluetooth-goojodoq-ab4092_6_.png
727,38,https://cellphones.com.vn/media/catalog/product/l/o/loa-bluetooth-goojodoq-ab4092_2_1.png
728,38,https://cellphones.com.vn/media/catalog/product/l/o/loa-bluetooth-goojodoq-ab4092_7_.png
729,38,https://cellphones.com.vn/media/catalog/product/l/o/loa-bluetooth-goojodoq-ab4092_8_.png
730,38,https://cellphones.com.vn/media/catalog/product/l/o/loa-bluetooth-goojodoq-ab4092.png
731,38,https://cellphones.com.vn/media/catalog/product/l/o/loa-bluetooth-goojodoq-ab4092_5_.png
732,38,https://cellphones.com.vn/media/catalog/product/l/o/loa-bluetooth-goojodoq-ab4092_4_.png
733,38,https://cellphones.com.vn/media/catalog/product/l/o/loa-bluetooth-goojodoq-ab4092_3_.png
734,39,https://cdn2.cellphones.com.vn/media/catalog/product/l/o/loa-bluetooth-goojodoq-ab4094_2_.png
735,39,https://cdn2.cellphones.com.vn/x/media/catalog/product/l/o/loa-bluetooth-goojodoq-ab4094_3_.png
736,39,https://cdn2.cellphones.com.vn/x/media/catalog/product/l/o/loa-bluetooth-goojodoq-ab4094_2_.png
737,39,https://cdn2.cellphones.com.vn/x/media/catalog/product/l/o/loa-bluetooth-goojodoq-ab4094_1_.png
738,39,https://cdn2.cellphones.com.vn/x/media/catalog/product/l/o/loa-bluetooth-goojodoq-ab4094.png
739,39,https://cellphones.com.vn/media/catalog/product/l/o/loa-bluetooth-goojodoq-ab4094_3__1.png
740,39,https://cellphones.com.vn/media/catalog/product/l/o/loa-bluetooth-goojodoq-ab4094_1.png
741,39,https://cellphones.com.vn/media/catalog/product/l/o/loa-bluetooth-goojodoq-ab4094_1__1.png
742,39,https://cellphones.com.vn/media/catalog/product/l/o/loa-bluetooth-goojodoq-ab4094_2__1.png
743,39,https://cellphones.com.vn/media/catalog/product/l/o/loa-bluetooth-goojodoq-ab4094_2_.png
744,39,https://cellphones.com.vn/media/catalog/product/l/o/loa-bluetooth-goojodoq-ab4094_3_.png
745,39,https://cellphones.com.vn/media/catalog/product/l/o/loa-bluetooth-goojodoq-ab4094_1_.png
746,39,https://cellphones.com.vn/media/catalog/product/l/o/loa-bluetooth-goojodoq-ab4094.png
747,40,https://cdn2.cellphones.com.vn/media/catalog/product/l/o/loa-bluetooth-goojodoq-ab4095.png
748,40,https://cdn2.cellphones.com.vn/x/media/catalog/product/l/o/loa-bluetooth-goojodoq-ab4095.png
749,40,https://cellphones.com.vn/media/catalog/product/l/o/loa-bluetooth-goojodoq-ab4095.png
750,40,https://cellphones.com.vn/media/catalog/product
751,41,https://cdn2.cellphones.com.vn/media/catalog/product/l/o/loa-edifier-m60_2.png
752,41,https://cdn2.cellphones.com.vn/x/media/catalog/product/l/o/loa-edifier-m60_2.png
753,41,https://cellphones.com.vn/media/catalog/product/l/o/loa-edifier-m60_2.png
754,41,https://cellphones.com.vn/media/catalog/product
755,42,https://cdn2.cellphones.com.vn/media/catalog/product/g/r/group_179_6_41_3.png
756,42,https://cdn2.cellphones.com.vn/x/media/catalog/product/m/_/m_n_h_nh_lg_24u411a-b_24_inch_-_1_2.png
757,42,https://cdn2.cellphones.com.vn/x/media/catalog/product/m/_/m_n_h_nh_lg_24u411a-b_24_inch_-_2_2.png
758,42,https://cdn2.cellphones.com.vn/x/media/catalog/product/m/_/m_n_h_nh_lg_24u411a-b_24_inch_-_3_2.png
759,42,https://cdn2.cellphones.com.vn/x/media/catalog/product/t/e/text_ng_n_2__10_73_3.png
760,42,https://cdn2.cellphones.com.vn/x/media/catalog/product/t/e/text_ng_n_3__8_61_3.png
761,42,https://cdn2.cellphones.com.vn/x/media/catalog/product/t/e/text_ng_n_4__8_66_3.png
762,42,https://cdn2.cellphones.com.vn/x/media/catalog/product/t/e/text_ng_n_5__10_58_3.png
763,42,https://cdn2.cellphones.com.vn/x/media/catalog/product/t/e/text_ng_n_11__7_184_3.png
764,42,https://cdn2.cellphones.com.vn/x/media/catalog/product/t/e/text_ng_n_13__8_139_3.png
765,42,https://cdn2.cellphones.com.vn/x/media/catalog/product/t/e/text_ng_n_12__8_165_3.png
766,42,https://cdn2.cellphones.com.vn/x/media/catalog/product/t/e/text_ng_n_6__5_58_3.png
767,42,https://cdn2.cellphones.com.vn/x/media/catalog/product/t/e/text_ng_n_7__5_48_3.png
768,42,https://cdn2.cellphones.com.vn/x/media/catalog/product/t/e/text_ng_n_9__9_267_3.png
769,42,https://cdn2.cellphones.com.vn/x/media/catalog/product/t/e/text_ng_n_8__8_48_3.png
770,42,https://cdn2.cellphones.com.vn/x/media/catalog/product/t/e/text_ng_n_10__5_263_3.png
771,42,https://cdn2.cellphones.com.vn/x/media/catalog/product/t/e/text_ng_n_15__7_317_3.png
772,42,https://cdn2.cellphones.com.vn/x/media/catalog/product/t/e/text_ng_n_14__9_149_3.png
773,42,https://cdn2.cellphones.com.vn/x/media/catalog/product/t/e/text_ng_n_16__6_260_3.png
774,42,https://cellphones.com.vn/media/catalog/product/g/r/group_179_6_41_3.png
775,42,https://cellphones.com.vn/media/catalog/product/m/_/m_n_h_nh_lg_24u411a-b_24_inch_-_1_2.png
776,42,https://cellphones.com.vn/media/catalog/product/m/_/m_n_h_nh_lg_24u411a-b_24_inch_-_2_2.png
777,42,https://cellphones.com.vn/media/catalog/product/m/_/m_n_h_nh_lg_24u411a-b_24_inch_-_3_2.png
778,42,https://cellphones.com.vn/media/catalog/product/t/e/text_ng_n_2__10_73_3.png
779,42,https://cellphones.com.vn/media/catalog/product/t/e/text_ng_n_3__8_61_3.png
780,42,https://cellphones.com.vn/media/catalog/product/t/e/text_ng_n_4__8_66_3.png
781,42,https://cellphones.com.vn/media/catalog/product/t/e/text_ng_n_5__10_58_3.png
782,42,https://cellphones.com.vn/media/catalog/product/t/e/text_ng_n_11__7_184_3.png
783,42,https://cellphones.com.vn/media/catalog/product/t/e/text_ng_n_13__8_139_3.png
784,42,https://cellphones.com.vn/media/catalog/product/t/e/text_ng_n_12__8_165_3.png
785,42,https://cellphones.com.vn/media/catalog/product/t/e/text_ng_n_6__5_58_3.png
786,42,https://cellphones.com.vn/media/catalog/product/t/e/text_ng_n_7__5_48_3.png
787,42,https://cellphones.com.vn/media/catalog/product/t/e/text_ng_n_9__9_267_3.png
788,42,https://cellphones.com.vn/media/catalog/product/t/e/text_ng_n_8__8_48_3.png
789,42,https://cellphones.com.vn/media/catalog/product/t/e/text_ng_n_10__5_263_3.png
790,42,https://cellphones.com.vn/media/catalog/product/t/e/text_ng_n_15__7_317_3.png
791,42,https://cellphones.com.vn/media/catalog/product/t/e/text_ng_n_14__9_149_3.png
792,42,https://cellphones.com.vn/media/catalog/product/t/e/text_ng_n_16__6_260_3.png
793,43,https://cdn2.cellphones.com.vn/media/catalog/product/g/r/group_179_6_53_2.png
794,43,https://cdn2.cellphones.com.vn/x/media/catalog/product/m/_/m_n_h_nh_msi_pro_mp243l_e14_24_inch_-_1_1.png
795,43,https://cdn2.cellphones.com.vn/x/media/catalog/product/m/_/m_n_h_nh_msi_pro_mp243l_e14_24_inch_-_2_1.png
796,43,https://cdn2.cellphones.com.vn/x/media/catalog/product/m/_/m_n_h_nh_msi_pro_mp243l_e14_24_inch_-_3_1.png
797,43,https://cdn2.cellphones.com.vn/x/media/catalog/product/m/h/mhv_11_4.png
798,43,https://cdn2.cellphones.com.vn/x/media/catalog/product/m/h/mhv_2__11_4.png
799,43,https://cdn2.cellphones.com.vn/x/media/catalog/product/m/h/mhv_1__11_4.png
800,43,https://cdn2.cellphones.com.vn/x/media/catalog/product/m/h/mhv_3__11_4.png
801,43,https://cdn2.cellphones.com.vn/x/media/catalog/product/m/h/mhv_4__11_4.png
802,43,https://cdn2.cellphones.com.vn/x/media/catalog/product/m/h/mhv_5__8_4.png
803,43,https://cellphones.com.vn/media/catalog/product/g/r/group_179_6_53_2.png
804,43,https://cellphones.com.vn/media/catalog/product/m/_/m_n_h_nh_msi_pro_mp243l_e14_24_inch_-_1_1.png
805,43,https://cellphones.com.vn/media/catalog/product/m/_/m_n_h_nh_msi_pro_mp243l_e14_24_inch_-_2_1.png
806,43,https://cellphones.com.vn/media/catalog/product/m/_/m_n_h_nh_msi_pro_mp243l_e14_24_inch_-_3_1.png
807,43,https://cellphones.com.vn/media/catalog/product/m/h/mhv_11_4.png
808,43,https://cellphones.com.vn/media/catalog/product/m/h/mhv_2__11_4.png
809,43,https://cellphones.com.vn/media/catalog/product/m/h/mhv_1__11_4.png
810,43,https://cellphones.com.vn/media/catalog/product/m/h/mhv_3__11_4.png
811,43,https://cellphones.com.vn/media/catalog/product/m/h/mhv_4__11_4.png
812,43,https://cellphones.com.vn/media/catalog/product/m/h/mhv_5__8_4.png
813,44,https://cdn2.cellphones.com.vn/media/catalog/product/h/u/huawei-matepad-pro-12-2-inch_3_3.jpg
814,44,https://cdn2.cellphones.com.vn/x/media/catalog/product/s/l/slider-may-tinh-bang-huawei-pro_3.jpg
815,44,https://cdn2.cellphones.com.vn/x/media/catalog/product/s/l/slider-may-tinh-bang-huawei-pro-2_3.jpg
816,44,https://cdn2.cellphones.com.vn/x/media/catalog/product/s/l/slider-may-tinh-bang-huawei-pro-1_3.jpg
817,44,https://cdn2.cellphones.com.vn/x/media/catalog/product/s/l/slider-may-tinh-bang-huawei-pro-3_3.jpg
818,44,https://cdn2.cellphones.com.vn/x/media/catalog/product/s/l/slider-may-tinh-bang-huawei-pro-4_3.jpg
819,44,https://cdn2.cellphones.com.vn/x/media/catalog/product/h/u/huawei-matepad-pro-12-2-inch_3_3.jpg
820,44,https://cdn2.cellphones.com.vn/x/media/catalog/product/h/u/huawei-matepad-pro-12-2-inch-3_3.jpg
821,44,https://cdn2.cellphones.com.vn/x/media/catalog/product/h/u/huawei-matepad-pro-12-2-inch-4_3.jpg
822,44,https://cdn2.cellphones.com.vn/x/media/catalog/product/h/u/huawei-matepad-pro-12-2-inch-5_3.jpg
823,44,https://cdn2.cellphones.com.vn/x/media/catalog/product/h/u/huawei-matepad-pro-12-2-inch-7_3.jpg
824,44,https://cdn2.cellphones.com.vn/x/media/catalog/product/h/u/huawei-matepad-pro-12-2-inch-6_3.jpg
825,44,https://cdn2.cellphones.com.vn/x/media/catalog/product/h/u/huawei-matepad-pro-12-2-inch-8_3.jpg
826,44,https://cdn2.cellphones.com.vn/x/media/catalog/product/h/u/huawei-matepad-pro-12-2-inch-9_3.jpg
827,44,https://cdn2.cellphones.com.vn/x/media/catalog/product/h/u/huawei-matepad-pro-12-2-inch-10_3.jpg
828,44,https://cdn2.cellphones.com.vn/x/media/catalog/product/h/u/huawei-matepad-pro-12-2-inch-11_3.jpg
829,44,https://cdn2.cellphones.com.vn/x/media/catalog/product/h/u/huawei-matepad-pro-12-2-inch-12_3.jpg
830,44,https://cdn2.cellphones.com.vn/x/media/catalog/product/h/u/huawei-matepad-pro-12-2-inch-13_3.jpg
831,44,https://cdn2.cellphones.com.vn/x/media/catalog/product/h/u/huawei-matepad-pro-12-2-inch-14_3.jpg
832,44,https://cdn2.cellphones.com.vn/x/media/catalog/product/h/u/huawei-matepad-pro-12-2-inch-15_3.jpg
833,44,https://cellphones.com.vn/media/catalog/product/m/a/may-tinh-bang-huawei-matepad-pro-12-2-inch-2025-cu-tray-xuoc.jpg
834,44,https://cellphones.com.vn/media/catalog/product/h/u/huawei-matepad-pro-12-2-inch_3_3.jpg
835,44,https://cellphones.com.vn/media/catalog/product/s/l/slider-may-tinh-bang-huawei-pro_3.jpg
836,44,https://cellphones.com.vn/media/catalog/product/s/l/slider-may-tinh-bang-huawei-pro-2_3.jpg
837,44,https://cellphones.com.vn/media/catalog/product/s/l/slider-may-tinh-bang-huawei-pro-1_3.jpg
838,44,https://cellphones.com.vn/media/catalog/product/s/l/slider-may-tinh-bang-huawei-pro-3_3.jpg
839,44,https://cellphones.com.vn/media/catalog/product/s/l/slider-may-tinh-bang-huawei-pro-4_3.jpg
840,44,https://cellphones.com.vn/media/catalog/product/h/u/huawei-matepad-pro-12-2-inch-3_3.jpg
841,44,https://cellphones.com.vn/media/catalog/product/h/u/huawei-matepad-pro-12-2-inch-4_3.jpg
842,44,https://cellphones.com.vn/media/catalog/product/h/u/huawei-matepad-pro-12-2-inch-5_3.jpg
843,44,https://cellphones.com.vn/media/catalog/product/h/u/huawei-matepad-pro-12-2-inch-7_3.jpg
844,44,https://cellphones.com.vn/media/catalog/product/h/u/huawei-matepad-pro-12-2-inch-6_3.jpg
845,44,https://cellphones.com.vn/media/catalog/product/h/u/huawei-matepad-pro-12-2-inch-8_3.jpg
846,44,https://cellphones.com.vn/media/catalog/product/h/u/huawei-matepad-pro-12-2-inch-9_3.jpg
847,44,https://cellphones.com.vn/media/catalog/product/h/u/huawei-matepad-pro-12-2-inch-10_3.jpg
848,44,https://cellphones.com.vn/media/catalog/product/h/u/huawei-matepad-pro-12-2-inch-11_3.jpg
849,44,https://cellphones.com.vn/media/catalog/product/h/u/huawei-matepad-pro-12-2-inch-12_3.jpg
850,44,https://cellphones.com.vn/media/catalog/product/h/u/huawei-matepad-pro-12-2-inch-13_3.jpg
851,44,https://cellphones.com.vn/media/catalog/product/h/u/huawei-matepad-pro-12-2-inch-14_3.jpg
852,44,https://cellphones.com.vn/media/catalog/product/h/u/huawei-matepad-pro-12-2-inch-15_3.jpg
853,45,https://cdn2.cellphones.com.vn/media/catalog/product/o/p/op-lung-iphone-11-pro-max-likgus-bvc-clear_1_.png
854,45,https://cdn2.cellphones.com.vn/x/media/catalog/product/o/p/op-lung-iphone-11-pro-max-likgus-bvc-clear_2_.png
855,45,https://cellphones.com.vn/media/catalog/product/o/p/op-lung-iphone-11-pro-max-likgus-bvc-clear_2__1.png
856,45,https://cellphones.com.vn/media/catalog/product/o/p/op-lung-iphone-11-pro-max-likgus-bvc-clear_1_.png
857,45,https://cellphones.com.vn/media/catalog/product/o/p/op-lung-iphone-11-pro-max-likgus-bvc-clear_2_.png
858,46,https://cdn2.cellphones.com.vn/media/catalog/product/o/p/op-lung-iphone-12-pro-max-likgus-with-magsafe-clear_1_.png
859,46,https://cdn2.cellphones.com.vn/x/media/catalog/product/o/p/op-lung-iphone-12-pro-max-likgus-with-magsafe-clear_1_.png
860,46,https://cdn2.cellphones.com.vn/x/media/catalog/product/o/p/op-lung-iphone-12-pro-max-likgus-with-magsafe-clear_2_.png
861,46,https://cdn2.cellphones.com.vn/x/media/catalog/product/o/p/op-lung-iphone-12-pro-max-likgus-with-magsafe-clear_3_.png
862,46,https://cdn2.cellphones.com.vn/x/media/catalog/product/o/p/op-lung-iphone-12-pro-max-likgus-with-magsafe-clear_4_.png
863,46,https://cellphones.com.vn/media/catalog/product/o/p/op-lung-iphone-12-pro-max-likgus-with-magsafe-clear_2__1.png
864,46,https://cellphones.com.vn/media/catalog/product/o/p/op-lung-iphone-12-pro-max-likgus-with-magsafe-clear_1_.png
865,46,https://cellphones.com.vn/media/catalog/product/o/p/op-lung-iphone-12-pro-max-likgus-with-magsafe-clear_2_.png
866,46,https://cellphones.com.vn/media/catalog/product/o/p/op-lung-iphone-12-pro-max-likgus-with-magsafe-clear_3_.png
867,46,https://cellphones.com.vn/media/catalog/product/o/p/op-lung-iphone-12-pro-max-likgus-with-magsafe-clear_4_.png
868,47,https://cdn2.cellphones.com.vn/media/catalog/product/o/p/op-lung-iphone-14-pro-esr-air-armor-clear.png
869,47,https://cdn2.cellphones.com.vn/x/media/catalog/product/o/p/op-lung-iphone-14-pro-esr-air-armor-clear.png
870,47,https://cdn2.cellphones.com.vn/x/media/catalog/product/o/p/op-lung-iphone-14-pro-esr-air-armor-clear_2_.png
871,47,https://cdn2.cellphones.com.vn/x/media/catalog/product/o/p/op-lung-iphone-14-pro-esr-air-armor-clear_4_.png
872,47,https://cdn2.cellphones.com.vn/x/media/catalog/product/o/p/op-lung-iphone-14-pro-esr-air-armor-clear_3_.png
873,47,https://cdn2.cellphones.com.vn/x/media/catalog/product/o/p/op-lung-iphone-14-pro-esr-air-armor-clear_5_.png
874,47,https://cdn2.cellphones.com.vn/x/media/catalog/product/o/p/op-lung-iphone-14-pro-esr-air-armor-clear_6_.png
875,47,https://cdn2.cellphones.com.vn/x/media/catalog/product/o/p/op-lung-iphone-14-pro-esr-air-armor-clear_7_.png
876,47,https://cdn2.cellphones.com.vn/x/media/catalog/product/o/p/op-lung-iphone-14-pro-esr-air-armor-clear_8_.png
877,47,https://cdn2.cellphones.com.vn/x/media/catalog/product/o/p/op-lung-iphone-14-pro-esr-air-armor-clear_9_.png
878,47,https://cellphones.com.vn/media/catalog/product/o/p/op-lung-iphone-14-pro-esr-air-armor-clear_2__1.png
879,47,https://cellphones.com.vn/media/catalog/product/o/p/op-lung-iphone-14-pro-esr-air-armor-clear.png
880,47,https://cellphones.com.vn/media/catalog/product/o/p/op-lung-iphone-14-pro-esr-air-armor-clear_2_.png
881,47,https://cellphones.com.vn/media/catalog/product/o/p/op-lung-iphone-14-pro-esr-air-armor-clear_4_.png
882,47,https://cellphones.com.vn/media/catalog/product/o/p/op-lung-iphone-14-pro-esr-air-armor-clear_3_.png
883,47,https://cellphones.com.vn/media/catalog/product/o/p/op-lung-iphone-14-pro-esr-air-armor-clear_5_.png
884,47,https://cellphones.com.vn/media/catalog/product/o/p/op-lung-iphone-14-pro-esr-air-armor-clear_6_.png
885,47,https://cellphones.com.vn/media/catalog/product/o/p/op-lung-iphone-14-pro-esr-air-armor-clear_7_.png
886,47,https://cellphones.com.vn/media/catalog/product/o/p/op-lung-iphone-14-pro-esr-air-armor-clear_8_.png
887,47,https://cellphones.com.vn/media/catalog/product/o/p/op-lung-iphone-14-pro-esr-air-armor-clear_9_.png
888,48,https://cdn2.cellphones.com.vn/media/catalog/product/o/p/op-lung-iphone-14-pro-itskins-ballistic-r-nylon_1_.png
889,48,https://cdn2.cellphones.com.vn/x/media/catalog/product/o/p/op-lung-iphone-14-pro-itskins-ballistic-r-nylon_1_.png
890,48,https://cdn2.cellphones.com.vn/x/media/catalog/product/o/p/op-lung-iphone-14-pro-itskins-ballistic-r-nylon_2_.png
891,48,https://cdn2.cellphones.com.vn/x/media/catalog/product/o/p/op-lung-iphone-14-pro-itskins-ballistic-r-nylon_3_.png
892,48,https://cdn2.cellphones.com.vn/x/media/catalog/product/o/p/op-lung-iphone-14-pro-itskins-ballistic-r-nylon_4_.png
893,48,https://cdn2.cellphones.com.vn/x/media/catalog/product/o/p/op-lung-iphone-14-pro-itskins-ballistic-r-nylon_6_.png
894,48,https://cdn2.cellphones.com.vn/x/media/catalog/product/o/p/op-lung-iphone-14-pro-itskins-ballistic-r-nylon_5_.png
895,48,https://cdn2.cellphones.com.vn/x/media/catalog/product/o/p/op-lung-iphone-14-pro-itskins-ballistic-r-nylon_7_.png
896,48,https://cdn2.cellphones.com.vn/x/media/catalog/product/o/p/op-lung-iphone-14-pro-itskins-ballistic-r-nylon_8_.png
897,48,https://cellphones.com.vn/media/catalog/product/o/p/op-lung-iphone-14-pro-itskins-ballistic-r-nylon_3__1.png
898,48,https://cellphones.com.vn/media/catalog/product/o/p/op-lung-iphone-14-pro-itskins-ballistic-r-nylon_2__1.png
899,48,https://cellphones.com.vn/media/catalog/product/o/p/op-lung-iphone-14-pro-itskins-ballistic-r-nylon_1_.png
900,48,https://cellphones.com.vn/media/catalog/product/o/p/op-lung-iphone-14-pro-itskins-ballistic-r-nylon_2_.png
901,48,https://cellphones.com.vn/media/catalog/product/o/p/op-lung-iphone-14-pro-itskins-ballistic-r-nylon_3_.png
902,48,https://cellphones.com.vn/media/catalog/product/o/p/op-lung-iphone-14-pro-itskins-ballistic-r-nylon_4_.png
903,48,https://cellphones.com.vn/media/catalog/product/o/p/op-lung-iphone-14-pro-itskins-ballistic-r-nylon_6_.png
904,48,https://cellphones.com.vn/media/catalog/product/o/p/op-lung-iphone-14-pro-itskins-ballistic-r-nylon_5_.png
905,48,https://cellphones.com.vn/media/catalog/product/o/p/op-lung-iphone-14-pro-itskins-ballistic-r-nylon_7_.png
906,48,https://cellphones.com.vn/media/catalog/product/o/p/op-lung-iphone-14-pro-itskins-ballistic-r-nylon_8_.png
907,49,https://cdn2.cellphones.com.vn/media/catalog/product/o/p/op-lung-iphone-14-pro-tgvis-space-cool-sky_1_.png
908,49,https://cdn2.cellphones.com.vn/x/media/catalog/product/o/p/op-lung-iphone-14-pro-tgvis-space-cool-sky_1_.png
909,49,https://cdn2.cellphones.com.vn/x/media/catalog/product/o/p/op-lung-iphone-14-pro-tgvis-space-cool-sky_2_.png
910,49,https://cdn2.cellphones.com.vn/x/media/catalog/product/o/p/op-lung-iphone-14-pro-tgvis-space-cool-sky_3_.png
911,49,https://cdn2.cellphones.com.vn/x/media/catalog/product/o/p/op-lung-iphone-14-pro-tgvis-space-cool-sky_4_.png
912,49,https://cdn2.cellphones.com.vn/x/media/catalog/product/o/p/op-lung-iphone-14-pro-tgvis-space-cool-sky_5_.png
913,49,https://cdn2.cellphones.com.vn/x/media/catalog/product/o/p/op-lung-iphone-14-pro-tgvis-space-cool-sky_6_.png
914,49,https://cellphones.com.vn/media/catalog/product/o/p/op-lung-iphone-14-pro-tgvis-space-cool-sky_2__1.png
915,49,https://cellphones.com.vn/media/catalog/product/o/p/op-lung-iphone-14-pro-tgvis-space-cool-sky_1_.png
916,49,https://cellphones.com.vn/media/catalog/product/o/p/op-lung-iphone-14-pro-tgvis-space-cool-sky_2_.png
917,49,https://cellphones.com.vn/media/catalog/product/o/p/op-lung-iphone-14-pro-tgvis-space-cool-sky_3_.png
918,49,https://cellphones.com.vn/media/catalog/product/o/p/op-lung-iphone-14-pro-tgvis-space-cool-sky_4_.png
919,49,https://cellphones.com.vn/media/catalog/product/o/p/op-lung-iphone-14-pro-tgvis-space-cool-sky_5_.png
920,49,https://cellphones.com.vn/media/catalog/product/o/p/op-lung-iphone-14-pro-tgvis-space-cool-sky_6_.png
921,50,https://cdn2.cellphones.com.vn/media/catalog/product/o/p/op-lung-iphone-14-pro-tgvis-space-space-man_1_.png
922,50,https://cdn2.cellphones.com.vn/x/media/catalog/product/o/p/op-lung-iphone-14-pro-tgvis-space-space-man_1_.png
923,50,https://cdn2.cellphones.com.vn/x/media/catalog/product/o/p/op-lung-iphone-14-pro-tgvis-space-space-man_2_.png
924,50,https://cdn2.cellphones.com.vn/x/media/catalog/product/o/p/op-lung-iphone-14-pro-tgvis-space-space-man_3_.png
925,50,https://cdn2.cellphones.com.vn/x/media/catalog/product/o/p/op-lung-iphone-14-pro-tgvis-space-space-man_4_.png
926,50,https://cdn2.cellphones.com.vn/x/media/catalog/product/o/p/op-lung-iphone-14-pro-tgvis-space-space-man_6_.png
927,50,https://cdn2.cellphones.com.vn/x/media/catalog/product/o/p/op-lung-iphone-14-pro-tgvis-space-space-man_5_.png
928,50,https://cdn2.cellphones.com.vn/x/media/catalog/product/o/p/op-lung-iphone-14-pro-tgvis-space-space-man_7_.png
929,50,https://cellphones.com.vn/media/catalog/product/o/p/op-lung-iphone-14-pro-tgvis-space-space-man_2__1.png
930,50,https://cellphones.com.vn/media/catalog/product/o/p/op-lung-iphone-14-pro-tgvis-space-space-man_3__1.png
931,50,https://cellphones.com.vn/media/catalog/product/o/p/op-lung-iphone-14-pro-tgvis-space-space-man_1_.png
932,50,https://cellphones.com.vn/media/catalog/product/o/p/op-lung-iphone-14-pro-tgvis-space-space-man_2_.png
933,50,https://cellphones.com.vn/media/catalog/product/o/p/op-lung-iphone-14-pro-tgvis-space-space-man_3_.png
934,50,https://cellphones.com.vn/media/catalog/product/o/p/op-lung-iphone-14-pro-tgvis-space-space-man_4_.png
935,50,https://cellphones.com.vn/media/catalog/product/o/p/op-lung-iphone-14-pro-tgvis-space-space-man_6_.png
936,50,https://cellphones.com.vn/media/catalog/product/o/p/op-lung-iphone-14-pro-tgvis-space-space-man_5_.png
937,50,https://cellphones.com.vn/media/catalog/product/o/p/op-lung-iphone-14-pro-tgvis-space-space-man_7_.png
938,51,https://cdn2.cellphones.com.vn/media/catalog/product/o/p/op-lung-iphone-15-likgus-with-magsafe-clear_1_.png
939,51,https://cdn2.cellphones.com.vn/x/media/catalog/product/o/p/op-lung-iphone-15-likgus-with-magsafe-clear_1_.png
940,51,https://cdn2.cellphones.com.vn/x/media/catalog/product/o/p/op-lung-iphone-15-likgus-with-magsafe-clear_2_.png
941,51,https://cdn2.cellphones.com.vn/x/media/catalog/product/o/p/op-lung-iphone-15-likgus-with-magsafe-clear_3_.png
942,51,https://cdn2.cellphones.com.vn/x/media/catalog/product/o/p/op-lung-iphone-15-likgus-with-magsafe-clear_4_.png
943,51,https://cellphones.com.vn/media/catalog/product/o/p/op-lung-iphone-15-likgus-with-magsafe-clear_2__1.png
944,51,https://cellphones.com.vn/media/catalog/product/o/p/op-lung-iphone-15-likgus-with-magsafe-clear_1_.png
945,51,https://cellphones.com.vn/media/catalog/product/o/p/op-lung-iphone-15-likgus-with-magsafe-clear_2_.png
946,51,https://cellphones.com.vn/media/catalog/product/o/p/op-lung-iphone-15-likgus-with-magsafe-clear_3_.png
947,51,https://cellphones.com.vn/media/catalog/product/o/p/op-lung-iphone-15-likgus-with-magsafe-clear_4_.png
948,52,https://cdn2.cellphones.com.vn/media/catalog/product/o/p/op-lung-iphone-15-pro-araree-nukin-clear_1_.png
949,52,https://cdn2.cellphones.com.vn/x/media/catalog/product/o/p/op-lung-iphone-15-pro-araree-nukin-clear_1_.png
950,52,https://cdn2.cellphones.com.vn/x/media/catalog/product/o/p/op-lung-iphone-15-pro-araree-nukin-clear_2_.png
951,52,https://cdn2.cellphones.com.vn/x/media/catalog/product/o/p/op-lung-iphone-15-pro-araree-nukin-clear_3_.png
952,52,https://cdn2.cellphones.com.vn/x/media/catalog/product/o/p/op-lung-iphone-15-pro-araree-nukin-clear_4_.png
953,52,https://cdn2.cellphones.com.vn/x/media/catalog/product/o/p/op-lung-iphone-15-pro-araree-nukin-clear_5_.png
954,52,https://cdn2.cellphones.com.vn/x/media/catalog/product/o/p/op-lung-iphone-15-pro-araree-nukin-clear_6_.png
955,52,https://cdn2.cellphones.com.vn/x/media/catalog/product/o/p/op-lung-iphone-15-pro-araree-nukin-clear_7_.png
956,52,https://cdn2.cellphones.com.vn/x/media/catalog/product/o/p/op-lung-iphone-15-pro-araree-nukin-clear_9_.png
957,52,https://cdn2.cellphones.com.vn/x/media/catalog/product/o/p/op-lung-iphone-15-pro-araree-nukin-clear_8_.png
958,52,https://cellphones.com.vn/media/catalog/product/o/p/op-lung-iphone-15-pro-araree-nukin-clear_2__1.png
959,52,https://cellphones.com.vn/media/catalog/product/o/p/op-lung-iphone-15-pro-araree-nukin-clear_1_.png
960,52,https://cellphones.com.vn/media/catalog/product/o/p/op-lung-iphone-15-pro-araree-nukin-clear_2_.png
961,52,https://cellphones.com.vn/media/catalog/product/o/p/op-lung-iphone-15-pro-araree-nukin-clear_3_.png
962,52,https://cellphones.com.vn/media/catalog/product/o/p/op-lung-iphone-15-pro-araree-nukin-clear_4_.png
963,52,https://cellphones.com.vn/media/catalog/product/o/p/op-lung-iphone-15-pro-araree-nukin-clear_5_.png
964,52,https://cellphones.com.vn/media/catalog/product/o/p/op-lung-iphone-15-pro-araree-nukin-clear_6_.png
965,52,https://cellphones.com.vn/media/catalog/product/o/p/op-lung-iphone-15-pro-araree-nukin-clear_7_.png
966,52,https://cellphones.com.vn/media/catalog/product/o/p/op-lung-iphone-15-pro-araree-nukin-clear_9_.png
967,52,https://cellphones.com.vn/media/catalog/product/o/p/op-lung-iphone-15-pro-araree-nukin-clear_8_.png
968,53,https://cdn2.cellphones.com.vn/media/catalog/product/o/p/op-lung-iphone-15-pro-jcpal-dualpro-with-magsafe-clear_1_.png
969,53,https://cdn2.cellphones.com.vn/x/media/catalog/product/o/p/op-lung-iphone-15-pro-jcpal-dualpro-with-magsafe-clear_1_.png
970,53,https://cdn2.cellphones.com.vn/x/media/catalog/product/o/p/op-lung-iphone-15-pro-jcpal-dualpro-with-magsafe-clear_2_.png
971,53,https://cdn2.cellphones.com.vn/x/media/catalog/product/o/p/op-lung-iphone-15-pro-jcpal-dualpro-with-magsafe-clear_3_.png
972,53,https://cdn2.cellphones.com.vn/x/media/catalog/product/o/p/op-lung-iphone-15-pro-jcpal-dualpro-with-magsafe-clear_7_.png
973,53,https://cdn2.cellphones.com.vn/x/media/catalog/product/o/p/op-lung-iphone-15-pro-jcpal-dualpro-with-magsafe-clear_5_.png
974,53,https://cdn2.cellphones.com.vn/x/media/catalog/product/o/p/op-lung-iphone-15-pro-jcpal-dualpro-with-magsafe-clear_6_.png
975,53,https://cdn2.cellphones.com.vn/x/media/catalog/product/o/p/op-lung-iphone-15-pro-jcpal-dualpro-with-magsafe-clear_4_.png
976,53,https://cellphones.com.vn/media/catalog/product/o/p/op-lung-iphone-15-pro-jcpal-dualpro-with-magsafe-clear_2__1.png
977,53,https://cellphones.com.vn/media/catalog/product/o/p/op-lung-iphone-15-pro-jcpal-dualpro-with-magsafe-clear_1_.png
978,53,https://cellphones.com.vn/media/catalog/product/o/p/op-lung-iphone-15-pro-jcpal-dualpro-with-magsafe-clear_2_.png
979,53,https://cellphones.com.vn/media/catalog/product/o/p/op-lung-iphone-15-pro-jcpal-dualpro-with-magsafe-clear_3_.png
980,53,https://cellphones.com.vn/media/catalog/product/o/p/op-lung-iphone-15-pro-jcpal-dualpro-with-magsafe-clear_7_.png
981,53,https://cellphones.com.vn/media/catalog/product/o/p/op-lung-iphone-15-pro-jcpal-dualpro-with-magsafe-clear_5_.png
982,53,https://cellphones.com.vn/media/catalog/product/o/p/op-lung-iphone-15-pro-jcpal-dualpro-with-magsafe-clear_6_.png
983,53,https://cellphones.com.vn/media/catalog/product/o/p/op-lung-iphone-15-pro-jcpal-dualpro-with-magsafe-clear_4_.png
984,54,https://cdn2.cellphones.com.vn/media/catalog/product/o/p/op-lung-iphone-15-pro-jinya-t-stand-with-magsafe-clear_1_.png
985,54,https://cdn2.cellphones.com.vn/x/media/catalog/product/o/p/op-lung-iphone-15-pro-jinya-t-stand-with-magsafe-clear_1_.png
986,54,https://cdn2.cellphones.com.vn/x/media/catalog/product/o/p/op-lung-iphone-15-pro-jinya-t-stand-with-magsafe-clear_2_.png
987,54,https://cdn2.cellphones.com.vn/x/media/catalog/product/o/p/op-lung-iphone-15-pro-jinya-t-stand-with-magsafe-clear_3_.png
988,54,https://cdn2.cellphones.com.vn/x/media/catalog/product/o/p/op-lung-iphone-15-pro-jinya-t-stand-with-magsafe-clear_4_.png
989,54,https://cdn2.cellphones.com.vn/x/media/catalog/product/o/p/op-lung-iphone-15-pro-jinya-t-stand-with-magsafe-clear_5_.png
990,54,https://cdn2.cellphones.com.vn/x/media/catalog/product/o/p/op-lung-iphone-15-pro-jinya-t-stand-with-magsafe-clear_6_.png
991,54,https://cdn2.cellphones.com.vn/x/media/catalog/product/o/p/op-lung-iphone-15-pro-jinya-t-stand-with-magsafe-clear_7_.png
992,54,https://cellphones.com.vn/media/catalog/product/o/p/op-lung-iphone-15-pro-jinya-t-stand-with-magsafe-clear_2__1.png
993,54,https://cellphones.com.vn/media/catalog/product/o/p/op-lung-iphone-15-pro-jinya-t-stand-with-magsafe-clear_1_.png
994,54,https://cellphones.com.vn/media/catalog/product/o/p/op-lung-iphone-15-pro-jinya-t-stand-with-magsafe-clear_2_.png
995,54,https://cellphones.com.vn/media/catalog/product/o/p/op-lung-iphone-15-pro-jinya-t-stand-with-magsafe-clear_3_.png
996,54,https://cellphones.com.vn/media/catalog/product/o/p/op-lung-iphone-15-pro-jinya-t-stand-with-magsafe-clear_4_.png
997,54,https://cellphones.com.vn/media/catalog/product/o/p/op-lung-iphone-15-pro-jinya-t-stand-with-magsafe-clear_5_.png
998,54,https://cellphones.com.vn/media/catalog/product/o/p/op-lung-iphone-15-pro-jinya-t-stand-with-magsafe-clear_6_.png
999,54,https://cellphones.com.vn/media/catalog/product/o/p/op-lung-iphone-15-pro-jinya-t-stand-with-magsafe-clear_7_.png
1000,55,https://cdn2.cellphones.com.vn/media/catalog/product/o/p/op-lung-iphone-15-pro-max-araree-duple-clear_1_.png
1001,55,https://cdn2.cellphones.com.vn/x/media/catalog/product/o/p/op-lung-iphone-15-pro-max-araree-duple-clear_1_.png
1002,55,https://cdn2.cellphones.com.vn/x/media/catalog/product/o/p/op-lung-iphone-15-pro-max-araree-duple-clear_2_.png
1003,55,https://cdn2.cellphones.com.vn/x/media/catalog/product/o/p/op-lung-iphone-15-pro-max-araree-duple-clear_3_.png
1004,55,https://cdn2.cellphones.com.vn/x/media/catalog/product/o/p/op-lung-iphone-15-pro-max-araree-duple-clear_4_.png
1005,55,https://cdn2.cellphones.com.vn/x/media/catalog/product/o/p/op-lung-iphone-15-pro-max-araree-duple-clear_5_.png
1006,55,https://cdn2.cellphones.com.vn/x/media/catalog/product/o/p/op-lung-iphone-15-pro-max-araree-duple-clear_6_.png
1007,55,https://cdn2.cellphones.com.vn/x/media/catalog/product/o/p/op-lung-iphone-15-pro-max-araree-duple-clear_7_.png
1008,55,https://cellphones.com.vn/media/catalog/product/o/p/op-lung-iphone-15-pro-max-araree-duple-clear_2__1.png
1009,55,https://cellphones.com.vn/media/catalog/product/o/p/op-lung-iphone-15-pro-max-araree-duple-clear_1_.png
1010,55,https://cellphones.com.vn/media/catalog/product/o/p/op-lung-iphone-15-pro-max-araree-duple-clear_2_.png
1011,55,https://cellphones.com.vn/media/catalog/product/o/p/op-lung-iphone-15-pro-max-araree-duple-clear_3_.png
1012,55,https://cellphones.com.vn/media/catalog/product/o/p/op-lung-iphone-15-pro-max-araree-duple-clear_4_.png
1013,55,https://cellphones.com.vn/media/catalog/product/o/p/op-lung-iphone-15-pro-max-araree-duple-clear_5_.png
1014,55,https://cellphones.com.vn/media/catalog/product/o/p/op-lung-iphone-15-pro-max-araree-duple-clear_6_.png
1015,55,https://cellphones.com.vn/media/catalog/product/o/p/op-lung-iphone-15-pro-max-araree-duple-clear_7_.png
1016,56,https://cdn2.cellphones.com.vn/media/catalog/product/o/p/op-lung-iphone-15-pro-max-likgus-with-magsafe_1_.png
1017,56,https://cdn2.cellphones.com.vn/x/media/catalog/product/o/p/op-lung-iphone-15-pro-max-likgus-with-magsafe_1_.png
1018,56,https://cdn2.cellphones.com.vn/x/media/catalog/product/o/p/op-lung-iphone-15-pro-max-likgus-with-magsafe_2_.png
1019,56,https://cdn2.cellphones.com.vn/x/media/catalog/product/o/p/op-lung-iphone-15-pro-max-likgus-with-magsafe_3_.png
1020,56,https://cdn2.cellphones.com.vn/x/media/catalog/product/o/p/op-lung-iphone-15-pro-max-likgus-with-magsafe_4_.png
1021,56,https://cdn2.cellphones.com.vn/x/media/catalog/product/o/p/op-lung-iphone-15-pro-max-likgus-with-magsafe_5_.png
1022,56,https://cdn2.cellphones.com.vn/x/media/catalog/product/o/p/op-lung-iphone-15-pro-max-likgus-with-magsafe_6_.png
1023,56,https://cellphones.com.vn/media/catalog/product/o/p/op-lung-iphone-15-pro-max-likgus-with-magsafe_2__1.png
1024,56,https://cellphones.com.vn/media/catalog/product/o/p/op-lung-iphone-15-pro-max-likgus-with-magsafe_3__1.png
1025,56,https://cellphones.com.vn/media/catalog/product/o/p/op-lung-iphone-15-pro-max-likgus-with-magsafe_1_.png
1026,56,https://cellphones.com.vn/media/catalog/product/o/p/op-lung-iphone-15-pro-max-likgus-with-magsafe_2_.png
1027,56,https://cellphones.com.vn/media/catalog/product/o/p/op-lung-iphone-15-pro-max-likgus-with-magsafe_3_.png
1028,56,https://cellphones.com.vn/media/catalog/product/o/p/op-lung-iphone-15-pro-max-likgus-with-magsafe_4_.png
1029,56,https://cellphones.com.vn/media/catalog/product/o/p/op-lung-iphone-15-pro-max-likgus-with-magsafe_5_.png
1030,56,https://cellphones.com.vn/media/catalog/product/o/p/op-lung-iphone-15-pro-max-likgus-with-magsafe_6_.png
1031,57,https://cdn2.cellphones.com.vn/media/catalog/product/o/p/op-lung-iphone-15-pro-max-tgvis-art-2222222.png
1032,57,https://cdn2.cellphones.com.vn/x/media/catalog/product/o/p/op-lung-iphone-15-pro-max-tgvis-art-2222222.png
1033,57,https://cdn2.cellphones.com.vn/x/media/catalog/product/o/p/op-lung-iphone-15-pro-max-tgvis-art_3_.png
1034,57,https://cdn2.cellphones.com.vn/x/media/catalog/product/o/p/op-lung-iphone-15-pro-max-tgvis-art_2_.png
1035,57,https://cdn2.cellphones.com.vn/x/media/catalog/product/o/p/op-lung-iphone-15-pro-max-tgvis-art_4_.png
1036,57,https://cellphones.com.vn/media/catalog/product/o/p/op-lung-iphone-15-pro-max-tgvis-art_3__1.png
1037,57,https://cellphones.com.vn/media/catalog/product/o/p/op-lung-iphone-15-pro-max-tgvis-art-2222222.png
1038,57,https://cellphones.com.vn/media/catalog/product/o/p/op-lung-iphone-15-pro-max-tgvis-art_3_.png
1039,57,https://cellphones.com.vn/media/catalog/product/o/p/op-lung-iphone-15-pro-max-tgvis-art_2_.png
1040,57,https://cellphones.com.vn/media/catalog/product/o/p/op-lung-iphone-15-pro-max-tgvis-art_4_.png
1041,58,https://cdn2.cellphones.com.vn/media/catalog/product/o/p/op-lung-iphone-15-pro-tgvis-art-1111111.png
1042,58,https://cdn2.cellphones.com.vn/x/media/catalog/product/o/p/op-lung-iphone-15-pro-tgvis-art-1111111.png
1043,58,https://cdn2.cellphones.com.vn/x/media/catalog/product/o/p/op-lung-iphone-15-pro-tgvis-art_3_.png
1044,58,https://cdn2.cellphones.com.vn/x/media/catalog/product/o/p/op-lung-iphone-15-pro-tgvis-art_2_.png
1045,58,https://cdn2.cellphones.com.vn/x/media/catalog/product/o/p/op-lung-iphone-15-pro-tgvis-art_4_.png
1046,58,https://cellphones.com.vn/media/catalog/product/o/p/op-lung-iphone-15-pro-tgvis-art_3__2.png
1047,58,https://cellphones.com.vn/media/catalog/product/o/p/op-lung-iphone-15-pro-tgvis-art-1111111.png
1048,58,https://cellphones.com.vn/media/catalog/product/o/p/op-lung-iphone-15-pro-tgvis-art_3_.png
1049,58,https://cellphones.com.vn/media/catalog/product/o/p/op-lung-iphone-15-pro-tgvis-art_2_.png
1050,58,https://cellphones.com.vn/media/catalog/product/o/p/op-lung-iphone-15-pro-tgvis-art_4_.png
1051,59,https://cdn2.cellphones.com.vn/media/catalog/product/t/e/text_ng_n_-_2026-03-26t165856.558.png
1052,59,https://cdn2.cellphones.com.vn/x/media/catalog/product/t/e/text_ng_n_-_2026-03-26t165856.558.png
1053,59,https://cdn2.cellphones.com.vn/x/media/catalog/product/t/h/th_m_ti_u_5_.png
1054,59,https://cdn2.cellphones.com.vn/x/media/catalog/product/t/h/th_m_ti_u_6_.png
1055,59,https://cdn2.cellphones.com.vn/x/media/catalog/product/o/p/op-lung-iphone-16-pro-cam-den_69__3.png
1056,59,https://cellphones.com.vn/media/catalog/product/t/h/th_m_ti_u_5__1.png
1057,59,https://cellphones.com.vn/media/catalog/product/t/h/th_m_ti_u_6__1.png
1058,59,https://cellphones.com.vn/media/catalog/product/t/e/text_ng_n_-_2026-03-26t165856.558.png
1059,59,https://cellphones.com.vn/media/catalog/product/t/h/th_m_ti_u_5_.png
1060,59,https://cellphones.com.vn/media/catalog/product/t/h/th_m_ti_u_6_.png
1061,59,https://cellphones.com.vn/media/catalog/product/o/p/op-lung-iphone-16-pro-cam-den_69__3.png
1062,60,https://cdn2.cellphones.com.vn/media/catalog/product/p/c/pc-rosa-office-amd-r3-3200g_1_.png
1063,60,https://cdn2.cellphones.com.vn/x/media/catalog/product/p/c/pc-rosa-office-amd-r3-3200g_2_.png
1064,60,https://cdn2.cellphones.com.vn/x/media/catalog/product/p/c/pc-rosa-office-amd-r3-3200g_3_.png
1065,60,https://cdn2.cellphones.com.vn/x/media/catalog/product/p/c/pc-rosa-office-amd-r3-3200g_4_.png
1066,60,https://cellphones.com.vn/media/catalog/product/p/c/pc-rosa-office-amd-r3-3200g_2__1.png
1067,60,https://cellphones.com.vn/media/catalog/product/p/c/pc-rosa-office-amd-r3-3200g_1_.png
1068,60,https://cellphones.com.vn/media/catalog/product/p/c/pc-rosa-office-amd-r3-3200g_2_.png
1069,60,https://cellphones.com.vn/media/catalog/product/p/c/pc-rosa-office-amd-r3-3200g_3_.png
1070,60,https://cellphones.com.vn/media/catalog/product/p/c/pc-rosa-office-amd-r3-3200g_4_.png
1071,61,https://cdn2.cellphones.com.vn/media/catalog/product/p/c/pc-rosa-office-amd-r5-5500gt_1_.png
1072,61,https://cdn2.cellphones.com.vn/x/media/catalog/product/p/c/pc-rosa-office-amd-r5-5500gt_2_.png
1073,61,https://cdn2.cellphones.com.vn/x/media/catalog/product/p/c/pc-rosa-office-amd-r5-5500gt_3_.png
1074,61,https://cdn2.cellphones.com.vn/x/media/catalog/product/p/c/pc-rosa-office-amd-r5-5500gt_4_.png
1075,61,https://cellphones.com.vn/media/catalog/product/p/c/pc-rosa-office-amd-r5-5500gt_2__1.png
1076,61,https://cellphones.com.vn/media/catalog/product/p/c/pc-rosa-office-amd-r5-5500gt_1_.png
1077,61,https://cellphones.com.vn/media/catalog/product/p/c/pc-rosa-office-amd-r5-5500gt_2_.png
1078,61,https://cellphones.com.vn/media/catalog/product/p/c/pc-rosa-office-amd-r5-5500gt_3_.png
1079,61,https://cellphones.com.vn/media/catalog/product/p/c/pc-rosa-office-amd-r5-5500gt_4_.png
1080,62,https://cdn2.cellphones.com.vn/media/catalog/product/s/a/sansung_lte_1__2.png
1081,62,https://cdn2.cellphones.com.vn/x/media/catalog/product/7/_/7_79_4_2.png
1082,62,https://cdn2.cellphones.com.vn/x/media/catalog/product/s/a/sansung_lte_1__2.png
1083,62,https://cdn2.cellphones.com.vn/x/media/catalog/product/9/_/9_41_4_2.png
1084,62,https://cdn2.cellphones.com.vn/x/media/catalog/product/8/_/8_62_4_2.png
1085,62,https://cdn2.cellphones.com.vn/x/media/catalog/product/1/1/11_22_4_2.png
1086,62,https://cdn2.cellphones.com.vn/x/media/catalog/product/1/0/10_29_4_2.png
1087,62,https://cdn2.cellphones.com.vn/x/media/catalog/product/1/2/12_14_4_2.png
1088,62,https://cellphones.com.vn/media/catalog/product/c/p/cps-25-03_56_.png
1089,62,https://cellphones.com.vn/media/catalog/product/s/a/sansung_lte_1__2.png
1090,62,https://cellphones.com.vn/media/catalog/product/7/_/7_79_4_2.png
1091,62,https://cellphones.com.vn/media/catalog/product/9/_/9_41_4_2.png
1092,62,https://cellphones.com.vn/media/catalog/product/8/_/8_62_4_2.png
1093,62,https://cellphones.com.vn/media/catalog/product/1/1/11_22_4_2.png
1094,62,https://cellphones.com.vn/media/catalog/product/1/0/10_29_4_2.png
1095,62,https://cellphones.com.vn/media/catalog/product/1/2/12_14_4_2.png
